/*
 Navicat Premium Data Transfer

 Source Server         : localhost56
 Source Server Type    : MySQL
 Source Server Version : 50623
 Source Host           : localhost
 Source Database       : b2b2c1111

 Target Server Type    : MySQL
 Target Server Version : 50623
 File Encoding         : utf-8

 Date: 11/21/2015 14:17:57 PM
*/

SET NAMES utf8;
SET FOREIGN_KEY_CHECKS = 0;

-- ----------------------------
--  Table structure for `gen_scheme`
-- ----------------------------
DROP TABLE IF EXISTS `gen_scheme`;
CREATE TABLE `gen_scheme` (
  `id` int(11) NOT NULL AUTO_INCREMENT COMMENT '编号',
  `name` varchar(200) DEFAULT NULL COMMENT '名称',
  `category` varchar(2000) DEFAULT NULL COMMENT '分类',
  `package_name` varchar(500) DEFAULT NULL COMMENT '生成包路径',
  `module_name` varchar(30) DEFAULT NULL COMMENT '生成模块名',
  `sub_module_name` varchar(30) DEFAULT NULL COMMENT '生成子模块名',
  `function_name` varchar(200) DEFAULT NULL COMMENT '生成功能名',
  `function_name_simple` varchar(100) DEFAULT NULL COMMENT '生成功能名（简写）',
  `function_author` varchar(100) DEFAULT NULL COMMENT '生成功能作者',
  `gen_table_id` varchar(200) DEFAULT NULL COMMENT '生成表编号',
  `create_by` int(11) DEFAULT NULL COMMENT '创建者',
  `create_date` bigint(13) DEFAULT NULL COMMENT '创建时间',
  `update_by` int(11) DEFAULT NULL COMMENT '更新者',
  `update_date` bigint(13) DEFAULT NULL COMMENT '更新时间',
  `remarks` varchar(255) DEFAULT NULL COMMENT '备注信息',
  `del_flag` int(1) DEFAULT NULL COMMENT '删除标记（0：正常；1：删除）',
  PRIMARY KEY (`id`)
) ENGINE=InnoDB AUTO_INCREMENT=8 DEFAULT CHARSET=utf8 COMMENT='代码生成器生成方案';

-- ----------------------------
--  Records of `gen_scheme`
-- ----------------------------
BEGIN;
INSERT INTO `gen_scheme` VALUES ('4', 'test_data单表', 'curd', 'com.leimingtech.gencode', 'test', '', '测试-单表', '测试单表', 'liuzhen', null, '0', '0', '0', '0', '', '0'), ('6', 'test', 'curd', 'com.leimingtech.gencode', 'return', '', '退货日志', '退货日志', 'liukai', null, '0', '0', null, null, '', '0'), ('7', '退款退货', 'curd', 'com.leimingtech.admin', '', '', '退款退货', 'refundReturn', 'liukai', '4', '1', '1446431352852', null, null, '退款退货表', '0');
COMMIT;

-- ----------------------------
--  Table structure for `gen_table`
-- ----------------------------
DROP TABLE IF EXISTS `gen_table`;
CREATE TABLE `gen_table` (
  `id` int(11) NOT NULL AUTO_INCREMENT COMMENT '编号',
  `name` varchar(200) DEFAULT NULL COMMENT '名称',
  `comments` varchar(500) DEFAULT NULL COMMENT '描述',
  `class_name` varchar(100) DEFAULT NULL COMMENT '实体类名称',
  `parent_table` varchar(200) DEFAULT NULL COMMENT '关联父表',
  `parent_table_fk` varchar(100) DEFAULT NULL COMMENT '关联父表外键',
  `create_by` int(11) DEFAULT NULL COMMENT '创建者',
  `create_date` bigint(13) DEFAULT NULL COMMENT '创建时间',
  `update_by` int(11) DEFAULT NULL COMMENT '更新者',
  `update_date` bigint(13) DEFAULT NULL COMMENT '更新时间',
  `remarks` varchar(255) DEFAULT NULL COMMENT '备注信息',
  `del_flag` int(1) DEFAULT NULL COMMENT '删除标记（0：正常；1：删除）',
  PRIMARY KEY (`id`)
) ENGINE=InnoDB AUTO_INCREMENT=5 DEFAULT CHARSET=utf8 COMMENT='代码生成器业务表';

-- ----------------------------
--  Records of `gen_table`
-- ----------------------------
BEGIN;
INSERT INTO `gen_table` VALUES ('1', 'test_data', '代码生成器测试单表', 'TestData', '', '', '0', '0', '0', '0', null, '0'), ('3', 'shop_return_log', '退货处理历史表', 'ShopReturnLog', '', '', '0', '0', null, null, null, '0'), ('4', 'shop_refund_return', '退款退货表', 'RefundReturn', '', '', '1', '1446431249336', null, null, null, '0');
COMMIT;

-- ----------------------------
--  Table structure for `gen_table_column`
-- ----------------------------
DROP TABLE IF EXISTS `gen_table_column`;
CREATE TABLE `gen_table_column` (
  `id` int(11) NOT NULL AUTO_INCREMENT COMMENT '编号',
  `gen_table_id` int(11) DEFAULT NULL COMMENT '归属表id',
  `name` varchar(200) DEFAULT NULL COMMENT '名称',
  `comments` varchar(500) DEFAULT NULL COMMENT '描述',
  `jdbc_type` varchar(100) DEFAULT NULL COMMENT 'JDBC类型',
  `myBatis_jdbc_type` varchar(50) DEFAULT NULL COMMENT 'mybatisJDBC类型',
  `java_type` varchar(500) DEFAULT NULL COMMENT 'JAVA类型',
  `java_field` varchar(200) DEFAULT NULL COMMENT 'JAVA字段名',
  `is_pk` int(1) DEFAULT NULL COMMENT '是否主键(1：是、0：否)',
  `is_null` int(1) DEFAULT NULL COMMENT '是否可为空(1：是、0：否)',
  `is_insert` int(1) DEFAULT NULL COMMENT '是否为插入字段(1：是、0：否)',
  `is_edit` int(1) DEFAULT NULL COMMENT '是否编辑字段(1：是、0：否)',
  `is_list` int(1) DEFAULT NULL COMMENT '是否列表字段(1：是、0：否)',
  `is_query` int(1) DEFAULT NULL COMMENT '是否查询字段(1：是、0：否)',
  `query_type` varchar(200) DEFAULT NULL COMMENT '查询方式（等于、不等于、大于、小于、范围、左LIKE、右LIKE、左右LIKE）',
  `show_type` varchar(200) DEFAULT NULL COMMENT '字段生成方案（文本框、文本域、下拉框、复选框、单选框、字典选择、人员选择、部门选择、区域选择）',
  `dict_type` varchar(200) DEFAULT NULL COMMENT '字典类型',
  `settings` varchar(2000) DEFAULT NULL COMMENT '其它设置（扩展字段JSON）',
  `sort` int(11) DEFAULT NULL COMMENT '排序（升序）',
  `create_by` int(11) DEFAULT NULL COMMENT '创建者',
  `create_date` bigint(13) DEFAULT NULL COMMENT '创建时间',
  `update_by` int(11) DEFAULT NULL COMMENT '更新者',
  `update_date` bigint(13) DEFAULT NULL COMMENT '更新时间',
  `remarks` varchar(255) DEFAULT NULL COMMENT '备注信息',
  `del_flag` int(1) DEFAULT NULL COMMENT '删除标记（0：正常；1：删除）',
  PRIMARY KEY (`id`)
) ENGINE=InnoDB AUTO_INCREMENT=72 DEFAULT CHARSET=utf8 COMMENT='表字段';

-- ----------------------------
--  Records of `gen_table_column`
-- ----------------------------
BEGIN;
INSERT INTO `gen_table_column` VALUES ('11', '1', 'id', '编号', 'int(11)', 'INTEGER', 'Integer', 'id', '1', '0', '1', '0', '0', '0', '=', 'input', '', null, '10', '0', '0', '0', '0', null, '0'), ('12', '1', 'name', '名称', 'varchar(100)', 'VARCHAR', 'String', 'name', '0', '1', '1', '1', '1', '1', 'like', 'input', '', null, '20', '0', '0', '0', '0', null, '0'), ('13', '1', 'sex', '性别', 'char(1)', 'CHAR', 'String', 'sex', '0', '1', '1', '1', '0', '0', '=', 'input', '', null, '30', '0', '0', '0', '0', null, '0'), ('14', '1', 'birthday', '加入日期', 'bigint(13)', 'BIGINT', 'Long', 'birthday', '0', '1', '1', '1', '0', '0', '=', 'input', '', null, '40', '0', '0', '0', '0', null, '0'), ('15', '1', 'create_by', '创建者', 'int(11)', 'INTEGER', 'Integer', 'createBy', '0', '1', '1', '0', '0', '0', '=', 'input', '', null, '50', '0', '0', '0', '0', null, '0'), ('16', '1', 'create_date', '创建时间', 'bigint(13)', 'BIGINT', 'Long', 'createDate', '0', '1', '1', '0', '0', '0', '=', 'input', '', null, '60', '0', '0', '0', '0', null, '0'), ('17', '1', 'update_by', '更新者', 'int(11)', 'INTEGER', 'Integer', 'updateBy', '0', '1', '1', '1', '0', '0', '=', 'input', '', null, '70', '0', '0', '0', '0', null, '0'), ('18', '1', 'update_date', '更新时间', 'bigint(13)', 'BIGINT', 'Long', 'updateDate', '0', '1', '1', '1', '1', '0', '=', 'input', '', null, '80', '0', '0', '0', '0', null, '0'), ('19', '1', 'remarks', '备注信息', 'varchar(255)', 'VARCHAR', 'String', 'remarks', '0', '1', '1', '1', '1', '0', '=', 'textarea', '', null, '90', '0', '0', '0', '0', null, '0'), ('20', '1', 'del_flag', '删除标记（0：正常；1：删除）', 'int(1)', 'INTEGER', 'Integer', 'delFlag', '0', '1', '1', '0', '0', '0', '=', 'radiobox', 'del_flag', null, '100', '0', '0', '0', '0', null, '0'), ('21', '2', 'id', '退货处理历史索引id', 'int(11)', 'INTEGER', 'Integer', 'id', '1', '0', '1', '0', '0', '0', '=', 'input', '', null, '10', '0', '0', '0', '0', null, '0'), ('22', '2', 'return_id', '退货表id', 'int(11)', 'INTEGER', 'Integer', 'returnId', '0', '0', '1', '1', '0', '0', '=', 'input', '', null, '20', '0', '0', '0', '0', null, '0'), ('23', '2', 'return_state', '退货状态信息', 'varchar(20)', 'VARCHAR', 'String', 'returnState', '0', '0', '1', '1', '0', '0', '=', 'input', '', null, '30', '0', '0', '0', '0', null, '0'), ('24', '2', 'change_state', '下一步退货状态信息', 'varchar(20)', 'VARCHAR', 'String', 'changeState', '0', '0', '1', '1', '0', '0', '=', 'input', '', null, '40', '0', '0', '0', '0', null, '0'), ('25', '2', 'state_info', '退货状态描述', 'varchar(20)', 'VARCHAR', 'String', 'stateInfo', '0', '0', '1', '1', '0', '0', '=', 'input', '', null, '50', '0', '0', '0', '0', null, '0'), ('26', '2', 'create_time', '处理时间', 'bigint(13)', 'BIGINT', 'Long', 'createTime', '0', '1', '1', '1', '0', '0', '=', 'input', '', null, '60', '0', '0', '0', '0', null, '0'), ('27', '2', 'operator', '操作人', 'varchar(30)', 'VARCHAR', 'String', 'operator', '0', '0', '1', '1', '0', '0', '=', 'input', '', null, '70', '0', '0', '0', '0', null, '0'), ('28', '3', 'id', '退货处理历史索引id', 'int(11)', 'INTEGER', 'Integer', 'id', '1', '0', '1', '0', '0', '0', '=', 'input', '', null, '10', '0', '0', '0', '0', null, '0'), ('29', '3', 'return_id', '退货表id', 'int(11)', 'INTEGER', 'Integer', 'returnId', '0', '0', '1', '1', '0', '0', '=', 'input', '', null, '20', '0', '0', '0', '0', null, '0'), ('30', '3', 'return_state', '退货状态信息', 'varchar(20)', 'VARCHAR', 'String', 'returnState', '0', '0', '1', '1', '0', '0', '=', 'input', '', null, '30', '0', '0', '0', '0', null, '0'), ('31', '3', 'change_state', '下一步退货状态信息', 'varchar(20)', 'VARCHAR', 'String', 'changeState', '0', '0', '1', '1', '0', '0', '=', 'input', '', null, '40', '0', '0', '0', '0', null, '0'), ('32', '3', 'state_info', '退货状态描述', 'varchar(20)', 'VARCHAR', 'String', 'stateInfo', '0', '0', '1', '1', '0', '0', '=', 'input', '', null, '50', '0', '0', '0', '0', null, '0'), ('33', '3', 'create_time', '处理时间', 'bigint(13)', 'BIGINT', 'Long', 'createTime', '0', '1', '1', '1', '0', '0', '=', 'input', '', null, '60', '0', '0', '0', '0', null, '0'), ('34', '3', 'operator', '操作人', 'varchar(30)', 'VARCHAR', 'String', 'operator', '0', '0', '1', '1', '0', '0', '=', 'input', '', null, '70', '0', '0', '0', '0', null, '0'), ('35', '4', 'refund_id', '记录ID', 'int(10) unsigned', 'INTEGER', 'Integer', 'refundId', '1', '0', '1', '1', '0', '0', '=', 'input', '', null, '10', '0', '0', '0', '0', null, '0'), ('36', '4', 'order_id', '订单ID', 'int(10) unsigned', 'INTEGER', 'Integer', 'orderId', '0', '0', '1', '1', '0', '0', '=', 'input', '', null, '20', '0', '0', '0', '0', null, '0'), ('37', '4', 'order_sn', '订单编号', 'varchar(50)', 'VARCHAR', 'String', 'orderSn', '0', '0', '1', '1', '0', '0', '=', 'input', '', null, '30', '0', '0', '0', '0', null, '0'), ('38', '4', 'refund_sn', '申请编号', 'varchar(50)', 'VARCHAR', 'String', 'refundSn', '0', '0', '1', '1', '0', '0', '=', 'input', '', null, '40', '0', '0', '0', '0', null, '0'), ('39', '4', 'store_id', '店铺ID', 'int(10) unsigned', 'INTEGER', 'Integer', 'storeId', '0', '0', '1', '1', '0', '0', '=', 'input', '', null, '50', '0', '0', '0', '0', null, '0'), ('40', '4', 'store_name', '店铺名称', 'varchar(20)', 'VARCHAR', 'String', 'storeName', '0', '0', '1', '1', '0', '0', '=', 'input', '', null, '60', '0', '0', '0', '0', null, '0'), ('41', '4', 'buyer_id', '买家ID', 'int(10) unsigned', 'INTEGER', 'Integer', 'buyerId', '0', '0', '1', '1', '0', '0', '=', 'input', '', null, '70', '0', '0', '0', '0', null, '0'), ('42', '4', 'buyer_name', '买家会员名', 'varchar(50)', 'VARCHAR', 'String', 'buyerName', '0', '0', '1', '1', '0', '0', '=', 'input', '', null, '80', '0', '0', '0', '0', null, '0'), ('43', '4', 'goods_id', '商品ID,全部退款是0', 'int(10) unsigned', 'INTEGER', 'Integer', 'goodsId', '0', '0', '1', '1', '0', '0', '=', 'input', '', null, '90', '0', '0', '0', '0', null, '0'), ('44', '4', 'order_goods_id', '订单商品ID,全部退款是0', 'int(10) unsigned', 'INTEGER', 'Integer', 'orderGoodsId', '0', '1', '1', '1', '0', '0', '=', 'input', '', null, '100', '0', '0', '0', '0', null, '0'), ('45', '4', 'goods_name', '商品名称', 'varchar(50)', 'VARCHAR', 'String', 'goodsName', '0', '0', '1', '1', '0', '0', '=', 'input', '', null, '110', '0', '0', '0', '0', null, '0'), ('46', '4', 'goods_num', '商品数量', 'int(10) unsigned', 'INTEGER', 'Integer', 'goodsNum', '0', '1', '1', '1', '0', '0', '=', 'input', '', null, '120', '0', '0', '0', '0', null, '0'), ('47', '4', 'refund_amount', '退款金额', 'decimal(10,2)', 'DECIMAL', 'String', 'refundAmount', '0', '1', '1', '1', '0', '0', '=', 'input', '', null, '130', '0', '0', '0', '0', null, '0'), ('48', '4', 'goods_image', '商品图片', 'varchar(100)', 'VARCHAR', 'String', 'goodsImage', '0', '1', '1', '1', '0', '0', '=', 'input', '', null, '140', '0', '0', '0', '0', null, '0'), ('49', '4', 'order_goods_type', '订单商品类型:1默认2团购商品3限时折扣商品4组合套装', 'tinyint(1) unsigned', '', 'String', 'orderGoodsType', '0', '1', '1', '1', '0', '0', '=', 'input', '', null, '150', '0', '0', '0', '0', null, '0'), ('50', '4', 'refund_type', '申请类型:1为退款,2为退货,默认为1', 'tinyint(1) unsigned', '', 'String', 'refundType', '0', '1', '1', '1', '0', '0', '=', 'input', '', null, '160', '0', '0', '0', '0', null, '0'), ('51', '4', 'seller_state', '卖家处理状态:1为待审核,2为同意,3为不同意,默认为1', 'tinyint(1) unsigned', '', 'String', 'sellerState', '0', '1', '1', '1', '0', '0', '=', 'input', '', null, '170', '0', '0', '0', '0', null, '0'), ('52', '4', 'refund_state', '申请状态:1为处理中,2为待管理员处理,3为已完成,默认为1', 'tinyint(1) unsigned', '', 'String', 'refundState', '0', '1', '1', '1', '0', '0', '=', 'input', '', null, '180', '0', '0', '0', '0', null, '0'), ('53', '4', 'return_type', '退货类型:1为不用退货,2为需要退货,默认为1', 'tinyint(1) unsigned', '', 'String', 'returnType', '0', '1', '1', '1', '0', '0', '=', 'input', '', null, '190', '0', '0', '0', '0', null, '0'), ('54', '4', 'order_lock', '订单锁定类型:1为不用锁定,2为需要锁定,默认为1', 'tinyint(1) unsigned', '', 'String', 'orderLock', '0', '1', '1', '1', '0', '0', '=', 'input', '', null, '200', '0', '0', '0', '0', null, '0'), ('55', '4', 'goods_state', '物流状态:1为待发货,2为待收货,3为未收到,4为已收货,默认为1', 'tinyint(1) unsigned', '', 'String', 'goodsState', '0', '1', '1', '1', '0', '0', '=', 'input', '', null, '210', '0', '0', '0', '0', null, '0'), ('56', '4', 'create_time', '添加时间', 'bigint(13) unsigned', 'BIGINT', 'Long', 'createTime', '0', '0', '1', '1', '0', '0', '=', 'input', '', null, '220', '0', '0', '0', '0', null, '0'), ('57', '4', 'seller_time', '卖家处理时间', 'bigint(13) unsigned', 'BIGINT', 'Long', 'sellerTime', '0', '1', '1', '1', '0', '0', '=', 'input', '', null, '230', '0', '0', '0', '0', null, '0'), ('58', '4', 'admin_time', '管理员处理时间', 'bigint(13) unsigned', 'BIGINT', 'Long', 'adminTime', '0', '1', '1', '1', '0', '0', '=', 'input', '', null, '240', '0', '0', '0', '0', null, '0'), ('59', '4', 'reason_id', '原因ID:0为其它', 'int(10) unsigned', 'INTEGER', 'Integer', 'reasonId', '0', '1', '1', '1', '0', '0', '=', 'input', '', null, '250', '0', '0', '0', '0', null, '0'), ('60', '4', 'reason_info', '原因内容', 'varchar(300)', 'VARCHAR', 'String', 'reasonInfo', '0', '1', '1', '1', '0', '0', '=', 'input', '', null, '260', '0', '0', '0', '0', null, '0'), ('61', '4', 'pic_info', '图片', 'varchar(300)', 'VARCHAR', 'String', 'picInfo', '0', '1', '1', '1', '0', '0', '=', 'input', '', null, '270', '0', '0', '0', '0', null, '0'), ('62', '4', 'buyer_message', '申请原因', 'varchar(300)', 'VARCHAR', 'String', 'buyerMessage', '0', '1', '1', '1', '0', '0', '=', 'input', '', null, '280', '0', '0', '0', '0', null, '0'), ('63', '4', 'seller_message', '卖家备注', 'varchar(300)', 'VARCHAR', 'String', 'sellerMessage', '0', '1', '1', '1', '0', '0', '=', 'input', '', null, '290', '0', '0', '0', '0', null, '0'), ('64', '4', 'admin_message', '管理员备注', 'varchar(300)', 'VARCHAR', 'String', 'adminMessage', '0', '1', '1', '1', '0', '0', '=', 'input', '', null, '300', '0', '0', '0', '0', null, '0'), ('65', '4', 'express_id', '物流公司编号', 'tinyint(1) unsigned', '', 'String', 'expressId', '0', '1', '1', '1', '0', '0', '=', 'input', '', null, '310', '0', '0', '0', '0', null, '0'), ('66', '4', 'invoice_no', '物流单号', 'varchar(50)', 'VARCHAR', 'String', 'invoiceNo', '0', '1', '1', '1', '0', '0', '=', 'input', '', null, '320', '0', '0', '0', '0', null, '0'), ('67', '4', 'ship_time', '发货时间', 'bigint(13) unsigned', 'BIGINT', 'Long', 'shipTime', '0', '1', '1', '1', '0', '0', '=', 'input', '', null, '330', '0', '0', '0', '0', null, '0'), ('68', '4', 'delay_time', '收货延迟时间', 'bigint(13) unsigned', 'BIGINT', 'Long', 'delayTime', '0', '1', '1', '1', '0', '0', '=', 'input', '', null, '340', '0', '0', '0', '0', null, '0'), ('69', '4', 'receive_time', '收货时间', 'bigint(13) unsigned', 'BIGINT', 'Long', 'receiveTime', '0', '1', '1', '1', '0', '0', '=', 'input', '', null, '350', '0', '0', '0', '0', null, '0'), ('70', '4', 'receive_message', '收货备注', 'varchar(300)', 'VARCHAR', 'String', 'receiveMessage', '0', '1', '1', '1', '0', '0', '=', 'input', '', null, '360', '0', '0', '0', '0', null, '0'), ('71', '4', 'commis_rate', '佣金比例', 'smallint(6)', '', 'String', 'commisRate', '0', '1', '1', '1', '0', '0', '=', 'input', '', null, '370', '0', '0', '0', '0', null, '0');
COMMIT;

-- ----------------------------
--  Table structure for `shop_activity_detail`
-- ----------------------------
DROP TABLE IF EXISTS `shop_activity_detail`;
CREATE TABLE `shop_activity_detail` (
  `activity_detail_id` mediumint(9) NOT NULL AUTO_INCREMENT COMMENT 'id',
  `activity_id` mediumint(8) unsigned NOT NULL DEFAULT '0' COMMENT '活动编号',
  `item_id` int(11) NOT NULL COMMENT '商品或团购的编号',
  `item_name` varchar(255) NOT NULL COMMENT '商品或团购名称',
  `store_id` int(11) NOT NULL COMMENT '店铺编号',
  `store_name` varchar(255) NOT NULL COMMENT '店铺名称',
  `activity_detail_state` enum('0','1','2','3') NOT NULL DEFAULT '0' COMMENT '审核状态 0:(默认)待审核 1:通过 2:未通过 3:再次申请',
  `activity_detail_sort` tinyint(1) unsigned NOT NULL DEFAULT '255' COMMENT '排序',
  PRIMARY KEY (`activity_detail_id`),
  KEY `activity_id` (`activity_id`) USING BTREE
) ENGINE=InnoDB DEFAULT CHARSET=utf8 COMMENT='活动细节表';

-- ----------------------------
--  Table structure for `shop_address`
-- ----------------------------
DROP TABLE IF EXISTS `shop_address`;
CREATE TABLE `shop_address` (
  `address_id` mediumint(10) unsigned NOT NULL AUTO_INCREMENT COMMENT '地址ID',
  `member_id` mediumint(10) unsigned NOT NULL DEFAULT '0' COMMENT '会员ID',
  `true_name` varchar(50) NOT NULL COMMENT '会员姓名',
  `area_id` mediumint(10) unsigned NOT NULL DEFAULT '0' COMMENT '地区ID',
  `city_id` mediumint(9) DEFAULT NULL COMMENT '市级ID',
  `area_info` varchar(255) NOT NULL DEFAULT '' COMMENT '地区内容',
  `address` varchar(255) NOT NULL COMMENT '地址',
  `tel_phone` varchar(20) DEFAULT NULL COMMENT '座机电话',
  `mob_phone` varchar(15) DEFAULT NULL COMMENT '手机电话',
  `is_default` enum('0','1') NOT NULL DEFAULT '0' COMMENT '1默认收货地址',
  `province_id` mediumint(10) DEFAULT '0' COMMENT '省级id',
  `zip_code` int(50) DEFAULT NULL COMMENT '邮编',
  PRIMARY KEY (`address_id`),
  KEY `member_id` (`member_id`) USING BTREE
) ENGINE=InnoDB AUTO_INCREMENT=79 DEFAULT CHARSET=utf8 COMMENT='买家地址信息表';

-- ----------------------------
--  Records of `shop_address`
-- ----------------------------
BEGIN;
INSERT INTO `shop_address` VALUES ('21', '10', 'Daisy', '41', '36', '北京,北京市,朝阳区', 'SOHO 1105', null, '13520085712', '0', '1', null), ('23', '10', 'Daisy', '41', '36', '北京,北京市,朝阳区', 'SOHOnimeide', '01084420880', '13520085712', '0', '1', '0'), ('24', '10', 'Daisy', '41', '36', '北京,北京市,朝阳区', 'SOHO5678', '0102345435', '13520083333', '1', '1', '111111'), ('25', '10', 'Daisy', '1417', '95', '内蒙古自治区,呼和浩特市,和林格尔县', 'SOHOwangjing1105 909090', null, '13520085712', '0', '5', null), ('26', '10', 'Tony', '1298', '84', '山西省,太原市,万柏林区', '1109', '01083323432', '13589098788', '0', '4', '123321'), ('29', '12', '鲍睿', '41', '36', '北京,北京市,朝阳区', '尚都soho南塔803', '18610984906', '18610984906', '0', '1', '111111'), ('30', '13', '谢进伟', '41', '36', '北京,北京市,朝阳区', '东大桥soho南塔803', '13520085712', '13520085712', '0', '1', '10020'), ('31', '16', 'zrh', '37', '36', '北京,北京市,东城区', 'dfuhfkjsdhfkj', '111111111', '11111111111', '1', '1', '111111'), ('32', '14', '王明', '41', '36', '北京,北京市,朝阳区', '北京市朝阳区soho尚都', '101-23211132', '13398420124', '0', '1', '100000'), ('35', '19', '问3', '38', '36', '北京,北京市,西城区', '33', '11122131421', '13654547041', '1', '1', '111111'), ('36', '22', '123', '37', '36', '北京,北京市,东城区', 'tuu', '的方法', '123', '1', '1', '123'), ('38', '5', '阿爸', '2528', '224', '山东省,青岛市,市南区', '海水浴场', '88888888', '13500000000', '1', '15', '500006'), ('39', '28', '吴世勋', '41', '36', '北京,北京市,朝阳区', '世贸天阶soho南塔803', '88888888', '11111111111', '1', '1', '111111'), ('40', '28', 'zrh', '143', '39', '上海,上海市,黄浦区', '黄埔66号', '9999999999', '18888888888', '0', '9', '666666'), ('41', '7', '刘鱼凯', '38', '36', '北京,北京市,西城区', '南锣鼓巷八大胡同113号', '12342342424', '13562345564', '0', '1', '11122'), ('43', '22', '康兰', '47', '36', '北京,北京市,通州区', '尚都会', '15363586', '18569325152', '0', '1', '253658'), ('44', '28', 'pcl', '2146', '175', '浙江省,杭州市,西湖区', 'qweqwe22', '11111111', '11111111111', '0', '11', '22222'), ('45', '36', '康兰', '41', '36', '北京,北京市,朝阳区', '尚都南塔803', '0102346742', '18610810207', '1', '1', '100000'), ('46', '10', 'srttrw', '41', '36', '北京,北京市,朝阳区', 'qqqqqqqqqqqqqq', '010-23453324', '18733195969', '0', '1', '4536546'), ('47', '45', '吴世勋', '41', '36', '北京,北京市,朝阳区', '世贸天阶SOHO南塔803', '0102222222', '18568652555', '1', '1', '250082'), ('48', '45', '周杰伦', '2146', '175', '浙江省,杭州市,西湖区', '美胡路66 号', '0108888888', '15355353896', '0', '11', '250002'), ('51', '47', '黄科源', '37', '36', '北京,北京市,东城区', '尚都', '010-11111111', '18601320411', '1', '1', '100000'), ('52', '65', 'gfdsgfds', '3038', '289', '广东省,广州市,从化市', 'gfsdgfg', '22381904', '13631390449', '0', '19', '510000'), ('53', '14', '王明', '2920', '275', '湖南省,长沙市,芙蓉区', '建湘路517号', '0731-88888888', '13900000000', '0', '18', '410001'), ('54', '44', '11', '56', '40', '天津,天津市,河东区', '112323', '13322223333', '13322223333', '0', '2', '432123'), ('56', '5', '222', '2609', '235', '山东省,临沂市,沂南县', '22', '1', '13333333333', '0', '15', '1'), ('57', '70', '123123', '2916', '275', '湖南省,长沙市,岳麓区', '123123', '07727777777', '15910576548', '0', '18', '100000'), ('58', '72', '林建茂', '41', '36', '北京,北京市,朝阳区', 'SOHO尚度', '077271111111', '15910576548', '0', '1', '100000'), ('59', '15', '12312', '1127', '73', '河北省,石家庄市,井陉矿区', '123123', '13422222222', '13422222222', '0', '3', '144444'), ('60', '15', 'test', '2630', '237', '山东省,聊城市,东阿县', '13423', '', '13333333333', '0', '15', '122222'), ('61', '75', 'ddd', '56', '40', '天津,天津市,河东区', 'eedf', '123123', '12312312312', '0', '2', '433123'), ('62', '79', 'BFF', '543', '45055', '海外,海外,荷兰', 'FAFASDFASFD', '0031234567890', '13587898765', '0', '35', '5655'), ('63', '7', '管庆芳', '41', '36', '北京,北京市,朝阳区', '尚都SOHO南塔803', '', '18311340545', '0', '1', '10000'), ('64', '81', 'KWG', '37', '36', '北京,北京市,东城区', 'SHANGDI', null, '18810004259', '0', '1', '100000'), ('65', '68', '孙', '56', '40', '天津,天津市,河东区', '放烟花', null, '15010033670', '0', '2', '100043'), ('67', '82', '张三', '41', '36', '北京,北京市,朝阳区', '朝阳大街145号', null, '13888888888', '0', '1', '153000'), ('68', '82', '李四', '37', '36', '北京,北京市,东城区', '东城大街188号', null, '13800000000', '0', '1', '100000'), ('69', '82', '王二', '1310', '85', '山西省,大同市,大同县', '大同街14号', null, '13800000000', '0', '4', '100000'), ('70', '82', '张三', '42', '36', '北京,北京市,丰台区', '丰台大街146号', null, '13800000000', '0', '1', '100000'), ('71', '82', '李四', '56', '40', '天津,天津市,河东区', '河东大街145号', null, '13800000000', '0', '2', '100000'), ('72', '82', '李四', '1129', '73', '河北省,石家庄市,平山县', '平山街11号', null, '13800000000', '1', '3', '100000'), ('73', '82', '李四', '37', '36', '北京,北京市,东城区', '东城大街145号', null, '13800000000', '0', '1', '100000'), ('74', '83', '刘刚', '2523', '224', '山东省,青岛市,即墨市', 'xx街道', null, '13233445566', '0', '15', '134567'), ('75', '88', 'aaa', '1127', '73', '河北省,石家庄市,井陉矿区', 'aaaa', null, '18538263378', '0', '3', '452009'), ('76', '93', 'test', '1531', '107', '辽宁省,沈阳市,铁西区', 'test', null, '13898826242', '0', '6', '110167'), ('77', '84', 'guan', '41', '36', '北京,北京市,朝阳区', '尚都SOHO南塔803', null, '18322090903', '0', '1', '100000'), ('78', '5', '111', '41', '36', '北京,北京市,朝阳区', '1111', null, '13333333333', '0', '1', '100000');
COMMIT;

-- ----------------------------
--  Table structure for `shop_admin`
-- ----------------------------
DROP TABLE IF EXISTS `shop_admin`;
CREATE TABLE `shop_admin` (
  `admin_id` int(11) unsigned NOT NULL AUTO_INCREMENT COMMENT '管理员ID',
  `admin_name` varchar(20) NOT NULL COMMENT '管理员名称',
  `admin_password` varchar(300) DEFAULT NULL,
  `admin_login_time` bigint(13) DEFAULT NULL COMMENT '登录时间',
  `admin_login_num` int(11) NOT NULL DEFAULT '0' COMMENT '登录次数',
  `admin_is_super` int(1) NOT NULL DEFAULT '0' COMMENT '是否超级管理员',
  `admin_gid` int(4) DEFAULT '0' COMMENT '权限组ID',
  `is_del` int(4) DEFAULT '0' COMMENT '删除状态',
  `role_id` varchar(32) DEFAULT '' COMMENT '角色id',
  PRIMARY KEY (`admin_id`),
  KEY `member_id` (`admin_id`) USING BTREE
) ENGINE=InnoDB AUTO_INCREMENT=5 DEFAULT CHARSET=utf8 COMMENT='管理员表';

-- ----------------------------
--  Records of `shop_admin`
-- ----------------------------
BEGIN;
INSERT INTO `shop_admin` VALUES ('1', 'admin', 'b5a3c6a0aea10e2566073c9476862b7e4c4e381ce415eb1469f77b6a', '1448083115039', '4', '1', '1', '0', '11,'), ('2', 'cxfadmin', 'b5a3c6a0aea10e2566073c9476862b7e4c4e381ce415eb1469f77b6a', null, '0', '0', null, '0', '11'), ('3', 'demo', 'bfec62c7cb26d80e2ae22a521906b8e16d8178359bd3e58b58f159c2', null, '0', '0', null, '0', '16'), ('4', 'test', 'b5a3c6a0aea10e2566073c9476862b7e4c4e381ce415eb1469f77b6a', null, '0', '0', null, '0', '19');
COMMIT;

-- ----------------------------
--  Table structure for `shop_admin_log`
-- ----------------------------
DROP TABLE IF EXISTS `shop_admin_log`;
CREATE TABLE `shop_admin_log` (
  `id` int(10) unsigned NOT NULL AUTO_INCREMENT,
  `content` varchar(50) NOT NULL COMMENT '操作内容',
  `admin_name` char(20) NOT NULL COMMENT '管理员',
  `admin_id` mediumint(8) unsigned NOT NULL DEFAULT '0' COMMENT '管理员ID',
  `ip` char(15) NOT NULL COMMENT 'IP',
  `url` varchar(50) NOT NULL DEFAULT '' COMMENT 'act&op',
  `create_time` bigint(13) DEFAULT NULL COMMENT '创建时间',
  PRIMARY KEY (`id`)
) ENGINE=InnoDB DEFAULT CHARSET=utf8 COMMENT='管理员操作日志';

-- ----------------------------
--  Table structure for `shop_adv`
-- ----------------------------
DROP TABLE IF EXISTS `shop_adv`;
CREATE TABLE `shop_adv` (
  `adv_id` int(11) unsigned NOT NULL AUTO_INCREMENT COMMENT '广告自增标识编号',
  `ap_id` int(11) unsigned NOT NULL COMMENT '广告位id',
  `adv_title` varchar(100) NOT NULL COMMENT '标题',
  `adv_url` varchar(255) DEFAULT NULL COMMENT '广告内容',
  `start_date` bigint(13) DEFAULT NULL COMMENT '广告开始时间',
  `end_date` bigint(13) DEFAULT NULL COMMENT '广告结束时间',
  `sort` int(10) unsigned DEFAULT NULL COMMENT '幻灯片排序',
  `click_num` int(11) unsigned DEFAULT NULL COMMENT '广告点击率',
  `is_allow` int(1) unsigned DEFAULT NULL COMMENT '会员购买的广告是否通过审核0未审核1审核已通过2审核未通过',
  `res_url` varchar(255) NOT NULL,
  PRIMARY KEY (`adv_id`)
) ENGINE=InnoDB AUTO_INCREMENT=19 DEFAULT CHARSET=utf8 COMMENT='广告表';

-- ----------------------------
--  Records of `shop_adv`
-- ----------------------------
BEGIN;
INSERT INTO `shop_adv` VALUES ('2', '6', '大广告2', 'http://b2b2c.leimingtech.com/leimingtech-front/search/goodsSearch?searchType=gcIdSearch&keyword=130', '1443066281000', '1443735081000', '255', null, null, '/upload/img/adv/1438418823836.jpg'), ('3', '6', '大广告1', 'http://b2b2c.leimingtech.com/leimingtech-front/search/goodsSearch?searchType=gcIdSearch&keyword=32', '1443066281396', '1453066281396', '255', null, null, '/upload/img/adv/1440560908720.jpg'), ('4', '7', '团购一', 'http://b2b2c.leimingtech.com/leimingtech-front/search/goodsSearch?searchType=gcIdSearch&keyword=76', '1443066281396', '1453066281396', '255', null, null, '/upload/img/adv/1438418760193.png'), ('5', '8', '底部横幅', 'http://b2b2c.leimingtech.com/leimingtech-front/search/goodsSearch', '1443066281396', '1453066281396', '255', null, null, '/upload/img/adv/1438418382499.jpg'), ('7', '7', '团购2', 'http://b2b2c.leimingtech.com/leimingtech-front/search/goodsSearch?searchType=gcIdSearch&keyword=21', '1443066281396', '1453066281396', '255', null, null, '/upload/img/adv/1438418701541.png'), ('8', '6', '大广告3', 'http://b2b2c.leimingtech.com/leimingtech-front/search/goodsSearch?searchType=gcIdSearch&keyword=143', '1441079081000', '1444253481000', '255', null, null, '/upload/img/adv/1444362348335png'), ('9', '9', '楼层一', 'http://b2b2c.leimingtech.com/leimingtech-front/search/goodsSearch?searchType=gcIdSearch&keyword=36', '1443066281396', '1453066281396', '255', null, null, '/upload/img/adv/1438740475480.png'), ('10', '10', '楼层二', 'http://b2b2c.leimingtech.com/leimingtech-front/search/goodsSearch?searchType=gcIdSearch&keyword=21', '1443066281396', '1453066281396', '255', null, null, '/upload/img/adv/1438740520522.png'), ('11', '11', '楼层三', 'http://b2b2c.leimingtech.com/leimingtech-front/search/goodsSearch?searchType=gcIdSearch&keyword=32', '1443066281396', '1453066281396', '255', null, null, '/upload/img/adv/1438740576779.png'), ('12', '13', '楼层五', 'http://www.jd.com', '1443066281396', '1453066281396', '255', null, null, '/upload/img/adv/1438740636217.png'), ('13', '14', 'app一', '', '1443066281396', '1453066281396', '255', null, null, '/upload/img/adv/1441162195050.png'), ('14', '14', 'app二', '', '1443066281396', '1453066281396', '255', null, null, '/upload/img/adv/1441162177006.png'), ('15', '12', '楼层四', 'http://b2b2c.leimingtech.net/leimingtech-front/', '1443066281396', '1453066281396', '255', null, null, '/upload/img/adv/1441592393492.png'), ('18', '6', '111111', '1111', '1444292150000', '1444292154000', '255', null, null, '');
COMMIT;

-- ----------------------------
--  Table structure for `shop_adv_click`
-- ----------------------------
DROP TABLE IF EXISTS `shop_adv_click`;
CREATE TABLE `shop_adv_click` (
  `adv_id` mediumint(8) unsigned NOT NULL COMMENT '广告id',
  `ap_id` mediumint(8) unsigned NOT NULL DEFAULT '0' COMMENT '所属广告位id',
  `click_year` smallint(5) unsigned NOT NULL DEFAULT '0' COMMENT '点击年份',
  `click_month` smallint(5) unsigned NOT NULL DEFAULT '0' COMMENT '点击月份',
  `click_num` mediumint(8) unsigned NOT NULL DEFAULT '0' COMMENT '点击率',
  `adv_name` varchar(100) NOT NULL COMMENT '广告名称',
  `ap_name` varchar(100) NOT NULL COMMENT '广告位名称'
) ENGINE=InnoDB DEFAULT CHARSET=utf8 COMMENT='广告点击率表';

-- ----------------------------
--  Table structure for `shop_adv_position`
-- ----------------------------
DROP TABLE IF EXISTS `shop_adv_position`;
CREATE TABLE `shop_adv_position` (
  `ap_id` int(11) unsigned NOT NULL AUTO_INCREMENT COMMENT '广告位置id',
  `ap_name` varchar(100) NOT NULL COMMENT '广告位置名',
  `ap_intro` varchar(255) NOT NULL COMMENT '广告位简介',
  `ap_class` int(1) unsigned NOT NULL COMMENT '广告类别：0图片1文字2幻灯3Flash',
  `ap_display` int(1) unsigned NOT NULL COMMENT '广告展示方式：0幻灯片1多广告展示2单广告展示',
  `is_use` int(1) unsigned NOT NULL COMMENT '广告位是否启用：0不启用1启用',
  `ap_width` int(10) NOT NULL COMMENT '广告位宽度',
  `ap_height` int(10) NOT NULL COMMENT '广告位高度',
  `ap_key` varchar(50) DEFAULT NULL COMMENT '取值键',
  PRIMARY KEY (`ap_id`)
) ENGINE=InnoDB AUTO_INCREMENT=16 DEFAULT CHARSET=utf8 COMMENT='广告位表';

-- ----------------------------
--  Records of `shop_adv_position`
-- ----------------------------
BEGIN;
INSERT INTO `shop_adv_position` VALUES ('6', '首页大广告', '首页大广告', '0', '0', '1', '770', '280', 'topbanner'), ('7', '限时团购', '限时团购', '2', '0', '1', '210', '180', 'groupbanner'), ('8', '底部横幅', '底部横幅', '2', '0', '1', '1200', '80', 'bottombanner'), ('9', '楼层一', '楼层一广告位', '2', '0', '1', '200', '200', 'floor1'), ('10', '楼层二', '楼层二广告位', '2', '0', '1', '200', '200', 'floor2'), ('11', '楼层三', '楼层三广告位', '2', '0', '1', '200', '200', 'floor3'), ('12', '楼层四', '楼层四广告位', '2', '0', '1', '200', '200', 'floor4'), ('13', '楼层五', '楼层五广告位', '2', '0', '1', '200', '200', 'floor5'), ('14', 'APP启动广告', 'APP启动广告', '0', '1', '1', '200', '500', 'starAdv'), ('15', '楼六层', '6', '2', '0', '1', '200', '200', 'floor6');
COMMIT;

-- ----------------------------
--  Table structure for `shop_area`
-- ----------------------------
DROP TABLE IF EXISTS `shop_area`;
CREATE TABLE `shop_area` (
  `area_id` int(11) unsigned NOT NULL AUTO_INCREMENT COMMENT '索引ID',
  `area_name` varchar(50) NOT NULL COMMENT '地区名称',
  `area_parent_id` int(11) unsigned NOT NULL DEFAULT '0' COMMENT '地区父ID',
  `area_sort` tinyint(3) unsigned NOT NULL DEFAULT '0' COMMENT '排序',
  `area_deep` tinyint(1) unsigned NOT NULL DEFAULT '1' COMMENT '地区深度，从1开始',
  `is_del` tinyint(4) DEFAULT '0' COMMENT '是否删除0:未删除;1:已删除',
  `create_time` bigint(13) DEFAULT NULL COMMENT '创建时间',
  `update_time` bigint(13) DEFAULT NULL COMMENT '修改时间',
  PRIMARY KEY (`area_id`),
  KEY `area_parent_id` (`area_parent_id`) USING BTREE
) ENGINE=InnoDB AUTO_INCREMENT=45056 DEFAULT CHARSET=utf8 COMMENT='地区表';

-- ----------------------------
--  Records of `shop_area`
-- ----------------------------
BEGIN;
INSERT INTO `shop_area` VALUES ('1', '北京', '0', '0', '1', '0', '20150914112523', '20150914112523'), ('2', '天津', '0', '0', '1', '0', '20150914112523', '20150914112523'), ('3', '河北省', '0', '0', '1', '0', '20150914112523', '20150914112523'), ('4', '山西省', '0', '0', '1', '0', '20150914112523', '20150914112523'), ('5', '内蒙古自治区', '0', '0', '1', '0', '20150914112523', '20150914112523'), ('6', '辽宁省', '0', '0', '1', '0', '20150914112523', '20150914112523'), ('7', '吉林省', '0', '0', '1', '0', '20150914112523', '20150914112523'), ('8', '黑龙江省', '0', '0', '1', '0', '20150914112523', '20150914112523'), ('9', '上海', '0', '0', '1', '0', '20150914112523', '20150914112523'), ('10', '江苏省', '0', '0', '1', '0', '20150914112523', '20150914112523'), ('11', '浙江省', '0', '0', '1', '0', '20150914112523', '20150914112523'), ('12', '安徽省', '0', '0', '1', '0', '20150914112523', '20150914112523'), ('13', '福建省', '0', '0', '1', '0', '20150914112523', '20150914112523'), ('14', '江西省', '0', '0', '1', '0', '20150914112523', '20150914112523'), ('15', '山东省', '0', '0', '1', '0', '20150914112523', '20150914112523'), ('16', '河南省', '0', '0', '1', '0', '20150914112523', '20150914112523'), ('17', '湖北省', '0', '0', '1', '0', '20150914112523', '20150914112523'), ('18', '湖南省', '0', '0', '1', '0', '20150914112523', '20150914112523'), ('19', '广东省', '0', '0', '1', '0', '20150914112523', '20150914112523'), ('20', '广西壮族自治区', '0', '0', '1', '0', '20150914112523', '20150914112523'), ('21', '海南省', '0', '0', '1', '0', '20150914112523', '20150914112523'), ('22', '重庆', '0', '0', '1', '0', '20150914112523', '20150914112523'), ('23', '四川省', '0', '0', '1', '0', '20150914112523', '20150914112523'), ('24', '贵州省', '0', '0', '1', '0', '20150914112523', '20150914112523'), ('25', '云南省', '0', '0', '1', '0', '20150914112523', '20150914112523'), ('26', '西藏自治区', '0', '0', '1', '0', '20150914112523', '20150914112523'), ('27', '陕西省', '0', '0', '1', '0', '20150914112523', '20150914112523'), ('28', '甘肃省', '0', '0', '1', '0', '20150914112523', '20150914112523'), ('29', '青海省', '0', '0', '1', '0', '20150914112523', '20150914112523'), ('30', '宁夏回族自治区', '0', '0', '1', '0', '20150914112523', '20150914112523'), ('31', '新疆维吾尔自治区', '0', '0', '1', '0', '20150914112523', '20150914112523'), ('32', '台湾省', '0', '0', '1', '0', '20150914112523', '20150914112523'), ('33', '香港特别行政区', '0', '0', '1', '0', '20150914112523', '20150914112523'), ('34', '澳门特别行政区', '0', '0', '1', '0', '20150914112523', '20150914112523'), ('35', '海外', '0', '0', '1', '0', '20150914112523', '20150914112523'), ('36', '北京市', '1', '0', '2', '0', '20150914112523', '20150914112523'), ('37', '东城区', '36', '0', '3', '0', '20150914112523', '20150914112523'), ('38', '西城区', '36', '0', '3', '0', '20150914112523', '20150914112523'), ('39', '上海市', '9', '0', '2', '0', '20150914112523', '20150914112523'), ('40', '天津市', '2', '0', '2', '0', '20150914112523', '20150914112523'), ('41', '朝阳区', '36', '0', '3', '0', '20150914112523', '20150914112523'), ('42', '丰台区', '36', '0', '3', '0', '20150914112523', '20150914112523'), ('43', '石景山区', '36', '0', '3', '0', '20150914112523', '20150914112523'), ('44', '海淀区', '36', '0', '3', '0', '20150914112523', '20150914112523'), ('45', '门头沟区', '36', '0', '3', '0', '20150914112523', '20150914112523'), ('46', '房山区', '36', '0', '3', '0', '20150914112523', '20150914112523'), ('47', '通州区', '36', '0', '3', '0', '20150914112523', '20150914112523'), ('48', '顺义区', '36', '0', '3', '0', '20150914112523', '20150914112523'), ('49', '昌平区', '36', '0', '3', '0', '20150914112523', '20150914112523'), ('50', '大兴区', '36', '0', '3', '0', '20150914112523', '20150914112523'), ('51', '怀柔区', '36', '0', '3', '0', '20150914112523', '20150914112523'), ('52', '平谷区', '36', '0', '3', '0', '20150914112523', '20150914112523'), ('53', '密云县', '36', '0', '3', '0', '20150914112523', '20150914112523'), ('54', '延庆县', '36', '0', '3', '0', '20150914112523', '20150914112523'), ('55', '和平区', '40', '0', '3', '0', '20150914112523', '20150914112523'), ('56', '河东区', '40', '0', '3', '0', '20150914112523', '20150914112523'), ('57', '河西区', '40', '0', '3', '0', '20150914112523', '20150914112523'), ('58', '南开区', '40', '0', '3', '0', '20150914112523', '20150914112523'), ('59', '河北区', '40', '0', '3', '0', '20150914112523', '20150914112523'), ('60', '红桥区', '40', '0', '3', '0', '20150914112523', '20150914112523'), ('61', '塘沽区', '40', '0', '3', '0', '20150914112523', '20150914112523'), ('62', '重庆市', '22', '0', '2', '0', '20150914112523', '20150914112523'), ('64', '东丽区', '40', '0', '3', '0', '20150914112523', '20150914112523'), ('65', '西青区', '40', '0', '3', '0', '20150914112523', '20150914112523'), ('66', '津南区', '40', '0', '3', '0', '20150914112523', '20150914112523'), ('67', '北辰区', '40', '0', '3', '0', '20150914112523', '20150914112523'), ('68', '武清区', '40', '0', '3', '0', '20150914112523', '20150914112523'), ('69', '宝坻区', '40', '0', '3', '0', '20150914112523', '20150914112523'), ('70', '宁河县', '40', '0', '3', '0', '20150914112523', '20150914112523'), ('71', '静海县', '40', '0', '3', '0', '20150914112523', '20150914112523'), ('72', '蓟县', '40', '0', '3', '0', '20150914112523', '20150914112523'), ('73', '石家庄市', '3', '0', '2', '0', '20150914112523', '20150914112523'), ('74', '唐山市', '3', '0', '2', '0', '20150914112523', '20150914112523'), ('75', '秦皇岛市', '3', '0', '2', '0', '20150914112523', '20150914112523'), ('76', '邯郸市', '3', '0', '2', '0', '20150914112523', '20150914112523'), ('77', '邢台市', '3', '0', '2', '0', '20150914112523', '20150914112523'), ('78', '保定市', '3', '0', '2', '0', '20150914112523', '20150914112523'), ('79', '张家口市', '3', '0', '2', '0', '20150914112523', '20150914112523'), ('80', '承德市', '3', '0', '2', '0', '20150914112523', '20150914112523'), ('81', '衡水市', '3', '0', '2', '0', '20150914112523', '20150914112523'), ('82', '廊坊市', '3', '0', '2', '0', '20150914112523', '20150914112523'), ('83', '沧州市', '3', '0', '2', '0', '20150914112523', '20150914112523'), ('84', '太原市', '4', '0', '2', '0', '20150914112523', '20150914112523'), ('85', '大同市', '4', '0', '2', '0', '20150914112523', '20150914112523'), ('86', '阳泉市', '4', '0', '2', '0', '20150914112523', '20150914112523'), ('87', '长治市', '4', '0', '2', '0', '20150914112523', '20150914112523'), ('88', '晋城市', '4', '0', '2', '0', '20150914112523', '20150914112523'), ('89', '朔州市', '4', '0', '2', '0', '20150914112523', '20150914112523'), ('90', '晋中市', '4', '0', '2', '0', '20150914112523', '20150914112523'), ('91', '运城市', '4', '0', '2', '0', '20150914112523', '20150914112523'), ('92', '忻州市', '4', '0', '2', '0', '20150914112523', '20150914112523'), ('93', '临汾市', '4', '0', '2', '0', '20150914112523', '20150914112523'), ('94', '吕梁市', '4', '0', '2', '0', '20150914112523', '20150914112523'), ('95', '呼和浩特市', '5', '0', '2', '0', '20150914112523', '20150914112523'), ('96', '包头市', '5', '0', '2', '0', '20150914112523', '20150914112523'), ('97', '乌海市', '5', '0', '2', '0', '20150914112523', '20150914112523'), ('98', '赤峰市', '5', '0', '2', '0', '20150914112523', '20150914112523'), ('99', '通辽市', '5', '0', '2', '0', '20150914112523', '20150914112523'), ('100', '鄂尔多斯市', '5', '0', '2', '0', '20150914112523', '20150914112523'), ('101', '呼伦贝尔市', '5', '0', '2', '0', '20150914112523', '20150914112523'), ('102', '巴彦淖尔市', '5', '0', '2', '0', '20150914112523', '20150914112523'), ('103', '乌兰察布市', '5', '0', '2', '0', '20150914112523', '20150914112523'), ('104', '兴安盟', '5', '0', '2', '0', '20150914112523', '20150914112523'), ('105', '锡林郭勒盟', '5', '0', '2', '0', '20150914112523', '20150914112523'), ('106', '阿拉善盟', '5', '0', '2', '0', '20150914112523', '20150914112523'), ('107', '沈阳市', '6', '0', '2', '0', '20150914112523', '20150914112523'), ('108', '大连市', '6', '0', '2', '0', '20150914112523', '20150914112523'), ('109', '鞍山市', '6', '0', '2', '0', '20150914112523', '20150914112523'), ('110', '抚顺市', '6', '0', '2', '0', '20150914112523', '20150914112523'), ('111', '本溪市', '6', '0', '2', '0', '20150914112523', '20150914112523'), ('112', '丹东市', '6', '0', '2', '0', '20150914112523', '20150914112523'), ('113', '锦州市', '6', '0', '2', '0', '20150914112523', '20150914112523'), ('114', '营口市', '6', '0', '2', '0', '20150914112523', '20150914112523'), ('115', '阜新市', '6', '0', '2', '0', '20150914112523', '20150914112523'), ('116', '辽阳市', '6', '0', '2', '0', '20150914112523', '20150914112523'), ('117', '盘锦市', '6', '0', '2', '0', '20150914112523', '20150914112523'), ('118', '铁岭市', '6', '0', '2', '0', '20150914112523', '20150914112523'), ('119', '朝阳市', '6', '0', '2', '0', '20150914112523', '20150914112523'), ('120', '葫芦岛市', '6', '0', '2', '0', '20150914112523', '20150914112523'), ('121', '长春市', '7', '0', '2', '0', '20150914112523', '20150914112523'), ('122', '吉林市', '7', '0', '2', '0', '20150914112523', '20150914112523'), ('123', '四平市', '7', '0', '2', '0', '20150914112523', '20150914112523'), ('124', '辽源市', '7', '0', '2', '0', '20150914112523', '20150914112523'), ('125', '通化市', '7', '0', '2', '0', '20150914112523', '20150914112523'), ('126', '白山市', '7', '0', '2', '0', '20150914112523', '20150914112523'), ('127', '松原市', '7', '0', '2', '0', '20150914112523', '20150914112523'), ('128', '白城市', '7', '0', '2', '0', '20150914112523', '20150914112523'), ('129', '延边朝鲜族自治州', '7', '0', '2', '0', '20150914112523', '20150914112523'), ('130', '哈尔滨市', '8', '0', '2', '0', '20150914112523', '20150914112523'), ('131', '齐齐哈尔市', '8', '0', '2', '0', '20150914112523', '20150914112523'), ('132', '鸡西市', '8', '0', '2', '0', '20150914112523', '20150914112523'), ('133', '鹤岗市', '8', '0', '2', '0', '20150914112523', '20150914112523'), ('134', '双鸭山市', '8', '0', '2', '0', '20150914112523', '20150914112523'), ('135', '大庆市', '8', '0', '2', '0', '20150914112523', '20150914112523'), ('136', '伊春市', '8', '0', '2', '0', '20150914112523', '20150914112523'), ('137', '佳木斯市', '8', '0', '2', '0', '20150914112523', '20150914112523'), ('138', '七台河市', '8', '0', '2', '0', '20150914112523', '20150914112523'), ('139', '牡丹江市', '8', '0', '2', '0', '20150914112523', '20150914112523'), ('140', '黑河市', '8', '0', '2', '0', '20150914112523', '20150914112523'), ('141', '绥化市', '8', '0', '2', '0', '20150914112523', '20150914112523'), ('142', '大兴安岭地区', '8', '0', '2', '0', '20150914112523', '20150914112523'), ('143', '黄浦区', '39', '0', '3', '0', '20150914112523', '20150914112523'), ('144', '卢湾区', '39', '0', '3', '0', '20150914112523', '20150914112523'), ('145', '徐汇区', '39', '0', '3', '0', '20150914112523', '20150914112523'), ('146', '长宁区', '39', '0', '3', '0', '20150914112523', '20150914112523'), ('147', '静安区', '39', '0', '3', '0', '20150914112523', '20150914112523'), ('148', '普陀区', '39', '0', '3', '0', '20150914112523', '20150914112523'), ('149', '闸北区', '39', '0', '3', '0', '20150914112523', '20150914112523'), ('150', '虹口区', '39', '0', '3', '0', '20150914112523', '20150914112523'), ('151', '杨浦区', '39', '0', '3', '0', '20150914112523', '20150914112523'), ('152', '闵行区', '39', '0', '3', '0', '20150914112523', '20150914112523'), ('153', '宝山区', '39', '0', '3', '0', '20150914112523', '20150914112523'), ('154', '嘉定区', '39', '0', '3', '0', '20150914112523', '20150914112523'), ('155', '浦东新区', '39', '0', '3', '0', '20150914112523', '20150914112523'), ('156', '金山区', '39', '0', '3', '0', '20150914112523', '20150914112523'), ('157', '松江区', '39', '0', '3', '0', '20150914112523', '20150914112523'), ('158', '青浦区', '39', '0', '3', '0', '20150914112523', '20150914112523'), ('159', '南汇区', '39', '0', '3', '0', '20150914112523', '20150914112523'), ('160', '奉贤区', '39', '0', '3', '0', '20150914112523', '20150914112523'), ('161', '崇明县', '39', '0', '3', '0', '20150914112523', '20150914112523'), ('162', '南京市', '10', '0', '2', '0', '20150914112523', '20150914112523'), ('163', '无锡市', '10', '0', '2', '0', '20150914112523', '20150914112523'), ('164', '徐州市', '10', '0', '2', '0', '20150914112523', '20150914112523'), ('165', '常州市', '10', '0', '2', '0', '20150914112523', '20150914112523'), ('166', '苏州市', '10', '0', '2', '0', '20150914112523', '20150914112523'), ('167', '南通市', '10', '0', '2', '0', '20150914112523', '20150914112523'), ('168', '连云港市', '10', '0', '2', '0', '20150914112523', '20150914112523'), ('169', '淮安市', '10', '0', '2', '0', '20150914112523', '20150914112523'), ('170', '盐城市', '10', '0', '2', '0', '20150914112523', '20150914112523'), ('171', '扬州市', '10', '0', '2', '0', '20150914112523', '20150914112523'), ('172', '镇江市', '10', '0', '2', '0', '20150914112523', '20150914112523'), ('173', '泰州市', '10', '0', '2', '0', '20150914112523', '20150914112523'), ('174', '宿迁市', '10', '0', '2', '0', '20150914112523', '20150914112523'), ('175', '杭州市', '11', '0', '2', '0', '20150914112523', '20150914112523'), ('176', '宁波市', '11', '0', '2', '0', '20150914112523', '20150914112523'), ('177', '温州市', '11', '0', '2', '0', '20150914112523', '20150914112523'), ('178', '嘉兴市', '11', '0', '2', '0', '20150914112523', '20150914112523'), ('179', '湖州市', '11', '0', '2', '0', '20150914112523', '20150914112523'), ('180', '绍兴市', '11', '0', '2', '0', '20150914112523', '20150914112523'), ('181', '舟山市', '11', '0', '2', '0', '20150914112523', '20150914112523'), ('182', '衢州市', '11', '0', '2', '0', '20150914112523', '20150914112523'), ('183', '金华市', '11', '0', '2', '0', '20150914112523', '20150914112523'), ('184', '台州市', '11', '0', '2', '0', '20150914112523', '20150914112523'), ('185', '丽水市', '11', '0', '2', '0', '20150914112523', '20150914112523'), ('186', '合肥市', '12', '0', '2', '0', '20150914112523', '20150914112523'), ('187', '芜湖市', '12', '0', '2', '0', '20150914112523', '20150914112523'), ('188', '蚌埠市', '12', '0', '2', '0', '20150914112523', '20150914112523'), ('189', '淮南市', '12', '0', '2', '0', '20150914112523', '20150914112523'), ('190', '马鞍山市', '12', '0', '2', '0', '20150914112523', '20150914112523'), ('191', '淮北市', '12', '0', '2', '0', '20150914112523', '20150914112523'), ('192', '铜陵市', '12', '0', '2', '0', '20150914112523', '20150914112523'), ('193', '安庆市', '12', '0', '2', '0', '20150914112523', '20150914112523'), ('194', '黄山市', '12', '0', '2', '0', '20150914112523', '20150914112523'), ('195', '滁州市', '12', '0', '2', '0', '20150914112523', '20150914112523'), ('196', '阜阳市', '12', '0', '2', '0', '20150914112523', '20150914112523'), ('197', '宿州市', '12', '0', '2', '0', '20150914112523', '20150914112523'), ('198', '巢湖市', '12', '0', '2', '0', '20150914112523', '20150914112523'), ('199', '六安市', '12', '0', '2', '0', '20150914112523', '20150914112523'), ('200', '亳州市', '12', '0', '2', '0', '20150914112523', '20150914112523'), ('201', '池州市', '12', '0', '2', '0', '20150914112523', '20150914112523'), ('202', '宣城市', '12', '0', '2', '0', '20150914112523', '20150914112523'), ('203', '福州市', '13', '0', '2', '0', '20150914112523', '20150914112523'), ('204', '厦门市', '13', '0', '2', '0', '20150914112523', '20150914112523'), ('205', '莆田市', '13', '0', '2', '0', '20150914112523', '20150914112523'), ('206', '三明市', '13', '0', '2', '0', '20150914112523', '20150914112523'), ('207', '泉州市', '13', '0', '2', '0', '20150914112523', '20150914112523'), ('208', '漳州市', '13', '0', '2', '0', '20150914112523', '20150914112523'), ('209', '南平市', '13', '0', '2', '0', '20150914112523', '20150914112523'), ('210', '龙岩市', '13', '0', '2', '0', '20150914112523', '20150914112523'), ('211', '宁德市', '13', '0', '2', '0', '20150914112523', '20150914112523'), ('212', '南昌市', '14', '0', '2', '0', '20150914112523', '20150914112523'), ('213', '景德镇市', '14', '0', '2', '0', '20150914112523', '20150914112523'), ('214', '萍乡市', '14', '0', '2', '0', '20150914112523', '20150914112523'), ('215', '九江市', '14', '0', '2', '0', '20150914112523', '20150914112523'), ('216', '新余市', '14', '0', '2', '0', '20150914112523', '20150914112523'), ('217', '鹰潭市', '14', '0', '2', '0', '20150914112523', '20150914112523'), ('218', '赣州市', '14', '0', '2', '0', '20150914112523', '20150914112523'), ('219', '吉安市', '14', '0', '2', '0', '20150914112523', '20150914112523'), ('220', '宜春市', '14', '0', '2', '0', '20150914112523', '20150914112523'), ('221', '抚州市', '14', '0', '2', '0', '20150914112523', '20150914112523'), ('222', '上饶市', '14', '0', '2', '0', '20150914112523', '20150914112523'), ('223', '济南市', '15', '0', '2', '0', '20150914112523', '20150914112523'), ('224', '青岛市', '15', '0', '2', '0', '20150914112523', '20150914112523'), ('225', '淄博市', '15', '0', '2', '0', '20150914112523', '20150914112523'), ('226', '枣庄市', '15', '0', '2', '0', '20150914112523', '20150914112523'), ('227', '东营市', '15', '0', '2', '0', '20150914112523', '20150914112523'), ('228', '烟台市', '15', '0', '2', '0', '20150914112523', '20150914112523'), ('229', '潍坊市', '15', '0', '2', '0', '20150914112523', '20150914112523'), ('230', '济宁市', '15', '0', '2', '0', '20150914112523', '20150914112523'), ('231', '泰安市', '15', '0', '2', '0', '20150914112523', '20150914112523'), ('232', '威海市', '15', '0', '2', '0', '20150914112523', '20150914112523'), ('233', '日照市', '15', '0', '2', '0', '20150914112523', '20150914112523'), ('234', '莱芜市', '15', '0', '2', '0', '20150914112523', '20150914112523'), ('235', '临沂市', '15', '0', '2', '0', '20150914112523', '20150914112523'), ('236', '德州市', '15', '0', '2', '0', '20150914112523', '20150914112523'), ('237', '聊城市', '15', '0', '2', '0', '20150914112523', '20150914112523'), ('238', '滨州市', '15', '0', '2', '0', '20150914112523', '20150914112523'), ('239', '菏泽市', '15', '0', '2', '0', '20150914112523', '20150914112523'), ('240', '郑州市', '16', '0', '2', '0', '20150914112523', '20150914112523'), ('241', '开封市', '16', '0', '2', '0', '20150914112523', '20150914112523'), ('242', '洛阳市', '16', '0', '2', '0', '20150914112523', '20150914112523'), ('243', '平顶山市', '16', '0', '2', '0', '20150914112523', '20150914112523'), ('244', '安阳市', '16', '0', '2', '0', '20150914112523', '20150914112523'), ('245', '鹤壁市', '16', '0', '2', '0', '20150914112523', '20150914112523'), ('246', '新乡市', '16', '0', '2', '0', '20150914112523', '20150914112523'), ('247', '焦作市', '16', '0', '2', '0', '20150914112523', '20150914112523'), ('248', '濮阳市', '16', '0', '2', '0', '20150914112523', '20150914112523'), ('249', '许昌市', '16', '0', '2', '0', '20150914112523', '20150914112523'), ('250', '漯河市', '16', '0', '2', '0', '20150914112523', '20150914112523'), ('251', '三门峡市', '16', '0', '2', '0', '20150914112523', '20150914112523'), ('252', '南阳市', '16', '0', '2', '0', '20150914112523', '20150914112523'), ('253', '商丘市', '16', '0', '2', '0', '20150914112523', '20150914112523'), ('254', '信阳市', '16', '0', '2', '0', '20150914112523', '20150914112523'), ('255', '周口市', '16', '0', '2', '0', '20150914112523', '20150914112523'), ('256', '驻马店市', '16', '0', '2', '0', '20150914112523', '20150914112523'), ('257', '济源市', '16', '0', '2', '0', '20150914112523', '20150914112523'), ('258', '武汉市', '17', '0', '2', '0', '20150914112523', '20150914112523'), ('259', '黄石市', '17', '0', '2', '0', '20150914112523', '20150914112523'), ('260', '十堰市', '17', '0', '2', '0', '20150914112523', '20150914112523'), ('261', '宜昌市', '17', '0', '2', '0', '20150914112523', '20150914112523'), ('262', '襄樊市', '17', '0', '2', '0', '20150914112523', '20150914112523'), ('263', '鄂州市', '17', '0', '2', '0', '20150914112523', '20150914112523'), ('264', '荆门市', '17', '0', '2', '0', '20150914112523', '20150914112523'), ('265', '孝感市', '17', '0', '2', '0', '20150914112523', '20150914112523'), ('266', '荆州市', '17', '0', '2', '0', '20150914112523', '20150914112523'), ('267', '黄冈市', '17', '0', '2', '0', '20150914112523', '20150914112523'), ('268', '咸宁市', '17', '0', '2', '0', '20150914112523', '20150914112523'), ('269', '随州市', '17', '0', '2', '0', '20150914112523', '20150914112523'), ('270', '恩施土家族苗族自治州', '17', '0', '2', '0', '20150914112523', '20150914112523'), ('271', '仙桃市', '17', '0', '2', '0', '20150914112523', '20150914112523'), ('272', '潜江市', '17', '0', '2', '0', '20150914112523', '20150914112523'), ('273', '天门市', '17', '0', '2', '0', '20150914112523', '20150914112523'), ('274', '神农架林区', '17', '0', '2', '0', '20150914112523', '20150914112523'), ('275', '长沙市', '18', '0', '2', '0', '20150914112523', '20150914112523'), ('276', '株洲市', '18', '0', '2', '0', '20150914112523', '20150914112523'), ('277', '湘潭市', '18', '0', '2', '0', '20150914112523', '20150914112523'), ('278', '衡阳市', '18', '0', '2', '0', '20150914112523', '20150914112523'), ('279', '邵阳市', '18', '0', '2', '0', '20150914112523', '20150914112523'), ('280', '岳阳市', '18', '0', '2', '0', '20150914112523', '20150914112523'), ('281', '常德市', '18', '0', '2', '0', '20150914112523', '20150914112523'), ('282', '张家界市', '18', '0', '2', '0', '20150914112523', '20150914112523'), ('283', '益阳市', '18', '0', '2', '0', '20150914112523', '20150914112523'), ('284', '郴州市', '18', '0', '2', '0', '20150914112523', '20150914112523'), ('285', '永州市', '18', '0', '2', '0', '20150914112523', '20150914112523'), ('286', '怀化市', '18', '0', '2', '0', '20150914112523', '20150914112523'), ('287', '娄底市', '18', '0', '2', '0', '20150914112523', '20150914112523'), ('288', '湘西土家族苗族自治州', '18', '0', '2', '0', '20150914112523', '20150914112523'), ('289', '广州市', '19', '0', '2', '0', '20150914112523', '20150914112523'), ('290', '韶关市', '19', '0', '2', '0', '20150914112523', '20150914112523'), ('291', '深圳市', '19', '0', '2', '0', '20150914112523', '20150914112523'), ('292', '珠海市', '19', '0', '2', '0', '20150914112523', '20150914112523'), ('293', '汕头市', '19', '0', '2', '0', '20150914112523', '20150914112523'), ('294', '佛山市', '19', '0', '2', '0', '20150914112523', '20150914112523'), ('295', '江门市', '19', '0', '2', '0', '20150914112523', '20150914112523'), ('296', '湛江市', '19', '0', '2', '0', '20150914112523', '20150914112523'), ('297', '茂名市', '19', '0', '2', '0', '20150914112523', '20150914112523'), ('298', '肇庆市', '19', '0', '2', '0', '20150914112523', '20150914112523'), ('299', '惠州市', '19', '0', '2', '0', '20150914112523', '20150914112523'), ('300', '梅州市', '19', '0', '2', '0', '20150914112523', '20150914112523'), ('301', '汕尾市', '19', '0', '2', '0', '20150914112523', '20150914112523'), ('302', '河源市', '19', '0', '2', '0', '20150914112523', '20150914112523'), ('303', '阳江市', '19', '0', '2', '0', '20150914112523', '20150914112523'), ('304', '清远市', '19', '0', '2', '0', '20150914112523', '20150914112523'), ('305', '东莞市', '19', '0', '2', '0', '20150914112523', '20150914112523'), ('306', '中山市', '19', '0', '2', '0', '20150914112523', '20150914112523'), ('307', '潮州市', '19', '0', '2', '0', '20150914112523', '20150914112523'), ('308', '揭阳市', '19', '0', '2', '0', '20150914112523', '20150914112523'), ('309', '云浮市', '19', '0', '2', '0', '20150914112523', '20150914112523'), ('310', '南宁市', '20', '0', '2', '0', '20150914112523', '20150914112523'), ('311', '柳州市', '20', '0', '2', '0', '20150914112523', '20150914112523'), ('312', '桂林市', '20', '0', '2', '0', '20150914112523', '20150914112523'), ('313', '梧州市', '20', '0', '2', '0', '20150914112523', '20150914112523'), ('314', '北海市', '20', '0', '2', '0', '20150914112523', '20150914112523'), ('315', '防城港市', '20', '0', '2', '0', '20150914112523', '20150914112523'), ('316', '钦州市', '20', '0', '2', '0', '20150914112523', '20150914112523'), ('317', '贵港市', '20', '0', '2', '0', '20150914112523', '20150914112523'), ('318', '玉林市', '20', '0', '2', '0', '20150914112523', '20150914112523'), ('319', '百色市', '20', '0', '2', '0', '20150914112523', '20150914112523'), ('320', '贺州市', '20', '0', '2', '0', '20150914112523', '20150914112523'), ('321', '河池市', '20', '0', '2', '0', '20150914112523', '20150914112523'), ('322', '来宾市', '20', '0', '2', '0', '20150914112523', '20150914112523'), ('323', '崇左市', '20', '0', '2', '0', '20150914112523', '20150914112523'), ('324', '海口市', '21', '0', '2', '0', '20150914112523', '20150914112523'), ('325', '三亚市', '21', '0', '2', '0', '20150914112523', '20150914112523'), ('326', '五指山市', '21', '0', '2', '0', '20150914112523', '20150914112523'), ('327', '琼海市', '21', '0', '2', '0', '20150914112523', '20150914112523'), ('328', '儋州市', '21', '0', '2', '0', '20150914112523', '20150914112523'), ('329', '文昌市', '21', '0', '2', '0', '20150914112523', '20150914112523'), ('330', '万宁市', '21', '0', '2', '0', '20150914112523', '20150914112523'), ('331', '东方市', '21', '0', '2', '0', '20150914112523', '20150914112523'), ('332', '定安县', '21', '0', '2', '0', '20150914112523', '20150914112523'), ('333', '屯昌县', '21', '0', '2', '0', '20150914112523', '20150914112523'), ('334', '澄迈县', '21', '0', '2', '0', '20150914112523', '20150914112523'), ('335', '临高县', '21', '0', '2', '0', '20150914112523', '20150914112523'), ('336', '白沙黎族自治县', '21', '0', '2', '0', '20150914112523', '20150914112523'), ('337', '昌江黎族自治县', '21', '0', '2', '0', '20150914112523', '20150914112523'), ('338', '乐东黎族自治县', '21', '0', '2', '0', '20150914112523', '20150914112523'), ('339', '陵水黎族自治县', '21', '0', '2', '0', '20150914112523', '20150914112523'), ('340', '保亭黎族苗族自治县', '21', '0', '2', '0', '20150914112523', '20150914112523'), ('341', '琼中黎族苗族自治县', '21', '0', '2', '0', '20150914112523', '20150914112523'), ('342', '西沙群岛', '21', '0', '2', '0', '20150914112523', '20150914112523'), ('343', '南沙群岛', '21', '0', '2', '0', '20150914112523', '20150914112523'), ('344', '中沙群岛的岛礁及其海域', '21', '0', '2', '0', '20150914112523', '20150914112523'), ('345', '万州区', '62', '0', '3', '0', '20150914112523', '20150914112523'), ('346', '涪陵区', '62', '0', '3', '0', '20150914112523', '20150914112523'), ('347', '渝中区', '62', '0', '3', '0', '20150914112523', '20150914112523'), ('348', '大渡口区', '62', '0', '3', '0', '20150914112523', '20150914112523'), ('349', '江北区', '62', '0', '3', '0', '20150914112523', '20150914112523'), ('350', '沙坪坝区', '62', '0', '3', '0', '20150914112523', '20150914112523'), ('351', '九龙坡区', '62', '0', '3', '0', '20150914112523', '20150914112523'), ('352', '南岸区', '62', '0', '3', '0', '20150914112523', '20150914112523'), ('353', '北碚区', '62', '0', '3', '0', '20150914112523', '20150914112523'), ('354', '双桥区', '62', '0', '3', '0', '20150914112523', '20150914112523'), ('355', '万盛区', '62', '0', '3', '0', '20150914112523', '20150914112523'), ('356', '渝北区', '62', '0', '3', '0', '20150914112523', '20150914112523'), ('357', '巴南区', '62', '0', '3', '0', '20150914112523', '20150914112523'), ('358', '黔江区', '62', '0', '3', '0', '20150914112523', '20150914112523'), ('359', '长寿区', '62', '0', '3', '0', '20150914112523', '20150914112523'), ('360', '綦江县', '62', '0', '3', '0', '20150914112523', '20150914112523'), ('361', '潼南县', '62', '0', '3', '0', '20150914112523', '20150914112523'), ('362', '铜梁县', '62', '0', '3', '0', '20150914112523', '20150914112523'), ('363', '大足县', '62', '0', '3', '0', '20150914112523', '20150914112523'), ('364', '荣昌县', '62', '0', '3', '0', '20150914112523', '20150914112523'), ('365', '璧山县', '62', '0', '3', '0', '20150914112523', '20150914112523'), ('366', '梁平县', '62', '0', '3', '0', '20150914112523', '20150914112523'), ('367', '城口县', '62', '0', '3', '0', '20150914112523', '20150914112523'), ('368', '丰都县', '62', '0', '3', '0', '20150914112523', '20150914112523'), ('369', '垫江县', '62', '0', '3', '0', '20150914112523', '20150914112523'), ('370', '武隆县', '62', '0', '3', '0', '20150914112523', '20150914112523'), ('371', '忠县', '62', '0', '3', '0', '20150914112523', '20150914112523'), ('372', '开县', '62', '0', '3', '0', '20150914112523', '20150914112523'), ('373', '云阳县', '62', '0', '3', '0', '20150914112523', '20150914112523'), ('374', '奉节县', '62', '0', '3', '0', '20150914112523', '20150914112523'), ('375', '巫山县', '62', '0', '3', '0', '20150914112523', '20150914112523'), ('376', '巫溪县', '62', '0', '3', '0', '20150914112523', '20150914112523'), ('377', '石柱土家族自治县', '62', '0', '3', '0', '20150914112523', '20150914112523'), ('378', '秀山土家族苗族自治县', '62', '0', '3', '0', '20150914112523', '20150914112523'), ('379', '酉阳土家族苗族自治县', '62', '0', '3', '0', '20150914112523', '20150914112523'), ('380', '彭水苗族土家族自治县', '62', '0', '3', '0', '20150914112523', '20150914112523'), ('381', '江津市', '62', '0', '3', '0', '20150914112523', '20150914112523'), ('382', '合川市', '62', '0', '3', '0', '20150914112523', '20150914112523'), ('383', '永川市', '62', '0', '3', '0', '20150914112523', '20150914112523'), ('384', '南川市', '62', '0', '3', '0', '20150914112523', '20150914112523'), ('385', '成都市', '23', '0', '2', '0', '20150914112523', '20150914112523'), ('386', '自贡市', '23', '0', '2', '0', '20150914112523', '20150914112523'), ('387', '攀枝花市', '23', '0', '2', '0', '20150914112523', '20150914112523'), ('388', '泸州市', '23', '0', '2', '0', '20150914112523', '20150914112523'), ('389', '德阳市', '23', '0', '2', '0', '20150914112523', '20150914112523'), ('390', '绵阳市', '23', '0', '2', '0', '20150914112523', '20150914112523'), ('391', '广元市', '23', '0', '2', '0', '20150914112523', '20150914112523'), ('392', '遂宁市', '23', '0', '2', '0', '20150914112523', '20150914112523'), ('393', '内江市', '23', '0', '2', '0', '20150914112523', '20150914112523'), ('394', '乐山市', '23', '0', '2', '0', '20150914112523', '20150914112523'), ('395', '南充市', '23', '0', '2', '0', '20150914112523', '20150914112523'), ('396', '眉山市', '23', '0', '2', '0', '20150914112523', '20150914112523'), ('397', '宜宾市', '23', '0', '2', '0', '20150914112523', '20150914112523'), ('398', '广安市', '23', '0', '2', '0', '20150914112523', '20150914112523'), ('399', '达州市', '23', '0', '2', '0', '20150914112523', '20150914112523'), ('400', '雅安市', '23', '0', '2', '0', '20150914112523', '20150914112523'), ('401', '巴中市', '23', '0', '2', '0', '20150914112523', '20150914112523'), ('402', '资阳市', '23', '0', '2', '0', '20150914112523', '20150914112523'), ('403', '阿坝藏族羌族自治州', '23', '0', '2', '0', '20150914112523', '20150914112523'), ('404', '甘孜藏族自治州', '23', '0', '2', '0', '20150914112523', '20150914112523'), ('405', '凉山彝族自治州', '23', '0', '2', '0', '20150914112523', '20150914112523'), ('406', '贵阳市', '24', '0', '2', '0', '20150914112523', '20150914112523'), ('407', '六盘水市', '24', '0', '2', '0', '20150914112523', '20150914112523'), ('408', '遵义市', '24', '0', '2', '0', '20150914112523', '20150914112523'), ('409', '安顺市', '24', '0', '2', '0', '20150914112523', '20150914112523'), ('410', '铜仁地区', '24', '0', '2', '0', '20150914112523', '20150914112523'), ('411', '黔西南布依族苗族自治州', '24', '0', '2', '0', '20150914112523', '20150914112523'), ('412', '毕节地区', '24', '0', '2', '0', '20150914112523', '20150914112523'), ('413', '黔东南苗族侗族自治州', '24', '0', '2', '0', '20150914112523', '20150914112523'), ('414', '黔南布依族苗族自治州', '24', '0', '2', '0', '20150914112523', '20150914112523'), ('415', '昆明市', '25', '0', '2', '0', '20150914112523', '20150914112523'), ('416', '曲靖市', '25', '0', '2', '0', '20150914112523', '20150914112523'), ('417', '玉溪市', '25', '0', '2', '0', '20150914112523', '20150914112523'), ('418', '保山市', '25', '0', '2', '0', '20150914112523', '20150914112523'), ('419', '昭通市', '25', '0', '2', '0', '20150914112523', '20150914112523'), ('420', '丽江市', '25', '0', '2', '0', '20150914112523', '20150914112523'), ('421', '思茅市', '25', '0', '2', '0', '20150914112523', '20150914112523'), ('422', '临沧市', '25', '0', '2', '0', '20150914112523', '20150914112523'), ('423', '楚雄彝族自治州', '25', '0', '2', '0', '20150914112523', '20150914112523'), ('424', '红河哈尼族彝族自治州', '25', '0', '2', '0', '20150914112523', '20150914112523'), ('425', '文山壮族苗族自治州', '25', '0', '2', '0', '20150914112523', '20150914112523'), ('426', '西双版纳傣族自治州', '25', '0', '2', '0', '20150914112523', '20150914112523'), ('427', '大理白族自治州', '25', '0', '2', '0', '20150914112523', '20150914112523'), ('428', '德宏傣族景颇族自治州', '25', '0', '2', '0', '20150914112523', '20150914112523'), ('429', '怒江傈僳族自治州', '25', '0', '2', '0', '20150914112523', '20150914112523'), ('430', '迪庆藏族自治州', '25', '0', '2', '0', '20150914112523', '20150914112523'), ('431', '拉萨市', '26', '0', '2', '0', '20150914112523', '20150914112523'), ('432', '昌都地区', '26', '0', '2', '0', '20150914112523', '20150914112523'), ('433', '山南地区', '26', '0', '2', '0', '20150914112523', '20150914112523'), ('434', '日喀则地区', '26', '0', '2', '0', '20150914112523', '20150914112523'), ('435', '那曲地区', '26', '0', '2', '0', '20150914112523', '20150914112523'), ('436', '阿里地区', '26', '0', '2', '0', '20150914112523', '20150914112523'), ('437', '林芝地区', '26', '0', '2', '0', '20150914112523', '20150914112523'), ('438', '西安市', '27', '0', '2', '0', '20150914112523', '20150914112523'), ('439', '铜川市', '27', '0', '2', '0', '20150914112523', '20150914112523'), ('440', '宝鸡市', '27', '0', '2', '0', '20150914112523', '20150914112523'), ('441', '咸阳市', '27', '0', '2', '0', '20150914112523', '20150914112523'), ('442', '渭南市', '27', '0', '2', '0', '20150914112523', '20150914112523'), ('443', '延安市', '27', '0', '2', '0', '20150914112523', '20150914112523'), ('444', '汉中市', '27', '0', '2', '0', '20150914112523', '20150914112523'), ('445', '榆林市', '27', '0', '2', '0', '20150914112523', '20150914112523'), ('446', '安康市', '27', '0', '2', '0', '20150914112523', '20150914112523'), ('447', '商洛市', '27', '0', '2', '0', '20150914112523', '20150914112523'), ('448', '兰州市', '28', '0', '2', '0', '20150914112523', '20150914112523'), ('449', '嘉峪关市', '28', '0', '2', '0', '20150914112523', '20150914112523'), ('450', '金昌市', '28', '0', '2', '0', '20150914112523', '20150914112523'), ('451', '白银市', '28', '0', '2', '0', '20150914112523', '20150914112523'), ('452', '天水市', '28', '0', '2', '0', '20150914112523', '20150914112523'), ('453', '武威市', '28', '0', '2', '0', '20150914112523', '20150914112523'), ('454', '张掖市', '28', '0', '2', '0', '20150914112523', '20150914112523'), ('455', '平凉市', '28', '0', '2', '0', '20150914112523', '20150914112523'), ('456', '酒泉市', '28', '0', '2', '0', '20150914112523', '20150914112523'), ('457', '庆阳市', '28', '0', '2', '0', '20150914112523', '20150914112523'), ('458', '定西市', '28', '0', '2', '0', '20150914112523', '20150914112523'), ('459', '陇南市', '28', '0', '2', '0', '20150914112523', '20150914112523'), ('460', '临夏回族自治州', '28', '0', '2', '0', '20150914112523', '20150914112523'), ('461', '甘南藏族自治州', '28', '0', '2', '0', '20150914112523', '20150914112523'), ('462', '西宁市', '29', '0', '2', '0', '20150914112523', '20150914112523'), ('463', '海东地区', '29', '0', '2', '0', '20150914112523', '20150914112523'), ('464', '海北藏族自治州', '29', '0', '2', '0', '20150914112523', '20150914112523'), ('465', '黄南藏族自治州', '29', '0', '2', '0', '20150914112523', '20150914112523'), ('466', '海南藏族自治州', '29', '0', '2', '0', '20150914112523', '20150914112523'), ('467', '果洛藏族自治州', '29', '0', '2', '0', '20150914112523', '20150914112523'), ('468', '玉树藏族自治州', '29', '0', '2', '0', '20150914112523', '20150914112523'), ('469', '海西蒙古族藏族自治州', '29', '0', '2', '0', '20150914112523', '20150914112523'), ('470', '银川市', '30', '0', '2', '0', '20150914112523', '20150914112523'), ('471', '石嘴山市', '30', '0', '2', '0', '20150914112523', '20150914112523'), ('472', '吴忠市', '30', '0', '2', '0', '20150914112523', '20150914112523'), ('473', '固原市', '30', '0', '2', '0', '20150914112523', '20150914112523'), ('474', '中卫市', '30', '0', '2', '0', '20150914112523', '20150914112523'), ('475', '乌鲁木齐市', '31', '0', '2', '0', '20150914112523', '20150914112523'), ('476', '克拉玛依市', '31', '0', '2', '0', '20150914112523', '20150914112523'), ('477', '吐鲁番地区', '31', '0', '2', '0', '20150914112523', '20150914112523'), ('478', '哈密地区', '31', '0', '2', '0', '20150914112523', '20150914112523'), ('479', '昌吉回族自治州', '31', '0', '2', '0', '20150914112523', '20150914112523'), ('480', '博尔塔拉蒙古自治州', '31', '0', '2', '0', '20150914112523', '20150914112523'), ('481', '巴音郭楞蒙古自治州', '31', '0', '2', '0', '20150914112523', '20150914112523'), ('482', '阿克苏地区', '31', '0', '2', '0', '20150914112523', '20150914112523'), ('483', '克孜勒苏柯尔克孜自治州', '31', '0', '2', '0', '20150914112523', '20150914112523'), ('484', '喀什地区', '31', '0', '2', '0', '20150914112523', '20150914112523'), ('485', '和田地区', '31', '0', '2', '0', '20150914112523', '20150914112523'), ('486', '伊犁哈萨克自治州', '31', '0', '2', '0', '20150914112523', '20150914112523'), ('487', '塔城地区', '31', '0', '2', '0', '20150914112523', '20150914112523'), ('488', '阿勒泰地区', '31', '0', '2', '0', '20150914112523', '20150914112523'), ('489', '石河子市', '31', '0', '2', '0', '20150914112523', '20150914112523'), ('490', '阿拉尔市', '31', '0', '2', '0', '20150914112523', '20150914112523'), ('491', '图木舒克市', '31', '0', '2', '0', '20150914112523', '20150914112523'), ('492', '五家渠市', '31', '0', '2', '0', '20150914112523', '20150914112523'), ('493', '台北市', '32', '0', '2', '0', '20150914112523', '20150914112523'), ('494', '高雄市', '32', '0', '2', '0', '20150914112523', '20150914112523'), ('495', '基隆市', '32', '0', '2', '0', '20150914112523', '20150914112523'), ('496', '台中市', '32', '0', '2', '0', '20150914112523', '20150914112523'), ('497', '台南市', '32', '0', '2', '0', '20150914112523', '20150914112523'), ('498', '新竹市', '32', '0', '2', '0', '20150914112523', '20150914112523'), ('499', '嘉义市', '32', '0', '2', '0', '20150914112523', '20150914112523'), ('500', '台北县', '32', '0', '2', '0', '20150914112523', '20150914112523'), ('501', '宜兰县', '32', '0', '2', '0', '20150914112523', '20150914112523'), ('502', '桃园县', '32', '0', '2', '0', '20150914112523', '20150914112523'), ('503', '新竹县', '32', '0', '2', '0', '20150914112523', '20150914112523'), ('504', '苗栗县', '32', '0', '2', '0', '20150914112523', '20150914112523'), ('505', '台中县', '32', '0', '2', '0', '20150914112523', '20150914112523'), ('506', '彰化县', '32', '0', '2', '0', '20150914112523', '20150914112523'), ('507', '南投县', '32', '0', '2', '0', '20150914112523', '20150914112523'), ('508', '云林县', '32', '0', '2', '0', '20150914112523', '20150914112523'), ('509', '嘉义县', '32', '0', '2', '0', '20150914112523', '20150914112523'), ('510', '台南县', '32', '0', '2', '0', '20150914112523', '20150914112523'), ('511', '高雄县', '32', '0', '2', '0', '20150914112523', '20150914112523'), ('512', '屏东县', '32', '0', '2', '0', '20150914112523', '20150914112523'), ('513', '澎湖县', '32', '0', '2', '0', '20150914112523', '20150914112523'), ('514', '台东县', '32', '0', '2', '0', '20150914112523', '20150914112523'), ('515', '花莲县', '32', '0', '2', '0', '20150914112523', '20150914112523'), ('516', '中西区', '33', '0', '2', '0', '20150914112523', '20150914112523'), ('517', '东区', '33', '0', '2', '0', '20150914112523', '20150914112523'), ('518', '九龙城区', '33', '0', '2', '0', '20150914112523', '20150914112523'), ('519', '观塘区', '33', '0', '2', '0', '20150914112523', '20150914112523'), ('520', '南区', '33', '0', '2', '0', '20150914112523', '20150914112523'), ('521', '深水埗区', '33', '0', '2', '0', '20150914112523', '20150914112523'), ('522', '黄大仙区', '33', '0', '2', '0', '20150914112523', '20150914112523'), ('523', '湾仔区', '33', '0', '2', '0', '20150914112523', '20150914112523'), ('524', '油尖旺区', '33', '0', '2', '0', '20150914112523', '20150914112523'), ('525', '离岛区', '33', '0', '2', '0', '20150914112523', '20150914112523'), ('526', '葵青区', '33', '0', '2', '0', '20150914112523', '20150914112523'), ('527', '北区', '33', '0', '2', '0', '20150914112523', '20150914112523'), ('528', '西贡区', '33', '0', '2', '0', '20150914112523', '20150914112523'), ('529', '沙田区', '33', '0', '2', '0', '20150914112523', '20150914112523'), ('530', '屯门区', '33', '0', '2', '0', '20150914112523', '20150914112523'), ('531', '大埔区', '33', '0', '2', '0', '20150914112523', '20150914112523'), ('532', '荃湾区', '33', '0', '2', '0', '20150914112523', '20150914112523'), ('533', '元朗区', '33', '0', '2', '0', '20150914112523', '20150914112523'), ('534', '澳门特别行政区', '34', '0', '2', '0', '20150914112523', '20150914112523'), ('535', '美国', '45055', '0', '3', '0', '20150914112523', '20150914112523'), ('536', '加拿大', '45055', '0', '3', '0', '20150914112523', '20150914112523'), ('537', '澳大利亚', '45055', '0', '3', '0', '20150914112523', '20150914112523'), ('538', '新西兰', '45055', '0', '3', '0', '20150914112523', '20150914112523'), ('539', '英国', '45055', '0', '3', '0', '20150914112523', '20150914112523'), ('540', '法国', '45055', '0', '3', '0', '20150914112523', '20150914112523'), ('541', '德国', '45055', '0', '3', '0', '20150914112523', '20150914112523'), ('542', '捷克', '45055', '0', '3', '0', '20150914112523', '20150914112523'), ('543', '荷兰', '45055', '0', '3', '0', '20150914112523', '20150914112523'), ('544', '瑞士', '45055', '0', '3', '0', '20150914112523', '20150914112523'), ('545', '希腊', '45055', '0', '3', '0', '20150914112523', '20150914112523'), ('546', '挪威', '45055', '0', '3', '0', '20150914112523', '20150914112523'), ('547', '瑞典', '45055', '0', '3', '0', '20150914112523', '20150914112523'), ('548', '丹麦', '45055', '0', '3', '0', '20150914112523', '20150914112523'), ('549', '芬兰', '45055', '0', '3', '0', '20150914112523', '20150914112523'), ('550', '爱尔兰', '45055', '0', '3', '0', '20150914112523', '20150914112523'), ('551', '奥地利', '45055', '0', '3', '0', '20150914112523', '20150914112523'), ('552', '意大利', '45055', '0', '3', '0', '20150914112523', '20150914112523'), ('553', '乌克兰', '45055', '0', '3', '0', '20150914112523', '20150914112523'), ('554', '俄罗斯', '45055', '0', '3', '0', '20150914112523', '20150914112523'), ('555', '西班牙', '45055', '0', '3', '0', '20150914112523', '20150914112523'), ('556', '韩国', '45055', '0', '3', '0', '20150914112523', '20150914112523'), ('557', '新加坡', '45055', '0', '3', '0', '20150914112523', '20150914112523'), ('558', '马来西亚', '45055', '0', '3', '0', '20150914112523', '20150914112523'), ('559', '印度', '45055', '0', '3', '0', '20150914112523', '20150914112523'), ('560', '泰国', '45055', '0', '3', '0', '20150914112523', '20150914112523'), ('561', '日本', '45055', '0', '3', '0', '20150914112523', '20150914112523'), ('562', '巴西', '45055', '0', '3', '0', '20150914112523', '20150914112523'), ('563', '阿根廷', '45055', '0', '3', '0', '20150914112523', '20150914112523'), ('564', '南非', '45055', '0', '3', '0', '20150914112523', '20150914112523'), ('565', '埃及', '45055', '0', '3', '0', '20150914112523', '20150914112523'), ('566', '其他', '36', '0', '3', '0', '20150914112523', '20150914112523'), ('1126', '井陉县', '73', '0', '3', '0', '20150914112523', '20150914112523'), ('1127', '井陉矿区', '73', '0', '3', '0', '20150914112523', '20150914112523'), ('1128', '元氏县', '73', '0', '3', '0', '20150914112523', '20150914112523'), ('1129', '平山县', '73', '0', '3', '0', '20150914112523', '20150914112523'), ('1130', '新乐市', '73', '0', '3', '0', '20150914112523', '20150914112523'), ('1131', '新华区', '73', '0', '3', '0', '20150914112523', '20150914112523'), ('1132', '无极县', '73', '0', '3', '0', '20150914112523', '20150914112523'), ('1133', '晋州市', '73', '0', '3', '0', '20150914112523', '20150914112523'), ('1134', '栾城县', '73', '0', '3', '0', '20150914112523', '20150914112523'), ('1135', '桥东区', '73', '0', '3', '0', '20150914112523', '20150914112523'), ('1136', '桥西区', '73', '0', '3', '0', '20150914112523', '20150914112523'), ('1137', '正定县', '73', '0', '3', '0', '20150914112523', '20150914112523'), ('1138', '深泽县', '73', '0', '3', '0', '20150914112523', '20150914112523'), ('1139', '灵寿县', '73', '0', '3', '0', '20150914112523', '20150914112523'), ('1140', '藁城市', '73', '0', '3', '0', '20150914112523', '20150914112523'), ('1141', '行唐县', '73', '0', '3', '0', '20150914112523', '20150914112523'), ('1142', '裕华区', '73', '0', '3', '0', '20150914112523', '20150914112523'), ('1143', '赞皇县', '73', '0', '3', '0', '20150914112523', '20150914112523'), ('1144', '赵县', '73', '0', '3', '0', '20150914112523', '20150914112523'), ('1145', '辛集市', '73', '0', '3', '0', '20150914112523', '20150914112523'), ('1146', '长安区', '73', '0', '3', '0', '20150914112523', '20150914112523'), ('1147', '高邑县', '73', '0', '3', '0', '20150914112523', '20150914112523'), ('1148', '鹿泉市', '73', '0', '3', '0', '20150914112523', '20150914112523'), ('1149', '丰南区', '74', '0', '3', '0', '20150914112523', '20150914112523'), ('1150', '丰润区', '74', '0', '3', '0', '20150914112523', '20150914112523'), ('1151', '乐亭县', '74', '0', '3', '0', '20150914112523', '20150914112523'), ('1152', '古冶区', '74', '0', '3', '0', '20150914112523', '20150914112523'), ('1153', '唐海县', '74', '0', '3', '0', '20150914112523', '20150914112523'), ('1154', '开平区', '74', '0', '3', '0', '20150914112523', '20150914112523'), ('1155', '滦南县', '74', '0', '3', '0', '20150914112523', '20150914112523'), ('1156', '滦县', '74', '0', '3', '0', '20150914112523', '20150914112523'), ('1157', '玉田县', '74', '0', '3', '0', '20150914112523', '20150914112523'), ('1158', '路北区', '74', '0', '3', '0', '20150914112523', '20150914112523'), ('1159', '路南区', '74', '0', '3', '0', '20150914112523', '20150914112523'), ('1160', '迁安市', '74', '0', '3', '0', '20150914112523', '20150914112523'), ('1161', '迁西县', '74', '0', '3', '0', '20150914112523', '20150914112523'), ('1162', '遵化市', '74', '0', '3', '0', '20150914112523', '20150914112523'), ('1163', '北戴河区', '75', '0', '3', '0', '20150914112523', '20150914112523'), ('1164', '卢龙县', '75', '0', '3', '0', '20150914112523', '20150914112523'), ('1165', '山海关区', '75', '0', '3', '0', '20150914112523', '20150914112523'), ('1166', '抚宁县', '75', '0', '3', '0', '20150914112523', '20150914112523'), ('1167', '昌黎县', '75', '0', '3', '0', '20150914112523', '20150914112523'), ('1168', '海港区', '75', '0', '3', '0', '20150914112523', '20150914112523'), ('1169', '青龙满族自治县', '75', '0', '3', '0', '20150914112523', '20150914112523'), ('1170', '丛台区', '76', '0', '3', '0', '20150914112523', '20150914112523'), ('1171', '临漳县', '76', '0', '3', '0', '20150914112523', '20150914112523'), ('1172', '复兴区', '76', '0', '3', '0', '20150914112523', '20150914112523'), ('1173', '大名县', '76', '0', '3', '0', '20150914112523', '20150914112523'), ('1174', '峰峰矿区', '76', '0', '3', '0', '20150914112523', '20150914112523'), ('1175', '广平县', '76', '0', '3', '0', '20150914112523', '20150914112523'), ('1176', '成安县', '76', '0', '3', '0', '20150914112523', '20150914112523'), ('1177', '曲周县', '76', '0', '3', '0', '20150914112523', '20150914112523'), ('1178', '武安市', '76', '0', '3', '0', '20150914112523', '20150914112523'), ('1179', '永年县', '76', '0', '3', '0', '20150914112523', '20150914112523'), ('1180', '涉县', '76', '0', '3', '0', '20150914112523', '20150914112523'), ('1181', '磁县', '76', '0', '3', '0', '20150914112523', '20150914112523'), ('1182', '肥乡县', '76', '0', '3', '0', '20150914112523', '20150914112523'), ('1183', '邯山区', '76', '0', '3', '0', '20150914112523', '20150914112523'), ('1184', '邯郸县', '76', '0', '3', '0', '20150914112523', '20150914112523'), ('1185', '邱县', '76', '0', '3', '0', '20150914112523', '20150914112523'), ('1186', '馆陶县', '76', '0', '3', '0', '20150914112523', '20150914112523'), ('1187', '魏县', '76', '0', '3', '0', '20150914112523', '20150914112523'), ('1188', '鸡泽县', '76', '0', '3', '0', '20150914112523', '20150914112523'), ('1189', '临城县', '77', '0', '3', '0', '20150914112523', '20150914112523'), ('1190', '临西县', '77', '0', '3', '0', '20150914112523', '20150914112523'), ('1191', '任县', '77', '0', '3', '0', '20150914112523', '20150914112523'), ('1192', '内丘县', '77', '0', '3', '0', '20150914112523', '20150914112523'), ('1193', '南和县', '77', '0', '3', '0', '20150914112523', '20150914112523'), ('1194', '南宫市', '77', '0', '3', '0', '20150914112523', '20150914112523'), ('1195', '威县', '77', '0', '3', '0', '20150914112523', '20150914112523'), ('1196', '宁晋县', '77', '0', '3', '0', '20150914112523', '20150914112523'), ('1197', '巨鹿县', '77', '0', '3', '0', '20150914112523', '20150914112523'), ('1198', '平乡县', '77', '0', '3', '0', '20150914112523', '20150914112523'), ('1199', '广宗县', '77', '0', '3', '0', '20150914112523', '20150914112523'), ('1200', '新河县', '77', '0', '3', '0', '20150914112523', '20150914112523'), ('1201', '柏乡县', '77', '0', '3', '0', '20150914112523', '20150914112523'), ('1202', '桥东区', '77', '0', '3', '0', '20150914112523', '20150914112523'), ('1203', '桥西区', '77', '0', '3', '0', '20150914112523', '20150914112523'), ('1204', '沙河市', '77', '0', '3', '0', '20150914112523', '20150914112523'), ('1205', '清河县', '77', '0', '3', '0', '20150914112523', '20150914112523'), ('1206', '邢台县', '77', '0', '3', '0', '20150914112523', '20150914112523'), ('1207', '隆尧县', '77', '0', '3', '0', '20150914112523', '20150914112523'), ('1208', '北市区', '78', '0', '3', '0', '20150914112523', '20150914112523'), ('1209', '南市区', '78', '0', '3', '0', '20150914112523', '20150914112523'), ('1210', '博野县', '78', '0', '3', '0', '20150914112523', '20150914112523'), ('1211', '唐县', '78', '0', '3', '0', '20150914112523', '20150914112523'), ('1212', '安国市', '78', '0', '3', '0', '20150914112523', '20150914112523'), ('1213', '安新县', '78', '0', '3', '0', '20150914112523', '20150914112523'), ('1214', '定兴县', '78', '0', '3', '0', '20150914112523', '20150914112523'), ('1215', '定州市', '78', '0', '3', '0', '20150914112523', '20150914112523'), ('1216', '容城县', '78', '0', '3', '0', '20150914112523', '20150914112523'), ('1217', '徐水县', '78', '0', '3', '0', '20150914112523', '20150914112523'), ('1218', '新市区', '78', '0', '3', '0', '20150914112523', '20150914112523'), ('1219', '易县', '78', '0', '3', '0', '20150914112523', '20150914112523'), ('1220', '曲阳县', '78', '0', '3', '0', '20150914112523', '20150914112523'), ('1221', '望都县', '78', '0', '3', '0', '20150914112523', '20150914112523'), ('1222', '涞水县', '78', '0', '3', '0', '20150914112523', '20150914112523'), ('1223', '涞源县', '78', '0', '3', '0', '20150914112523', '20150914112523'), ('1224', '涿州市', '78', '0', '3', '0', '20150914112523', '20150914112523'), ('1225', '清苑县', '78', '0', '3', '0', '20150914112523', '20150914112523'), ('1226', '满城县', '78', '0', '3', '0', '20150914112523', '20150914112523'), ('1227', '蠡县', '78', '0', '3', '0', '20150914112523', '20150914112523'), ('1228', '阜平县', '78', '0', '3', '0', '20150914112523', '20150914112523'), ('1229', '雄县', '78', '0', '3', '0', '20150914112523', '20150914112523'), ('1230', '顺平县', '78', '0', '3', '0', '20150914112523', '20150914112523'), ('1231', '高碑店市', '78', '0', '3', '0', '20150914112523', '20150914112523'), ('1232', '高阳县', '78', '0', '3', '0', '20150914112523', '20150914112523'), ('1233', '万全县', '79', '0', '3', '0', '20150914112523', '20150914112523'), ('1234', '下花园区', '79', '0', '3', '0', '20150914112523', '20150914112523'), ('1235', '宣化区', '79', '0', '3', '0', '20150914112523', '20150914112523'), ('1236', '宣化县', '79', '0', '3', '0', '20150914112523', '20150914112523'), ('1237', '尚义县', '79', '0', '3', '0', '20150914112523', '20150914112523'), ('1238', '崇礼县', '79', '0', '3', '0', '20150914112523', '20150914112523'), ('1239', '康保县', '79', '0', '3', '0', '20150914112523', '20150914112523'), ('1240', '张北县', '79', '0', '3', '0', '20150914112523', '20150914112523'), ('1241', '怀安县', '79', '0', '3', '0', '20150914112523', '20150914112523'), ('1242', '怀来县', '79', '0', '3', '0', '20150914112523', '20150914112523'), ('1243', '桥东区', '79', '0', '3', '0', '20150914112523', '20150914112523'), ('1244', '桥西区', '79', '0', '3', '0', '20150914112523', '20150914112523'), ('1245', '沽源县', '79', '0', '3', '0', '20150914112523', '20150914112523'), ('1246', '涿鹿县', '79', '0', '3', '0', '20150914112523', '20150914112523'), ('1247', '蔚县', '79', '0', '3', '0', '20150914112523', '20150914112523'), ('1248', '赤城县', '79', '0', '3', '0', '20150914112523', '20150914112523'), ('1249', '阳原县', '79', '0', '3', '0', '20150914112523', '20150914112523'), ('1250', '丰宁满族自治县', '80', '0', '3', '0', '20150914112523', '20150914112523'), ('1251', '兴隆县', '80', '0', '3', '0', '20150914112523', '20150914112523'), ('1252', '双桥区', '80', '0', '3', '0', '20150914112523', '20150914112523'), ('1253', '双滦区', '80', '0', '3', '0', '20150914112523', '20150914112523'), ('1254', '围场满族蒙古族自治县', '80', '0', '3', '0', '20150914112523', '20150914112523'), ('1255', '宽城满族自治县', '80', '0', '3', '0', '20150914112523', '20150914112523'), ('1256', '平泉县', '80', '0', '3', '0', '20150914112523', '20150914112523'), ('1257', '承德县', '80', '0', '3', '0', '20150914112523', '20150914112523'), ('1258', '滦平县', '80', '0', '3', '0', '20150914112523', '20150914112523'), ('1259', '隆化县', '80', '0', '3', '0', '20150914112523', '20150914112523'), ('1260', '鹰手营子矿区', '80', '0', '3', '0', '20150914112523', '20150914112523'), ('1261', '冀州市', '81', '0', '3', '0', '20150914112523', '20150914112523'), ('1262', '安平县', '81', '0', '3', '0', '20150914112523', '20150914112523'), ('1263', '故城县', '81', '0', '3', '0', '20150914112523', '20150914112523'), ('1264', '景县', '81', '0', '3', '0', '20150914112523', '20150914112523'), ('1265', '枣强县', '81', '0', '3', '0', '20150914112523', '20150914112523'), ('1266', '桃城区', '81', '0', '3', '0', '20150914112523', '20150914112523'), ('1267', '武强县', '81', '0', '3', '0', '20150914112523', '20150914112523'), ('1268', '武邑县', '81', '0', '3', '0', '20150914112523', '20150914112523'), ('1269', '深州市', '81', '0', '3', '0', '20150914112523', '20150914112523'), ('1270', '阜城县', '81', '0', '3', '0', '20150914112523', '20150914112523'), ('1271', '饶阳县', '81', '0', '3', '0', '20150914112523', '20150914112523'), ('1272', '三河市', '82', '0', '3', '0', '20150914112523', '20150914112523'), ('1273', '固安县', '82', '0', '3', '0', '20150914112523', '20150914112523'), ('1274', '大厂回族自治县', '82', '0', '3', '0', '20150914112523', '20150914112523'), ('1275', '大城县', '82', '0', '3', '0', '20150914112523', '20150914112523'), ('1276', '安次区', '82', '0', '3', '0', '20150914112523', '20150914112523'), ('1277', '广阳区', '82', '0', '3', '0', '20150914112523', '20150914112523'), ('1278', '文安县', '82', '0', '3', '0', '20150914112523', '20150914112523'), ('1279', '永清县', '82', '0', '3', '0', '20150914112523', '20150914112523'), ('1280', '霸州市', '82', '0', '3', '0', '20150914112523', '20150914112523'), ('1281', '香河县', '82', '0', '3', '0', '20150914112523', '20150914112523'), ('1282', '东光县', '83', '0', '3', '0', '20150914112523', '20150914112523'), ('1283', '任丘市', '83', '0', '3', '0', '20150914112523', '20150914112523'), ('1284', '南皮县', '83', '0', '3', '0', '20150914112523', '20150914112523'), ('1285', '吴桥县', '83', '0', '3', '0', '20150914112523', '20150914112523'), ('1286', '孟村回族自治县', '83', '0', '3', '0', '20150914112523', '20150914112523'), ('1287', '新华区', '83', '0', '3', '0', '20150914112523', '20150914112523'), ('1288', '沧县', '83', '0', '3', '0', '20150914112523', '20150914112523'), ('1289', '河间市', '83', '0', '3', '0', '20150914112523', '20150914112523'), ('1290', '泊头市', '83', '0', '3', '0', '20150914112523', '20150914112523'), ('1291', '海兴县', '83', '0', '3', '0', '20150914112523', '20150914112523'), ('1292', '献县', '83', '0', '3', '0', '20150914112523', '20150914112523'), ('1293', '盐山县', '83', '0', '3', '0', '20150914112523', '20150914112523'), ('1294', '肃宁县', '83', '0', '3', '0', '20150914112523', '20150914112523'), ('1295', '运河区', '83', '0', '3', '0', '20150914112523', '20150914112523'), ('1296', '青县', '83', '0', '3', '0', '20150914112523', '20150914112523'), ('1297', '黄骅市', '83', '0', '3', '0', '20150914112523', '20150914112523'), ('1298', '万柏林区', '84', '0', '3', '0', '20150914112523', '20150914112523'), ('1299', '古交市', '84', '0', '3', '0', '20150914112523', '20150914112523'), ('1300', '娄烦县', '84', '0', '3', '0', '20150914112523', '20150914112523'), ('1301', '小店区', '84', '0', '3', '0', '20150914112523', '20150914112523'), ('1302', '尖草坪区', '84', '0', '3', '0', '20150914112523', '20150914112523'), ('1303', '晋源区', '84', '0', '3', '0', '20150914112523', '20150914112523'), ('1304', '杏花岭区', '84', '0', '3', '0', '20150914112523', '20150914112523'), ('1305', '清徐县', '84', '0', '3', '0', '20150914112523', '20150914112523'), ('1306', '迎泽区', '84', '0', '3', '0', '20150914112523', '20150914112523'), ('1307', '阳曲县', '84', '0', '3', '0', '20150914112523', '20150914112523'), ('1308', '南郊区', '85', '0', '3', '0', '20150914112523', '20150914112523'), ('1309', '城区', '85', '0', '3', '0', '20150914112523', '20150914112523'), ('1310', '大同县', '85', '0', '3', '0', '20150914112523', '20150914112523'), ('1311', '天镇县', '85', '0', '3', '0', '20150914112523', '20150914112523'), ('1312', '左云县', '85', '0', '3', '0', '20150914112523', '20150914112523'), ('1313', '广灵县', '85', '0', '3', '0', '20150914112523', '20150914112523'), ('1314', '新荣区', '85', '0', '3', '0', '20150914112523', '20150914112523'), ('1315', '浑源县', '85', '0', '3', '0', '20150914112523', '20150914112523'), ('1316', '灵丘县', '85', '0', '3', '0', '20150914112523', '20150914112523'), ('1317', '矿区', '85', '0', '3', '0', '20150914112523', '20150914112523'), ('1318', '阳高县', '85', '0', '3', '0', '20150914112523', '20150914112523'), ('1319', '城区', '86', '0', '3', '0', '20150914112523', '20150914112523'), ('1320', '平定县', '86', '0', '3', '0', '20150914112523', '20150914112523'), ('1321', '盂县', '86', '0', '3', '0', '20150914112523', '20150914112523'), ('1322', '矿区', '86', '0', '3', '0', '20150914112523', '20150914112523'), ('1323', '郊区', '86', '0', '3', '0', '20150914112523', '20150914112523'), ('1324', '城区', '87', '0', '3', '0', '20150914112523', '20150914112523'), ('1325', '壶关县', '87', '0', '3', '0', '20150914112523', '20150914112523'), ('1326', '屯留县', '87', '0', '3', '0', '20150914112523', '20150914112523'), ('1327', '平顺县', '87', '0', '3', '0', '20150914112523', '20150914112523'), ('1328', '武乡县', '87', '0', '3', '0', '20150914112523', '20150914112523'), ('1329', '沁县', '87', '0', '3', '0', '20150914112523', '20150914112523'), ('1330', '沁源县', '87', '0', '3', '0', '20150914112523', '20150914112523'), ('1331', '潞城市', '87', '0', '3', '0', '20150914112523', '20150914112523'), ('1332', '襄垣县', '87', '0', '3', '0', '20150914112523', '20150914112523'), ('1333', '郊区', '87', '0', '3', '0', '20150914112523', '20150914112523'), ('1334', '长子县', '87', '0', '3', '0', '20150914112523', '20150914112523'), ('1335', '长治县', '87', '0', '3', '0', '20150914112523', '20150914112523'), ('1336', '黎城县', '87', '0', '3', '0', '20150914112523', '20150914112523'), ('1337', '城区', '88', '0', '3', '0', '20150914112523', '20150914112523'), ('1338', '沁水县', '88', '0', '3', '0', '20150914112523', '20150914112523'), ('1339', '泽州县', '88', '0', '3', '0', '20150914112523', '20150914112523'), ('1340', '阳城县', '88', '0', '3', '0', '20150914112523', '20150914112523'), ('1341', '陵川县', '88', '0', '3', '0', '20150914112523', '20150914112523'), ('1342', '高平市', '88', '0', '3', '0', '20150914112523', '20150914112523'), ('1343', '右玉县', '89', '0', '3', '0', '20150914112523', '20150914112523'), ('1344', '山阴县', '89', '0', '3', '0', '20150914112523', '20150914112523'), ('1345', '平鲁区', '89', '0', '3', '0', '20150914112523', '20150914112523'), ('1346', '应县', '89', '0', '3', '0', '20150914112523', '20150914112523'), ('1347', '怀仁县', '89', '0', '3', '0', '20150914112523', '20150914112523'), ('1348', '朔城区', '89', '0', '3', '0', '20150914112523', '20150914112523'), ('1349', '介休市', '90', '0', '3', '0', '20150914112523', '20150914112523'), ('1350', '和顺县', '90', '0', '3', '0', '20150914112523', '20150914112523'), ('1351', '太谷县', '90', '0', '3', '0', '20150914112523', '20150914112523'), ('1352', '寿阳县', '90', '0', '3', '0', '20150914112523', '20150914112523'), ('1353', '左权县', '90', '0', '3', '0', '20150914112523', '20150914112523'), ('1354', '平遥县', '90', '0', '3', '0', '20150914112523', '20150914112523'), ('1355', '昔阳县', '90', '0', '3', '0', '20150914112523', '20150914112523'), ('1356', '榆次区', '90', '0', '3', '0', '20150914112523', '20150914112523'), ('1357', '榆社县', '90', '0', '3', '0', '20150914112523', '20150914112523'), ('1358', '灵石县', '90', '0', '3', '0', '20150914112523', '20150914112523'), ('1359', '祁县', '90', '0', '3', '0', '20150914112523', '20150914112523'), ('1360', '万荣县', '91', '0', '3', '0', '20150914112523', '20150914112523'), ('1361', '临猗县', '91', '0', '3', '0', '20150914112523', '20150914112523'), ('1362', '垣曲县', '91', '0', '3', '0', '20150914112523', '20150914112523'), ('1363', '夏县', '91', '0', '3', '0', '20150914112523', '20150914112523'), ('1364', '平陆县', '91', '0', '3', '0', '20150914112523', '20150914112523'), ('1365', '新绛县', '91', '0', '3', '0', '20150914112523', '20150914112523'), ('1366', '永济市', '91', '0', '3', '0', '20150914112523', '20150914112523'), ('1367', '河津市', '91', '0', '3', '0', '20150914112523', '20150914112523'), ('1368', '盐湖区', '91', '0', '3', '0', '20150914112523', '20150914112523'), ('1369', '稷山县', '91', '0', '3', '0', '20150914112523', '20150914112523'), ('1370', '绛县', '91', '0', '3', '0', '20150914112523', '20150914112523'), ('1371', '芮城县', '91', '0', '3', '0', '20150914112523', '20150914112523'), ('1372', '闻喜县', '91', '0', '3', '0', '20150914112523', '20150914112523'), ('1373', '五台县', '92', '0', '3', '0', '20150914112523', '20150914112523'), ('1374', '五寨县', '92', '0', '3', '0', '20150914112523', '20150914112523'), ('1375', '代县', '92', '0', '3', '0', '20150914112523', '20150914112523'), ('1376', '保德县', '92', '0', '3', '0', '20150914112523', '20150914112523'), ('1377', '偏关县', '92', '0', '3', '0', '20150914112523', '20150914112523'), ('1378', '原平市', '92', '0', '3', '0', '20150914112523', '20150914112523'), ('1379', '宁武县', '92', '0', '3', '0', '20150914112523', '20150914112523'), ('1380', '定襄县', '92', '0', '3', '0', '20150914112523', '20150914112523'), ('1381', '岢岚县', '92', '0', '3', '0', '20150914112523', '20150914112523'), ('1382', '忻府区', '92', '0', '3', '0', '20150914112523', '20150914112523'), ('1383', '河曲县', '92', '0', '3', '0', '20150914112523', '20150914112523'), ('1384', '神池县', '92', '0', '3', '0', '20150914112523', '20150914112523'), ('1385', '繁峙县', '92', '0', '3', '0', '20150914112523', '20150914112523'), ('1386', '静乐县', '92', '0', '3', '0', '20150914112523', '20150914112523'), ('1387', '乡宁县', '93', '0', '3', '0', '20150914112523', '20150914112523'), ('1388', '侯马市', '93', '0', '3', '0', '20150914112523', '20150914112523'), ('1389', '古县', '93', '0', '3', '0', '20150914112523', '20150914112523'), ('1390', '吉县', '93', '0', '3', '0', '20150914112523', '20150914112523'), ('1391', '大宁县', '93', '0', '3', '0', '20150914112523', '20150914112523'), ('1392', '安泽县', '93', '0', '3', '0', '20150914112523', '20150914112523'), ('1393', '尧都区', '93', '0', '3', '0', '20150914112523', '20150914112523'), ('1394', '曲沃县', '93', '0', '3', '0', '20150914112523', '20150914112523'), ('1395', '永和县', '93', '0', '3', '0', '20150914112523', '20150914112523'), ('1396', '汾西县', '93', '0', '3', '0', '20150914112523', '20150914112523'), ('1397', '洪洞县', '93', '0', '3', '0', '20150914112523', '20150914112523'), ('1398', '浮山县', '93', '0', '3', '0', '20150914112523', '20150914112523'), ('1399', '翼城县', '93', '0', '3', '0', '20150914112523', '20150914112523'), ('1400', '蒲县', '93', '0', '3', '0', '20150914112523', '20150914112523'), ('1401', '襄汾县', '93', '0', '3', '0', '20150914112523', '20150914112523'), ('1402', '隰县', '93', '0', '3', '0', '20150914112523', '20150914112523'), ('1403', '霍州市', '93', '0', '3', '0', '20150914112523', '20150914112523'), ('1404', '中阳县', '94', '0', '3', '0', '20150914112523', '20150914112523'), ('1405', '临县', '94', '0', '3', '0', '20150914112523', '20150914112523'), ('1406', '交口县', '94', '0', '3', '0', '20150914112523', '20150914112523'), ('1407', '交城县', '94', '0', '3', '0', '20150914112523', '20150914112523'), ('1408', '兴县', '94', '0', '3', '0', '20150914112523', '20150914112523'), ('1409', '孝义市', '94', '0', '3', '0', '20150914112523', '20150914112523'), ('1410', '岚县', '94', '0', '3', '0', '20150914112523', '20150914112523'), ('1411', '文水县', '94', '0', '3', '0', '20150914112523', '20150914112523'), ('1412', '方山县', '94', '0', '3', '0', '20150914112523', '20150914112523'), ('1413', '柳林县', '94', '0', '3', '0', '20150914112523', '20150914112523'), ('1414', '汾阳市', '94', '0', '3', '0', '20150914112523', '20150914112523'), ('1415', '石楼县', '94', '0', '3', '0', '20150914112523', '20150914112523'), ('1416', '离石区', '94', '0', '3', '0', '20150914112523', '20150914112523'), ('1417', '和林格尔县', '95', '0', '3', '0', '20150914112523', '20150914112523'), ('1418', '回民区', '95', '0', '3', '0', '20150914112523', '20150914112523'), ('1419', '土默特左旗', '95', '0', '3', '0', '20150914112523', '20150914112523'), ('1420', '托克托县', '95', '0', '3', '0', '20150914112523', '20150914112523'), ('1421', '新城区', '95', '0', '3', '0', '20150914112523', '20150914112523'), ('1422', '武川县', '95', '0', '3', '0', '20150914112523', '20150914112523'), ('1423', '清水河县', '95', '0', '3', '0', '20150914112523', '20150914112523'), ('1424', '玉泉区', '95', '0', '3', '0', '20150914112523', '20150914112523'), ('1425', '赛罕区', '95', '0', '3', '0', '20150914112523', '20150914112523'), ('1426', '东河区', '96', '0', '3', '0', '20150914112523', '20150914112523'), ('1427', '九原区', '96', '0', '3', '0', '20150914112523', '20150914112523'), ('1428', '固阳县', '96', '0', '3', '0', '20150914112523', '20150914112523'), ('1429', '土默特右旗', '96', '0', '3', '0', '20150914112523', '20150914112523'), ('1430', '昆都仑区', '96', '0', '3', '0', '20150914112523', '20150914112523'), ('1431', '白云矿区', '96', '0', '3', '0', '20150914112523', '20150914112523'), ('1432', '石拐区', '96', '0', '3', '0', '20150914112523', '20150914112523'), ('1433', '达尔罕茂明安联合旗', '96', '0', '3', '0', '20150914112523', '20150914112523'), ('1434', '青山区', '96', '0', '3', '0', '20150914112523', '20150914112523'), ('1435', '乌达区', '97', '0', '3', '0', '20150914112523', '20150914112523'), ('1436', '海勃湾区', '97', '0', '3', '0', '20150914112523', '20150914112523'), ('1437', '海南区', '97', '0', '3', '0', '20150914112523', '20150914112523'), ('1438', '元宝山区', '98', '0', '3', '0', '20150914112523', '20150914112523'), ('1439', '克什克腾旗', '98', '0', '3', '0', '20150914112523', '20150914112523'), ('1440', '喀喇沁旗', '98', '0', '3', '0', '20150914112523', '20150914112523'), ('1441', '宁城县', '98', '0', '3', '0', '20150914112523', '20150914112523'), ('1442', '巴林右旗', '98', '0', '3', '0', '20150914112523', '20150914112523'), ('1443', '巴林左旗', '98', '0', '3', '0', '20150914112523', '20150914112523'), ('1444', '敖汉旗', '98', '0', '3', '0', '20150914112523', '20150914112523'), ('1445', '松山区', '98', '0', '3', '0', '20150914112523', '20150914112523'), ('1446', '林西县', '98', '0', '3', '0', '20150914112523', '20150914112523'), ('1447', '红山区', '98', '0', '3', '0', '20150914112523', '20150914112523'), ('1448', '翁牛特旗', '98', '0', '3', '0', '20150914112523', '20150914112523'), ('1449', '阿鲁科尔沁旗', '98', '0', '3', '0', '20150914112523', '20150914112523'), ('1450', '奈曼旗', '99', '0', '3', '0', '20150914112523', '20150914112523'), ('1451', '库伦旗', '99', '0', '3', '0', '20150914112523', '20150914112523');
INSERT INTO `shop_area` VALUES ('1452', '开鲁县', '99', '0', '3', '0', '20150914112523', '20150914112523'), ('1453', '扎鲁特旗', '99', '0', '3', '0', '20150914112523', '20150914112523'), ('1454', '科尔沁区', '99', '0', '3', '0', '20150914112523', '20150914112523'), ('1455', '科尔沁左翼中旗', '99', '0', '3', '0', '20150914112523', '20150914112523'), ('1456', '科尔沁左翼后旗', '99', '0', '3', '0', '20150914112523', '20150914112523'), ('1457', '霍林郭勒市', '99', '0', '3', '0', '20150914112523', '20150914112523'), ('1458', '东胜区', '100', '0', '3', '0', '20150914112523', '20150914112523'), ('1459', '乌审旗', '100', '0', '3', '0', '20150914112523', '20150914112523'), ('1460', '伊金霍洛旗', '100', '0', '3', '0', '20150914112523', '20150914112523'), ('1461', '准格尔旗', '100', '0', '3', '0', '20150914112523', '20150914112523'), ('1462', '杭锦旗', '100', '0', '3', '0', '20150914112523', '20150914112523'), ('1463', '达拉特旗', '100', '0', '3', '0', '20150914112523', '20150914112523'), ('1464', '鄂东胜区', '100', '0', '3', '0', '20150914112523', '20150914112523'), ('1465', '鄂托克前旗', '100', '0', '3', '0', '20150914112523', '20150914112523'), ('1466', '鄂托克旗', '100', '0', '3', '0', '20150914112523', '20150914112523'), ('1467', '扎兰屯市', '101', '0', '3', '0', '20150914112523', '20150914112523'), ('1468', '新巴尔虎右旗', '101', '0', '3', '0', '20150914112523', '20150914112523'), ('1469', '新巴尔虎左旗', '101', '0', '3', '0', '20150914112523', '20150914112523'), ('1470', '根河市', '101', '0', '3', '0', '20150914112523', '20150914112523'), ('1471', '海拉尔区', '101', '0', '3', '0', '20150914112523', '20150914112523'), ('1472', '满洲里市', '101', '0', '3', '0', '20150914112523', '20150914112523'), ('1473', '牙克石市', '101', '0', '3', '0', '20150914112523', '20150914112523'), ('1474', '莫力达瓦达斡尔族自治旗', '101', '0', '3', '0', '20150914112523', '20150914112523'), ('1475', '鄂伦春自治旗', '101', '0', '3', '0', '20150914112523', '20150914112523'), ('1476', '鄂温克族自治旗', '101', '0', '3', '0', '20150914112523', '20150914112523'), ('1477', '阿荣旗', '101', '0', '3', '0', '20150914112523', '20150914112523'), ('1478', '陈巴尔虎旗', '101', '0', '3', '0', '20150914112523', '20150914112523'), ('1479', '额尔古纳市', '101', '0', '3', '0', '20150914112523', '20150914112523'), ('1480', '临河区', '102', '0', '3', '0', '20150914112523', '20150914112523'), ('1481', '乌拉特中旗', '102', '0', '3', '0', '20150914112523', '20150914112523'), ('1482', '乌拉特前旗', '102', '0', '3', '0', '20150914112523', '20150914112523'), ('1483', '乌拉特后旗', '102', '0', '3', '0', '20150914112523', '20150914112523'), ('1484', '五原县', '102', '0', '3', '0', '20150914112523', '20150914112523'), ('1485', '杭锦后旗', '102', '0', '3', '0', '20150914112523', '20150914112523'), ('1486', '磴口县', '102', '0', '3', '0', '20150914112523', '20150914112523'), ('1487', '丰镇市', '103', '0', '3', '0', '20150914112523', '20150914112523'), ('1488', '兴和县', '103', '0', '3', '0', '20150914112523', '20150914112523'), ('1489', '凉城县', '103', '0', '3', '0', '20150914112523', '20150914112523'), ('1490', '化德县', '103', '0', '3', '0', '20150914112523', '20150914112523'), ('1491', '卓资县', '103', '0', '3', '0', '20150914112523', '20150914112523'), ('1492', '商都县', '103', '0', '3', '0', '20150914112523', '20150914112523'), ('1493', '四子王旗', '103', '0', '3', '0', '20150914112523', '20150914112523'), ('1494', '察哈尔右翼中旗', '103', '0', '3', '0', '20150914112523', '20150914112523'), ('1495', '察哈尔右翼前旗', '103', '0', '3', '0', '20150914112523', '20150914112523'), ('1496', '察哈尔右翼后旗', '103', '0', '3', '0', '20150914112523', '20150914112523'), ('1497', '集宁区', '103', '0', '3', '0', '20150914112523', '20150914112523'), ('1498', '乌兰浩特市', '104', '0', '3', '0', '20150914112523', '20150914112523'), ('1499', '扎赉特旗', '104', '0', '3', '0', '20150914112523', '20150914112523'), ('1500', '科尔沁右翼中旗', '104', '0', '3', '0', '20150914112523', '20150914112523'), ('1501', '科尔沁右翼前旗', '104', '0', '3', '0', '20150914112523', '20150914112523'), ('1502', '突泉县', '104', '0', '3', '0', '20150914112523', '20150914112523'), ('1503', '阿尔山市', '104', '0', '3', '0', '20150914112523', '20150914112523'), ('1504', '东乌珠穆沁旗', '105', '0', '3', '0', '20150914112523', '20150914112523'), ('1505', '二连浩特市', '105', '0', '3', '0', '20150914112523', '20150914112523'), ('1506', '多伦县', '105', '0', '3', '0', '20150914112523', '20150914112523'), ('1507', '太仆寺旗', '105', '0', '3', '0', '20150914112523', '20150914112523'), ('1508', '正蓝旗', '105', '0', '3', '0', '20150914112523', '20150914112523'), ('1509', '正镶白旗', '105', '0', '3', '0', '20150914112523', '20150914112523'), ('1510', '苏尼特右旗', '105', '0', '3', '0', '20150914112523', '20150914112523'), ('1511', '苏尼特左旗', '105', '0', '3', '0', '20150914112523', '20150914112523'), ('1512', '西乌珠穆沁旗', '105', '0', '3', '0', '20150914112523', '20150914112523'), ('1513', '锡林浩特市', '105', '0', '3', '0', '20150914112523', '20150914112523'), ('1514', '镶黄旗', '105', '0', '3', '0', '20150914112523', '20150914112523'), ('1515', '阿巴嘎旗', '105', '0', '3', '0', '20150914112523', '20150914112523'), ('1516', '阿拉善右旗', '106', '0', '3', '0', '20150914112523', '20150914112523'), ('1517', '阿拉善左旗', '106', '0', '3', '0', '20150914112523', '20150914112523'), ('1518', '额济纳旗', '106', '0', '3', '0', '20150914112523', '20150914112523'), ('1519', '东陵区', '107', '0', '3', '0', '20150914112523', '20150914112523'), ('1520', '于洪区', '107', '0', '3', '0', '20150914112523', '20150914112523'), ('1521', '和平区', '107', '0', '3', '0', '20150914112523', '20150914112523'), ('1522', '大东区', '107', '0', '3', '0', '20150914112523', '20150914112523'), ('1523', '康平县', '107', '0', '3', '0', '20150914112523', '20150914112523'), ('1524', '新民市', '107', '0', '3', '0', '20150914112523', '20150914112523'), ('1525', '沈北新区', '107', '0', '3', '0', '20150914112523', '20150914112523'), ('1526', '沈河区', '107', '0', '3', '0', '20150914112523', '20150914112523'), ('1527', '法库县', '107', '0', '3', '0', '20150914112523', '20150914112523'), ('1528', '皇姑区', '107', '0', '3', '0', '20150914112523', '20150914112523'), ('1529', '苏家屯区', '107', '0', '3', '0', '20150914112523', '20150914112523'), ('1530', '辽中县', '107', '0', '3', '0', '20150914112523', '20150914112523'), ('1531', '铁西区', '107', '0', '3', '0', '20150914112523', '20150914112523'), ('1532', '中山区', '108', '0', '3', '0', '20150914112523', '20150914112523'), ('1533', '庄河市', '108', '0', '3', '0', '20150914112523', '20150914112523'), ('1534', '旅顺口区', '108', '0', '3', '0', '20150914112523', '20150914112523'), ('1535', '普兰店市', '108', '0', '3', '0', '20150914112523', '20150914112523'), ('1536', '沙河口区', '108', '0', '3', '0', '20150914112523', '20150914112523'), ('1537', '瓦房店市', '108', '0', '3', '0', '20150914112523', '20150914112523'), ('1538', '甘井子区', '108', '0', '3', '0', '20150914112523', '20150914112523'), ('1539', '西岗区', '108', '0', '3', '0', '20150914112523', '20150914112523'), ('1540', '金州区', '108', '0', '3', '0', '20150914112523', '20150914112523'), ('1541', '长海县', '108', '0', '3', '0', '20150914112523', '20150914112523'), ('1542', '千山区', '109', '0', '3', '0', '20150914112523', '20150914112523'), ('1543', '台安县', '109', '0', '3', '0', '20150914112523', '20150914112523'), ('1544', '岫岩满族自治县', '109', '0', '3', '0', '20150914112523', '20150914112523'), ('1545', '海城市', '109', '0', '3', '0', '20150914112523', '20150914112523'), ('1546', '立山区', '109', '0', '3', '0', '20150914112523', '20150914112523'), ('1547', '铁东区', '109', '0', '3', '0', '20150914112523', '20150914112523'), ('1548', '铁西区', '109', '0', '3', '0', '20150914112523', '20150914112523'), ('1549', '东洲区', '110', '0', '3', '0', '20150914112523', '20150914112523'), ('1550', '抚顺县', '110', '0', '3', '0', '20150914112523', '20150914112523'), ('1551', '新宾满族自治县', '110', '0', '3', '0', '20150914112523', '20150914112523'), ('1552', '新抚区', '110', '0', '3', '0', '20150914112523', '20150914112523'), ('1553', '望花区', '110', '0', '3', '0', '20150914112523', '20150914112523'), ('1554', '清原满族自治县', '110', '0', '3', '0', '20150914112523', '20150914112523'), ('1555', '顺城区', '110', '0', '3', '0', '20150914112523', '20150914112523'), ('1556', '南芬区', '111', '0', '3', '0', '20150914112523', '20150914112523'), ('1557', '平山区', '111', '0', '3', '0', '20150914112523', '20150914112523'), ('1558', '明山区', '111', '0', '3', '0', '20150914112523', '20150914112523'), ('1559', '本溪满族自治县', '111', '0', '3', '0', '20150914112523', '20150914112523'), ('1560', '桓仁满族自治县', '111', '0', '3', '0', '20150914112523', '20150914112523'), ('1561', '溪湖区', '111', '0', '3', '0', '20150914112523', '20150914112523'), ('1562', '东港市', '112', '0', '3', '0', '20150914112523', '20150914112523'), ('1563', '元宝区', '112', '0', '3', '0', '20150914112523', '20150914112523'), ('1564', '凤城市', '112', '0', '3', '0', '20150914112523', '20150914112523'), ('1565', '宽甸满族自治县', '112', '0', '3', '0', '20150914112523', '20150914112523'), ('1566', '振兴区', '112', '0', '3', '0', '20150914112523', '20150914112523'), ('1567', '振安区', '112', '0', '3', '0', '20150914112523', '20150914112523'), ('1568', '义县', '113', '0', '3', '0', '20150914112523', '20150914112523'), ('1569', '凌河区', '113', '0', '3', '0', '20150914112523', '20150914112523'), ('1570', '凌海市', '113', '0', '3', '0', '20150914112523', '20150914112523'), ('1571', '北镇市', '113', '0', '3', '0', '20150914112523', '20150914112523'), ('1572', '古塔区', '113', '0', '3', '0', '20150914112523', '20150914112523'), ('1573', '太和区', '113', '0', '3', '0', '20150914112523', '20150914112523'), ('1574', '黑山县', '113', '0', '3', '0', '20150914112523', '20150914112523'), ('1575', '大石桥市', '114', '0', '3', '0', '20150914112523', '20150914112523'), ('1576', '盖州市', '114', '0', '3', '0', '20150914112523', '20150914112523'), ('1577', '站前区', '114', '0', '3', '0', '20150914112523', '20150914112523'), ('1578', '老边区', '114', '0', '3', '0', '20150914112523', '20150914112523'), ('1579', '西市区', '114', '0', '3', '0', '20150914112523', '20150914112523'), ('1580', '鲅鱼圈区', '114', '0', '3', '0', '20150914112523', '20150914112523'), ('1581', '太平区', '115', '0', '3', '0', '20150914112523', '20150914112523'), ('1582', '彰武县', '115', '0', '3', '0', '20150914112523', '20150914112523'), ('1583', '新邱区', '115', '0', '3', '0', '20150914112523', '20150914112523'), ('1584', '海州区', '115', '0', '3', '0', '20150914112523', '20150914112523'), ('1585', '清河门区', '115', '0', '3', '0', '20150914112523', '20150914112523'), ('1586', '细河区', '115', '0', '3', '0', '20150914112523', '20150914112523'), ('1587', '蒙古族自治县', '115', '0', '3', '0', '20150914112523', '20150914112523'), ('1588', '太子河区', '116', '0', '3', '0', '20150914112523', '20150914112523'), ('1589', '宏伟区', '116', '0', '3', '0', '20150914112523', '20150914112523'), ('1590', '弓长岭区', '116', '0', '3', '0', '20150914112523', '20150914112523'), ('1591', '文圣区', '116', '0', '3', '0', '20150914112523', '20150914112523'), ('1592', '灯塔市', '116', '0', '3', '0', '20150914112523', '20150914112523'), ('1593', '白塔区', '116', '0', '3', '0', '20150914112523', '20150914112523'), ('1594', '辽阳县', '116', '0', '3', '0', '20150914112523', '20150914112523'), ('1595', '兴隆台区', '117', '0', '3', '0', '20150914112523', '20150914112523'), ('1596', '双台子区', '117', '0', '3', '0', '20150914112523', '20150914112523'), ('1597', '大洼县', '117', '0', '3', '0', '20150914112523', '20150914112523'), ('1598', '盘山县', '117', '0', '3', '0', '20150914112523', '20150914112523'), ('1599', '开原市', '118', '0', '3', '0', '20150914112523', '20150914112523'), ('1600', '昌图县', '118', '0', '3', '0', '20150914112523', '20150914112523'), ('1601', '清河区', '118', '0', '3', '0', '20150914112523', '20150914112523'), ('1602', '西丰县', '118', '0', '3', '0', '20150914112523', '20150914112523'), ('1603', '调兵山市', '118', '0', '3', '0', '20150914112523', '20150914112523'), ('1604', '铁岭县', '118', '0', '3', '0', '20150914112523', '20150914112523'), ('1605', '银州区', '118', '0', '3', '0', '20150914112523', '20150914112523'), ('1606', '凌源市', '119', '0', '3', '0', '20150914112523', '20150914112523'), ('1607', '北票市', '119', '0', '3', '0', '20150914112523', '20150914112523'), ('1608', '双塔区', '119', '0', '3', '0', '20150914112523', '20150914112523'), ('1609', '喀喇沁左翼蒙古族自治县', '119', '0', '3', '0', '20150914112523', '20150914112523'), ('1610', '建平县', '119', '0', '3', '0', '20150914112523', '20150914112523'), ('1611', '朝阳县', '119', '0', '3', '0', '20150914112523', '20150914112523'), ('1612', '龙城区', '119', '0', '3', '0', '20150914112523', '20150914112523'), ('1613', '兴城市', '120', '0', '3', '0', '20150914112523', '20150914112523'), ('1614', '南票区', '120', '0', '3', '0', '20150914112523', '20150914112523'), ('1615', '建昌县', '120', '0', '3', '0', '20150914112523', '20150914112523'), ('1616', '绥中县', '120', '0', '3', '0', '20150914112523', '20150914112523'), ('1617', '连山区', '120', '0', '3', '0', '20150914112523', '20150914112523'), ('1618', '龙港区', '120', '0', '3', '0', '20150914112523', '20150914112523'), ('1619', '九台市', '121', '0', '3', '0', '20150914112523', '20150914112523'), ('1620', '二道区', '121', '0', '3', '0', '20150914112523', '20150914112523'), ('1621', '农安县', '121', '0', '3', '0', '20150914112523', '20150914112523'), ('1622', '南关区', '121', '0', '3', '0', '20150914112523', '20150914112523'), ('1623', '双阳区', '121', '0', '3', '0', '20150914112523', '20150914112523'), ('1624', '宽城区', '121', '0', '3', '0', '20150914112523', '20150914112523'), ('1625', '德惠市', '121', '0', '3', '0', '20150914112523', '20150914112523'), ('1626', '朝阳区', '121', '0', '3', '0', '20150914112523', '20150914112523'), ('1627', '榆树市', '121', '0', '3', '0', '20150914112523', '20150914112523'), ('1628', '绿园区', '121', '0', '3', '0', '20150914112523', '20150914112523'), ('1629', '丰满区', '122', '0', '3', '0', '20150914112523', '20150914112523'), ('1630', '昌邑区', '122', '0', '3', '0', '20150914112523', '20150914112523'), ('1631', '桦甸市', '122', '0', '3', '0', '20150914112523', '20150914112523'), ('1632', '永吉县', '122', '0', '3', '0', '20150914112523', '20150914112523'), ('1633', '磐石市', '122', '0', '3', '0', '20150914112523', '20150914112523'), ('1634', '舒兰市', '122', '0', '3', '0', '20150914112523', '20150914112523'), ('1635', '船营区', '122', '0', '3', '0', '20150914112523', '20150914112523'), ('1636', '蛟河市', '122', '0', '3', '0', '20150914112523', '20150914112523'), ('1637', '龙潭区', '122', '0', '3', '0', '20150914112523', '20150914112523'), ('1638', '伊通满族自治县', '123', '0', '3', '0', '20150914112523', '20150914112523'), ('1639', '公主岭市', '123', '0', '3', '0', '20150914112523', '20150914112523'), ('1640', '双辽市', '123', '0', '3', '0', '20150914112523', '20150914112523'), ('1641', '梨树县', '123', '0', '3', '0', '20150914112523', '20150914112523'), ('1642', '铁东区', '123', '0', '3', '0', '20150914112523', '20150914112523'), ('1643', '铁西区', '123', '0', '3', '0', '20150914112523', '20150914112523'), ('1644', '东丰县', '124', '0', '3', '0', '20150914112523', '20150914112523'), ('1645', '东辽县', '124', '0', '3', '0', '20150914112523', '20150914112523'), ('1646', '西安区', '124', '0', '3', '0', '20150914112523', '20150914112523'), ('1647', '龙山区', '124', '0', '3', '0', '20150914112523', '20150914112523'), ('1648', '东昌区', '125', '0', '3', '0', '20150914112523', '20150914112523'), ('1649', '二道江区', '125', '0', '3', '0', '20150914112523', '20150914112523'), ('1650', '柳河县', '125', '0', '3', '0', '20150914112523', '20150914112523'), ('1651', '梅河口市', '125', '0', '3', '0', '20150914112523', '20150914112523'), ('1652', '辉南县', '125', '0', '3', '0', '20150914112523', '20150914112523'), ('1653', '通化县', '125', '0', '3', '0', '20150914112523', '20150914112523'), ('1654', '集安市', '125', '0', '3', '0', '20150914112523', '20150914112523'), ('1655', '临江市', '126', '0', '3', '0', '20150914112523', '20150914112523'), ('1656', '八道江区', '126', '0', '3', '0', '20150914112523', '20150914112523'), ('1657', '抚松县', '126', '0', '3', '0', '20150914112523', '20150914112523'), ('1658', '江源区', '126', '0', '3', '0', '20150914112523', '20150914112523'), ('1659', '长白朝鲜族自治县', '126', '0', '3', '0', '20150914112523', '20150914112523'), ('1660', '靖宇县', '126', '0', '3', '0', '20150914112523', '20150914112523'), ('1661', '干安县', '127', '0', '3', '0', '20150914112523', '20150914112523'), ('1662', '前郭尔罗斯蒙古族自治县', '127', '0', '3', '0', '20150914112523', '20150914112523'), ('1663', '宁江区', '127', '0', '3', '0', '20150914112523', '20150914112523'), ('1664', '扶余县', '127', '0', '3', '0', '20150914112523', '20150914112523'), ('1665', '长岭县', '127', '0', '3', '0', '20150914112523', '20150914112523'), ('1666', '大安市', '128', '0', '3', '0', '20150914112523', '20150914112523'), ('1667', '洮北区', '128', '0', '3', '0', '20150914112523', '20150914112523'), ('1668', '洮南市', '128', '0', '3', '0', '20150914112523', '20150914112523'), ('1669', '通榆县', '128', '0', '3', '0', '20150914112523', '20150914112523'), ('1670', '镇赉县', '128', '0', '3', '0', '20150914112523', '20150914112523'), ('1671', '和龙市', '129', '0', '3', '0', '20150914112523', '20150914112523'), ('1672', '图们市', '129', '0', '3', '0', '20150914112523', '20150914112523'), ('1673', '安图县', '129', '0', '3', '0', '20150914112523', '20150914112523'), ('1674', '延吉市', '129', '0', '3', '0', '20150914112523', '20150914112523'), ('1675', '敦化市', '129', '0', '3', '0', '20150914112523', '20150914112523'), ('1676', '汪清县', '129', '0', '3', '0', '20150914112523', '20150914112523'), ('1677', '珲春市', '129', '0', '3', '0', '20150914112523', '20150914112523'), ('1678', '龙井市', '129', '0', '3', '0', '20150914112523', '20150914112523'), ('1679', '五常市', '130', '0', '3', '0', '20150914112523', '20150914112523'), ('1680', '依兰县', '130', '0', '3', '0', '20150914112523', '20150914112523'), ('1681', '南岗区', '130', '0', '3', '0', '20150914112523', '20150914112523'), ('1682', '双城市', '130', '0', '3', '0', '20150914112523', '20150914112523'), ('1683', '呼兰区', '130', '0', '3', '0', '20150914112523', '20150914112523'), ('1684', '哈尔滨市道里区', '130', '0', '3', '0', '20150914112523', '20150914112523'), ('1685', '宾县', '130', '0', '3', '0', '20150914112523', '20150914112523'), ('1686', '尚志市', '130', '0', '3', '0', '20150914112523', '20150914112523'), ('1687', '巴彦县', '130', '0', '3', '0', '20150914112523', '20150914112523'), ('1688', '平房区', '130', '0', '3', '0', '20150914112523', '20150914112523'), ('1689', '延寿县', '130', '0', '3', '0', '20150914112523', '20150914112523'), ('1690', '方正县', '130', '0', '3', '0', '20150914112523', '20150914112523'), ('1691', '木兰县', '130', '0', '3', '0', '20150914112523', '20150914112523'), ('1692', '松北区', '130', '0', '3', '0', '20150914112523', '20150914112523'), ('1693', '通河县', '130', '0', '3', '0', '20150914112523', '20150914112523'), ('1694', '道外区', '130', '0', '3', '0', '20150914112523', '20150914112523'), ('1695', '阿城区', '130', '0', '3', '0', '20150914112523', '20150914112523'), ('1696', '香坊区', '130', '0', '3', '0', '20150914112523', '20150914112523'), ('1697', '依安县', '131', '0', '3', '0', '20150914112523', '20150914112523'), ('1698', '克东县', '131', '0', '3', '0', '20150914112523', '20150914112523'), ('1699', '克山县', '131', '0', '3', '0', '20150914112523', '20150914112523'), ('1700', '富拉尔基区', '131', '0', '3', '0', '20150914112523', '20150914112523'), ('1701', '富裕县', '131', '0', '3', '0', '20150914112523', '20150914112523'), ('1702', '建华区', '131', '0', '3', '0', '20150914112523', '20150914112523'), ('1703', '拜泉县', '131', '0', '3', '0', '20150914112523', '20150914112523'), ('1704', '昂昂溪区', '131', '0', '3', '0', '20150914112523', '20150914112523'), ('1705', '梅里斯达斡尔族区', '131', '0', '3', '0', '20150914112523', '20150914112523'), ('1706', '泰来县', '131', '0', '3', '0', '20150914112523', '20150914112523'), ('1707', '甘南县', '131', '0', '3', '0', '20150914112523', '20150914112523'), ('1708', '碾子山区', '131', '0', '3', '0', '20150914112523', '20150914112523'), ('1709', '讷河市', '131', '0', '3', '0', '20150914112523', '20150914112523'), ('1710', '铁锋区', '131', '0', '3', '0', '20150914112523', '20150914112523'), ('1711', '龙江县', '131', '0', '3', '0', '20150914112523', '20150914112523'), ('1712', '龙沙区', '131', '0', '3', '0', '20150914112523', '20150914112523'), ('1713', '城子河区', '132', '0', '3', '0', '20150914112523', '20150914112523'), ('1714', '密山市', '132', '0', '3', '0', '20150914112523', '20150914112523'), ('1715', '恒山区', '132', '0', '3', '0', '20150914112523', '20150914112523'), ('1716', '梨树区', '132', '0', '3', '0', '20150914112523', '20150914112523'), ('1717', '滴道区', '132', '0', '3', '0', '20150914112523', '20150914112523'), ('1718', '虎林市', '132', '0', '3', '0', '20150914112523', '20150914112523'), ('1719', '鸡东县', '132', '0', '3', '0', '20150914112523', '20150914112523'), ('1720', '鸡冠区', '132', '0', '3', '0', '20150914112523', '20150914112523'), ('1721', '麻山区', '132', '0', '3', '0', '20150914112523', '20150914112523'), ('1722', '东山区', '133', '0', '3', '0', '20150914112523', '20150914112523'), ('1723', '兴安区', '133', '0', '3', '0', '20150914112523', '20150914112523'), ('1724', '兴山区', '133', '0', '3', '0', '20150914112523', '20150914112523'), ('1725', '南山区', '133', '0', '3', '0', '20150914112523', '20150914112523'), ('1726', '向阳区', '133', '0', '3', '0', '20150914112523', '20150914112523'), ('1727', '工农区', '133', '0', '3', '0', '20150914112523', '20150914112523'), ('1728', '绥滨县', '133', '0', '3', '0', '20150914112523', '20150914112523'), ('1729', '萝北县', '133', '0', '3', '0', '20150914112523', '20150914112523'), ('1730', '友谊县', '134', '0', '3', '0', '20150914112523', '20150914112523'), ('1731', '四方台区', '134', '0', '3', '0', '20150914112523', '20150914112523'), ('1732', '宝山区', '134', '0', '3', '0', '20150914112523', '20150914112523'), ('1733', '宝清县', '134', '0', '3', '0', '20150914112523', '20150914112523'), ('1734', '尖山区', '134', '0', '3', '0', '20150914112523', '20150914112523'), ('1735', '岭东区', '134', '0', '3', '0', '20150914112523', '20150914112523'), ('1736', '集贤县', '134', '0', '3', '0', '20150914112523', '20150914112523'), ('1737', '饶河县', '134', '0', '3', '0', '20150914112523', '20150914112523'), ('1738', '大同区', '135', '0', '3', '0', '20150914112523', '20150914112523'), ('1739', '杜尔伯特蒙古族自治县', '135', '0', '3', '0', '20150914112523', '20150914112523'), ('1740', '林甸县', '135', '0', '3', '0', '20150914112523', '20150914112523'), ('1741', '红岗区', '135', '0', '3', '0', '20150914112523', '20150914112523'), ('1742', '肇州县', '135', '0', '3', '0', '20150914112523', '20150914112523'), ('1743', '肇源县', '135', '0', '3', '0', '20150914112523', '20150914112523'), ('1744', '胡路区', '135', '0', '3', '0', '20150914112523', '20150914112523'), ('1745', '萨尔图区', '135', '0', '3', '0', '20150914112523', '20150914112523'), ('1746', '龙凤区', '135', '0', '3', '0', '20150914112523', '20150914112523'), ('1747', '上甘岭区', '136', '0', '3', '0', '20150914112523', '20150914112523'), ('1748', '乌伊岭区', '136', '0', '3', '0', '20150914112523', '20150914112523'), ('1749', '乌马河区', '136', '0', '3', '0', '20150914112523', '20150914112523'), ('1750', '五营区', '136', '0', '3', '0', '20150914112523', '20150914112523'), ('1751', '伊春区', '136', '0', '3', '0', '20150914112523', '20150914112523'), ('1752', '南岔区', '136', '0', '3', '0', '20150914112523', '20150914112523'), ('1753', '友好区', '136', '0', '3', '0', '20150914112523', '20150914112523'), ('1754', '嘉荫县', '136', '0', '3', '0', '20150914112523', '20150914112523'), ('1755', '带岭区', '136', '0', '3', '0', '20150914112523', '20150914112523'), ('1756', '新青区', '136', '0', '3', '0', '20150914112523', '20150914112523'), ('1757', '汤旺河区', '136', '0', '3', '0', '20150914112523', '20150914112523'), ('1758', '红星区', '136', '0', '3', '0', '20150914112523', '20150914112523'), ('1759', '美溪区', '136', '0', '3', '0', '20150914112523', '20150914112523'), ('1760', '翠峦区', '136', '0', '3', '0', '20150914112523', '20150914112523'), ('1761', '西林区', '136', '0', '3', '0', '20150914112523', '20150914112523'), ('1762', '金山屯区', '136', '0', '3', '0', '20150914112523', '20150914112523'), ('1763', '铁力市', '136', '0', '3', '0', '20150914112523', '20150914112523'), ('1764', '东风区', '137', '0', '3', '0', '20150914112523', '20150914112523'), ('1765', '前进区', '137', '0', '3', '0', '20150914112523', '20150914112523'), ('1766', '同江市', '137', '0', '3', '0', '20150914112523', '20150914112523'), ('1767', '向阳区', '137', '0', '3', '0', '20150914112523', '20150914112523'), ('1768', '富锦市', '137', '0', '3', '0', '20150914112523', '20150914112523'), ('1769', '抚远县', '137', '0', '3', '0', '20150914112523', '20150914112523'), ('1770', '桦南县', '137', '0', '3', '0', '20150914112523', '20150914112523'), ('1771', '桦川县', '137', '0', '3', '0', '20150914112523', '20150914112523'), ('1772', '汤原县', '137', '0', '3', '0', '20150914112523', '20150914112523'), ('1773', '郊区', '137', '0', '3', '0', '20150914112523', '20150914112523'), ('1774', '勃利县', '138', '0', '3', '0', '20150914112523', '20150914112523'), ('1775', '新兴区', '138', '0', '3', '0', '20150914112523', '20150914112523'), ('1776', '桃山区', '138', '0', '3', '0', '20150914112523', '20150914112523'), ('1777', '茄子河区', '138', '0', '3', '0', '20150914112523', '20150914112523'), ('1778', '东宁县', '139', '0', '3', '0', '20150914112523', '20150914112523'), ('1779', '东安区', '139', '0', '3', '0', '20150914112523', '20150914112523'), ('1780', '宁安市', '139', '0', '3', '0', '20150914112523', '20150914112523'), ('1781', '林口县', '139', '0', '3', '0', '20150914112523', '20150914112523'), ('1782', '海林市', '139', '0', '3', '0', '20150914112523', '20150914112523'), ('1783', '爱民区', '139', '0', '3', '0', '20150914112523', '20150914112523'), ('1784', '穆棱市', '139', '0', '3', '0', '20150914112523', '20150914112523'), ('1785', '绥芬河市', '139', '0', '3', '0', '20150914112523', '20150914112523'), ('1786', '西安区', '139', '0', '3', '0', '20150914112523', '20150914112523'), ('1787', '阳明区', '139', '0', '3', '0', '20150914112523', '20150914112523'), ('1788', '五大连池市', '140', '0', '3', '0', '20150914112523', '20150914112523'), ('1789', '北安市', '140', '0', '3', '0', '20150914112523', '20150914112523'), ('1790', '嫩江县', '140', '0', '3', '0', '20150914112523', '20150914112523'), ('1791', '孙吴县', '140', '0', '3', '0', '20150914112523', '20150914112523'), ('1792', '爱辉区', '140', '0', '3', '0', '20150914112523', '20150914112523'), ('1793', '车逊克县', '140', '0', '3', '0', '20150914112523', '20150914112523'), ('1794', '逊克县', '140', '0', '3', '0', '20150914112523', '20150914112523'), ('1795', '兰西县', '141', '0', '3', '0', '20150914112523', '20150914112523'), ('1796', '安达市', '141', '0', '3', '0', '20150914112523', '20150914112523'), ('1797', '庆安县', '141', '0', '3', '0', '20150914112523', '20150914112523'), ('1798', '明水县', '141', '0', '3', '0', '20150914112523', '20150914112523'), ('1799', '望奎县', '141', '0', '3', '0', '20150914112523', '20150914112523'), ('1800', '海伦市', '141', '0', '3', '0', '20150914112523', '20150914112523'), ('1801', '绥化市北林区', '141', '0', '3', '0', '20150914112523', '20150914112523'), ('1802', '绥棱县', '141', '0', '3', '0', '20150914112523', '20150914112523'), ('1803', '肇东市', '141', '0', '3', '0', '20150914112523', '20150914112523'), ('1804', '青冈县', '141', '0', '3', '0', '20150914112523', '20150914112523'), ('1805', '呼玛县', '142', '0', '3', '0', '20150914112523', '20150914112523'), ('1806', '塔河县', '142', '0', '3', '0', '20150914112523', '20150914112523'), ('1807', '大兴安岭地区加格达奇区', '142', '0', '3', '0', '20150914112523', '20150914112523'), ('1808', '大兴安岭地区呼中区', '142', '0', '3', '0', '20150914112523', '20150914112523'), ('1809', '大兴安岭地区新林区', '142', '0', '3', '0', '20150914112523', '20150914112523'), ('1810', '大兴安岭地区松岭区', '142', '0', '3', '0', '20150914112523', '20150914112523'), ('1811', '漠河县', '142', '0', '3', '0', '20150914112523', '20150914112523'), ('2027', '下关区', '162', '0', '3', '0', '20150914112523', '20150914112523'), ('2028', '六合区', '162', '0', '3', '0', '20150914112523', '20150914112523'), ('2029', '建邺区', '162', '0', '3', '0', '20150914112523', '20150914112523'), ('2030', '栖霞区', '162', '0', '3', '0', '20150914112523', '20150914112523'), ('2031', '江宁区', '162', '0', '3', '0', '20150914112523', '20150914112523'), ('2032', '浦口区', '162', '0', '3', '0', '20150914112523', '20150914112523'), ('2033', '溧水县', '162', '0', '3', '0', '20150914112523', '20150914112523'), ('2034', '玄武区', '162', '0', '3', '0', '20150914112523', '20150914112523'), ('2035', '白下区', '162', '0', '3', '0', '20150914112523', '20150914112523'), ('2036', '秦淮区', '162', '0', '3', '0', '20150914112523', '20150914112523'), ('2037', '雨花台区', '162', '0', '3', '0', '20150914112523', '20150914112523'), ('2038', '高淳县', '162', '0', '3', '0', '20150914112523', '20150914112523'), ('2039', '鼓楼区', '162', '0', '3', '0', '20150914112523', '20150914112523'), ('2040', '北塘区', '163', '0', '3', '0', '20150914112523', '20150914112523'), ('2041', '南长区', '163', '0', '3', '0', '20150914112523', '20150914112523'), ('2042', '宜兴市', '163', '0', '3', '0', '20150914112523', '20150914112523'), ('2043', '崇安区', '163', '0', '3', '0', '20150914112523', '20150914112523'), ('2044', '惠山区', '163', '0', '3', '0', '20150914112523', '20150914112523'), ('2045', '江阴市', '163', '0', '3', '0', '20150914112523', '20150914112523'), ('2046', '滨湖区', '163', '0', '3', '0', '20150914112523', '20150914112523'), ('2047', '锡山区', '163', '0', '3', '0', '20150914112523', '20150914112523'), ('2048', '丰县', '164', '0', '3', '0', '20150914112523', '20150914112523'), ('2049', '九里区', '164', '0', '3', '0', '20150914112523', '20150914112523'), ('2050', '云龙区', '164', '0', '3', '0', '20150914112523', '20150914112523'), ('2051', '新沂市', '164', '0', '3', '0', '20150914112523', '20150914112523'), ('2052', '沛县', '164', '0', '3', '0', '20150914112523', '20150914112523'), ('2053', '泉山区', '164', '0', '3', '0', '20150914112523', '20150914112523'), ('2054', '睢宁县', '164', '0', '3', '0', '20150914112523', '20150914112523'), ('2055', '贾汪区', '164', '0', '3', '0', '20150914112523', '20150914112523'), ('2056', '邳州市', '164', '0', '3', '0', '20150914112523', '20150914112523'), ('2057', '铜山县', '164', '0', '3', '0', '20150914112523', '20150914112523'), ('2058', '鼓楼区', '164', '0', '3', '0', '20150914112523', '20150914112523'), ('2059', '天宁区', '165', '0', '3', '0', '20150914112523', '20150914112523'), ('2060', '戚墅堰区', '165', '0', '3', '0', '20150914112523', '20150914112523'), ('2061', '新北区', '165', '0', '3', '0', '20150914112523', '20150914112523'), ('2062', '武进区', '165', '0', '3', '0', '20150914112523', '20150914112523'), ('2063', '溧阳市', '165', '0', '3', '0', '20150914112523', '20150914112523'), ('2064', '金坛市', '165', '0', '3', '0', '20150914112523', '20150914112523'), ('2065', '钟楼区', '165', '0', '3', '0', '20150914112523', '20150914112523'), ('2066', '吴中区', '166', '0', '3', '0', '20150914112523', '20150914112523'), ('2067', '吴江市', '166', '0', '3', '0', '20150914112523', '20150914112523'), ('2068', '太仓市', '166', '0', '3', '0', '20150914112523', '20150914112523'), ('2069', '常熟市', '166', '0', '3', '0', '20150914112523', '20150914112523'), ('2070', '平江区', '166', '0', '3', '0', '20150914112523', '20150914112523'), ('2071', '张家港市', '166', '0', '3', '0', '20150914112523', '20150914112523'), ('2072', '昆山市', '166', '0', '3', '0', '20150914112523', '20150914112523'), ('2073', '沧浪区', '166', '0', '3', '0', '20150914112523', '20150914112523'), ('2074', '相城区', '166', '0', '3', '0', '20150914112523', '20150914112523'), ('2075', '苏州工业园区', '166', '0', '3', '0', '20150914112523', '20150914112523'), ('2076', '虎丘区', '166', '0', '3', '0', '20150914112523', '20150914112523'), ('2077', '金阊区', '166', '0', '3', '0', '20150914112523', '20150914112523'), ('2078', '启东市', '167', '0', '3', '0', '20150914112523', '20150914112523'), ('2079', '如东县', '167', '0', '3', '0', '20150914112523', '20150914112523'), ('2080', '如皋市', '167', '0', '3', '0', '20150914112523', '20150914112523'), ('2081', '崇川区', '167', '0', '3', '0', '20150914112523', '20150914112523'), ('2082', '海安县', '167', '0', '3', '0', '20150914112523', '20150914112523'), ('2083', '海门市', '167', '0', '3', '0', '20150914112523', '20150914112523'), ('2084', '港闸区', '167', '0', '3', '0', '20150914112523', '20150914112523'), ('2085', '通州市', '167', '0', '3', '0', '20150914112523', '20150914112523'), ('2086', '东海县', '168', '0', '3', '0', '20150914112523', '20150914112523'), ('2087', '新浦区', '168', '0', '3', '0', '20150914112523', '20150914112523'), ('2088', '海州区', '168', '0', '3', '0', '20150914112523', '20150914112523'), ('2089', '灌云县', '168', '0', '3', '0', '20150914112523', '20150914112523'), ('2090', '灌南县', '168', '0', '3', '0', '20150914112523', '20150914112523'), ('2091', '赣榆县', '168', '0', '3', '0', '20150914112523', '20150914112523'), ('2092', '连云区', '168', '0', '3', '0', '20150914112523', '20150914112523'), ('2093', '楚州区', '169', '0', '3', '0', '20150914112523', '20150914112523'), ('2094', '洪泽县', '169', '0', '3', '0', '20150914112523', '20150914112523'), ('2095', '涟水县', '169', '0', '3', '0', '20150914112523', '20150914112523'), ('2096', '淮阴区', '169', '0', '3', '0', '20150914112523', '20150914112523'), ('2097', '清河区', '169', '0', '3', '0', '20150914112523', '20150914112523'), ('2098', '清浦区', '169', '0', '3', '0', '20150914112523', '20150914112523'), ('2099', '盱眙县', '169', '0', '3', '0', '20150914112523', '20150914112523'), ('2100', '金湖县', '169', '0', '3', '0', '20150914112523', '20150914112523'), ('2101', '东台市', '170', '0', '3', '0', '20150914112523', '20150914112523'), ('2102', '亭湖区', '170', '0', '3', '0', '20150914112523', '20150914112523'), ('2103', '响水县', '170', '0', '3', '0', '20150914112523', '20150914112523'), ('2104', '大丰市', '170', '0', '3', '0', '20150914112523', '20150914112523'), ('2105', '射阳县', '170', '0', '3', '0', '20150914112523', '20150914112523'), ('2106', '建湖县', '170', '0', '3', '0', '20150914112523', '20150914112523'), ('2107', '滨海县', '170', '0', '3', '0', '20150914112523', '20150914112523'), ('2108', '盐都区', '170', '0', '3', '0', '20150914112523', '20150914112523'), ('2109', '阜宁县', '170', '0', '3', '0', '20150914112523', '20150914112523'), ('2110', '仪征市', '171', '0', '3', '0', '20150914112523', '20150914112523'), ('2111', '宝应县', '171', '0', '3', '0', '20150914112523', '20150914112523'), ('2112', '广陵区', '171', '0', '3', '0', '20150914112523', '20150914112523'), ('2113', '江都市', '171', '0', '3', '0', '20150914112523', '20150914112523'), ('2114', '维扬区', '171', '0', '3', '0', '20150914112523', '20150914112523'), ('2115', '邗江区', '171', '0', '3', '0', '20150914112523', '20150914112523'), ('2116', '高邮市', '171', '0', '3', '0', '20150914112523', '20150914112523'), ('2117', '丹徒区', '172', '0', '3', '0', '20150914112523', '20150914112523'), ('2118', '丹阳市', '172', '0', '3', '0', '20150914112523', '20150914112523'), ('2119', '京口区', '172', '0', '3', '0', '20150914112523', '20150914112523'), ('2120', '句容市', '172', '0', '3', '0', '20150914112523', '20150914112523'), ('2121', '扬中市', '172', '0', '3', '0', '20150914112523', '20150914112523'), ('2122', '润州区', '172', '0', '3', '0', '20150914112523', '20150914112523'), ('2123', '兴化市', '173', '0', '3', '0', '20150914112523', '20150914112523'), ('2124', '姜堰市', '173', '0', '3', '0', '20150914112523', '20150914112523'), ('2125', '泰兴市', '173', '0', '3', '0', '20150914112523', '20150914112523'), ('2126', '海陵区', '173', '0', '3', '0', '20150914112523', '20150914112523'), ('2127', '靖江市', '173', '0', '3', '0', '20150914112523', '20150914112523'), ('2128', '高港区', '173', '0', '3', '0', '20150914112523', '20150914112523'), ('2129', '宿城区', '174', '0', '3', '0', '20150914112523', '20150914112523'), ('2130', '宿豫区', '174', '0', '3', '0', '20150914112523', '20150914112523'), ('2131', '沭阳县', '174', '0', '3', '0', '20150914112523', '20150914112523'), ('2132', '泗洪县', '174', '0', '3', '0', '20150914112523', '20150914112523'), ('2133', '泗阳县', '174', '0', '3', '0', '20150914112523', '20150914112523'), ('2134', '上城区', '175', '0', '3', '0', '20150914112523', '20150914112523'), ('2135', '下城区', '175', '0', '3', '0', '20150914112523', '20150914112523'), ('2136', '临安市', '175', '0', '3', '0', '20150914112523', '20150914112523'), ('2137', '余杭区', '175', '0', '3', '0', '20150914112523', '20150914112523'), ('2138', '富阳市', '175', '0', '3', '0', '20150914112523', '20150914112523'), ('2139', '建德市', '175', '0', '3', '0', '20150914112523', '20150914112523'), ('2140', '拱墅区', '175', '0', '3', '0', '20150914112523', '20150914112523'), ('2141', '桐庐县', '175', '0', '3', '0', '20150914112523', '20150914112523'), ('2142', '江干区', '175', '0', '3', '0', '20150914112523', '20150914112523'), ('2143', '淳安县', '175', '0', '3', '0', '20150914112523', '20150914112523'), ('2144', '滨江区', '175', '0', '3', '0', '20150914112523', '20150914112523'), ('2145', '萧山区', '175', '0', '3', '0', '20150914112523', '20150914112523'), ('2146', '西湖区', '175', '0', '3', '0', '20150914112523', '20150914112523'), ('2147', '余姚市', '176', '0', '3', '0', '20150914112523', '20150914112523'), ('2148', '北仑区', '176', '0', '3', '0', '20150914112523', '20150914112523'), ('2149', '奉化市', '176', '0', '3', '0', '20150914112523', '20150914112523'), ('2150', '宁海县', '176', '0', '3', '0', '20150914112523', '20150914112523'), ('2151', '慈溪市', '176', '0', '3', '0', '20150914112523', '20150914112523'), ('2152', '江东区', '176', '0', '3', '0', '20150914112523', '20150914112523'), ('2153', '江北区', '176', '0', '3', '0', '20150914112523', '20150914112523'), ('2154', '海曙区', '176', '0', '3', '0', '20150914112523', '20150914112523'), ('2155', '象山县', '176', '0', '3', '0', '20150914112523', '20150914112523'), ('2156', '鄞州区', '176', '0', '3', '0', '20150914112523', '20150914112523'), ('2157', '镇海区', '176', '0', '3', '0', '20150914112523', '20150914112523'), ('2158', '乐清市', '177', '0', '3', '0', '20150914112523', '20150914112523'), ('2159', '平阳县', '177', '0', '3', '0', '20150914112523', '20150914112523'), ('2160', '文成县', '177', '0', '3', '0', '20150914112523', '20150914112523'), ('2161', '永嘉县', '177', '0', '3', '0', '20150914112523', '20150914112523'), ('2162', '泰顺县', '177', '0', '3', '0', '20150914112523', '20150914112523'), ('2163', '洞头县', '177', '0', '3', '0', '20150914112523', '20150914112523'), ('2164', '瑞安市', '177', '0', '3', '0', '20150914112523', '20150914112523'), ('2165', '瓯海区', '177', '0', '3', '0', '20150914112523', '20150914112523'), ('2166', '苍南县', '177', '0', '3', '0', '20150914112523', '20150914112523'), ('2167', '鹿城区', '177', '0', '3', '0', '20150914112523', '20150914112523'), ('2168', '龙湾区', '177', '0', '3', '0', '20150914112523', '20150914112523'), ('2169', '南湖区', '178', '0', '3', '0', '20150914112523', '20150914112523'), ('2170', '嘉善县', '178', '0', '3', '0', '20150914112523', '20150914112523'), ('2171', '平湖市', '178', '0', '3', '0', '20150914112523', '20150914112523'), ('2172', '桐乡市', '178', '0', '3', '0', '20150914112523', '20150914112523'), ('2173', '海宁市', '178', '0', '3', '0', '20150914112523', '20150914112523'), ('2174', '海盐县', '178', '0', '3', '0', '20150914112523', '20150914112523'), ('2175', '秀洲区', '178', '0', '3', '0', '20150914112523', '20150914112523'), ('2176', '南浔区', '179', '0', '3', '0', '20150914112523', '20150914112523'), ('2177', '吴兴区', '179', '0', '3', '0', '20150914112523', '20150914112523'), ('2178', '安吉县', '179', '0', '3', '0', '20150914112523', '20150914112523'), ('2179', '德清县', '179', '0', '3', '0', '20150914112523', '20150914112523'), ('2180', '长兴县', '179', '0', '3', '0', '20150914112523', '20150914112523'), ('2181', '上虞市', '180', '0', '3', '0', '20150914112523', '20150914112523'), ('2182', '嵊州市', '180', '0', '3', '0', '20150914112523', '20150914112523'), ('2183', '新昌县', '180', '0', '3', '0', '20150914112523', '20150914112523'), ('2184', '绍兴县', '180', '0', '3', '0', '20150914112523', '20150914112523'), ('2185', '诸暨市', '180', '0', '3', '0', '20150914112523', '20150914112523'), ('2186', '越城区', '180', '0', '3', '0', '20150914112523', '20150914112523'), ('2187', '定海区', '181', '0', '3', '0', '20150914112523', '20150914112523'), ('2188', '岱山县', '181', '0', '3', '0', '20150914112523', '20150914112523'), ('2189', '嵊泗县', '181', '0', '3', '0', '20150914112523', '20150914112523'), ('2190', '普陀区', '181', '0', '3', '0', '20150914112523', '20150914112523'), ('2191', '常山县', '182', '0', '3', '0', '20150914112523', '20150914112523'), ('2192', '开化县', '182', '0', '3', '0', '20150914112523', '20150914112523'), ('2193', '柯城区', '182', '0', '3', '0', '20150914112523', '20150914112523'), ('2194', '江山市', '182', '0', '3', '0', '20150914112523', '20150914112523'), ('2195', '衢江区', '182', '0', '3', '0', '20150914112523', '20150914112523'), ('2196', '龙游县', '182', '0', '3', '0', '20150914112523', '20150914112523'), ('2197', '东阳市', '183', '0', '3', '0', '20150914112523', '20150914112523'), ('2198', '义乌市', '183', '0', '3', '0', '20150914112523', '20150914112523'), ('2199', '兰溪市', '183', '0', '3', '0', '20150914112523', '20150914112523'), ('2200', '婺城区', '183', '0', '3', '0', '20150914112523', '20150914112523'), ('2201', '武义县', '183', '0', '3', '0', '20150914112523', '20150914112523'), ('2202', '永康市', '183', '0', '3', '0', '20150914112523', '20150914112523'), ('2203', '浦江县', '183', '0', '3', '0', '20150914112523', '20150914112523'), ('2204', '磐安县', '183', '0', '3', '0', '20150914112523', '20150914112523'), ('2205', '金东区', '183', '0', '3', '0', '20150914112523', '20150914112523'), ('2206', '三门县', '184', '0', '3', '0', '20150914112523', '20150914112523'), ('2207', '临海市', '184', '0', '3', '0', '20150914112523', '20150914112523'), ('2208', '仙居县', '184', '0', '3', '0', '20150914112523', '20150914112523'), ('2209', '天台县', '184', '0', '3', '0', '20150914112523', '20150914112523'), ('2210', '椒江区', '184', '0', '3', '0', '20150914112523', '20150914112523'), ('2211', '温岭市', '184', '0', '3', '0', '20150914112523', '20150914112523'), ('2212', '玉环县', '184', '0', '3', '0', '20150914112523', '20150914112523'), ('2213', '路桥区', '184', '0', '3', '0', '20150914112523', '20150914112523'), ('2214', '黄岩区', '184', '0', '3', '0', '20150914112523', '20150914112523'), ('2215', '云和县', '185', '0', '3', '0', '20150914112523', '20150914112523'), ('2216', '庆元县', '185', '0', '3', '0', '20150914112523', '20150914112523'), ('2217', '景宁畲族自治县', '185', '0', '3', '0', '20150914112523', '20150914112523'), ('2218', '松阳县', '185', '0', '3', '0', '20150914112523', '20150914112523'), ('2219', '缙云县', '185', '0', '3', '0', '20150914112523', '20150914112523'), ('2220', '莲都区', '185', '0', '3', '0', '20150914112523', '20150914112523'), ('2221', '遂昌县', '185', '0', '3', '0', '20150914112523', '20150914112523'), ('2222', '青田县', '185', '0', '3', '0', '20150914112523', '20150914112523'), ('2223', '龙泉市', '185', '0', '3', '0', '20150914112523', '20150914112523'), ('2224', '包河区', '186', '0', '3', '0', '20150914112523', '20150914112523'), ('2225', '庐阳区', '186', '0', '3', '0', '20150914112523', '20150914112523'), ('2226', '瑶海区', '186', '0', '3', '0', '20150914112523', '20150914112523'), ('2227', '肥东县', '186', '0', '3', '0', '20150914112523', '20150914112523'), ('2228', '肥西县', '186', '0', '3', '0', '20150914112523', '20150914112523'), ('2229', '蜀山区', '186', '0', '3', '0', '20150914112523', '20150914112523'), ('2230', '长丰县', '186', '0', '3', '0', '20150914112523', '20150914112523'), ('2231', '三山区', '187', '0', '3', '0', '20150914112523', '20150914112523'), ('2232', '南陵县', '187', '0', '3', '0', '20150914112523', '20150914112523'), ('2233', '弋江区', '187', '0', '3', '0', '20150914112523', '20150914112523'), ('2234', '繁昌县', '187', '0', '3', '0', '20150914112523', '20150914112523'), ('2235', '芜湖县', '187', '0', '3', '0', '20150914112523', '20150914112523'), ('2236', '镜湖区', '187', '0', '3', '0', '20150914112523', '20150914112523'), ('2237', '鸠江区', '187', '0', '3', '0', '20150914112523', '20150914112523'), ('2238', '五河县', '188', '0', '3', '0', '20150914112523', '20150914112523'), ('2239', '固镇县', '188', '0', '3', '0', '20150914112523', '20150914112523'), ('2240', '怀远县', '188', '0', '3', '0', '20150914112523', '20150914112523'), ('2241', '淮上区', '188', '0', '3', '0', '20150914112523', '20150914112523'), ('2242', '禹会区', '188', '0', '3', '0', '20150914112523', '20150914112523'), ('2243', '蚌山区', '188', '0', '3', '0', '20150914112523', '20150914112523'), ('2244', '龙子湖区', '188', '0', '3', '0', '20150914112523', '20150914112523'), ('2245', '八公山区', '189', '0', '3', '0', '20150914112523', '20150914112523'), ('2246', '凤台县', '189', '0', '3', '0', '20150914112523', '20150914112523'), ('2247', '大通区', '189', '0', '3', '0', '20150914112523', '20150914112523'), ('2248', '潘集区', '189', '0', '3', '0', '20150914112523', '20150914112523'), ('2249', '田家庵区', '189', '0', '3', '0', '20150914112523', '20150914112523'), ('2250', '谢家集区', '189', '0', '3', '0', '20150914112523', '20150914112523'), ('2251', '当涂县', '190', '0', '3', '0', '20150914112523', '20150914112523'), ('2252', '花山区', '190', '0', '3', '0', '20150914112523', '20150914112523'), ('2253', '金家庄区', '190', '0', '3', '0', '20150914112523', '20150914112523'), ('2254', '雨山区', '190', '0', '3', '0', '20150914112523', '20150914112523'), ('2255', '杜集区', '191', '0', '3', '0', '20150914112523', '20150914112523'), ('2256', '濉溪县', '191', '0', '3', '0', '20150914112523', '20150914112523'), ('2257', '烈山区', '191', '0', '3', '0', '20150914112523', '20150914112523'), ('2258', '相山区', '191', '0', '3', '0', '20150914112523', '20150914112523'), ('2259', '狮子山区', '192', '0', '3', '0', '20150914112523', '20150914112523'), ('2260', '郊区', '192', '0', '3', '0', '20150914112523', '20150914112523'), ('2261', '铜官山区', '192', '0', '3', '0', '20150914112523', '20150914112523'), ('2262', '铜陵县', '192', '0', '3', '0', '20150914112523', '20150914112523'), ('2263', '大观区', '193', '0', '3', '0', '20150914112523', '20150914112523'), ('2264', '太湖县', '193', '0', '3', '0', '20150914112523', '20150914112523'), ('2265', '宜秀区', '193', '0', '3', '0', '20150914112523', '20150914112523'), ('2266', '宿松县', '193', '0', '3', '0', '20150914112523', '20150914112523'), ('2267', '岳西县', '193', '0', '3', '0', '20150914112523', '20150914112523'), ('2268', '怀宁县', '193', '0', '3', '0', '20150914112523', '20150914112523'), ('2269', '望江县', '193', '0', '3', '0', '20150914112523', '20150914112523'), ('2270', '枞阳县', '193', '0', '3', '0', '20150914112523', '20150914112523'), ('2271', '桐城市', '193', '0', '3', '0', '20150914112523', '20150914112523'), ('2272', '潜山县', '193', '0', '3', '0', '20150914112523', '20150914112523'), ('2273', '迎江区', '193', '0', '3', '0', '20150914112523', '20150914112523'), ('2274', '休宁县', '194', '0', '3', '0', '20150914112523', '20150914112523'), ('2275', '屯溪区', '194', '0', '3', '0', '20150914112523', '20150914112523'), ('2276', '徽州区', '194', '0', '3', '0', '20150914112523', '20150914112523'), ('2277', '歙县', '194', '0', '3', '0', '20150914112523', '20150914112523'), ('2278', '祁门县', '194', '0', '3', '0', '20150914112523', '20150914112523'), ('2279', '黄山区', '194', '0', '3', '0', '20150914112523', '20150914112523'), ('2280', '黟县', '194', '0', '3', '0', '20150914112523', '20150914112523'), ('2281', '全椒县', '195', '0', '3', '0', '20150914112523', '20150914112523'), ('2282', '凤阳县', '195', '0', '3', '0', '20150914112523', '20150914112523'), ('2283', '南谯区', '195', '0', '3', '0', '20150914112523', '20150914112523'), ('2284', '天长市', '195', '0', '3', '0', '20150914112523', '20150914112523'), ('2285', '定远县', '195', '0', '3', '0', '20150914112523', '20150914112523'), ('2286', '明光市', '195', '0', '3', '0', '20150914112523', '20150914112523'), ('2287', '来安县', '195', '0', '3', '0', '20150914112523', '20150914112523'), ('2288', '琅玡区', '195', '0', '3', '0', '20150914112523', '20150914112523'), ('2289', '临泉县', '196', '0', '3', '0', '20150914112523', '20150914112523'), ('2290', '太和县', '196', '0', '3', '0', '20150914112523', '20150914112523'), ('2291', '界首市', '196', '0', '3', '0', '20150914112523', '20150914112523'), ('2292', '阜南县', '196', '0', '3', '0', '20150914112523', '20150914112523'), ('2293', '颍东区', '196', '0', '3', '0', '20150914112523', '20150914112523'), ('2294', '颍州区', '196', '0', '3', '0', '20150914112523', '20150914112523'), ('2295', '颍泉区', '196', '0', '3', '0', '20150914112523', '20150914112523'), ('2296', '颖上县', '196', '0', '3', '0', '20150914112523', '20150914112523'), ('2297', '埇桥区', '197', '0', '3', '0', '20150914112523', '20150914112523'), ('2298', '泗县辖', '197', '0', '3', '0', '20150914112523', '20150914112523'), ('2299', '灵璧县', '197', '0', '3', '0', '20150914112523', '20150914112523'), ('2300', '砀山县', '197', '0', '3', '0', '20150914112523', '20150914112523'), ('2301', '萧县', '197', '0', '3', '0', '20150914112523', '20150914112523'), ('2302', '含山县', '198', '0', '3', '0', '20150914112523', '20150914112523'), ('2303', '和县', '198', '0', '3', '0', '20150914112523', '20150914112523'), ('2304', '居巢区', '198', '0', '3', '0', '20150914112523', '20150914112523'), ('2305', '庐江县', '198', '0', '3', '0', '20150914112523', '20150914112523'), ('2306', '无为县', '198', '0', '3', '0', '20150914112523', '20150914112523'), ('2307', '寿县', '199', '0', '3', '0', '20150914112523', '20150914112523'), ('2308', '舒城县', '199', '0', '3', '0', '20150914112523', '20150914112523'), ('2309', '裕安区', '199', '0', '3', '0', '20150914112523', '20150914112523'), ('2310', '金安区', '199', '0', '3', '0', '20150914112523', '20150914112523'), ('2311', '金寨县', '199', '0', '3', '0', '20150914112523', '20150914112523'), ('2312', '霍山县', '199', '0', '3', '0', '20150914112523', '20150914112523'), ('2313', '霍邱县', '199', '0', '3', '0', '20150914112523', '20150914112523'), ('2314', '利辛县', '200', '0', '3', '0', '20150914112523', '20150914112523'), ('2315', '涡阳县', '200', '0', '3', '0', '20150914112523', '20150914112523'), ('2316', '蒙城县', '200', '0', '3', '0', '20150914112523', '20150914112523'), ('2317', '谯城区', '200', '0', '3', '0', '20150914112523', '20150914112523'), ('2318', '东至县', '201', '0', '3', '0', '20150914112523', '20150914112523'), ('2319', '石台县', '201', '0', '3', '0', '20150914112523', '20150914112523'), ('2320', '贵池区', '201', '0', '3', '0', '20150914112523', '20150914112523'), ('2321', '青阳县', '201', '0', '3', '0', '20150914112523', '20150914112523'), ('2322', '宁国市', '202', '0', '3', '0', '20150914112523', '20150914112523'), ('2323', '宣州区', '202', '0', '3', '0', '20150914112523', '20150914112523'), ('2324', '广德县', '202', '0', '3', '0', '20150914112523', '20150914112523'), ('2325', '旌德县', '202', '0', '3', '0', '20150914112523', '20150914112523'), ('2326', '泾县', '202', '0', '3', '0', '20150914112523', '20150914112523'), ('2327', '绩溪县', '202', '0', '3', '0', '20150914112523', '20150914112523'), ('2328', '郎溪县', '202', '0', '3', '0', '20150914112523', '20150914112523'), ('2329', '仓山区', '203', '0', '3', '0', '20150914112523', '20150914112523'), ('2330', '台江区', '203', '0', '3', '0', '20150914112523', '20150914112523'), ('2331', '平潭县', '203', '0', '3', '0', '20150914112523', '20150914112523'), ('2332', '晋安区', '203', '0', '3', '0', '20150914112523', '20150914112523'), ('2333', '永泰县', '203', '0', '3', '0', '20150914112523', '20150914112523'), ('2334', '福清市', '203', '0', '3', '0', '20150914112523', '20150914112523'), ('2335', '罗源县', '203', '0', '3', '0', '20150914112523', '20150914112523'), ('2336', '连江县', '203', '0', '3', '0', '20150914112523', '20150914112523'), ('2337', '长乐市', '203', '0', '3', '0', '20150914112523', '20150914112523'), ('2338', '闽侯县', '203', '0', '3', '0', '20150914112523', '20150914112523'), ('2339', '闽清县', '203', '0', '3', '0', '20150914112523', '20150914112523'), ('2340', '马尾区', '203', '0', '3', '0', '20150914112523', '20150914112523'), ('2341', '鼓楼区', '203', '0', '3', '0', '20150914112523', '20150914112523'), ('2342', '同安区', '204', '0', '3', '0', '20150914112523', '20150914112523'), ('2343', '思明区', '204', '0', '3', '0', '20150914112523', '20150914112523'), ('2344', '海沧区', '204', '0', '3', '0', '20150914112523', '20150914112523'), ('2345', '湖里区', '204', '0', '3', '0', '20150914112523', '20150914112523'), ('2346', '翔安区', '204', '0', '3', '0', '20150914112523', '20150914112523'), ('2347', '集美区', '204', '0', '3', '0', '20150914112523', '20150914112523'), ('2348', '仙游县', '205', '0', '3', '0', '20150914112523', '20150914112523'), ('2349', '城厢区', '205', '0', '3', '0', '20150914112523', '20150914112523'), ('2350', '涵江区', '205', '0', '3', '0', '20150914112523', '20150914112523'), ('2351', '秀屿区', '205', '0', '3', '0', '20150914112523', '20150914112523'), ('2352', '荔城区', '205', '0', '3', '0', '20150914112523', '20150914112523'), ('2353', '三元区', '206', '0', '3', '0', '20150914112523', '20150914112523'), ('2354', '大田县', '206', '0', '3', '0', '20150914112523', '20150914112523'), ('2355', '宁化县', '206', '0', '3', '0', '20150914112523', '20150914112523'), ('2356', '将乐县', '206', '0', '3', '0', '20150914112523', '20150914112523'), ('2357', '尤溪县', '206', '0', '3', '0', '20150914112523', '20150914112523'), ('2358', '建宁县', '206', '0', '3', '0', '20150914112523', '20150914112523'), ('2359', '明溪县', '206', '0', '3', '0', '20150914112523', '20150914112523'), ('2360', '梅列区', '206', '0', '3', '0', '20150914112523', '20150914112523'), ('2361', '永安市', '206', '0', '3', '0', '20150914112523', '20150914112523'), ('2362', '沙县', '206', '0', '3', '0', '20150914112523', '20150914112523'), ('2363', '泰宁县', '206', '0', '3', '0', '20150914112523', '20150914112523'), ('2364', '清流县', '206', '0', '3', '0', '20150914112523', '20150914112523'), ('2365', '丰泽区', '207', '0', '3', '0', '20150914112523', '20150914112523'), ('2366', '南安市', '207', '0', '3', '0', '20150914112523', '20150914112523'), ('2367', '安溪县', '207', '0', '3', '0', '20150914112523', '20150914112523'), ('2368', '德化县', '207', '0', '3', '0', '20150914112523', '20150914112523'), ('2369', '惠安县', '207', '0', '3', '0', '20150914112523', '20150914112523'), ('2370', '晋江市', '207', '0', '3', '0', '20150914112523', '20150914112523'), ('2371', '永春县', '207', '0', '3', '0', '20150914112523', '20150914112523'), ('2372', '泉港区', '207', '0', '3', '0', '20150914112523', '20150914112523'), ('2373', '洛江区', '207', '0', '3', '0', '20150914112523', '20150914112523'), ('2374', '石狮市', '207', '0', '3', '0', '20150914112523', '20150914112523'), ('2375', '金门县', '207', '0', '3', '0', '20150914112523', '20150914112523'), ('2376', '鲤城区', '207', '0', '3', '0', '20150914112523', '20150914112523'), ('2377', '东山县', '208', '0', '3', '0', '20150914112523', '20150914112523'), ('2378', '云霄县', '208', '0', '3', '0', '20150914112523', '20150914112523'), ('2379', '华安县', '208', '0', '3', '0', '20150914112523', '20150914112523'), ('2380', '南靖县', '208', '0', '3', '0', '20150914112523', '20150914112523'), ('2381', '平和县', '208', '0', '3', '0', '20150914112523', '20150914112523'), ('2382', '漳浦县', '208', '0', '3', '0', '20150914112523', '20150914112523'), ('2383', '芗城区', '208', '0', '3', '0', '20150914112523', '20150914112523'), ('2384', '诏安县', '208', '0', '3', '0', '20150914112523', '20150914112523'), ('2385', '长泰县', '208', '0', '3', '0', '20150914112523', '20150914112523'), ('2386', '龙文区', '208', '0', '3', '0', '20150914112523', '20150914112523'), ('2387', '龙海市', '208', '0', '3', '0', '20150914112523', '20150914112523'), ('2388', '光泽县', '209', '0', '3', '0', '20150914112523', '20150914112523'), ('2389', '延平区', '209', '0', '3', '0', '20150914112523', '20150914112523'), ('2390', '建瓯市', '209', '0', '3', '0', '20150914112523', '20150914112523'), ('2391', '建阳市', '209', '0', '3', '0', '20150914112523', '20150914112523'), ('2392', '政和县', '209', '0', '3', '0', '20150914112523', '20150914112523'), ('2393', '松溪县', '209', '0', '3', '0', '20150914112523', '20150914112523'), ('2394', '武夷山市', '209', '0', '3', '0', '20150914112523', '20150914112523'), ('2395', '浦城县', '209', '0', '3', '0', '20150914112523', '20150914112523'), ('2396', '邵武市', '209', '0', '3', '0', '20150914112523', '20150914112523'), ('2397', '顺昌县', '209', '0', '3', '0', '20150914112523', '20150914112523'), ('2398', '上杭县', '210', '0', '3', '0', '20150914112523', '20150914112523'), ('2399', '新罗区', '210', '0', '3', '0', '20150914112523', '20150914112523'), ('2400', '武平县', '210', '0', '3', '0', '20150914112523', '20150914112523'), ('2401', '永定县', '210', '0', '3', '0', '20150914112523', '20150914112523'), ('2402', '漳平市', '210', '0', '3', '0', '20150914112523', '20150914112523'), ('2403', '连城县', '210', '0', '3', '0', '20150914112523', '20150914112523'), ('2404', '长汀县', '210', '0', '3', '0', '20150914112523', '20150914112523'), ('2405', '古田县', '211', '0', '3', '0', '20150914112523', '20150914112523'), ('2406', '周宁县', '211', '0', '3', '0', '20150914112523', '20150914112523'), ('2407', '寿宁县', '211', '0', '3', '0', '20150914112523', '20150914112523'), ('2408', '屏南县', '211', '0', '3', '0', '20150914112523', '20150914112523'), ('2409', '柘荣县', '211', '0', '3', '0', '20150914112523', '20150914112523'), ('2410', '福安市', '211', '0', '3', '0', '20150914112523', '20150914112523'), ('2411', '福鼎市', '211', '0', '3', '0', '20150914112523', '20150914112523'), ('2412', '蕉城区', '211', '0', '3', '0', '20150914112523', '20150914112523'), ('2413', '霞浦县', '211', '0', '3', '0', '20150914112523', '20150914112523'), ('2414', '东湖区', '212', '0', '3', '0', '20150914112523', '20150914112523'), ('2415', '南昌县', '212', '0', '3', '0', '20150914112523', '20150914112523'), ('2416', '安义县', '212', '0', '3', '0', '20150914112523', '20150914112523'), ('2417', '新建县', '212', '0', '3', '0', '20150914112523', '20150914112523'), ('2418', '湾里区', '212', '0', '3', '0', '20150914112523', '20150914112523'), ('2419', '西湖区', '212', '0', '3', '0', '20150914112523', '20150914112523'), ('2420', '进贤县', '212', '0', '3', '0', '20150914112523', '20150914112523'), ('2421', '青云谱区', '212', '0', '3', '0', '20150914112523', '20150914112523'), ('2422', '青山湖区', '212', '0', '3', '0', '20150914112523', '20150914112523'), ('2423', '乐平市', '213', '0', '3', '0', '20150914112523', '20150914112523'), ('2424', '昌江区', '213', '0', '3', '0', '20150914112523', '20150914112523'), ('2425', '浮梁县', '213', '0', '3', '0', '20150914112523', '20150914112523'), ('2426', '珠山区', '213', '0', '3', '0', '20150914112523', '20150914112523'), ('2427', '上栗县', '214', '0', '3', '0', '20150914112523', '20150914112523'), ('2428', '安源区', '214', '0', '3', '0', '20150914112523', '20150914112523'), ('2429', '湘东区', '214', '0', '3', '0', '20150914112523', '20150914112523'), ('2430', '芦溪县', '214', '0', '3', '0', '20150914112523', '20150914112523'), ('2431', '莲花县', '214', '0', '3', '0', '20150914112523', '20150914112523'), ('2432', '九江县', '215', '0', '3', '0', '20150914112523', '20150914112523'), ('2433', '修水县', '215', '0', '3', '0', '20150914112523', '20150914112523'), ('2434', '庐山区', '215', '0', '3', '0', '20150914112523', '20150914112523'), ('2435', '彭泽县', '215', '0', '3', '0', '20150914112523', '20150914112523'), ('2436', '德安县', '215', '0', '3', '0', '20150914112523', '20150914112523'), ('2437', '星子县', '215', '0', '3', '0', '20150914112523', '20150914112523'), ('2438', '武宁县', '215', '0', '3', '0', '20150914112523', '20150914112523'), ('2439', '永修县', '215', '0', '3', '0', '20150914112523', '20150914112523'), ('2440', '浔阳区', '215', '0', '3', '0', '20150914112523', '20150914112523'), ('2441', '湖口县', '215', '0', '3', '0', '20150914112523', '20150914112523'), ('2442', '瑞昌市', '215', '0', '3', '0', '20150914112523', '20150914112523'), ('2443', '都昌县', '215', '0', '3', '0', '20150914112523', '20150914112523'), ('2444', '分宜县', '216', '0', '3', '0', '20150914112523', '20150914112523'), ('2445', '渝水区', '216', '0', '3', '0', '20150914112523', '20150914112523'), ('2446', '余江县', '217', '0', '3', '0', '20150914112523', '20150914112523'), ('2447', '月湖区', '217', '0', '3', '0', '20150914112523', '20150914112523'), ('2448', '贵溪市', '217', '0', '3', '0', '20150914112523', '20150914112523'), ('2449', '上犹县', '218', '0', '3', '0', '20150914112523', '20150914112523'), ('2450', '于都县', '218', '0', '3', '0', '20150914112523', '20150914112523'), ('2451', '会昌县', '218', '0', '3', '0', '20150914112523', '20150914112523'), ('2452', '信丰县', '218', '0', '3', '0', '20150914112523', '20150914112523'), ('2453', '全南县', '218', '0', '3', '0', '20150914112523', '20150914112523'), ('2454', '兴国县', '218', '0', '3', '0', '20150914112523', '20150914112523'), ('2455', '南康市', '218', '0', '3', '0', '20150914112523', '20150914112523'), ('2456', '大余县', '218', '0', '3', '0', '20150914112523', '20150914112523'), ('2457', '宁都县', '218', '0', '3', '0', '20150914112523', '20150914112523'), ('2458', '安远县', '218', '0', '3', '0', '20150914112523', '20150914112523'), ('2459', '定南县', '218', '0', '3', '0', '20150914112523', '20150914112523'), ('2460', '寻乌县', '218', '0', '3', '0', '20150914112523', '20150914112523'), ('2461', '崇义县', '218', '0', '3', '0', '20150914112523', '20150914112523'), ('2462', '瑞金市', '218', '0', '3', '0', '20150914112523', '20150914112523'), ('2463', '石城县', '218', '0', '3', '0', '20150914112523', '20150914112523'), ('2464', '章贡区', '218', '0', '3', '0', '20150914112523', '20150914112523'), ('2465', '赣县', '218', '0', '3', '0', '20150914112523', '20150914112523'), ('2466', '龙南县', '218', '0', '3', '0', '20150914112523', '20150914112523'), ('2467', '万安县', '219', '0', '3', '0', '20150914112523', '20150914112523'), ('2468', '井冈山市', '219', '0', '3', '0', '20150914112523', '20150914112523'), ('2469', '吉安县', '219', '0', '3', '0', '20150914112523', '20150914112523'), ('2470', '吉州区', '219', '0', '3', '0', '20150914112523', '20150914112523'), ('2471', '吉水县', '219', '0', '3', '0', '20150914112523', '20150914112523'), ('2472', '安福县', '219', '0', '3', '0', '20150914112523', '20150914112523'), ('2473', '峡江县', '219', '0', '3', '0', '20150914112523', '20150914112523'), ('2474', '新干县', '219', '0', '3', '0', '20150914112523', '20150914112523'), ('2475', '永丰县', '219', '0', '3', '0', '20150914112523', '20150914112523'), ('2476', '永新县', '219', '0', '3', '0', '20150914112523', '20150914112523'), ('2477', '泰和县', '219', '0', '3', '0', '20150914112523', '20150914112523'), ('2478', '遂川县', '219', '0', '3', '0', '20150914112523', '20150914112523'), ('2479', '青原区', '219', '0', '3', '0', '20150914112523', '20150914112523'), ('2480', '万载县', '220', '0', '3', '0', '20150914112523', '20150914112523'), ('2481', '上高县', '220', '0', '3', '0', '20150914112523', '20150914112523'), ('2482', '丰城市', '220', '0', '3', '0', '20150914112523', '20150914112523'), ('2483', '奉新县', '220', '0', '3', '0', '20150914112523', '20150914112523'), ('2484', '宜丰县', '220', '0', '3', '0', '20150914112523', '20150914112523'), ('2485', '樟树市', '220', '0', '3', '0', '20150914112523', '20150914112523'), ('2486', '袁州区', '220', '0', '3', '0', '20150914112523', '20150914112523'), ('2487', '铜鼓县', '220', '0', '3', '0', '20150914112523', '20150914112523'), ('2488', '靖安县', '220', '0', '3', '0', '20150914112523', '20150914112523'), ('2489', '高安市', '220', '0', '3', '0', '20150914112523', '20150914112523'), ('2490', '东乡县', '221', '0', '3', '0', '20150914112523', '20150914112523'), ('2491', '临川区', '221', '0', '3', '0', '20150914112523', '20150914112523'), ('2492', '乐安县', '221', '0', '3', '0', '20150914112523', '20150914112523'), ('2493', '南丰县', '221', '0', '3', '0', '20150914112523', '20150914112523'), ('2494', '南城县', '221', '0', '3', '0', '20150914112523', '20150914112523'), ('2495', '宜黄县', '221', '0', '3', '0', '20150914112523', '20150914112523'), ('2496', '崇仁县', '221', '0', '3', '0', '20150914112523', '20150914112523'), ('2497', '广昌县', '221', '0', '3', '0', '20150914112523', '20150914112523'), ('2498', '资溪县', '221', '0', '3', '0', '20150914112523', '20150914112523'), ('2499', '金溪县', '221', '0', '3', '0', '20150914112523', '20150914112523'), ('2500', '黎川县', '221', '0', '3', '0', '20150914112523', '20150914112523'), ('2501', '万年县', '222', '0', '3', '0', '20150914112523', '20150914112523'), ('2502', '上饶县', '222', '0', '3', '0', '20150914112523', '20150914112523'), ('2503', '余干县', '222', '0', '3', '0', '20150914112523', '20150914112523'), ('2504', '信州区', '222', '0', '3', '0', '20150914112523', '20150914112523'), ('2505', '婺源县', '222', '0', '3', '0', '20150914112523', '20150914112523'), ('2506', '广丰县', '222', '0', '3', '0', '20150914112523', '20150914112523'), ('2507', '弋阳县', '222', '0', '3', '0', '20150914112523', '20150914112523'), ('2508', '德兴市', '222', '0', '3', '0', '20150914112523', '20150914112523'), ('2509', '横峰县', '222', '0', '3', '0', '20150914112523', '20150914112523'), ('2510', '玉山县', '222', '0', '3', '0', '20150914112523', '20150914112523'), ('2511', '鄱阳县', '222', '0', '3', '0', '20150914112523', '20150914112523'), ('2512', '铅山县', '222', '0', '3', '0', '20150914112523', '20150914112523'), ('2513', '历下区', '223', '0', '3', '0', '20150914112523', '20150914112523'), ('2514', '历城区', '223', '0', '3', '0', '20150914112523', '20150914112523'), ('2515', '商河县', '223', '0', '3', '0', '20150914112523', '20150914112523'), ('2516', '天桥区', '223', '0', '3', '0', '20150914112523', '20150914112523'), ('2517', '市中区', '223', '0', '3', '0', '20150914112523', '20150914112523'), ('2518', '平阴县', '223', '0', '3', '0', '20150914112523', '20150914112523'), ('2519', '槐荫区', '223', '0', '3', '0', '20150914112523', '20150914112523'), ('2520', '济阳县', '223', '0', '3', '0', '20150914112523', '20150914112523'), ('2521', '章丘市', '223', '0', '3', '0', '20150914112523', '20150914112523'), ('2522', '长清区', '223', '0', '3', '0', '20150914112523', '20150914112523'), ('2523', '即墨市', '224', '0', '3', '0', '20150914112523', '20150914112523'), ('2524', '四方区', '224', '0', '3', '0', '20150914112523', '20150914112523'), ('2525', '城阳区', '224', '0', '3', '0', '20150914112523', '20150914112523'), ('2526', '崂山区', '224', '0', '3', '0', '20150914112523', '20150914112523'), ('2527', '市北区', '224', '0', '3', '0', '20150914112523', '20150914112523'), ('2528', '市南区', '224', '0', '3', '0', '20150914112523', '20150914112523'), ('2529', '平度市', '224', '0', '3', '0', '20150914112523', '20150914112523'), ('2530', '李沧区', '224', '0', '3', '0', '20150914112523', '20150914112523'), ('2531', '胶南市', '224', '0', '3', '0', '20150914112523', '20150914112523'), ('2532', '胶州市', '224', '0', '3', '0', '20150914112523', '20150914112523'), ('2533', '莱西市', '224', '0', '3', '0', '20150914112523', '20150914112523'), ('2534', '黄岛区', '224', '0', '3', '0', '20150914112523', '20150914112523'), ('2535', '临淄区', '225', '0', '3', '0', '20150914112523', '20150914112523'), ('2536', '博山区', '225', '0', '3', '0', '20150914112523', '20150914112523'), ('2537', '周村区', '225', '0', '3', '0', '20150914112523', '20150914112523');
INSERT INTO `shop_area` VALUES ('2538', '张店区', '225', '0', '3', '0', '20150914112523', '20150914112523'), ('2539', '桓台县', '225', '0', '3', '0', '20150914112523', '20150914112523'), ('2540', '沂源县', '225', '0', '3', '0', '20150914112523', '20150914112523'), ('2541', '淄川区', '225', '0', '3', '0', '20150914112523', '20150914112523'), ('2542', '高青县', '225', '0', '3', '0', '20150914112523', '20150914112523'), ('2543', '台儿庄区', '226', '0', '3', '0', '20150914112523', '20150914112523'), ('2544', '山亭区', '226', '0', '3', '0', '20150914112523', '20150914112523'), ('2545', '峄城区', '226', '0', '3', '0', '20150914112523', '20150914112523'), ('2546', '市中区', '226', '0', '3', '0', '20150914112523', '20150914112523'), ('2547', '滕州市', '226', '0', '3', '0', '20150914112523', '20150914112523'), ('2548', '薛城区', '226', '0', '3', '0', '20150914112523', '20150914112523'), ('2549', '东营区', '227', '0', '3', '0', '20150914112523', '20150914112523'), ('2550', '利津县', '227', '0', '3', '0', '20150914112523', '20150914112523'), ('2551', '垦利县', '227', '0', '3', '0', '20150914112523', '20150914112523'), ('2552', '广饶县', '227', '0', '3', '0', '20150914112523', '20150914112523'), ('2553', '河口区', '227', '0', '3', '0', '20150914112523', '20150914112523'), ('2554', '招远市', '228', '0', '3', '0', '20150914112523', '20150914112523'), ('2555', '栖霞市', '228', '0', '3', '0', '20150914112523', '20150914112523'), ('2556', '海阳市', '228', '0', '3', '0', '20150914112523', '20150914112523'), ('2557', '牟平区', '228', '0', '3', '0', '20150914112523', '20150914112523'), ('2558', '福山区', '228', '0', '3', '0', '20150914112523', '20150914112523'), ('2559', '芝罘区', '228', '0', '3', '0', '20150914112523', '20150914112523'), ('2560', '莱山区', '228', '0', '3', '0', '20150914112523', '20150914112523'), ('2561', '莱州市', '228', '0', '3', '0', '20150914112523', '20150914112523'), ('2562', '莱阳市', '228', '0', '3', '0', '20150914112523', '20150914112523'), ('2563', '蓬莱市', '228', '0', '3', '0', '20150914112523', '20150914112523'), ('2564', '长岛县', '228', '0', '3', '0', '20150914112523', '20150914112523'), ('2565', '龙口市', '228', '0', '3', '0', '20150914112523', '20150914112523'), ('2566', '临朐县', '229', '0', '3', '0', '20150914112523', '20150914112523'), ('2567', '坊子区', '229', '0', '3', '0', '20150914112523', '20150914112523'), ('2568', '奎文区', '229', '0', '3', '0', '20150914112523', '20150914112523'), ('2569', '安丘市', '229', '0', '3', '0', '20150914112523', '20150914112523'), ('2570', '寒亭区', '229', '0', '3', '0', '20150914112523', '20150914112523'), ('2571', '寿光市', '229', '0', '3', '0', '20150914112523', '20150914112523'), ('2572', '昌乐县', '229', '0', '3', '0', '20150914112523', '20150914112523'), ('2573', '昌邑市', '229', '0', '3', '0', '20150914112523', '20150914112523'), ('2574', '潍城区', '229', '0', '3', '0', '20150914112523', '20150914112523'), ('2575', '诸城市', '229', '0', '3', '0', '20150914112523', '20150914112523'), ('2576', '青州市', '229', '0', '3', '0', '20150914112523', '20150914112523'), ('2577', '高密市', '229', '0', '3', '0', '20150914112523', '20150914112523'), ('2578', '任城区', '230', '0', '3', '0', '20150914112523', '20150914112523'), ('2579', '兖州市', '230', '0', '3', '0', '20150914112523', '20150914112523'), ('2580', '嘉祥县', '230', '0', '3', '0', '20150914112523', '20150914112523'), ('2581', '市中区', '230', '0', '3', '0', '20150914112523', '20150914112523'), ('2582', '微山县', '230', '0', '3', '0', '20150914112523', '20150914112523'), ('2583', '曲阜市', '230', '0', '3', '0', '20150914112523', '20150914112523'), ('2584', '梁山县', '230', '0', '3', '0', '20150914112523', '20150914112523'), ('2585', '汶上县', '230', '0', '3', '0', '20150914112523', '20150914112523'), ('2586', '泗水县', '230', '0', '3', '0', '20150914112523', '20150914112523'), ('2587', '邹城市', '230', '0', '3', '0', '20150914112523', '20150914112523'), ('2588', '金乡县', '230', '0', '3', '0', '20150914112523', '20150914112523'), ('2589', '鱼台县', '230', '0', '3', '0', '20150914112523', '20150914112523'), ('2590', '东平县', '231', '0', '3', '0', '20150914112523', '20150914112523'), ('2591', '宁阳县', '231', '0', '3', '0', '20150914112523', '20150914112523'), ('2592', '岱岳区', '231', '0', '3', '0', '20150914112523', '20150914112523'), ('2593', '新泰市', '231', '0', '3', '0', '20150914112523', '20150914112523'), ('2594', '泰山区', '231', '0', '3', '0', '20150914112523', '20150914112523'), ('2595', '肥城市', '231', '0', '3', '0', '20150914112523', '20150914112523'), ('2596', '乳山市', '232', '0', '3', '0', '20150914112523', '20150914112523'), ('2597', '文登市', '232', '0', '3', '0', '20150914112523', '20150914112523'), ('2598', '环翠区', '232', '0', '3', '0', '20150914112523', '20150914112523'), ('2599', '荣成市', '232', '0', '3', '0', '20150914112523', '20150914112523'), ('2600', '东港区', '233', '0', '3', '0', '20150914112523', '20150914112523'), ('2601', '五莲县', '233', '0', '3', '0', '20150914112523', '20150914112523'), ('2602', '岚山区', '233', '0', '3', '0', '20150914112523', '20150914112523'), ('2603', '莒县', '233', '0', '3', '0', '20150914112523', '20150914112523'), ('2604', '莱城区', '234', '0', '3', '0', '20150914112523', '20150914112523'), ('2605', '钢城区', '234', '0', '3', '0', '20150914112523', '20150914112523'), ('2606', '临沭县', '235', '0', '3', '0', '20150914112523', '20150914112523'), ('2607', '兰山区', '235', '0', '3', '0', '20150914112523', '20150914112523'), ('2608', '平邑县', '235', '0', '3', '0', '20150914112523', '20150914112523'), ('2609', '沂南县', '235', '0', '3', '0', '20150914112523', '20150914112523'), ('2610', '沂水县', '235', '0', '3', '0', '20150914112523', '20150914112523'), ('2611', '河东区', '235', '0', '3', '0', '20150914112523', '20150914112523'), ('2612', '罗庄区', '235', '0', '3', '0', '20150914112523', '20150914112523'), ('2613', '苍山县', '235', '0', '3', '0', '20150914112523', '20150914112523'), ('2614', '莒南县', '235', '0', '3', '0', '20150914112523', '20150914112523'), ('2615', '蒙阴县', '235', '0', '3', '0', '20150914112523', '20150914112523'), ('2616', '费县', '235', '0', '3', '0', '20150914112523', '20150914112523'), ('2617', '郯城县', '235', '0', '3', '0', '20150914112523', '20150914112523'), ('2618', '临邑县', '236', '0', '3', '0', '20150914112523', '20150914112523'), ('2619', '乐陵市', '236', '0', '3', '0', '20150914112523', '20150914112523'), ('2620', '夏津县', '236', '0', '3', '0', '20150914112523', '20150914112523'), ('2621', '宁津县', '236', '0', '3', '0', '20150914112523', '20150914112523'), ('2622', '平原县', '236', '0', '3', '0', '20150914112523', '20150914112523'), ('2623', '庆云县', '236', '0', '3', '0', '20150914112523', '20150914112523'), ('2624', '德城区', '236', '0', '3', '0', '20150914112523', '20150914112523'), ('2625', '武城县', '236', '0', '3', '0', '20150914112523', '20150914112523'), ('2626', '禹城市', '236', '0', '3', '0', '20150914112523', '20150914112523'), ('2627', '陵县', '236', '0', '3', '0', '20150914112523', '20150914112523'), ('2628', '齐河县', '236', '0', '3', '0', '20150914112523', '20150914112523'), ('2629', '东昌府区', '237', '0', '3', '0', '20150914112523', '20150914112523'), ('2630', '东阿县', '237', '0', '3', '0', '20150914112523', '20150914112523'), ('2631', '临清市', '237', '0', '3', '0', '20150914112523', '20150914112523'), ('2632', '冠县', '237', '0', '3', '0', '20150914112523', '20150914112523'), ('2633', '茌平县', '237', '0', '3', '0', '20150914112523', '20150914112523'), ('2634', '莘县', '237', '0', '3', '0', '20150914112523', '20150914112523'), ('2635', '阳谷县', '237', '0', '3', '0', '20150914112523', '20150914112523'), ('2636', '高唐县', '237', '0', '3', '0', '20150914112523', '20150914112523'), ('2637', '博兴县', '238', '0', '3', '0', '20150914112523', '20150914112523'), ('2638', '惠民县', '238', '0', '3', '0', '20150914112523', '20150914112523'), ('2639', '无棣县', '238', '0', '3', '0', '20150914112523', '20150914112523'), ('2640', '沾化县', '238', '0', '3', '0', '20150914112523', '20150914112523'), ('2641', '滨城区', '238', '0', '3', '0', '20150914112523', '20150914112523'), ('2642', '邹平县', '238', '0', '3', '0', '20150914112523', '20150914112523'), ('2643', '阳信县', '238', '0', '3', '0', '20150914112523', '20150914112523'), ('2644', '东明县', '239', '0', '3', '0', '20150914112523', '20150914112523'), ('2645', '单县', '239', '0', '3', '0', '20150914112523', '20150914112523'), ('2646', '定陶县', '239', '0', '3', '0', '20150914112523', '20150914112523'), ('2647', '巨野县', '239', '0', '3', '0', '20150914112523', '20150914112523'), ('2648', '成武县', '239', '0', '3', '0', '20150914112523', '20150914112523'), ('2649', '曹县', '239', '0', '3', '0', '20150914112523', '20150914112523'), ('2650', '牡丹区', '239', '0', '3', '0', '20150914112523', '20150914112523'), ('2651', '郓城县', '239', '0', '3', '0', '20150914112523', '20150914112523'), ('2652', '鄄城县', '239', '0', '3', '0', '20150914112523', '20150914112523'), ('2653', '上街区', '240', '0', '3', '0', '20150914112523', '20150914112523'), ('2654', '中原区', '240', '0', '3', '0', '20150914112523', '20150914112523'), ('2655', '中牟县', '240', '0', '3', '0', '20150914112523', '20150914112523'), ('2656', '二七区', '240', '0', '3', '0', '20150914112523', '20150914112523'), ('2657', '巩义市', '240', '0', '3', '0', '20150914112523', '20150914112523'), ('2658', '惠济区', '240', '0', '3', '0', '20150914112523', '20150914112523'), ('2659', '新密市', '240', '0', '3', '0', '20150914112523', '20150914112523'), ('2660', '新郑市', '240', '0', '3', '0', '20150914112523', '20150914112523'), ('2661', '登封市', '240', '0', '3', '0', '20150914112523', '20150914112523'), ('2662', '管城回族区', '240', '0', '3', '0', '20150914112523', '20150914112523'), ('2663', '荥阳市', '240', '0', '3', '0', '20150914112523', '20150914112523'), ('2664', '金水区', '240', '0', '3', '0', '20150914112523', '20150914112523'), ('2665', '兰考县', '241', '0', '3', '0', '20150914112523', '20150914112523'), ('2666', '尉氏县', '241', '0', '3', '0', '20150914112523', '20150914112523'), ('2667', '开封县', '241', '0', '3', '0', '20150914112523', '20150914112523'), ('2668', '杞县', '241', '0', '3', '0', '20150914112523', '20150914112523'), ('2669', '禹王台区', '241', '0', '3', '0', '20150914112523', '20150914112523'), ('2670', '通许县', '241', '0', '3', '0', '20150914112523', '20150914112523'), ('2671', '金明区', '241', '0', '3', '0', '20150914112523', '20150914112523'), ('2672', '顺河回族区', '241', '0', '3', '0', '20150914112523', '20150914112523'), ('2673', '鼓楼区', '241', '0', '3', '0', '20150914112523', '20150914112523'), ('2674', '龙亭区', '241', '0', '3', '0', '20150914112523', '20150914112523'), ('2675', '伊川县', '242', '0', '3', '0', '20150914112523', '20150914112523'), ('2676', '偃师市', '242', '0', '3', '0', '20150914112523', '20150914112523'), ('2677', '吉利区', '242', '0', '3', '0', '20150914112523', '20150914112523'), ('2678', '孟津县', '242', '0', '3', '0', '20150914112523', '20150914112523'), ('2679', '宜阳县', '242', '0', '3', '0', '20150914112523', '20150914112523'), ('2680', '嵩县', '242', '0', '3', '0', '20150914112523', '20150914112523'), ('2681', '新安县', '242', '0', '3', '0', '20150914112523', '20150914112523'), ('2682', '栾川县', '242', '0', '3', '0', '20150914112523', '20150914112523'), ('2683', '汝阳县', '242', '0', '3', '0', '20150914112523', '20150914112523'), ('2684', '洛宁县', '242', '0', '3', '0', '20150914112523', '20150914112523'), ('2685', '洛龙区', '242', '0', '3', '0', '20150914112523', '20150914112523'), ('2686', '涧西区', '242', '0', '3', '0', '20150914112523', '20150914112523'), ('2687', '瀍河回族区', '242', '0', '3', '0', '20150914112523', '20150914112523'), ('2688', '老城区', '242', '0', '3', '0', '20150914112523', '20150914112523'), ('2689', '西工区', '242', '0', '3', '0', '20150914112523', '20150914112523'), ('2690', '卫东区', '243', '0', '3', '0', '20150914112523', '20150914112523'), ('2691', '叶县', '243', '0', '3', '0', '20150914112523', '20150914112523'), ('2692', '宝丰县', '243', '0', '3', '0', '20150914112523', '20150914112523'), ('2693', '新华区', '243', '0', '3', '0', '20150914112523', '20150914112523'), ('2694', '汝州市', '243', '0', '3', '0', '20150914112523', '20150914112523'), ('2695', '湛河区', '243', '0', '3', '0', '20150914112523', '20150914112523'), ('2696', '石龙区', '243', '0', '3', '0', '20150914112523', '20150914112523'), ('2697', '舞钢市', '243', '0', '3', '0', '20150914112523', '20150914112523'), ('2698', '郏县', '243', '0', '3', '0', '20150914112523', '20150914112523'), ('2699', '鲁山县', '243', '0', '3', '0', '20150914112523', '20150914112523'), ('2700', '内黄县', '244', '0', '3', '0', '20150914112523', '20150914112523'), ('2701', '北关区', '244', '0', '3', '0', '20150914112523', '20150914112523'), ('2702', '安阳县', '244', '0', '3', '0', '20150914112523', '20150914112523'), ('2703', '文峰区', '244', '0', '3', '0', '20150914112523', '20150914112523'), ('2704', '林州市', '244', '0', '3', '0', '20150914112523', '20150914112523'), ('2705', '殷都区', '244', '0', '3', '0', '20150914112523', '20150914112523'), ('2706', '汤阴县', '244', '0', '3', '0', '20150914112523', '20150914112523'), ('2707', '滑县', '244', '0', '3', '0', '20150914112523', '20150914112523'), ('2708', '龙安区', '244', '0', '3', '0', '20150914112523', '20150914112523'), ('2709', '山城区', '245', '0', '3', '0', '20150914112523', '20150914112523'), ('2710', '浚县', '245', '0', '3', '0', '20150914112523', '20150914112523'), ('2711', '淇县', '245', '0', '3', '0', '20150914112523', '20150914112523'), ('2712', '淇滨区', '245', '0', '3', '0', '20150914112523', '20150914112523'), ('2713', '鹤山区', '245', '0', '3', '0', '20150914112523', '20150914112523'), ('2714', '凤泉区', '246', '0', '3', '0', '20150914112523', '20150914112523'), ('2715', '卫滨区', '246', '0', '3', '0', '20150914112523', '20150914112523'), ('2716', '卫辉市', '246', '0', '3', '0', '20150914112523', '20150914112523'), ('2717', '原阳县', '246', '0', '3', '0', '20150914112523', '20150914112523'), ('2718', '封丘县', '246', '0', '3', '0', '20150914112523', '20150914112523'), ('2719', '延津县', '246', '0', '3', '0', '20150914112523', '20150914112523'), ('2720', '新乡县', '246', '0', '3', '0', '20150914112523', '20150914112523'), ('2721', '牧野区', '246', '0', '3', '0', '20150914112523', '20150914112523'), ('2722', '红旗区', '246', '0', '3', '0', '20150914112523', '20150914112523'), ('2723', '获嘉县', '246', '0', '3', '0', '20150914112523', '20150914112523'), ('2724', '辉县市', '246', '0', '3', '0', '20150914112523', '20150914112523'), ('2725', '长垣县', '246', '0', '3', '0', '20150914112523', '20150914112523'), ('2726', '中站区', '247', '0', '3', '0', '20150914112523', '20150914112523'), ('2727', '修武县', '247', '0', '3', '0', '20150914112523', '20150914112523'), ('2728', '博爱县', '247', '0', '3', '0', '20150914112523', '20150914112523'), ('2729', '孟州市', '247', '0', '3', '0', '20150914112523', '20150914112523'), ('2730', '山阳区', '247', '0', '3', '0', '20150914112523', '20150914112523'), ('2731', '武陟县', '247', '0', '3', '0', '20150914112523', '20150914112523'), ('2732', '沁阳市', '247', '0', '3', '0', '20150914112523', '20150914112523'), ('2733', '温县', '247', '0', '3', '0', '20150914112523', '20150914112523'), ('2734', '解放区', '247', '0', '3', '0', '20150914112523', '20150914112523'), ('2735', '马村区', '247', '0', '3', '0', '20150914112523', '20150914112523'), ('2736', '华龙区', '248', '0', '3', '0', '20150914112523', '20150914112523'), ('2737', '南乐县', '248', '0', '3', '0', '20150914112523', '20150914112523'), ('2738', '台前县', '248', '0', '3', '0', '20150914112523', '20150914112523'), ('2739', '清丰县', '248', '0', '3', '0', '20150914112523', '20150914112523'), ('2740', '濮阳县', '248', '0', '3', '0', '20150914112523', '20150914112523'), ('2741', '范县', '248', '0', '3', '0', '20150914112523', '20150914112523'), ('2742', '禹州市', '249', '0', '3', '0', '20150914112523', '20150914112523'), ('2743', '襄城县', '249', '0', '3', '0', '20150914112523', '20150914112523'), ('2744', '许昌县', '249', '0', '3', '0', '20150914112523', '20150914112523'), ('2745', '鄢陵县', '249', '0', '3', '0', '20150914112523', '20150914112523'), ('2746', '长葛市', '249', '0', '3', '0', '20150914112523', '20150914112523'), ('2747', '魏都区', '249', '0', '3', '0', '20150914112523', '20150914112523'), ('2748', '临颍县', '250', '0', '3', '0', '20150914112523', '20150914112523'), ('2749', '召陵区', '250', '0', '3', '0', '20150914112523', '20150914112523'), ('2750', '源汇区', '250', '0', '3', '0', '20150914112523', '20150914112523'), ('2751', '舞阳县', '250', '0', '3', '0', '20150914112523', '20150914112523'), ('2752', '郾城区', '250', '0', '3', '0', '20150914112523', '20150914112523'), ('2753', '义马市', '251', '0', '3', '0', '20150914112523', '20150914112523'), ('2754', '卢氏县', '251', '0', '3', '0', '20150914112523', '20150914112523'), ('2755', '渑池县', '251', '0', '3', '0', '20150914112523', '20150914112523'), ('2756', '湖滨区', '251', '0', '3', '0', '20150914112523', '20150914112523'), ('2757', '灵宝市', '251', '0', '3', '0', '20150914112523', '20150914112523'), ('2758', '陕县', '251', '0', '3', '0', '20150914112523', '20150914112523'), ('2759', '内乡县', '252', '0', '3', '0', '20150914112523', '20150914112523'), ('2760', '南召县', '252', '0', '3', '0', '20150914112523', '20150914112523'), ('2761', '卧龙区', '252', '0', '3', '0', '20150914112523', '20150914112523'), ('2762', '唐河县', '252', '0', '3', '0', '20150914112523', '20150914112523'), ('2763', '宛城区', '252', '0', '3', '0', '20150914112523', '20150914112523'), ('2764', '新野县', '252', '0', '3', '0', '20150914112523', '20150914112523'), ('2765', '方城县', '252', '0', '3', '0', '20150914112523', '20150914112523'), ('2766', '桐柏县', '252', '0', '3', '0', '20150914112523', '20150914112523'), ('2767', '淅川县', '252', '0', '3', '0', '20150914112523', '20150914112523'), ('2768', '社旗县', '252', '0', '3', '0', '20150914112523', '20150914112523'), ('2769', '西峡县', '252', '0', '3', '0', '20150914112523', '20150914112523'), ('2770', '邓州市', '252', '0', '3', '0', '20150914112523', '20150914112523'), ('2771', '镇平县', '252', '0', '3', '0', '20150914112523', '20150914112523'), ('2772', '夏邑县', '253', '0', '3', '0', '20150914112523', '20150914112523'), ('2773', '宁陵县', '253', '0', '3', '0', '20150914112523', '20150914112523'), ('2774', '柘城县', '253', '0', '3', '0', '20150914112523', '20150914112523'), ('2775', '民权县', '253', '0', '3', '0', '20150914112523', '20150914112523'), ('2776', '永城市', '253', '0', '3', '0', '20150914112523', '20150914112523'), ('2777', '睢县', '253', '0', '3', '0', '20150914112523', '20150914112523'), ('2778', '睢阳区', '253', '0', '3', '0', '20150914112523', '20150914112523'), ('2779', '粱园区', '253', '0', '3', '0', '20150914112523', '20150914112523'), ('2780', '虞城县', '253', '0', '3', '0', '20150914112523', '20150914112523'), ('2781', '光山县', '254', '0', '3', '0', '20150914112523', '20150914112523'), ('2782', '商城县', '254', '0', '3', '0', '20150914112523', '20150914112523'), ('2783', '固始县', '254', '0', '3', '0', '20150914112523', '20150914112523'), ('2784', '平桥区', '254', '0', '3', '0', '20150914112523', '20150914112523'), ('2785', '息县', '254', '0', '3', '0', '20150914112523', '20150914112523'), ('2786', '新县', '254', '0', '3', '0', '20150914112523', '20150914112523'), ('2787', '浉河区', '254', '0', '3', '0', '20150914112523', '20150914112523'), ('2788', '淮滨县', '254', '0', '3', '0', '20150914112523', '20150914112523'), ('2789', '潢川县', '254', '0', '3', '0', '20150914112523', '20150914112523'), ('2790', '罗山县', '254', '0', '3', '0', '20150914112523', '20150914112523'), ('2791', '商水县', '255', '0', '3', '0', '20150914112523', '20150914112523'), ('2792', '太康县', '255', '0', '3', '0', '20150914112523', '20150914112523'), ('2793', '川汇区', '255', '0', '3', '0', '20150914112523', '20150914112523'), ('2794', '扶沟县', '255', '0', '3', '0', '20150914112523', '20150914112523'), ('2795', '沈丘县', '255', '0', '3', '0', '20150914112523', '20150914112523'), ('2796', '淮阳县', '255', '0', '3', '0', '20150914112523', '20150914112523'), ('2797', '西华县', '255', '0', '3', '0', '20150914112523', '20150914112523'), ('2798', '郸城县', '255', '0', '3', '0', '20150914112523', '20150914112523'), ('2799', '项城市', '255', '0', '3', '0', '20150914112523', '20150914112523'), ('2800', '鹿邑县', '255', '0', '3', '0', '20150914112523', '20150914112523'), ('2801', '上蔡县', '256', '0', '3', '0', '20150914112523', '20150914112523'), ('2802', '平舆县', '256', '0', '3', '0', '20150914112523', '20150914112523'), ('2803', '新蔡县', '256', '0', '3', '0', '20150914112523', '20150914112523'), ('2804', '正阳县', '256', '0', '3', '0', '20150914112523', '20150914112523'), ('2805', '汝南县', '256', '0', '3', '0', '20150914112523', '20150914112523'), ('2806', '泌阳县', '256', '0', '3', '0', '20150914112523', '20150914112523'), ('2807', '确山县', '256', '0', '3', '0', '20150914112523', '20150914112523'), ('2808', '西平县', '256', '0', '3', '0', '20150914112523', '20150914112523'), ('2809', '遂平县', '256', '0', '3', '0', '20150914112523', '20150914112523'), ('2810', '驿城区', '256', '0', '3', '0', '20150914112523', '20150914112523'), ('2811', '济源市', '257', '0', '3', '0', '20150914112523', '20150914112523'), ('2812', '东西湖区', '258', '0', '3', '0', '20150914112523', '20150914112523'), ('2813', '新洲区', '258', '0', '3', '0', '20150914112523', '20150914112523'), ('2814', '武昌区', '258', '0', '3', '0', '20150914112523', '20150914112523'), ('2815', '汉南区', '258', '0', '3', '0', '20150914112523', '20150914112523'), ('2816', '汉阳区', '258', '0', '3', '0', '20150914112523', '20150914112523'), ('2817', '江夏区', '258', '0', '3', '0', '20150914112523', '20150914112523'), ('2818', '江岸区', '258', '0', '3', '0', '20150914112523', '20150914112523'), ('2819', '江汉区', '258', '0', '3', '0', '20150914112523', '20150914112523'), ('2820', '洪山区', '258', '0', '3', '0', '20150914112523', '20150914112523'), ('2821', '硚口区', '258', '0', '3', '0', '20150914112523', '20150914112523'), ('2822', '蔡甸区', '258', '0', '3', '0', '20150914112523', '20150914112523'), ('2823', '青山区', '258', '0', '3', '0', '20150914112523', '20150914112523'), ('2824', '黄陂区', '258', '0', '3', '0', '20150914112523', '20150914112523'), ('2825', '下陆区', '259', '0', '3', '0', '20150914112523', '20150914112523'), ('2826', '大冶市', '259', '0', '3', '0', '20150914112523', '20150914112523'), ('2827', '西塞山区', '259', '0', '3', '0', '20150914112523', '20150914112523'), ('2828', '铁山区', '259', '0', '3', '0', '20150914112523', '20150914112523'), ('2829', '阳新县', '259', '0', '3', '0', '20150914112523', '20150914112523'), ('2830', '黄石港区', '259', '0', '3', '0', '20150914112523', '20150914112523'), ('2831', '丹江口市', '260', '0', '3', '0', '20150914112523', '20150914112523'), ('2832', '张湾区', '260', '0', '3', '0', '20150914112523', '20150914112523'), ('2833', '房县', '260', '0', '3', '0', '20150914112523', '20150914112523'), ('2834', '竹山县', '260', '0', '3', '0', '20150914112523', '20150914112523'), ('2835', '竹溪县', '260', '0', '3', '0', '20150914112523', '20150914112523'), ('2836', '茅箭区', '260', '0', '3', '0', '20150914112523', '20150914112523'), ('2837', '郧县', '260', '0', '3', '0', '20150914112523', '20150914112523'), ('2838', '郧西县', '260', '0', '3', '0', '20150914112523', '20150914112523'), ('2839', '五峰土家族自治县', '261', '0', '3', '0', '20150914112523', '20150914112523'), ('2840', '伍家岗区', '261', '0', '3', '0', '20150914112523', '20150914112523'), ('2841', '兴山县', '261', '0', '3', '0', '20150914112523', '20150914112523'), ('2842', '夷陵区', '261', '0', '3', '0', '20150914112523', '20150914112523'), ('2843', '宜都市', '261', '0', '3', '0', '20150914112523', '20150914112523'), ('2844', '当阳市', '261', '0', '3', '0', '20150914112523', '20150914112523'), ('2845', '枝江市', '261', '0', '3', '0', '20150914112523', '20150914112523'), ('2846', '点军区', '261', '0', '3', '0', '20150914112523', '20150914112523'), ('2847', '秭归县', '261', '0', '3', '0', '20150914112523', '20150914112523'), ('2848', '虢亭区', '261', '0', '3', '0', '20150914112523', '20150914112523'), ('2849', '西陵区', '261', '0', '3', '0', '20150914112523', '20150914112523'), ('2850', '远安县', '261', '0', '3', '0', '20150914112523', '20150914112523'), ('2851', '长阳土家族自治县', '261', '0', '3', '0', '20150914112523', '20150914112523'), ('2852', '保康县', '262', '0', '3', '0', '20150914112523', '20150914112523'), ('2853', '南漳县', '262', '0', '3', '0', '20150914112523', '20150914112523'), ('2854', '宜城市', '262', '0', '3', '0', '20150914112523', '20150914112523'), ('2855', '枣阳市', '262', '0', '3', '0', '20150914112523', '20150914112523'), ('2856', '樊城区', '262', '0', '3', '0', '20150914112523', '20150914112523'), ('2857', '老河口市', '262', '0', '3', '0', '20150914112523', '20150914112523'), ('2858', '襄城区', '262', '0', '3', '0', '20150914112523', '20150914112523'), ('2859', '襄阳区', '262', '0', '3', '0', '20150914112523', '20150914112523'), ('2860', '谷城县', '262', '0', '3', '0', '20150914112523', '20150914112523'), ('2861', '华容区', '263', '0', '3', '0', '20150914112523', '20150914112523'), ('2862', '粱子湖', '263', '0', '3', '0', '20150914112523', '20150914112523'), ('2863', '鄂城区', '263', '0', '3', '0', '20150914112523', '20150914112523'), ('2864', '东宝区', '264', '0', '3', '0', '20150914112523', '20150914112523'), ('2865', '京山县', '264', '0', '3', '0', '20150914112523', '20150914112523'), ('2866', '掇刀区', '264', '0', '3', '0', '20150914112523', '20150914112523'), ('2867', '沙洋县', '264', '0', '3', '0', '20150914112523', '20150914112523'), ('2868', '钟祥市', '264', '0', '3', '0', '20150914112523', '20150914112523'), ('2869', '云梦县', '265', '0', '3', '0', '20150914112523', '20150914112523'), ('2870', '大悟县', '265', '0', '3', '0', '20150914112523', '20150914112523'), ('2871', '孝南区', '265', '0', '3', '0', '20150914112523', '20150914112523'), ('2872', '孝昌县', '265', '0', '3', '0', '20150914112523', '20150914112523'), ('2873', '安陆市', '265', '0', '3', '0', '20150914112523', '20150914112523'), ('2874', '应城市', '265', '0', '3', '0', '20150914112523', '20150914112523'), ('2875', '汉川市', '265', '0', '3', '0', '20150914112523', '20150914112523'), ('2876', '公安县', '266', '0', '3', '0', '20150914112523', '20150914112523'), ('2877', '松滋市', '266', '0', '3', '0', '20150914112523', '20150914112523'), ('2878', '江陵县', '266', '0', '3', '0', '20150914112523', '20150914112523'), ('2879', '沙市区', '266', '0', '3', '0', '20150914112523', '20150914112523'), ('2880', '洪湖市', '266', '0', '3', '0', '20150914112523', '20150914112523'), ('2881', '监利县', '266', '0', '3', '0', '20150914112523', '20150914112523'), ('2882', '石首市', '266', '0', '3', '0', '20150914112523', '20150914112523'), ('2883', '荆州区', '266', '0', '3', '0', '20150914112523', '20150914112523'), ('2884', '团风县', '267', '0', '3', '0', '20150914112523', '20150914112523'), ('2885', '武穴市', '267', '0', '3', '0', '20150914112523', '20150914112523'), ('2886', '浠水县', '267', '0', '3', '0', '20150914112523', '20150914112523'), ('2887', '红安县', '267', '0', '3', '0', '20150914112523', '20150914112523'), ('2888', '罗田县', '267', '0', '3', '0', '20150914112523', '20150914112523'), ('2889', '英山县', '267', '0', '3', '0', '20150914112523', '20150914112523'), ('2890', '蕲春县', '267', '0', '3', '0', '20150914112523', '20150914112523'), ('2891', '麻城市', '267', '0', '3', '0', '20150914112523', '20150914112523'), ('2892', '黄州区', '267', '0', '3', '0', '20150914112523', '20150914112523'), ('2893', '黄梅县', '267', '0', '3', '0', '20150914112523', '20150914112523'), ('2894', '咸安区', '268', '0', '3', '0', '20150914112523', '20150914112523'), ('2895', '嘉鱼县', '268', '0', '3', '0', '20150914112523', '20150914112523'), ('2896', '崇阳县', '268', '0', '3', '0', '20150914112523', '20150914112523'), ('2897', '赤壁市', '268', '0', '3', '0', '20150914112523', '20150914112523'), ('2898', '通城县', '268', '0', '3', '0', '20150914112523', '20150914112523'), ('2899', '通山县', '268', '0', '3', '0', '20150914112523', '20150914112523'), ('2900', '广水市', '269', '0', '3', '0', '20150914112523', '20150914112523'), ('2901', '曾都区', '269', '0', '3', '0', '20150914112523', '20150914112523'), ('2902', '利川市', '270', '0', '3', '0', '20150914112523', '20150914112523'), ('2903', '咸丰县', '270', '0', '3', '0', '20150914112523', '20150914112523'), ('2904', '宣恩县', '270', '0', '3', '0', '20150914112523', '20150914112523'), ('2905', '巴东县', '270', '0', '3', '0', '20150914112523', '20150914112523'), ('2906', '建始县', '270', '0', '3', '0', '20150914112523', '20150914112523'), ('2907', '恩施市', '270', '0', '3', '0', '20150914112523', '20150914112523'), ('2908', '来凤县', '270', '0', '3', '0', '20150914112523', '20150914112523'), ('2909', '鹤峰县', '270', '0', '3', '0', '20150914112523', '20150914112523'), ('2910', '仙桃市', '271', '0', '3', '0', '20150914112523', '20150914112523'), ('2911', '潜江市', '272', '0', '3', '0', '20150914112523', '20150914112523'), ('2912', '天门市', '273', '0', '3', '0', '20150914112523', '20150914112523'), ('2913', '神农架林区', '274', '0', '3', '0', '20150914112523', '20150914112523'), ('2914', '天心区', '275', '0', '3', '0', '20150914112523', '20150914112523'), ('2915', '宁乡县', '275', '0', '3', '0', '20150914112523', '20150914112523'), ('2916', '岳麓区', '275', '0', '3', '0', '20150914112523', '20150914112523'), ('2917', '开福区', '275', '0', '3', '0', '20150914112523', '20150914112523'), ('2918', '望城县', '275', '0', '3', '0', '20150914112523', '20150914112523'), ('2919', '浏阳市', '275', '0', '3', '0', '20150914112523', '20150914112523'), ('2920', '芙蓉区', '275', '0', '3', '0', '20150914112523', '20150914112523'), ('2921', '长沙县', '275', '0', '3', '0', '20150914112523', '20150914112523'), ('2922', '雨花区', '275', '0', '3', '0', '20150914112523', '20150914112523'), ('2923', '天元区', '276', '0', '3', '0', '20150914112523', '20150914112523'), ('2924', '攸县', '276', '0', '3', '0', '20150914112523', '20150914112523'), ('2925', '株洲县', '276', '0', '3', '0', '20150914112523', '20150914112523'), ('2926', '炎陵县', '276', '0', '3', '0', '20150914112523', '20150914112523'), ('2927', '石峰区', '276', '0', '3', '0', '20150914112523', '20150914112523'), ('2928', '芦淞区', '276', '0', '3', '0', '20150914112523', '20150914112523'), ('2929', '茶陵县', '276', '0', '3', '0', '20150914112523', '20150914112523'), ('2930', '荷塘区', '276', '0', '3', '0', '20150914112523', '20150914112523'), ('2931', '醴陵市', '276', '0', '3', '0', '20150914112523', '20150914112523'), ('2932', '岳塘区', '277', '0', '3', '0', '20150914112523', '20150914112523'), ('2933', '湘乡市', '277', '0', '3', '0', '20150914112523', '20150914112523'), ('2934', '湘潭县', '277', '0', '3', '0', '20150914112523', '20150914112523'), ('2935', '雨湖区', '277', '0', '3', '0', '20150914112523', '20150914112523'), ('2936', '韶山市', '277', '0', '3', '0', '20150914112523', '20150914112523'), ('2937', '南岳区', '278', '0', '3', '0', '20150914112523', '20150914112523'), ('2938', '常宁市', '278', '0', '3', '0', '20150914112523', '20150914112523'), ('2939', '珠晖区', '278', '0', '3', '0', '20150914112523', '20150914112523'), ('2940', '石鼓区', '278', '0', '3', '0', '20150914112523', '20150914112523'), ('2941', '祁东县', '278', '0', '3', '0', '20150914112523', '20150914112523'), ('2942', '耒阳市', '278', '0', '3', '0', '20150914112523', '20150914112523'), ('2943', '蒸湘区', '278', '0', '3', '0', '20150914112523', '20150914112523'), ('2944', '衡东县', '278', '0', '3', '0', '20150914112523', '20150914112523'), ('2945', '衡南县', '278', '0', '3', '0', '20150914112523', '20150914112523'), ('2946', '衡山县', '278', '0', '3', '0', '20150914112523', '20150914112523'), ('2947', '衡阳县', '278', '0', '3', '0', '20150914112523', '20150914112523'), ('2948', '雁峰区', '278', '0', '3', '0', '20150914112523', '20150914112523'), ('2949', '北塔区', '279', '0', '3', '0', '20150914112523', '20150914112523'), ('2950', '双清区', '279', '0', '3', '0', '20150914112523', '20150914112523'), ('2951', '城步苗族自治县', '279', '0', '3', '0', '20150914112523', '20150914112523'), ('2952', '大祥区', '279', '0', '3', '0', '20150914112523', '20150914112523'), ('2953', '新宁县', '279', '0', '3', '0', '20150914112523', '20150914112523'), ('2954', '新邵县', '279', '0', '3', '0', '20150914112523', '20150914112523'), ('2955', '武冈市', '279', '0', '3', '0', '20150914112523', '20150914112523'), ('2956', '洞口县', '279', '0', '3', '0', '20150914112523', '20150914112523'), ('2957', '绥宁县', '279', '0', '3', '0', '20150914112523', '20150914112523'), ('2958', '邵东县', '279', '0', '3', '0', '20150914112523', '20150914112523'), ('2959', '邵阳县', '279', '0', '3', '0', '20150914112523', '20150914112523'), ('2960', '隆回县', '279', '0', '3', '0', '20150914112523', '20150914112523'), ('2961', '临湘市', '280', '0', '3', '0', '20150914112523', '20150914112523'), ('2962', '云溪区', '280', '0', '3', '0', '20150914112523', '20150914112523'), ('2963', '华容县', '280', '0', '3', '0', '20150914112523', '20150914112523'), ('2964', '君山区', '280', '0', '3', '0', '20150914112523', '20150914112523'), ('2965', '岳阳县', '280', '0', '3', '0', '20150914112523', '20150914112523'), ('2966', '岳阳楼区', '280', '0', '3', '0', '20150914112523', '20150914112523'), ('2967', '平江县', '280', '0', '3', '0', '20150914112523', '20150914112523'), ('2968', '汨罗市', '280', '0', '3', '0', '20150914112523', '20150914112523'), ('2969', '湘阴县', '280', '0', '3', '0', '20150914112523', '20150914112523'), ('2970', '临澧县', '281', '0', '3', '0', '20150914112523', '20150914112523'), ('2971', '安乡县', '281', '0', '3', '0', '20150914112523', '20150914112523'), ('2972', '桃源县', '281', '0', '3', '0', '20150914112523', '20150914112523'), ('2973', '武陵区', '281', '0', '3', '0', '20150914112523', '20150914112523'), ('2974', '汉寿县', '281', '0', '3', '0', '20150914112523', '20150914112523'), ('2975', '津市市', '281', '0', '3', '0', '20150914112523', '20150914112523'), ('2976', '澧县', '281', '0', '3', '0', '20150914112523', '20150914112523'), ('2977', '石门县', '281', '0', '3', '0', '20150914112523', '20150914112523'), ('2978', '鼎城区', '281', '0', '3', '0', '20150914112523', '20150914112523'), ('2979', '慈利县', '282', '0', '3', '0', '20150914112523', '20150914112523'), ('2980', '桑植县', '282', '0', '3', '0', '20150914112523', '20150914112523'), ('2981', '武陵源区', '282', '0', '3', '0', '20150914112523', '20150914112523'), ('2982', '永定区', '282', '0', '3', '0', '20150914112523', '20150914112523'), ('2983', '南县', '283', '0', '3', '0', '20150914112523', '20150914112523'), ('2984', '安化县', '283', '0', '3', '0', '20150914112523', '20150914112523'), ('2985', '桃江县', '283', '0', '3', '0', '20150914112523', '20150914112523'), ('2986', '沅江市', '283', '0', '3', '0', '20150914112523', '20150914112523'), ('2987', '资阳区', '283', '0', '3', '0', '20150914112523', '20150914112523'), ('2988', '赫山区', '283', '0', '3', '0', '20150914112523', '20150914112523'), ('2989', '临武县', '284', '0', '3', '0', '20150914112523', '20150914112523'), ('2990', '北湖区', '284', '0', '3', '0', '20150914112523', '20150914112523'), ('2991', '嘉禾县', '284', '0', '3', '0', '20150914112523', '20150914112523'), ('2992', '安仁县', '284', '0', '3', '0', '20150914112523', '20150914112523'), ('2993', '宜章县', '284', '0', '3', '0', '20150914112523', '20150914112523'), ('2994', '桂东县', '284', '0', '3', '0', '20150914112523', '20150914112523'), ('2995', '桂阳县', '284', '0', '3', '0', '20150914112523', '20150914112523'), ('2996', '永兴县', '284', '0', '3', '0', '20150914112523', '20150914112523'), ('2997', '汝城县', '284', '0', '3', '0', '20150914112523', '20150914112523'), ('2998', '苏仙区', '284', '0', '3', '0', '20150914112523', '20150914112523'), ('2999', '资兴市', '284', '0', '3', '0', '20150914112523', '20150914112523'), ('3000', '东安县', '285', '0', '3', '0', '20150914112523', '20150914112523'), ('3001', '冷水滩区', '285', '0', '3', '0', '20150914112523', '20150914112523'), ('3002', '双牌县', '285', '0', '3', '0', '20150914112523', '20150914112523'), ('3003', '宁远县', '285', '0', '3', '0', '20150914112523', '20150914112523'), ('3004', '新田县', '285', '0', '3', '0', '20150914112523', '20150914112523'), ('3005', '江华瑶族自治县', '285', '0', '3', '0', '20150914112523', '20150914112523'), ('3006', '江永县', '285', '0', '3', '0', '20150914112523', '20150914112523'), ('3007', '祁阳县', '285', '0', '3', '0', '20150914112523', '20150914112523'), ('3008', '蓝山县', '285', '0', '3', '0', '20150914112523', '20150914112523'), ('3009', '道县', '285', '0', '3', '0', '20150914112523', '20150914112523'), ('3010', '零陵区', '285', '0', '3', '0', '20150914112523', '20150914112523'), ('3011', '中方县', '286', '0', '3', '0', '20150914112523', '20150914112523'), ('3012', '会同县', '286', '0', '3', '0', '20150914112523', '20150914112523'), ('3013', '新晃侗族自治县', '286', '0', '3', '0', '20150914112523', '20150914112523'), ('3014', '沅陵县', '286', '0', '3', '0', '20150914112523', '20150914112523'), ('3015', '洪江市/洪江区', '286', '0', '3', '0', '20150914112523', '20150914112523'), ('3016', '溆浦县', '286', '0', '3', '0', '20150914112523', '20150914112523'), ('3017', '芷江侗族自治县', '286', '0', '3', '0', '20150914112523', '20150914112523'), ('3018', '辰溪县', '286', '0', '3', '0', '20150914112523', '20150914112523'), ('3019', '通道侗族自治县', '286', '0', '3', '0', '20150914112523', '20150914112523'), ('3020', '靖州苗族侗族自治县', '286', '0', '3', '0', '20150914112523', '20150914112523'), ('3021', '鹤城区', '286', '0', '3', '0', '20150914112523', '20150914112523'), ('3022', '麻阳苗族自治县', '286', '0', '3', '0', '20150914112523', '20150914112523'), ('3023', '冷水江市', '287', '0', '3', '0', '20150914112523', '20150914112523'), ('3024', '双峰县', '287', '0', '3', '0', '20150914112523', '20150914112523'), ('3025', '娄星区', '287', '0', '3', '0', '20150914112523', '20150914112523'), ('3026', '新化县', '287', '0', '3', '0', '20150914112523', '20150914112523'), ('3027', '涟源市', '287', '0', '3', '0', '20150914112523', '20150914112523'), ('3028', '保靖县', '288', '0', '3', '0', '20150914112523', '20150914112523'), ('3029', '凤凰县', '288', '0', '3', '0', '20150914112523', '20150914112523'), ('3030', '古丈县', '288', '0', '3', '0', '20150914112523', '20150914112523'), ('3031', '吉首市', '288', '0', '3', '0', '20150914112523', '20150914112523'), ('3032', '永顺县', '288', '0', '3', '0', '20150914112523', '20150914112523'), ('3033', '泸溪县', '288', '0', '3', '0', '20150914112523', '20150914112523'), ('3034', '花垣县', '288', '0', '3', '0', '20150914112523', '20150914112523'), ('3035', '龙山县', '288', '0', '3', '0', '20150914112523', '20150914112523'), ('3036', '萝岗区', '289', '0', '3', '0', '20150914112523', '20150914112523'), ('3037', '南沙区', '289', '0', '3', '0', '20150914112523', '20150914112523'), ('3038', '从化市', '289', '0', '3', '0', '20150914112523', '20150914112523'), ('3039', '增城市', '289', '0', '3', '0', '20150914112523', '20150914112523'), ('3040', '天河区', '289', '0', '3', '0', '20150914112523', '20150914112523'), ('3041', '海珠区', '289', '0', '3', '0', '20150914112523', '20150914112523'), ('3042', '番禺区', '289', '0', '3', '0', '20150914112523', '20150914112523'), ('3043', '白云区', '289', '0', '3', '0', '20150914112523', '20150914112523'), ('3044', '花都区', '289', '0', '3', '0', '20150914112523', '20150914112523'), ('3045', '荔湾区', '289', '0', '3', '0', '20150914112523', '20150914112523'), ('3046', '越秀区', '289', '0', '3', '0', '20150914112523', '20150914112523'), ('3047', '黄埔区', '289', '0', '3', '0', '20150914112523', '20150914112523'), ('3048', '乐昌市', '290', '0', '3', '0', '20150914112523', '20150914112523'), ('3049', '乳源瑶族自治县', '290', '0', '3', '0', '20150914112523', '20150914112523'), ('3050', '仁化县', '290', '0', '3', '0', '20150914112523', '20150914112523'), ('3051', '南雄市', '290', '0', '3', '0', '20150914112523', '20150914112523'), ('3052', '始兴县', '290', '0', '3', '0', '20150914112523', '20150914112523'), ('3053', '新丰县', '290', '0', '3', '0', '20150914112523', '20150914112523'), ('3054', '曲江区', '290', '0', '3', '0', '20150914112523', '20150914112523'), ('3055', '武江区', '290', '0', '3', '0', '20150914112523', '20150914112523'), ('3056', '浈江区', '290', '0', '3', '0', '20150914112523', '20150914112523'), ('3057', '翁源县', '290', '0', '3', '0', '20150914112523', '20150914112523'), ('3058', '南山区', '291', '0', '3', '0', '20150914112523', '20150914112523'), ('3059', '宝安区', '291', '0', '3', '0', '20150914112523', '20150914112523'), ('3060', '盐田区', '291', '0', '3', '0', '20150914112523', '20150914112523'), ('3061', '福田区', '291', '0', '3', '0', '20150914112523', '20150914112523'), ('3062', '罗湖区', '291', '0', '3', '0', '20150914112523', '20150914112523'), ('3063', '龙岗区', '291', '0', '3', '0', '20150914112523', '20150914112523'), ('3064', '斗门区', '292', '0', '3', '0', '20150914112523', '20150914112523'), ('3065', '金湾区', '292', '0', '3', '0', '20150914112523', '20150914112523'), ('3066', '香洲区', '292', '0', '3', '0', '20150914112523', '20150914112523'), ('3067', '南澳县', '293', '0', '3', '0', '20150914112523', '20150914112523'), ('3068', '潮南区', '293', '0', '3', '0', '20150914112523', '20150914112523'), ('3069', '潮阳区', '293', '0', '3', '0', '20150914112523', '20150914112523'), ('3070', '澄海区', '293', '0', '3', '0', '20150914112523', '20150914112523'), ('3071', '濠江区', '293', '0', '3', '0', '20150914112523', '20150914112523'), ('3072', '金平区', '293', '0', '3', '0', '20150914112523', '20150914112523'), ('3073', '龙湖区', '293', '0', '3', '0', '20150914112523', '20150914112523'), ('3074', '三水区', '294', '0', '3', '0', '20150914112523', '20150914112523'), ('3075', '南海区', '294', '0', '3', '0', '20150914112523', '20150914112523'), ('3076', '禅城区', '294', '0', '3', '0', '20150914112523', '20150914112523'), ('3077', '顺德区', '294', '0', '3', '0', '20150914112523', '20150914112523'), ('3078', '高明区', '294', '0', '3', '0', '20150914112523', '20150914112523'), ('3079', '台山市', '295', '0', '3', '0', '20150914112523', '20150914112523'), ('3080', '开平市', '295', '0', '3', '0', '20150914112523', '20150914112523'), ('3081', '恩平市', '295', '0', '3', '0', '20150914112523', '20150914112523'), ('3082', '新会区', '295', '0', '3', '0', '20150914112523', '20150914112523'), ('3083', '江海区', '295', '0', '3', '0', '20150914112523', '20150914112523'), ('3084', '蓬江区', '295', '0', '3', '0', '20150914112523', '20150914112523'), ('3085', '鹤山市', '295', '0', '3', '0', '20150914112523', '20150914112523'), ('3086', '吴川市', '296', '0', '3', '0', '20150914112523', '20150914112523'), ('3087', '坡头区', '296', '0', '3', '0', '20150914112523', '20150914112523'), ('3088', '廉江市', '296', '0', '3', '0', '20150914112523', '20150914112523'), ('3089', '徐闻县', '296', '0', '3', '0', '20150914112523', '20150914112523'), ('3090', '赤坎区', '296', '0', '3', '0', '20150914112523', '20150914112523'), ('3091', '遂溪县', '296', '0', '3', '0', '20150914112523', '20150914112523'), ('3092', '雷州市', '296', '0', '3', '0', '20150914112523', '20150914112523'), ('3093', '霞山区', '296', '0', '3', '0', '20150914112523', '20150914112523'), ('3094', '麻章区', '296', '0', '3', '0', '20150914112523', '20150914112523'), ('3095', '信宜市', '297', '0', '3', '0', '20150914112523', '20150914112523'), ('3096', '化州市', '297', '0', '3', '0', '20150914112523', '20150914112523'), ('3097', '电白县', '297', '0', '3', '0', '20150914112523', '20150914112523'), ('3098', '茂南区', '297', '0', '3', '0', '20150914112523', '20150914112523'), ('3099', '茂港区', '297', '0', '3', '0', '20150914112523', '20150914112523'), ('3100', '高州市', '297', '0', '3', '0', '20150914112523', '20150914112523'), ('3101', '四会市', '298', '0', '3', '0', '20150914112523', '20150914112523'), ('3102', '封开县', '298', '0', '3', '0', '20150914112523', '20150914112523'), ('3103', '广宁县', '298', '0', '3', '0', '20150914112523', '20150914112523'), ('3104', '德庆县', '298', '0', '3', '0', '20150914112523', '20150914112523'), ('3105', '怀集县', '298', '0', '3', '0', '20150914112523', '20150914112523'), ('3106', '端州区', '298', '0', '3', '0', '20150914112523', '20150914112523'), ('3107', '高要市', '298', '0', '3', '0', '20150914112523', '20150914112523'), ('3108', '鼎湖区', '298', '0', '3', '0', '20150914112523', '20150914112523'), ('3109', '博罗县', '299', '0', '3', '0', '20150914112523', '20150914112523'), ('3110', '惠东县', '299', '0', '3', '0', '20150914112523', '20150914112523'), ('3111', '惠城区', '299', '0', '3', '0', '20150914112523', '20150914112523'), ('3112', '惠阳区', '299', '0', '3', '0', '20150914112523', '20150914112523'), ('3113', '龙门县', '299', '0', '3', '0', '20150914112523', '20150914112523'), ('3114', '丰顺县', '300', '0', '3', '0', '20150914112523', '20150914112523'), ('3115', '五华县', '300', '0', '3', '0', '20150914112523', '20150914112523'), ('3116', '兴宁市', '300', '0', '3', '0', '20150914112523', '20150914112523'), ('3117', '大埔县', '300', '0', '3', '0', '20150914112523', '20150914112523'), ('3118', '平远县', '300', '0', '3', '0', '20150914112523', '20150914112523'), ('3119', '梅县', '300', '0', '3', '0', '20150914112523', '20150914112523'), ('3120', '梅江区', '300', '0', '3', '0', '20150914112523', '20150914112523'), ('3121', '蕉岭县', '300', '0', '3', '0', '20150914112523', '20150914112523'), ('3122', '城区', '301', '0', '3', '0', '20150914112523', '20150914112523'), ('3123', '海丰县', '301', '0', '3', '0', '20150914112523', '20150914112523'), ('3124', '陆丰市', '301', '0', '3', '0', '20150914112523', '20150914112523'), ('3125', '陆河县', '301', '0', '3', '0', '20150914112523', '20150914112523'), ('3126', '东源县', '302', '0', '3', '0', '20150914112523', '20150914112523'), ('3127', '和平县', '302', '0', '3', '0', '20150914112523', '20150914112523'), ('3128', '源城区', '302', '0', '3', '0', '20150914112523', '20150914112523'), ('3129', '紫金县', '302', '0', '3', '0', '20150914112523', '20150914112523'), ('3130', '连平县', '302', '0', '3', '0', '20150914112523', '20150914112523'), ('3131', '龙川县', '302', '0', '3', '0', '20150914112523', '20150914112523'), ('3132', '江城区', '303', '0', '3', '0', '20150914112523', '20150914112523'), ('3133', '阳东县', '303', '0', '3', '0', '20150914112523', '20150914112523'), ('3134', '阳春市', '303', '0', '3', '0', '20150914112523', '20150914112523'), ('3135', '阳西县', '303', '0', '3', '0', '20150914112523', '20150914112523'), ('3136', '佛冈县', '304', '0', '3', '0', '20150914112523', '20150914112523'), ('3137', '清城区', '304', '0', '3', '0', '20150914112523', '20150914112523'), ('3138', '清新县', '304', '0', '3', '0', '20150914112523', '20150914112523'), ('3139', '英德市', '304', '0', '3', '0', '20150914112523', '20150914112523'), ('3140', '连南瑶族自治县', '304', '0', '3', '0', '20150914112523', '20150914112523'), ('3141', '连山壮族瑶族自治县', '304', '0', '3', '0', '20150914112523', '20150914112523'), ('3142', '连州市', '304', '0', '3', '0', '20150914112523', '20150914112523'), ('3143', '阳山县', '304', '0', '3', '0', '20150914112523', '20150914112523'), ('3144', '东莞市', '305', '0', '3', '0', '20150914112523', '20150914112523'), ('3145', '中山市', '306', '0', '3', '0', '20150914112523', '20150914112523'), ('3146', '湘桥区', '307', '0', '3', '0', '20150914112523', '20150914112523'), ('3147', '潮安县', '307', '0', '3', '0', '20150914112523', '20150914112523'), ('3148', '饶平县', '307', '0', '3', '0', '20150914112523', '20150914112523'), ('3149', '惠来县', '308', '0', '3', '0', '20150914112523', '20150914112523'), ('3150', '揭东县', '308', '0', '3', '0', '20150914112523', '20150914112523'), ('3151', '揭西县', '308', '0', '3', '0', '20150914112523', '20150914112523'), ('3152', '普宁市', '308', '0', '3', '0', '20150914112523', '20150914112523'), ('3153', '榕城区', '308', '0', '3', '0', '20150914112523', '20150914112523'), ('3154', '云城区', '309', '0', '3', '0', '20150914112523', '20150914112523'), ('3155', '云安县', '309', '0', '3', '0', '20150914112523', '20150914112523'), ('3156', '新兴县', '309', '0', '3', '0', '20150914112523', '20150914112523'), ('3157', '罗定市', '309', '0', '3', '0', '20150914112523', '20150914112523'), ('3158', '郁南县', '309', '0', '3', '0', '20150914112523', '20150914112523'), ('3159', '上林县', '310', '0', '3', '0', '20150914112523', '20150914112523'), ('3160', '兴宁区', '310', '0', '3', '0', '20150914112523', '20150914112523'), ('3161', '宾阳县', '310', '0', '3', '0', '20150914112523', '20150914112523'), ('3162', '横县', '310', '0', '3', '0', '20150914112523', '20150914112523'), ('3163', '武鸣县', '310', '0', '3', '0', '20150914112523', '20150914112523'), ('3164', '江南区', '310', '0', '3', '0', '20150914112523', '20150914112523'), ('3165', '良庆区', '310', '0', '3', '0', '20150914112523', '20150914112523'), ('3166', '西乡塘区', '310', '0', '3', '0', '20150914112523', '20150914112523'), ('3167', '邕宁区', '310', '0', '3', '0', '20150914112523', '20150914112523'), ('3168', '隆安县', '310', '0', '3', '0', '20150914112523', '20150914112523'), ('3169', '青秀区', '310', '0', '3', '0', '20150914112523', '20150914112523'), ('3170', '马山县', '310', '0', '3', '0', '20150914112523', '20150914112523'), ('3171', '三江侗族自治县', '311', '0', '3', '0', '20150914112523', '20150914112523'), ('3172', '城中区', '311', '0', '3', '0', '20150914112523', '20150914112523'), ('3173', '柳北区', '311', '0', '3', '0', '20150914112523', '20150914112523'), ('3174', '柳南区', '311', '0', '3', '0', '20150914112523', '20150914112523'), ('3175', '柳城县', '311', '0', '3', '0', '20150914112523', '20150914112523'), ('3176', '柳江县', '311', '0', '3', '0', '20150914112523', '20150914112523'), ('3177', '融安县', '311', '0', '3', '0', '20150914112523', '20150914112523'), ('3178', '融水苗族自治县', '311', '0', '3', '0', '20150914112523', '20150914112523'), ('3179', '鱼峰区', '311', '0', '3', '0', '20150914112523', '20150914112523'), ('3180', '鹿寨县', '311', '0', '3', '0', '20150914112523', '20150914112523'), ('3181', '七星区', '312', '0', '3', '0', '20150914112523', '20150914112523'), ('3182', '临桂县', '312', '0', '3', '0', '20150914112523', '20150914112523'), ('3183', '全州县', '312', '0', '3', '0', '20150914112523', '20150914112523'), ('3184', '兴安县', '312', '0', '3', '0', '20150914112523', '20150914112523'), ('3185', '叠彩区', '312', '0', '3', '0', '20150914112523', '20150914112523'), ('3186', '平乐县', '312', '0', '3', '0', '20150914112523', '20150914112523'), ('3187', '恭城瑶族自治县', '312', '0', '3', '0', '20150914112523', '20150914112523'), ('3188', '永福县', '312', '0', '3', '0', '20150914112523', '20150914112523'), ('3189', '灌阳县', '312', '0', '3', '0', '20150914112523', '20150914112523'), ('3190', '灵川县', '312', '0', '3', '0', '20150914112523', '20150914112523'), ('3191', '秀峰区', '312', '0', '3', '0', '20150914112523', '20150914112523'), ('3192', '荔浦县', '312', '0', '3', '0', '20150914112523', '20150914112523'), ('3193', '象山区', '312', '0', '3', '0', '20150914112523', '20150914112523'), ('3194', '资源县', '312', '0', '3', '0', '20150914112523', '20150914112523'), ('3195', '阳朔县', '312', '0', '3', '0', '20150914112523', '20150914112523'), ('3196', '雁山区', '312', '0', '3', '0', '20150914112523', '20150914112523'), ('3197', '龙胜各族自治县', '312', '0', '3', '0', '20150914112523', '20150914112523'), ('3198', '万秀区', '313', '0', '3', '0', '20150914112523', '20150914112523'), ('3199', '岑溪市', '313', '0', '3', '0', '20150914112523', '20150914112523'), ('3200', '苍梧县', '313', '0', '3', '0', '20150914112523', '20150914112523'), ('3201', '蒙山县', '313', '0', '3', '0', '20150914112523', '20150914112523'), ('3202', '藤县', '313', '0', '3', '0', '20150914112523', '20150914112523'), ('3203', '蝶山区', '313', '0', '3', '0', '20150914112523', '20150914112523'), ('3204', '长洲区', '313', '0', '3', '0', '20150914112523', '20150914112523'), ('3205', '合浦县', '314', '0', '3', '0', '20150914112523', '20150914112523'), ('3206', '海城区', '314', '0', '3', '0', '20150914112523', '20150914112523'), ('3207', '铁山港区', '314', '0', '3', '0', '20150914112523', '20150914112523'), ('3208', '银海区', '314', '0', '3', '0', '20150914112523', '20150914112523'), ('3209', '上思县', '315', '0', '3', '0', '20150914112523', '20150914112523'), ('3210', '东兴市', '315', '0', '3', '0', '20150914112523', '20150914112523'), ('3211', '港口区', '315', '0', '3', '0', '20150914112523', '20150914112523'), ('3212', '防城区', '315', '0', '3', '0', '20150914112523', '20150914112523'), ('3213', '浦北县', '316', '0', '3', '0', '20150914112523', '20150914112523'), ('3214', '灵山县', '316', '0', '3', '0', '20150914112523', '20150914112523'), ('3215', '钦北区', '316', '0', '3', '0', '20150914112523', '20150914112523'), ('3216', '钦南区', '316', '0', '3', '0', '20150914112523', '20150914112523'), ('3217', '平南县', '317', '0', '3', '0', '20150914112523', '20150914112523'), ('3218', '桂平市', '317', '0', '3', '0', '20150914112523', '20150914112523'), ('3219', '港北区', '317', '0', '3', '0', '20150914112523', '20150914112523'), ('3220', '港南区', '317', '0', '3', '0', '20150914112523', '20150914112523'), ('3221', '覃塘区', '317', '0', '3', '0', '20150914112523', '20150914112523'), ('3222', '兴业县', '318', '0', '3', '0', '20150914112523', '20150914112523'), ('3223', '北流市', '318', '0', '3', '0', '20150914112523', '20150914112523'), ('3224', '博白县', '318', '0', '3', '0', '20150914112523', '20150914112523'), ('3225', '容县', '318', '0', '3', '0', '20150914112523', '20150914112523'), ('3226', '玉州区', '318', '0', '3', '0', '20150914112523', '20150914112523'), ('3227', '陆川县', '318', '0', '3', '0', '20150914112523', '20150914112523'), ('3228', '乐业县', '319', '0', '3', '0', '20150914112523', '20150914112523'), ('3229', '凌云县', '319', '0', '3', '0', '20150914112523', '20150914112523'), ('3230', '右江区', '319', '0', '3', '0', '20150914112523', '20150914112523'), ('3231', '平果县', '319', '0', '3', '0', '20150914112523', '20150914112523'), ('3232', '德保县', '319', '0', '3', '0', '20150914112523', '20150914112523'), ('3233', '田东县', '319', '0', '3', '0', '20150914112523', '20150914112523'), ('3234', '田林县', '319', '0', '3', '0', '20150914112523', '20150914112523'), ('3235', '田阳县', '319', '0', '3', '0', '20150914112523', '20150914112523'), ('3236', '西林县', '319', '0', '3', '0', '20150914112523', '20150914112523'), ('3237', '那坡县', '319', '0', '3', '0', '20150914112523', '20150914112523'), ('3238', '隆林各族自治县', '319', '0', '3', '0', '20150914112523', '20150914112523'), ('3239', '靖西县', '319', '0', '3', '0', '20150914112523', '20150914112523'), ('3240', '八步区', '320', '0', '3', '0', '20150914112523', '20150914112523'), ('3241', '富川瑶族自治县', '320', '0', '3', '0', '20150914112523', '20150914112523'), ('3242', '昭平县', '320', '0', '3', '0', '20150914112523', '20150914112523'), ('3243', '钟山县', '320', '0', '3', '0', '20150914112523', '20150914112523'), ('3244', '东兰县', '321', '0', '3', '0', '20150914112523', '20150914112523'), ('3245', '凤山县', '321', '0', '3', '0', '20150914112523', '20150914112523'), ('3246', '南丹县', '321', '0', '3', '0', '20150914112523', '20150914112523'), ('3247', '大化瑶族自治县', '321', '0', '3', '0', '20150914112523', '20150914112523'), ('3248', '天峨县', '321', '0', '3', '0', '20150914112523', '20150914112523'), ('3249', '宜州市', '321', '0', '3', '0', '20150914112523', '20150914112523'), ('3250', '巴马瑶族自治县', '321', '0', '3', '0', '20150914112523', '20150914112523'), ('3251', '环江毛南族自治县', '321', '0', '3', '0', '20150914112523', '20150914112523'), ('3252', '罗城仫佬族自治县', '321', '0', '3', '0', '20150914112523', '20150914112523'), ('3253', '都安瑶族自治县', '321', '0', '3', '0', '20150914112523', '20150914112523'), ('3254', '金城江区', '321', '0', '3', '0', '20150914112523', '20150914112523'), ('3255', '兴宾区', '322', '0', '3', '0', '20150914112523', '20150914112523'), ('3256', '合山市', '322', '0', '3', '0', '20150914112523', '20150914112523'), ('3257', '忻城县', '322', '0', '3', '0', '20150914112523', '20150914112523'), ('3258', '武宣县', '322', '0', '3', '0', '20150914112523', '20150914112523'), ('3259', '象州县', '322', '0', '3', '0', '20150914112523', '20150914112523'), ('3260', '金秀瑶族自治县', '322', '0', '3', '0', '20150914112523', '20150914112523'), ('3261', '凭祥市', '323', '0', '3', '0', '20150914112523', '20150914112523'), ('3262', '大新县', '323', '0', '3', '0', '20150914112523', '20150914112523'), ('3263', '天等县', '323', '0', '3', '0', '20150914112523', '20150914112523'), ('3264', '宁明县', '323', '0', '3', '0', '20150914112523', '20150914112523'), ('3265', '扶绥县', '323', '0', '3', '0', '20150914112523', '20150914112523'), ('3266', '江州区', '323', '0', '3', '0', '20150914112523', '20150914112523'), ('3267', '龙州县', '323', '0', '3', '0', '20150914112523', '20150914112523'), ('3268', '琼山区', '324', '0', '3', '0', '20150914112523', '20150914112523'), ('3269', '秀英区', '324', '0', '3', '0', '20150914112523', '20150914112523'), ('3270', '美兰区', '324', '0', '3', '0', '20150914112523', '20150914112523'), ('3271', '龙华区', '324', '0', '3', '0', '20150914112523', '20150914112523'), ('3272', '三亚市', '325', '0', '3', '0', '20150914112523', '20150914112523'), ('3273', '五指山市', '326', '0', '3', '0', '20150914112523', '20150914112523'), ('3274', '琼海市', '327', '0', '3', '0', '20150914112523', '20150914112523'), ('3275', '儋州市', '328', '0', '3', '0', '20150914112523', '20150914112523'), ('3276', '文昌市', '329', '0', '3', '0', '20150914112523', '20150914112523'), ('3277', '万宁市', '330', '0', '3', '0', '20150914112523', '20150914112523'), ('3278', '东方市', '331', '0', '3', '0', '20150914112523', '20150914112523'), ('3279', '定安县', '332', '0', '3', '0', '20150914112523', '20150914112523'), ('3280', '屯昌县', '333', '0', '3', '0', '20150914112523', '20150914112523'), ('3281', '澄迈县', '334', '0', '3', '0', '20150914112523', '20150914112523'), ('3282', '临高县', '335', '0', '3', '0', '20150914112523', '20150914112523'), ('3283', '白沙黎族自治县', '336', '0', '3', '0', '20150914112523', '20150914112523'), ('3284', '昌江黎族自治县', '337', '0', '3', '0', '20150914112523', '20150914112523'), ('3285', '乐东黎族自治县', '338', '0', '3', '0', '20150914112523', '20150914112523'), ('3286', '陵水黎族自治县', '339', '0', '3', '0', '20150914112523', '20150914112523'), ('3287', '保亭黎族苗族自治县', '340', '0', '3', '0', '20150914112523', '20150914112523'), ('3288', '琼中黎族苗族自治县', '341', '0', '3', '0', '20150914112523', '20150914112523'), ('4209', '双流县', '385', '0', '3', '0', '20150914112523', '20150914112523'), ('4210', '大邑县', '385', '0', '3', '0', '20150914112523', '20150914112523'), ('4211', '崇州市', '385', '0', '3', '0', '20150914112523', '20150914112523'), ('4212', '彭州市', '385', '0', '3', '0', '20150914112523', '20150914112523'), ('4213', '成华区', '385', '0', '3', '0', '20150914112523', '20150914112523'), ('4214', '新津县', '385', '0', '3', '0', '20150914112523', '20150914112523'), ('4215', '新都区', '385', '0', '3', '0', '20150914112523', '20150914112523'), ('4216', '武侯区', '385', '0', '3', '0', '20150914112523', '20150914112523'), ('4217', '温江区', '385', '0', '3', '0', '20150914112523', '20150914112523'), ('4218', '蒲江县', '385', '0', '3', '0', '20150914112523', '20150914112523'), ('4219', '邛崃市', '385', '0', '3', '0', '20150914112523', '20150914112523'), ('4220', '郫县', '385', '0', '3', '0', '20150914112523', '20150914112523'), ('4221', '都江堰市', '385', '0', '3', '0', '20150914112523', '20150914112523'), ('4222', '金堂县', '385', '0', '3', '0', '20150914112523', '20150914112523'), ('4223', '金牛区', '385', '0', '3', '0', '20150914112523', '20150914112523'), ('4224', '锦江区', '385', '0', '3', '0', '20150914112523', '20150914112523'), ('4225', '青白江区', '385', '0', '3', '0', '20150914112523', '20150914112523'), ('4226', '青羊区', '385', '0', '3', '0', '20150914112523', '20150914112523'), ('4227', '龙泉驿区', '385', '0', '3', '0', '20150914112523', '20150914112523'), ('4228', '大安区', '386', '0', '3', '0', '20150914112523', '20150914112523'), ('4229', '富顺县', '386', '0', '3', '0', '20150914112523', '20150914112523'), ('4230', '沿滩区', '386', '0', '3', '0', '20150914112523', '20150914112523'), ('4231', '自流井区', '386', '0', '3', '0', '20150914112523', '20150914112523'), ('4232', '荣县', '386', '0', '3', '0', '20150914112523', '20150914112523'), ('4233', '贡井区', '386', '0', '3', '0', '20150914112523', '20150914112523'), ('4234', '东区', '387', '0', '3', '0', '20150914112523', '20150914112523'), ('4235', '仁和区', '387', '0', '3', '0', '20150914112523', '20150914112523'), ('4236', '盐边县', '387', '0', '3', '0', '20150914112523', '20150914112523'), ('4237', '米易县', '387', '0', '3', '0', '20150914112523', '20150914112523'), ('4238', '西区', '387', '0', '3', '0', '20150914112523', '20150914112523'), ('4239', '叙永县', '388', '0', '3', '0', '20150914112523', '20150914112523'), ('4240', '古蔺县', '388', '0', '3', '0', '20150914112523', '20150914112523'), ('4241', '合江县', '388', '0', '3', '0', '20150914112523', '20150914112523'), ('4242', '江阳区', '388', '0', '3', '0', '20150914112523', '20150914112523'), ('4243', '泸县', '388', '0', '3', '0', '20150914112523', '20150914112523'), ('4244', '纳溪区', '388', '0', '3', '0', '20150914112523', '20150914112523'), ('4245', '龙马潭区', '388', '0', '3', '0', '20150914112523', '20150914112523'), ('4246', '中江县', '389', '0', '3', '0', '20150914112523', '20150914112523'), ('4247', '什邡市', '389', '0', '3', '0', '20150914112523', '20150914112523'), ('4248', '广汉市', '389', '0', '3', '0', '20150914112523', '20150914112523'), ('4249', '旌阳区', '389', '0', '3', '0', '20150914112523', '20150914112523'), ('4250', '绵竹市', '389', '0', '3', '0', '20150914112523', '20150914112523'), ('4251', '罗江县', '389', '0', '3', '0', '20150914112523', '20150914112523'), ('4252', '三台县', '390', '0', '3', '0', '20150914112523', '20150914112523'), ('4253', '北川羌族自治县', '390', '0', '3', '0', '20150914112523', '20150914112523'), ('4254', '安县', '390', '0', '3', '0', '20150914112523', '20150914112523'), ('4255', '平武县', '390', '0', '3', '0', '20150914112523', '20150914112523'), ('4256', '梓潼县', '390', '0', '3', '0', '20150914112523', '20150914112523'), ('4257', '江油市', '390', '0', '3', '0', '20150914112523', '20150914112523'), ('4258', '涪城区', '390', '0', '3', '0', '20150914112523', '20150914112523'), ('4259', '游仙区', '390', '0', '3', '0', '20150914112523', '20150914112523'), ('4260', '盐亭县', '390', '0', '3', '0', '20150914112523', '20150914112523'), ('4261', '元坝区', '391', '0', '3', '0', '20150914112523', '20150914112523'), ('4262', '利州区', '391', '0', '3', '0', '20150914112523', '20150914112523'), ('4263', '剑阁县', '391', '0', '3', '0', '20150914112523', '20150914112523'), ('4264', '旺苍县', '391', '0', '3', '0', '20150914112523', '20150914112523'), ('4265', '朝天区', '391', '0', '3', '0', '20150914112523', '20150914112523'), ('4266', '苍溪县', '391', '0', '3', '0', '20150914112523', '20150914112523'), ('4267', '青川县', '391', '0', '3', '0', '20150914112523', '20150914112523'), ('4268', '大英县', '392', '0', '3', '0', '20150914112523', '20150914112523'), ('4269', '安居区', '392', '0', '3', '0', '20150914112523', '20150914112523'), ('4270', '射洪县', '392', '0', '3', '0', '20150914112523', '20150914112523'), ('4271', '船山区', '392', '0', '3', '0', '20150914112523', '20150914112523'), ('4272', '蓬溪县', '392', '0', '3', '0', '20150914112523', '20150914112523'), ('4273', '东兴区', '393', '0', '3', '0', '20150914112523', '20150914112523'), ('4274', '威远县', '393', '0', '3', '0', '20150914112523', '20150914112523'), ('4275', '市中区', '393', '0', '3', '0', '20150914112523', '20150914112523'), ('4276', '资中县', '393', '0', '3', '0', '20150914112523', '20150914112523'), ('4277', '隆昌县', '393', '0', '3', '0', '20150914112523', '20150914112523'), ('4278', '五通桥区', '394', '0', '3', '0', '20150914112523', '20150914112523'), ('4279', '井研县', '394', '0', '3', '0', '20150914112523', '20150914112523'), ('4280', '夹江县', '394', '0', '3', '0', '20150914112523', '20150914112523'), ('4281', '峨眉山市', '394', '0', '3', '0', '20150914112523', '20150914112523'), ('4282', '峨边彝族自治县', '394', '0', '3', '0', '20150914112523', '20150914112523'), ('4283', '市中区', '394', '0', '3', '0', '20150914112523', '20150914112523'), ('4284', '沐川县', '394', '0', '3', '0', '20150914112523', '20150914112523'), ('4285', '沙湾区', '394', '0', '3', '0', '20150914112523', '20150914112523'), ('4286', '犍为县', '394', '0', '3', '0', '20150914112523', '20150914112523'), ('4287', '金口河区', '394', '0', '3', '0', '20150914112523', '20150914112523'), ('4288', '马边彝族自治县', '394', '0', '3', '0', '20150914112523', '20150914112523'), ('4289', '仪陇县', '395', '0', '3', '0', '20150914112523', '20150914112523'), ('4290', '南充市嘉陵区', '395', '0', '3', '0', '20150914112523', '20150914112523'), ('4291', '南部县', '395', '0', '3', '0', '20150914112523', '20150914112523'), ('4292', '嘉陵区', '395', '0', '3', '0', '20150914112523', '20150914112523'), ('4293', '营山县', '395', '0', '3', '0', '20150914112523', '20150914112523'), ('4294', '蓬安县', '395', '0', '3', '0', '20150914112523', '20150914112523'), ('4295', '西充县', '395', '0', '3', '0', '20150914112523', '20150914112523'), ('4296', '阆中市', '395', '0', '3', '0', '20150914112523', '20150914112523'), ('4297', '顺庆区', '395', '0', '3', '0', '20150914112523', '20150914112523'), ('4298', '高坪区', '395', '0', '3', '0', '20150914112523', '20150914112523'), ('4299', '东坡区', '396', '0', '3', '0', '20150914112523', '20150914112523'), ('4300', '丹棱县', '396', '0', '3', '0', '20150914112523', '20150914112523'), ('4301', '仁寿县', '396', '0', '3', '0', '20150914112523', '20150914112523'), ('4302', '彭山县', '396', '0', '3', '0', '20150914112523', '20150914112523'), ('4303', '洪雅县', '396', '0', '3', '0', '20150914112523', '20150914112523'), ('4304', '青神县', '396', '0', '3', '0', '20150914112523', '20150914112523'), ('4305', '兴文县', '397', '0', '3', '0', '20150914112523', '20150914112523'), ('4306', '南溪县', '397', '0', '3', '0', '20150914112523', '20150914112523'), ('4307', '宜宾县', '397', '0', '3', '0', '20150914112523', '20150914112523'), ('4308', '屏山县', '397', '0', '3', '0', '20150914112523', '20150914112523'), ('4309', '江安县', '397', '0', '3', '0', '20150914112523', '20150914112523'), ('4310', '珙县', '397', '0', '3', '0', '20150914112523', '20150914112523'), ('4311', '筠连县', '397', '0', '3', '0', '20150914112523', '20150914112523'), ('4312', '翠屏区', '397', '0', '3', '0', '20150914112523', '20150914112523'), ('4313', '长宁县', '397', '0', '3', '0', '20150914112523', '20150914112523'), ('4314', '高县', '397', '0', '3', '0', '20150914112523', '20150914112523'), ('4315', '华蓥市', '398', '0', '3', '0', '20150914112523', '20150914112523'), ('4316', '岳池县', '398', '0', '3', '0', '20150914112523', '20150914112523'), ('4317', '广安区', '398', '0', '3', '0', '20150914112523', '20150914112523'), ('4318', '武胜县', '398', '0', '3', '0', '20150914112523', '20150914112523'), ('4319', '邻水县', '398', '0', '3', '0', '20150914112523', '20150914112523'), ('4320', '万源市', '399', '0', '3', '0', '20150914112523', '20150914112523'), ('4321', '大竹县', '399', '0', '3', '0', '20150914112523', '20150914112523'), ('4322', '宣汉县', '399', '0', '3', '0', '20150914112523', '20150914112523'), ('4323', '开江县', '399', '0', '3', '0', '20150914112523', '20150914112523'), ('4324', '渠县', '399', '0', '3', '0', '20150914112523', '20150914112523'), ('4325', '达县', '399', '0', '3', '0', '20150914112523', '20150914112523'), ('4326', '通川区', '399', '0', '3', '0', '20150914112523', '20150914112523'), ('4327', '名山县', '400', '0', '3', '0', '20150914112523', '20150914112523'), ('4328', '天全县', '400', '0', '3', '0', '20150914112523', '20150914112523'), ('4329', '宝兴县', '400', '0', '3', '0', '20150914112523', '20150914112523');
INSERT INTO `shop_area` VALUES ('4330', '汉源县', '400', '0', '3', '0', '20150914112523', '20150914112523'), ('4331', '石棉县', '400', '0', '3', '0', '20150914112523', '20150914112523'), ('4332', '芦山县', '400', '0', '3', '0', '20150914112523', '20150914112523'), ('4333', '荥经县', '400', '0', '3', '0', '20150914112523', '20150914112523'), ('4334', '雨城区', '400', '0', '3', '0', '20150914112523', '20150914112523'), ('4335', '南江县', '401', '0', '3', '0', '20150914112523', '20150914112523'), ('4336', '巴州区', '401', '0', '3', '0', '20150914112523', '20150914112523'), ('4337', '平昌县', '401', '0', '3', '0', '20150914112523', '20150914112523'), ('4338', '通江县', '401', '0', '3', '0', '20150914112523', '20150914112523'), ('4339', '乐至县', '402', '0', '3', '0', '20150914112523', '20150914112523'), ('4340', '安岳县', '402', '0', '3', '0', '20150914112523', '20150914112523'), ('4341', '简阳市', '402', '0', '3', '0', '20150914112523', '20150914112523'), ('4342', '雁江区', '402', '0', '3', '0', '20150914112523', '20150914112523'), ('4343', '九寨沟县', '403', '0', '3', '0', '20150914112523', '20150914112523'), ('4344', '壤塘县', '403', '0', '3', '0', '20150914112523', '20150914112523'), ('4345', '小金县', '403', '0', '3', '0', '20150914112523', '20150914112523'), ('4346', '松潘县', '403', '0', '3', '0', '20150914112523', '20150914112523'), ('4347', '汶川县', '403', '0', '3', '0', '20150914112523', '20150914112523'), ('4348', '理县', '403', '0', '3', '0', '20150914112523', '20150914112523'), ('4349', '红原县', '403', '0', '3', '0', '20150914112523', '20150914112523'), ('4350', '若尔盖县', '403', '0', '3', '0', '20150914112523', '20150914112523'), ('4351', '茂县', '403', '0', '3', '0', '20150914112523', '20150914112523'), ('4352', '金川县', '403', '0', '3', '0', '20150914112523', '20150914112523'), ('4353', '阿坝县', '403', '0', '3', '0', '20150914112523', '20150914112523'), ('4354', '马尔康县', '403', '0', '3', '0', '20150914112523', '20150914112523'), ('4355', '黑水县', '403', '0', '3', '0', '20150914112523', '20150914112523'), ('4356', '丹巴县', '404', '0', '3', '0', '20150914112523', '20150914112523'), ('4357', '乡城县', '404', '0', '3', '0', '20150914112523', '20150914112523'), ('4358', '巴塘县', '404', '0', '3', '0', '20150914112523', '20150914112523'), ('4359', '康定县', '404', '0', '3', '0', '20150914112523', '20150914112523'), ('4360', '得荣县', '404', '0', '3', '0', '20150914112523', '20150914112523'), ('4361', '德格县', '404', '0', '3', '0', '20150914112523', '20150914112523'), ('4362', '新龙县', '404', '0', '3', '0', '20150914112523', '20150914112523'), ('4363', '泸定县', '404', '0', '3', '0', '20150914112523', '20150914112523'), ('4364', '炉霍县', '404', '0', '3', '0', '20150914112523', '20150914112523'), ('4365', '理塘县', '404', '0', '3', '0', '20150914112523', '20150914112523'), ('4366', '甘孜县', '404', '0', '3', '0', '20150914112523', '20150914112523'), ('4367', '白玉县', '404', '0', '3', '0', '20150914112523', '20150914112523'), ('4368', '石渠县', '404', '0', '3', '0', '20150914112523', '20150914112523'), ('4369', '稻城县', '404', '0', '3', '0', '20150914112523', '20150914112523'), ('4370', '色达县', '404', '0', '3', '0', '20150914112523', '20150914112523'), ('4371', '道孚县', '404', '0', '3', '0', '20150914112523', '20150914112523'), ('4372', '雅江县', '404', '0', '3', '0', '20150914112523', '20150914112523'), ('4373', '会东县', '405', '0', '3', '0', '20150914112523', '20150914112523'), ('4374', '会理县', '405', '0', '3', '0', '20150914112523', '20150914112523'), ('4375', '冕宁县', '405', '0', '3', '0', '20150914112523', '20150914112523'), ('4376', '喜德县', '405', '0', '3', '0', '20150914112523', '20150914112523'), ('4377', '宁南县', '405', '0', '3', '0', '20150914112523', '20150914112523'), ('4378', '布拖县', '405', '0', '3', '0', '20150914112523', '20150914112523'), ('4379', '德昌县', '405', '0', '3', '0', '20150914112523', '20150914112523'), ('4380', '昭觉县', '405', '0', '3', '0', '20150914112523', '20150914112523'), ('4381', '普格县', '405', '0', '3', '0', '20150914112523', '20150914112523'), ('4382', '木里藏族自治县', '405', '0', '3', '0', '20150914112523', '20150914112523'), ('4383', '甘洛县', '405', '0', '3', '0', '20150914112523', '20150914112523'), ('4384', '盐源县', '405', '0', '3', '0', '20150914112523', '20150914112523'), ('4385', '美姑县', '405', '0', '3', '0', '20150914112523', '20150914112523'), ('4386', '西昌', '405', '0', '3', '0', '20150914112523', '20150914112523'), ('4387', '越西县', '405', '0', '3', '0', '20150914112523', '20150914112523'), ('4388', '金阳县', '405', '0', '3', '0', '20150914112523', '20150914112523'), ('4389', '雷波县', '405', '0', '3', '0', '20150914112523', '20150914112523'), ('4390', '乌当区', '406', '0', '3', '0', '20150914112523', '20150914112523'), ('4391', '云岩区', '406', '0', '3', '0', '20150914112523', '20150914112523'), ('4392', '修文县', '406', '0', '3', '0', '20150914112523', '20150914112523'), ('4393', '南明区', '406', '0', '3', '0', '20150914112523', '20150914112523'), ('4394', '小河区', '406', '0', '3', '0', '20150914112523', '20150914112523'), ('4395', '开阳县', '406', '0', '3', '0', '20150914112523', '20150914112523'), ('4396', '息烽县', '406', '0', '3', '0', '20150914112523', '20150914112523'), ('4397', '清镇市', '406', '0', '3', '0', '20150914112523', '20150914112523'), ('4398', '白云区', '406', '0', '3', '0', '20150914112523', '20150914112523'), ('4399', '花溪区', '406', '0', '3', '0', '20150914112523', '20150914112523'), ('4400', '六枝特区', '407', '0', '3', '0', '20150914112523', '20150914112523'), ('4401', '水城县', '407', '0', '3', '0', '20150914112523', '20150914112523'), ('4402', '盘县', '407', '0', '3', '0', '20150914112523', '20150914112523'), ('4403', '钟山区', '407', '0', '3', '0', '20150914112523', '20150914112523'), ('4404', '习水县', '408', '0', '3', '0', '20150914112523', '20150914112523'), ('4405', '仁怀市', '408', '0', '3', '0', '20150914112523', '20150914112523'), ('4406', '余庆县', '408', '0', '3', '0', '20150914112523', '20150914112523'), ('4407', '凤冈县', '408', '0', '3', '0', '20150914112523', '20150914112523'), ('4408', '务川仡佬族苗族自治县', '408', '0', '3', '0', '20150914112523', '20150914112523'), ('4409', '桐梓县', '408', '0', '3', '0', '20150914112523', '20150914112523'), ('4410', '正安县', '408', '0', '3', '0', '20150914112523', '20150914112523'), ('4411', '汇川区', '408', '0', '3', '0', '20150914112523', '20150914112523'), ('4412', '湄潭县', '408', '0', '3', '0', '20150914112523', '20150914112523'), ('4413', '红花岗区', '408', '0', '3', '0', '20150914112523', '20150914112523'), ('4414', '绥阳县', '408', '0', '3', '0', '20150914112523', '20150914112523'), ('4415', '赤水市', '408', '0', '3', '0', '20150914112523', '20150914112523'), ('4416', '道真仡佬族苗族自治县', '408', '0', '3', '0', '20150914112523', '20150914112523'), ('4417', '遵义县', '408', '0', '3', '0', '20150914112523', '20150914112523'), ('4418', '关岭布依族苗族自治县', '409', '0', '3', '0', '20150914112523', '20150914112523'), ('4419', '平坝县', '409', '0', '3', '0', '20150914112523', '20150914112523'), ('4420', '普定县', '409', '0', '3', '0', '20150914112523', '20150914112523'), ('4421', '紫云苗族布依族自治县', '409', '0', '3', '0', '20150914112523', '20150914112523'), ('4422', '西秀区', '409', '0', '3', '0', '20150914112523', '20150914112523'), ('4423', '镇宁布依族苗族自治县', '409', '0', '3', '0', '20150914112523', '20150914112523'), ('4424', '万山特区', '410', '0', '3', '0', '20150914112523', '20150914112523'), ('4425', '印江土家族苗族自治县', '410', '0', '3', '0', '20150914112523', '20150914112523'), ('4426', '德江县', '410', '0', '3', '0', '20150914112523', '20150914112523'), ('4427', '思南县', '410', '0', '3', '0', '20150914112523', '20150914112523'), ('4428', '松桃苗族自治县', '410', '0', '3', '0', '20150914112523', '20150914112523'), ('4429', '江口县', '410', '0', '3', '0', '20150914112523', '20150914112523'), ('4430', '沿河土家族自治县', '410', '0', '3', '0', '20150914112523', '20150914112523'), ('4431', '玉屏侗族自治县', '410', '0', '3', '0', '20150914112523', '20150914112523'), ('4432', '石阡县', '410', '0', '3', '0', '20150914112523', '20150914112523'), ('4433', '铜仁市', '410', '0', '3', '0', '20150914112523', '20150914112523'), ('4434', '兴义市', '411', '0', '3', '0', '20150914112523', '20150914112523'), ('4435', '兴仁县', '411', '0', '3', '0', '20150914112523', '20150914112523'), ('4436', '册亨县', '411', '0', '3', '0', '20150914112523', '20150914112523'), ('4437', '安龙县', '411', '0', '3', '0', '20150914112523', '20150914112523'), ('4438', '普安县', '411', '0', '3', '0', '20150914112523', '20150914112523'), ('4439', '晴隆县', '411', '0', '3', '0', '20150914112523', '20150914112523'), ('4440', '望谟县', '411', '0', '3', '0', '20150914112523', '20150914112523'), ('4441', '贞丰县', '411', '0', '3', '0', '20150914112523', '20150914112523'), ('4442', '大方县', '412', '0', '3', '0', '20150914112523', '20150914112523'), ('4443', '威宁彝族回族苗族自治县', '412', '0', '3', '0', '20150914112523', '20150914112523'), ('4444', '毕节市', '412', '0', '3', '0', '20150914112523', '20150914112523'), ('4445', '纳雍县', '412', '0', '3', '0', '20150914112523', '20150914112523'), ('4446', '织金县', '412', '0', '3', '0', '20150914112523', '20150914112523'), ('4447', '赫章县', '412', '0', '3', '0', '20150914112523', '20150914112523'), ('4448', '金沙县', '412', '0', '3', '0', '20150914112523', '20150914112523'), ('4449', '黔西县', '412', '0', '3', '0', '20150914112523', '20150914112523'), ('4450', '三穗县', '413', '0', '3', '0', '20150914112523', '20150914112523'), ('4451', '丹寨县', '413', '0', '3', '0', '20150914112523', '20150914112523'), ('4452', '从江县', '413', '0', '3', '0', '20150914112523', '20150914112523'), ('4453', '凯里市', '413', '0', '3', '0', '20150914112523', '20150914112523'), ('4454', '剑河县', '413', '0', '3', '0', '20150914112523', '20150914112523'), ('4455', '台江县', '413', '0', '3', '0', '20150914112523', '20150914112523'), ('4456', '天柱县', '413', '0', '3', '0', '20150914112523', '20150914112523'), ('4457', '岑巩县', '413', '0', '3', '0', '20150914112523', '20150914112523'), ('4458', '施秉县', '413', '0', '3', '0', '20150914112523', '20150914112523'), ('4459', '榕江县', '413', '0', '3', '0', '20150914112523', '20150914112523'), ('4460', '锦屏县', '413', '0', '3', '0', '20150914112523', '20150914112523'), ('4461', '镇远县', '413', '0', '3', '0', '20150914112523', '20150914112523'), ('4462', '雷山县', '413', '0', '3', '0', '20150914112523', '20150914112523'), ('4463', '麻江县', '413', '0', '3', '0', '20150914112523', '20150914112523'), ('4464', '黄平县', '413', '0', '3', '0', '20150914112523', '20150914112523'), ('4465', '黎平县', '413', '0', '3', '0', '20150914112523', '20150914112523'), ('4466', '三都水族自治县', '414', '0', '3', '0', '20150914112523', '20150914112523'), ('4467', '平塘县', '414', '0', '3', '0', '20150914112523', '20150914112523'), ('4468', '惠水县', '414', '0', '3', '0', '20150914112523', '20150914112523'), ('4469', '独山县', '414', '0', '3', '0', '20150914112523', '20150914112523'), ('4470', '瓮安县', '414', '0', '3', '0', '20150914112523', '20150914112523'), ('4471', '福泉市', '414', '0', '3', '0', '20150914112523', '20150914112523'), ('4472', '罗甸县', '414', '0', '3', '0', '20150914112523', '20150914112523'), ('4473', '荔波县', '414', '0', '3', '0', '20150914112523', '20150914112523'), ('4474', '贵定县', '414', '0', '3', '0', '20150914112523', '20150914112523'), ('4475', '都匀市', '414', '0', '3', '0', '20150914112523', '20150914112523'), ('4476', '长顺县', '414', '0', '3', '0', '20150914112523', '20150914112523'), ('4477', '龙里县', '414', '0', '3', '0', '20150914112523', '20150914112523'), ('4478', '东川区', '415', '0', '3', '0', '20150914112523', '20150914112523'), ('4479', '五华区', '415', '0', '3', '0', '20150914112523', '20150914112523'), ('4480', '呈贡县', '415', '0', '3', '0', '20150914112523', '20150914112523'), ('4481', '安宁市', '415', '0', '3', '0', '20150914112523', '20150914112523'), ('4482', '官渡区', '415', '0', '3', '0', '20150914112523', '20150914112523'), ('4483', '宜良县', '415', '0', '3', '0', '20150914112523', '20150914112523'), ('4484', '富民县', '415', '0', '3', '0', '20150914112523', '20150914112523'), ('4485', '寻甸回族彝族自治县', '415', '0', '3', '0', '20150914112523', '20150914112523'), ('4486', '嵩明县', '415', '0', '3', '0', '20150914112523', '20150914112523'), ('4487', '晋宁县', '415', '0', '3', '0', '20150914112523', '20150914112523'), ('4488', '盘龙区', '415', '0', '3', '0', '20150914112523', '20150914112523'), ('4489', '石林彝族自治县', '415', '0', '3', '0', '20150914112523', '20150914112523'), ('4490', '禄劝彝族苗族自治县', '415', '0', '3', '0', '20150914112523', '20150914112523'), ('4491', '西山区', '415', '0', '3', '0', '20150914112523', '20150914112523'), ('4492', '会泽县', '416', '0', '3', '0', '20150914112523', '20150914112523'), ('4493', '宣威市', '416', '0', '3', '0', '20150914112523', '20150914112523'), ('4494', '富源县', '416', '0', '3', '0', '20150914112523', '20150914112523'), ('4495', '师宗县', '416', '0', '3', '0', '20150914112523', '20150914112523'), ('4496', '沾益县', '416', '0', '3', '0', '20150914112523', '20150914112523'), ('4497', '罗平县', '416', '0', '3', '0', '20150914112523', '20150914112523'), ('4498', '陆良县', '416', '0', '3', '0', '20150914112523', '20150914112523'), ('4499', '马龙县', '416', '0', '3', '0', '20150914112523', '20150914112523'), ('4500', '麒麟区', '416', '0', '3', '0', '20150914112523', '20150914112523'), ('4501', '元江哈尼族彝族傣族自治县', '417', '0', '3', '0', '20150914112523', '20150914112523'), ('4502', '华宁县', '417', '0', '3', '0', '20150914112523', '20150914112523'), ('4503', '峨山彝族自治县', '417', '0', '3', '0', '20150914112523', '20150914112523'), ('4504', '新平彝族傣族自治县', '417', '0', '3', '0', '20150914112523', '20150914112523'), ('4505', '易门县', '417', '0', '3', '0', '20150914112523', '20150914112523'), ('4506', '江川县', '417', '0', '3', '0', '20150914112523', '20150914112523'), ('4507', '澄江县', '417', '0', '3', '0', '20150914112523', '20150914112523'), ('4508', '红塔区', '417', '0', '3', '0', '20150914112523', '20150914112523'), ('4509', '通海县', '417', '0', '3', '0', '20150914112523', '20150914112523'), ('4510', '施甸县', '418', '0', '3', '0', '20150914112523', '20150914112523'), ('4511', '昌宁县', '418', '0', '3', '0', '20150914112523', '20150914112523'), ('4512', '腾冲县', '418', '0', '3', '0', '20150914112523', '20150914112523'), ('4513', '隆阳区', '418', '0', '3', '0', '20150914112523', '20150914112523'), ('4514', '龙陵县', '418', '0', '3', '0', '20150914112523', '20150914112523'), ('4515', '大关县', '419', '0', '3', '0', '20150914112523', '20150914112523'), ('4516', '威信县', '419', '0', '3', '0', '20150914112523', '20150914112523'), ('4517', '巧家县', '419', '0', '3', '0', '20150914112523', '20150914112523'), ('4518', '彝良县', '419', '0', '3', '0', '20150914112523', '20150914112523'), ('4519', '昭阳区', '419', '0', '3', '0', '20150914112523', '20150914112523'), ('4520', '水富县', '419', '0', '3', '0', '20150914112523', '20150914112523'), ('4521', '永善县', '419', '0', '3', '0', '20150914112523', '20150914112523'), ('4522', '盐津县', '419', '0', '3', '0', '20150914112523', '20150914112523'), ('4523', '绥江县', '419', '0', '3', '0', '20150914112523', '20150914112523'), ('4524', '镇雄县', '419', '0', '3', '0', '20150914112523', '20150914112523'), ('4525', '鲁甸县', '419', '0', '3', '0', '20150914112523', '20150914112523'), ('4526', '华坪县', '420', '0', '3', '0', '20150914112523', '20150914112523'), ('4527', '古城区', '420', '0', '3', '0', '20150914112523', '20150914112523'), ('4528', '宁蒗彝族自治县', '420', '0', '3', '0', '20150914112523', '20150914112523'), ('4529', '永胜县', '420', '0', '3', '0', '20150914112523', '20150914112523'), ('4530', '玉龙纳西族自治县', '420', '0', '3', '0', '20150914112523', '20150914112523'), ('4531', '临翔区', '422', '0', '3', '0', '20150914112523', '20150914112523'), ('4532', '云县', '422', '0', '3', '0', '20150914112523', '20150914112523'), ('4533', '凤庆县', '422', '0', '3', '0', '20150914112523', '20150914112523'), ('4534', '双江拉祜族佤族布朗族傣族自治县', '422', '0', '3', '0', '20150914112523', '20150914112523'), ('4535', '永德县', '422', '0', '3', '0', '20150914112523', '20150914112523'), ('4536', '沧源佤族自治县', '422', '0', '3', '0', '20150914112523', '20150914112523'), ('4537', '耿马傣族佤族自治县', '422', '0', '3', '0', '20150914112523', '20150914112523'), ('4538', '镇康县', '422', '0', '3', '0', '20150914112523', '20150914112523'), ('4539', '元谋县', '423', '0', '3', '0', '20150914112523', '20150914112523'), ('4540', '南华县', '423', '0', '3', '0', '20150914112523', '20150914112523'), ('4541', '双柏县', '423', '0', '3', '0', '20150914112523', '20150914112523'), ('4542', '大姚县', '423', '0', '3', '0', '20150914112523', '20150914112523'), ('4543', '姚安县', '423', '0', '3', '0', '20150914112523', '20150914112523'), ('4544', '楚雄市', '423', '0', '3', '0', '20150914112523', '20150914112523'), ('4545', '武定县', '423', '0', '3', '0', '20150914112523', '20150914112523'), ('4546', '永仁县', '423', '0', '3', '0', '20150914112523', '20150914112523'), ('4547', '牟定县', '423', '0', '3', '0', '20150914112523', '20150914112523'), ('4548', '禄丰县', '423', '0', '3', '0', '20150914112523', '20150914112523'), ('4549', '个旧市', '424', '0', '3', '0', '20150914112523', '20150914112523'), ('4550', '元阳县', '424', '0', '3', '0', '20150914112523', '20150914112523'), ('4551', '屏边苗族自治县', '424', '0', '3', '0', '20150914112523', '20150914112523'), ('4552', '建水县', '424', '0', '3', '0', '20150914112523', '20150914112523'), ('4553', '开远市', '424', '0', '3', '0', '20150914112523', '20150914112523'), ('4554', '弥勒县', '424', '0', '3', '0', '20150914112523', '20150914112523'), ('4555', '河口瑶族自治县', '424', '0', '3', '0', '20150914112523', '20150914112523'), ('4556', '泸西县', '424', '0', '3', '0', '20150914112523', '20150914112523'), ('4557', '石屏县', '424', '0', '3', '0', '20150914112523', '20150914112523'), ('4558', '红河县', '424', '0', '3', '0', '20150914112523', '20150914112523'), ('4559', '绿春县', '424', '0', '3', '0', '20150914112523', '20150914112523'), ('4560', '蒙自县', '424', '0', '3', '0', '20150914112523', '20150914112523'), ('4561', '金平苗族瑶族傣族自治县', '424', '0', '3', '0', '20150914112523', '20150914112523'), ('4562', '丘北县', '425', '0', '3', '0', '20150914112523', '20150914112523'), ('4563', '富宁县', '425', '0', '3', '0', '20150914112523', '20150914112523'), ('4564', '广南县', '425', '0', '3', '0', '20150914112523', '20150914112523'), ('4565', '文山县', '425', '0', '3', '0', '20150914112523', '20150914112523'), ('4566', '砚山县', '425', '0', '3', '0', '20150914112523', '20150914112523'), ('4567', '西畴县', '425', '0', '3', '0', '20150914112523', '20150914112523'), ('4568', '马关县', '425', '0', '3', '0', '20150914112523', '20150914112523'), ('4569', '麻栗坡县', '425', '0', '3', '0', '20150914112523', '20150914112523'), ('4570', '勐海县', '426', '0', '3', '0', '20150914112523', '20150914112523'), ('4571', '勐腊县', '426', '0', '3', '0', '20150914112523', '20150914112523'), ('4572', '景洪市', '426', '0', '3', '0', '20150914112523', '20150914112523'), ('4573', '云龙县', '427', '0', '3', '0', '20150914112523', '20150914112523'), ('4574', '剑川县', '427', '0', '3', '0', '20150914112523', '20150914112523'), ('4575', '南涧彝族自治县', '427', '0', '3', '0', '20150914112523', '20150914112523'), ('4576', '大理市', '427', '0', '3', '0', '20150914112523', '20150914112523'), ('4577', '宾川县', '427', '0', '3', '0', '20150914112523', '20150914112523'), ('4578', '巍山彝族回族自治县', '427', '0', '3', '0', '20150914112523', '20150914112523'), ('4579', '弥渡县', '427', '0', '3', '0', '20150914112523', '20150914112523'), ('4580', '永平县', '427', '0', '3', '0', '20150914112523', '20150914112523'), ('4581', '洱源县', '427', '0', '3', '0', '20150914112523', '20150914112523'), ('4582', '漾濞彝族自治县', '427', '0', '3', '0', '20150914112523', '20150914112523'), ('4583', '祥云县', '427', '0', '3', '0', '20150914112523', '20150914112523'), ('4584', '鹤庆县', '427', '0', '3', '0', '20150914112523', '20150914112523'), ('4585', '梁河县', '428', '0', '3', '0', '20150914112523', '20150914112523'), ('4586', '潞西市', '428', '0', '3', '0', '20150914112523', '20150914112523'), ('4587', '瑞丽市', '428', '0', '3', '0', '20150914112523', '20150914112523'), ('4588', '盈江县', '428', '0', '3', '0', '20150914112523', '20150914112523'), ('4589', '陇川县', '428', '0', '3', '0', '20150914112523', '20150914112523'), ('4590', '德钦县', '430', '0', '3', '0', '20150914112523', '20150914112523'), ('4591', '维西傈僳族自治县', '430', '0', '3', '0', '20150914112523', '20150914112523'), ('4592', '香格里拉县', '430', '0', '3', '0', '20150914112523', '20150914112523'), ('4593', '城关区', '431', '0', '3', '0', '20150914112523', '20150914112523'), ('4594', '堆龙德庆县', '431', '0', '3', '0', '20150914112523', '20150914112523'), ('4595', '墨竹工卡县', '431', '0', '3', '0', '20150914112523', '20150914112523'), ('4596', '尼木县', '431', '0', '3', '0', '20150914112523', '20150914112523'), ('4597', '当雄县', '431', '0', '3', '0', '20150914112523', '20150914112523'), ('4598', '曲水县', '431', '0', '3', '0', '20150914112523', '20150914112523'), ('4599', '林周县', '431', '0', '3', '0', '20150914112523', '20150914112523'), ('4600', '达孜县', '431', '0', '3', '0', '20150914112523', '20150914112523'), ('4601', '丁青县', '432', '0', '3', '0', '20150914112523', '20150914112523'), ('4602', '八宿县', '432', '0', '3', '0', '20150914112523', '20150914112523'), ('4603', '察雅县', '432', '0', '3', '0', '20150914112523', '20150914112523'), ('4604', '左贡县', '432', '0', '3', '0', '20150914112523', '20150914112523'), ('4605', '昌都县', '432', '0', '3', '0', '20150914112523', '20150914112523'), ('4606', '江达县', '432', '0', '3', '0', '20150914112523', '20150914112523'), ('4607', '洛隆县', '432', '0', '3', '0', '20150914112523', '20150914112523'), ('4608', '类乌齐县', '432', '0', '3', '0', '20150914112523', '20150914112523'), ('4609', '芒康县', '432', '0', '3', '0', '20150914112523', '20150914112523'), ('4610', '贡觉县', '432', '0', '3', '0', '20150914112523', '20150914112523'), ('4611', '边坝县', '432', '0', '3', '0', '20150914112523', '20150914112523'), ('4612', '乃东县', '433', '0', '3', '0', '20150914112523', '20150914112523'), ('4613', '加查县', '433', '0', '3', '0', '20150914112523', '20150914112523'), ('4614', '扎囊县', '433', '0', '3', '0', '20150914112523', '20150914112523'), ('4615', '措美县', '433', '0', '3', '0', '20150914112523', '20150914112523'), ('4616', '曲松县', '433', '0', '3', '0', '20150914112523', '20150914112523'), ('4617', '桑日县', '433', '0', '3', '0', '20150914112523', '20150914112523'), ('4618', '洛扎县', '433', '0', '3', '0', '20150914112523', '20150914112523'), ('4619', '浪卡子县', '433', '0', '3', '0', '20150914112523', '20150914112523'), ('4620', '琼结县', '433', '0', '3', '0', '20150914112523', '20150914112523'), ('4621', '贡嘎县', '433', '0', '3', '0', '20150914112523', '20150914112523'), ('4622', '错那县', '433', '0', '3', '0', '20150914112523', '20150914112523'), ('4623', '隆子县', '433', '0', '3', '0', '20150914112523', '20150914112523'), ('4624', '亚东县', '434', '0', '3', '0', '20150914112523', '20150914112523'), ('4625', '仁布县', '434', '0', '3', '0', '20150914112523', '20150914112523'), ('4626', '仲巴县', '434', '0', '3', '0', '20150914112523', '20150914112523'), ('4627', '南木林县', '434', '0', '3', '0', '20150914112523', '20150914112523'), ('4628', '吉隆县', '434', '0', '3', '0', '20150914112523', '20150914112523'), ('4629', '定日县', '434', '0', '3', '0', '20150914112523', '20150914112523'), ('4630', '定结县', '434', '0', '3', '0', '20150914112523', '20150914112523'), ('4631', '岗巴县', '434', '0', '3', '0', '20150914112523', '20150914112523'), ('4632', '康马县', '434', '0', '3', '0', '20150914112523', '20150914112523'), ('4633', '拉孜县', '434', '0', '3', '0', '20150914112523', '20150914112523'), ('4634', '日喀则市', '434', '0', '3', '0', '20150914112523', '20150914112523'), ('4635', '昂仁县', '434', '0', '3', '0', '20150914112523', '20150914112523'), ('4636', '江孜县', '434', '0', '3', '0', '20150914112523', '20150914112523'), ('4637', '白朗县', '434', '0', '3', '0', '20150914112523', '20150914112523'), ('4638', '聂拉木县', '434', '0', '3', '0', '20150914112523', '20150914112523'), ('4639', '萨嘎县', '434', '0', '3', '0', '20150914112523', '20150914112523'), ('4640', '萨迦县', '434', '0', '3', '0', '20150914112523', '20150914112523'), ('4641', '谢通门县', '434', '0', '3', '0', '20150914112523', '20150914112523'), ('4642', '嘉黎县', '435', '0', '3', '0', '20150914112523', '20150914112523'), ('4643', '安多县', '435', '0', '3', '0', '20150914112523', '20150914112523'), ('4644', '尼玛县', '435', '0', '3', '0', '20150914112523', '20150914112523'), ('4645', '巴青县', '435', '0', '3', '0', '20150914112523', '20150914112523'), ('4646', '比如县', '435', '0', '3', '0', '20150914112523', '20150914112523'), ('4647', '班戈县', '435', '0', '3', '0', '20150914112523', '20150914112523'), ('4648', '申扎县', '435', '0', '3', '0', '20150914112523', '20150914112523'), ('4649', '索县', '435', '0', '3', '0', '20150914112523', '20150914112523'), ('4650', '聂荣县', '435', '0', '3', '0', '20150914112523', '20150914112523'), ('4651', '那曲县', '435', '0', '3', '0', '20150914112523', '20150914112523'), ('4652', '噶尔县', '436', '0', '3', '0', '20150914112523', '20150914112523'), ('4653', '措勤县', '436', '0', '3', '0', '20150914112523', '20150914112523'), ('4654', '改则县', '436', '0', '3', '0', '20150914112523', '20150914112523'), ('4655', '日土县', '436', '0', '3', '0', '20150914112523', '20150914112523'), ('4656', '普兰县', '436', '0', '3', '0', '20150914112523', '20150914112523'), ('4657', '札达县', '436', '0', '3', '0', '20150914112523', '20150914112523'), ('4658', '革吉县', '436', '0', '3', '0', '20150914112523', '20150914112523'), ('4659', '墨脱县', '437', '0', '3', '0', '20150914112523', '20150914112523'), ('4660', '察隅县', '437', '0', '3', '0', '20150914112523', '20150914112523'), ('4661', '工布江达县', '437', '0', '3', '0', '20150914112523', '20150914112523'), ('4662', '朗县', '437', '0', '3', '0', '20150914112523', '20150914112523'), ('4663', '林芝县', '437', '0', '3', '0', '20150914112523', '20150914112523'), ('4664', '波密县', '437', '0', '3', '0', '20150914112523', '20150914112523'), ('4665', '米林县', '437', '0', '3', '0', '20150914112523', '20150914112523'), ('4666', '临潼区', '438', '0', '3', '0', '20150914112523', '20150914112523'), ('4667', '周至县', '438', '0', '3', '0', '20150914112523', '20150914112523'), ('4668', '户县', '438', '0', '3', '0', '20150914112523', '20150914112523'), ('4669', '新城区', '438', '0', '3', '0', '20150914112523', '20150914112523'), ('4670', '未央区', '438', '0', '3', '0', '20150914112523', '20150914112523'), ('4671', '灞桥区', '438', '0', '3', '0', '20150914112523', '20150914112523'), ('4672', '碑林区', '438', '0', '3', '0', '20150914112523', '20150914112523'), ('4673', '莲湖区', '438', '0', '3', '0', '20150914112523', '20150914112523'), ('4674', '蓝田县', '438', '0', '3', '0', '20150914112523', '20150914112523'), ('4675', '长安区', '438', '0', '3', '0', '20150914112523', '20150914112523'), ('4676', '阎良区', '438', '0', '3', '0', '20150914112523', '20150914112523'), ('4677', '雁塔区', '438', '0', '3', '0', '20150914112523', '20150914112523'), ('4678', '高陵县', '438', '0', '3', '0', '20150914112523', '20150914112523'), ('4679', '印台区', '439', '0', '3', '0', '20150914112523', '20150914112523'), ('4680', '宜君县', '439', '0', '3', '0', '20150914112523', '20150914112523'), ('4681', '王益区', '439', '0', '3', '0', '20150914112523', '20150914112523'), ('4682', '耀州区', '439', '0', '3', '0', '20150914112523', '20150914112523'), ('4683', '凤县', '440', '0', '3', '0', '20150914112523', '20150914112523'), ('4684', '凤翔县', '440', '0', '3', '0', '20150914112523', '20150914112523'), ('4685', '千阳县', '440', '0', '3', '0', '20150914112523', '20150914112523'), ('4686', '太白县', '440', '0', '3', '0', '20150914112523', '20150914112523'), ('4687', '岐山县', '440', '0', '3', '0', '20150914112523', '20150914112523'), ('4688', '扶风县', '440', '0', '3', '0', '20150914112523', '20150914112523'), ('4689', '渭滨区', '440', '0', '3', '0', '20150914112523', '20150914112523'), ('4690', '眉县', '440', '0', '3', '0', '20150914112523', '20150914112523'), ('4691', '金台区', '440', '0', '3', '0', '20150914112523', '20150914112523'), ('4692', '陇县', '440', '0', '3', '0', '20150914112523', '20150914112523'), ('4693', '陈仓区', '440', '0', '3', '0', '20150914112523', '20150914112523'), ('4694', '麟游县', '440', '0', '3', '0', '20150914112523', '20150914112523'), ('4695', '三原县', '441', '0', '3', '0', '20150914112523', '20150914112523'), ('4696', '干县', '441', '0', '3', '0', '20150914112523', '20150914112523'), ('4697', '兴平市', '441', '0', '3', '0', '20150914112523', '20150914112523'), ('4698', '彬县', '441', '0', '3', '0', '20150914112523', '20150914112523'), ('4699', '旬邑县', '441', '0', '3', '0', '20150914112523', '20150914112523'), ('4700', '杨陵区', '441', '0', '3', '0', '20150914112523', '20150914112523'), ('4701', '武功县', '441', '0', '3', '0', '20150914112523', '20150914112523'), ('4702', '永寿县', '441', '0', '3', '0', '20150914112523', '20150914112523'), ('4703', '泾阳县', '441', '0', '3', '0', '20150914112523', '20150914112523'), ('4704', '淳化县', '441', '0', '3', '0', '20150914112523', '20150914112523'), ('4705', '渭城区', '441', '0', '3', '0', '20150914112523', '20150914112523'), ('4706', '礼泉县', '441', '0', '3', '0', '20150914112523', '20150914112523'), ('4707', '秦都区', '441', '0', '3', '0', '20150914112523', '20150914112523'), ('4708', '长武县', '441', '0', '3', '0', '20150914112523', '20150914112523'), ('4709', '临渭区', '442', '0', '3', '0', '20150914112523', '20150914112523'), ('4710', '华县', '442', '0', '3', '0', '20150914112523', '20150914112523'), ('4711', '华阴市', '442', '0', '3', '0', '20150914112523', '20150914112523'), ('4712', '合阳县', '442', '0', '3', '0', '20150914112523', '20150914112523'), ('4713', '大荔县', '442', '0', '3', '0', '20150914112523', '20150914112523'), ('4714', '富平县', '442', '0', '3', '0', '20150914112523', '20150914112523'), ('4715', '潼关县', '442', '0', '3', '0', '20150914112523', '20150914112523'), ('4716', '澄城县', '442', '0', '3', '0', '20150914112523', '20150914112523'), ('4717', '白水县', '442', '0', '3', '0', '20150914112523', '20150914112523'), ('4718', '蒲城县', '442', '0', '3', '0', '20150914112523', '20150914112523'), ('4719', '韩城市', '442', '0', '3', '0', '20150914112523', '20150914112523'), ('4720', '吴起县', '443', '0', '3', '0', '20150914112523', '20150914112523'), ('4721', '子长县', '443', '0', '3', '0', '20150914112523', '20150914112523'), ('4722', '安塞县', '443', '0', '3', '0', '20150914112523', '20150914112523'), ('4723', '宜川县', '443', '0', '3', '0', '20150914112523', '20150914112523'), ('4724', '宝塔区', '443', '0', '3', '0', '20150914112523', '20150914112523'), ('4725', '富县', '443', '0', '3', '0', '20150914112523', '20150914112523'), ('4726', '延川县', '443', '0', '3', '0', '20150914112523', '20150914112523'), ('4727', '延长县', '443', '0', '3', '0', '20150914112523', '20150914112523'), ('4728', '志丹县', '443', '0', '3', '0', '20150914112523', '20150914112523'), ('4729', '洛川县', '443', '0', '3', '0', '20150914112523', '20150914112523'), ('4730', '甘泉县', '443', '0', '3', '0', '20150914112523', '20150914112523'), ('4731', '黄陵县', '443', '0', '3', '0', '20150914112523', '20150914112523'), ('4732', '黄龙县', '443', '0', '3', '0', '20150914112523', '20150914112523'), ('4733', '佛坪县', '444', '0', '3', '0', '20150914112523', '20150914112523'), ('4734', '勉县', '444', '0', '3', '0', '20150914112523', '20150914112523'), ('4735', '南郑县', '444', '0', '3', '0', '20150914112523', '20150914112523'), ('4736', '城固县', '444', '0', '3', '0', '20150914112523', '20150914112523'), ('4737', '宁强县', '444', '0', '3', '0', '20150914112523', '20150914112523'), ('4738', '汉台区', '444', '0', '3', '0', '20150914112523', '20150914112523'), ('4739', '洋县', '444', '0', '3', '0', '20150914112523', '20150914112523'), ('4740', '留坝县', '444', '0', '3', '0', '20150914112523', '20150914112523'), ('4741', '略阳县', '444', '0', '3', '0', '20150914112523', '20150914112523'), ('4742', '西乡县', '444', '0', '3', '0', '20150914112523', '20150914112523'), ('4743', '镇巴县', '444', '0', '3', '0', '20150914112523', '20150914112523'), ('4744', '佳县', '445', '0', '3', '0', '20150914112523', '20150914112523'), ('4745', '吴堡县', '445', '0', '3', '0', '20150914112523', '20150914112523'), ('4746', '子洲县', '445', '0', '3', '0', '20150914112523', '20150914112523'), ('4747', '定边县', '445', '0', '3', '0', '20150914112523', '20150914112523'), ('4748', '府谷县', '445', '0', '3', '0', '20150914112523', '20150914112523'), ('4749', '榆林市榆阳区', '445', '0', '3', '0', '20150914112523', '20150914112523'), ('4750', '横山县', '445', '0', '3', '0', '20150914112523', '20150914112523'), ('4751', '清涧县', '445', '0', '3', '0', '20150914112523', '20150914112523'), ('4752', '神木县', '445', '0', '3', '0', '20150914112523', '20150914112523'), ('4753', '米脂县', '445', '0', '3', '0', '20150914112523', '20150914112523'), ('4754', '绥德县', '445', '0', '3', '0', '20150914112523', '20150914112523'), ('4755', '靖边县', '445', '0', '3', '0', '20150914112523', '20150914112523'), ('4756', '宁陕县', '446', '0', '3', '0', '20150914112523', '20150914112523'), ('4757', '岚皋县', '446', '0', '3', '0', '20150914112523', '20150914112523'), ('4758', '平利县', '446', '0', '3', '0', '20150914112523', '20150914112523'), ('4759', '旬阳县', '446', '0', '3', '0', '20150914112523', '20150914112523'), ('4760', '汉滨区', '446', '0', '3', '0', '20150914112523', '20150914112523'), ('4761', '汉阴县', '446', '0', '3', '0', '20150914112523', '20150914112523'), ('4762', '白河县', '446', '0', '3', '0', '20150914112523', '20150914112523'), ('4763', '石泉县', '446', '0', '3', '0', '20150914112523', '20150914112523'), ('4764', '紫阳县', '446', '0', '3', '0', '20150914112523', '20150914112523'), ('4765', '镇坪县', '446', '0', '3', '0', '20150914112523', '20150914112523'), ('4766', '丹凤县', '447', '0', '3', '0', '20150914112523', '20150914112523'), ('4767', '商南县', '447', '0', '3', '0', '20150914112523', '20150914112523'), ('4768', '商州区', '447', '0', '3', '0', '20150914112523', '20150914112523'), ('4769', '山阳县', '447', '0', '3', '0', '20150914112523', '20150914112523'), ('4770', '柞水县', '447', '0', '3', '0', '20150914112523', '20150914112523'), ('4771', '洛南县', '447', '0', '3', '0', '20150914112523', '20150914112523'), ('4772', '镇安县', '447', '0', '3', '0', '20150914112523', '20150914112523'), ('4773', '七里河区', '448', '0', '3', '0', '20150914112523', '20150914112523'), ('4774', '城关区', '448', '0', '3', '0', '20150914112523', '20150914112523'), ('4775', '安宁区', '448', '0', '3', '0', '20150914112523', '20150914112523'), ('4776', '榆中县', '448', '0', '3', '0', '20150914112523', '20150914112523'), ('4777', '永登县', '448', '0', '3', '0', '20150914112523', '20150914112523'), ('4778', '皋兰县', '448', '0', '3', '0', '20150914112523', '20150914112523'), ('4779', '红古区', '448', '0', '3', '0', '20150914112523', '20150914112523'), ('4780', '西固区', '448', '0', '3', '0', '20150914112523', '20150914112523'), ('4781', '嘉峪关市', '449', '0', '3', '0', '20150914112523', '20150914112523'), ('4782', '永昌县', '450', '0', '3', '0', '20150914112523', '20150914112523'), ('4783', '金川区', '450', '0', '3', '0', '20150914112523', '20150914112523'), ('4784', '会宁县', '451', '0', '3', '0', '20150914112523', '20150914112523'), ('4785', '平川区', '451', '0', '3', '0', '20150914112523', '20150914112523'), ('4786', '景泰县', '451', '0', '3', '0', '20150914112523', '20150914112523'), ('4787', '白银区', '451', '0', '3', '0', '20150914112523', '20150914112523'), ('4788', '靖远县', '451', '0', '3', '0', '20150914112523', '20150914112523'), ('4789', '张家川回族自治县', '452', '0', '3', '0', '20150914112523', '20150914112523'), ('4790', '武山县', '452', '0', '3', '0', '20150914112523', '20150914112523'), ('4791', '清水县', '452', '0', '3', '0', '20150914112523', '20150914112523'), ('4792', '甘谷县', '452', '0', '3', '0', '20150914112523', '20150914112523'), ('4793', '秦安县', '452', '0', '3', '0', '20150914112523', '20150914112523'), ('4794', '秦州区', '452', '0', '3', '0', '20150914112523', '20150914112523'), ('4795', '麦积区', '452', '0', '3', '0', '20150914112523', '20150914112523'), ('4796', '凉州区', '453', '0', '3', '0', '20150914112523', '20150914112523'), ('4797', '古浪县', '453', '0', '3', '0', '20150914112523', '20150914112523'), ('4798', '天祝藏族自治县', '453', '0', '3', '0', '20150914112523', '20150914112523'), ('4799', '民勤县', '453', '0', '3', '0', '20150914112523', '20150914112523'), ('4800', '临泽县', '454', '0', '3', '0', '20150914112523', '20150914112523'), ('4801', '山丹县', '454', '0', '3', '0', '20150914112523', '20150914112523'), ('4802', '民乐县', '454', '0', '3', '0', '20150914112523', '20150914112523'), ('4803', '甘州区', '454', '0', '3', '0', '20150914112523', '20150914112523'), ('4804', '肃南裕固族自治县', '454', '0', '3', '0', '20150914112523', '20150914112523'), ('4805', '高台县', '454', '0', '3', '0', '20150914112523', '20150914112523'), ('4806', '华亭县', '455', '0', '3', '0', '20150914112523', '20150914112523'), ('4807', '崆峒区', '455', '0', '3', '0', '20150914112523', '20150914112523'), ('4808', '崇信县', '455', '0', '3', '0', '20150914112523', '20150914112523'), ('4809', '庄浪县', '455', '0', '3', '0', '20150914112523', '20150914112523'), ('4810', '泾川县', '455', '0', '3', '0', '20150914112523', '20150914112523'), ('4811', '灵台县', '455', '0', '3', '0', '20150914112523', '20150914112523'), ('4812', '静宁县', '455', '0', '3', '0', '20150914112523', '20150914112523'), ('4813', '敦煌市', '456', '0', '3', '0', '20150914112523', '20150914112523'), ('4814', '玉门市', '456', '0', '3', '0', '20150914112523', '20150914112523'), ('4815', '瓜州县（原安西县）', '456', '0', '3', '0', '20150914112523', '20150914112523'), ('4816', '肃北蒙古族自治县', '456', '0', '3', '0', '20150914112523', '20150914112523'), ('4817', '肃州区', '456', '0', '3', '0', '20150914112523', '20150914112523'), ('4818', '金塔县', '456', '0', '3', '0', '20150914112523', '20150914112523'), ('4819', '阿克塞哈萨克族自治县', '456', '0', '3', '0', '20150914112523', '20150914112523'), ('4820', '华池县', '457', '0', '3', '0', '20150914112523', '20150914112523'), ('4821', '合水县', '457', '0', '3', '0', '20150914112523', '20150914112523'), ('4822', '宁县', '457', '0', '3', '0', '20150914112523', '20150914112523'), ('4823', '庆城县', '457', '0', '3', '0', '20150914112523', '20150914112523'), ('4824', '正宁县', '457', '0', '3', '0', '20150914112523', '20150914112523'), ('4825', '环县', '457', '0', '3', '0', '20150914112523', '20150914112523'), ('4826', '西峰区', '457', '0', '3', '0', '20150914112523', '20150914112523'), ('4827', '镇原县', '457', '0', '3', '0', '20150914112523', '20150914112523'), ('4828', '临洮县', '458', '0', '3', '0', '20150914112523', '20150914112523'), ('4829', '安定区', '458', '0', '3', '0', '20150914112523', '20150914112523'), ('4830', '岷县', '458', '0', '3', '0', '20150914112523', '20150914112523'), ('4831', '渭源县', '458', '0', '3', '0', '20150914112523', '20150914112523'), ('4832', '漳县', '458', '0', '3', '0', '20150914112523', '20150914112523'), ('4833', '通渭县', '458', '0', '3', '0', '20150914112523', '20150914112523'), ('4834', '陇西县', '458', '0', '3', '0', '20150914112523', '20150914112523'), ('4835', '两当县', '459', '0', '3', '0', '20150914112523', '20150914112523'), ('4836', '宕昌县', '459', '0', '3', '0', '20150914112523', '20150914112523'), ('4837', '康县', '459', '0', '3', '0', '20150914112523', '20150914112523'), ('4838', '徽县', '459', '0', '3', '0', '20150914112523', '20150914112523'), ('4839', '成县', '459', '0', '3', '0', '20150914112523', '20150914112523'), ('4840', '文县', '459', '0', '3', '0', '20150914112523', '20150914112523'), ('4841', '武都区', '459', '0', '3', '0', '20150914112523', '20150914112523'), ('4842', '礼县', '459', '0', '3', '0', '20150914112523', '20150914112523'), ('4843', '西和县', '459', '0', '3', '0', '20150914112523', '20150914112523'), ('4844', '东乡族自治县', '460', '0', '3', '0', '20150914112523', '20150914112523'), ('4845', '临夏县', '460', '0', '3', '0', '20150914112523', '20150914112523'), ('4846', '临夏市', '460', '0', '3', '0', '20150914112523', '20150914112523'), ('4847', '和政县', '460', '0', '3', '0', '20150914112523', '20150914112523'), ('4848', '广河县', '460', '0', '3', '0', '20150914112523', '20150914112523'), ('4849', '康乐县', '460', '0', '3', '0', '20150914112523', '20150914112523'), ('4850', '永靖县', '460', '0', '3', '0', '20150914112523', '20150914112523'), ('4851', '积石山保安族东乡族撒拉族自治县', '460', '0', '3', '0', '20150914112523', '20150914112523'), ('4852', '临潭县', '461', '0', '3', '0', '20150914112523', '20150914112523'), ('4853', '卓尼县', '461', '0', '3', '0', '20150914112523', '20150914112523'), ('4854', '合作市', '461', '0', '3', '0', '20150914112523', '20150914112523'), ('4855', '夏河县', '461', '0', '3', '0', '20150914112523', '20150914112523'), ('4856', '玛曲县', '461', '0', '3', '0', '20150914112523', '20150914112523'), ('4857', '碌曲县', '461', '0', '3', '0', '20150914112523', '20150914112523'), ('4858', '舟曲县', '461', '0', '3', '0', '20150914112523', '20150914112523'), ('4859', '迭部县', '461', '0', '3', '0', '20150914112523', '20150914112523'), ('4860', '城东区', '462', '0', '3', '0', '20150914112523', '20150914112523'), ('4861', '城中区', '462', '0', '3', '0', '20150914112523', '20150914112523'), ('4862', '城北区', '462', '0', '3', '0', '20150914112523', '20150914112523'), ('4863', '城西区', '462', '0', '3', '0', '20150914112523', '20150914112523'), ('4864', '大通回族土族自治县', '462', '0', '3', '0', '20150914112523', '20150914112523'), ('4865', '湟中县', '462', '0', '3', '0', '20150914112523', '20150914112523'), ('4866', '湟源县', '462', '0', '3', '0', '20150914112523', '20150914112523'), ('4867', '乐都县', '463', '0', '3', '0', '20150914112523', '20150914112523'), ('4868', '互助土族自治县', '463', '0', '3', '0', '20150914112523', '20150914112523'), ('4869', '化隆回族自治县', '463', '0', '3', '0', '20150914112523', '20150914112523'), ('4870', '平安县', '463', '0', '3', '0', '20150914112523', '20150914112523'), ('4871', '循化撒拉族自治县', '463', '0', '3', '0', '20150914112523', '20150914112523'), ('4872', '民和回族土族自治县', '463', '0', '3', '0', '20150914112523', '20150914112523'), ('4873', '刚察县', '464', '0', '3', '0', '20150914112523', '20150914112523'), ('4874', '海晏县', '464', '0', '3', '0', '20150914112523', '20150914112523'), ('4875', '祁连县', '464', '0', '3', '0', '20150914112523', '20150914112523'), ('4876', '门源回族自治县', '464', '0', '3', '0', '20150914112523', '20150914112523'), ('4877', '同仁县', '465', '0', '3', '0', '20150914112523', '20150914112523'), ('4878', '尖扎县', '465', '0', '3', '0', '20150914112523', '20150914112523'), ('4879', '河南蒙古族自治县', '465', '0', '3', '0', '20150914112523', '20150914112523'), ('4880', '泽库县', '465', '0', '3', '0', '20150914112523', '20150914112523'), ('4881', '共和县', '466', '0', '3', '0', '20150914112523', '20150914112523'), ('4882', '兴海县', '466', '0', '3', '0', '20150914112523', '20150914112523'), ('4883', '同德县', '466', '0', '3', '0', '20150914112523', '20150914112523'), ('4884', '贵南县', '466', '0', '3', '0', '20150914112523', '20150914112523'), ('4885', '贵德县', '466', '0', '3', '0', '20150914112523', '20150914112523'), ('4886', '久治县', '467', '0', '3', '0', '20150914112523', '20150914112523'), ('4887', '玛多县', '467', '0', '3', '0', '20150914112523', '20150914112523'), ('4888', '玛沁县', '467', '0', '3', '0', '20150914112523', '20150914112523'), ('4889', '班玛县', '467', '0', '3', '0', '20150914112523', '20150914112523'), ('4890', '甘德县', '467', '0', '3', '0', '20150914112523', '20150914112523'), ('4891', '达日县', '467', '0', '3', '0', '20150914112523', '20150914112523'), ('4892', '囊谦县', '468', '0', '3', '0', '20150914112523', '20150914112523'), ('4893', '曲麻莱县', '468', '0', '3', '0', '20150914112523', '20150914112523'), ('4894', '杂多县', '468', '0', '3', '0', '20150914112523', '20150914112523'), ('4895', '治多县', '468', '0', '3', '0', '20150914112523', '20150914112523'), ('4896', '玉树县', '468', '0', '3', '0', '20150914112523', '20150914112523'), ('4897', '称多县', '468', '0', '3', '0', '20150914112523', '20150914112523'), ('4898', '乌兰县', '469', '0', '3', '0', '20150914112523', '20150914112523'), ('4899', '冷湖行委', '469', '0', '3', '0', '20150914112523', '20150914112523'), ('4900', '大柴旦行委', '469', '0', '3', '0', '20150914112523', '20150914112523'), ('4901', '天峻县', '469', '0', '3', '0', '20150914112523', '20150914112523'), ('4902', '德令哈市', '469', '0', '3', '0', '20150914112523', '20150914112523'), ('4903', '格尔木市', '469', '0', '3', '0', '20150914112523', '20150914112523'), ('4904', '茫崖行委', '469', '0', '3', '0', '20150914112523', '20150914112523'), ('4905', '都兰县', '469', '0', '3', '0', '20150914112523', '20150914112523'), ('4906', '兴庆区', '470', '0', '3', '0', '20150914112523', '20150914112523'), ('4907', '永宁县', '470', '0', '3', '0', '20150914112523', '20150914112523'), ('4908', '灵武市', '470', '0', '3', '0', '20150914112523', '20150914112523'), ('4909', '西夏区', '470', '0', '3', '0', '20150914112523', '20150914112523'), ('4910', '贺兰县', '470', '0', '3', '0', '20150914112523', '20150914112523'), ('4911', '金凤区', '470', '0', '3', '0', '20150914112523', '20150914112523'), ('4912', '大武口区', '471', '0', '3', '0', '20150914112523', '20150914112523'), ('4913', '平罗县', '471', '0', '3', '0', '20150914112523', '20150914112523'), ('4914', '惠农区', '471', '0', '3', '0', '20150914112523', '20150914112523'), ('4915', '利通区', '472', '0', '3', '0', '20150914112523', '20150914112523'), ('4916', '同心县', '472', '0', '3', '0', '20150914112523', '20150914112523'), ('4917', '盐池县', '472', '0', '3', '0', '20150914112523', '20150914112523'), ('4918', '青铜峡市', '472', '0', '3', '0', '20150914112523', '20150914112523'), ('4919', '原州区', '473', '0', '3', '0', '20150914112523', '20150914112523'), ('4920', '彭阳县', '473', '0', '3', '0', '20150914112523', '20150914112523'), ('4921', '泾源县', '473', '0', '3', '0', '20150914112523', '20150914112523'), ('4922', '西吉县', '473', '0', '3', '0', '20150914112523', '20150914112523'), ('4923', '隆德县', '473', '0', '3', '0', '20150914112523', '20150914112523'), ('4924', '中宁县', '474', '0', '3', '0', '20150914112523', '20150914112523'), ('4925', '沙坡头区', '474', '0', '3', '0', '20150914112523', '20150914112523'), ('4926', '海原县', '474', '0', '3', '0', '20150914112523', '20150914112523'), ('4927', '东山区', '475', '0', '3', '0', '20150914112523', '20150914112523'), ('4928', '乌鲁木齐县', '475', '0', '3', '0', '20150914112523', '20150914112523'), ('4929', '天山区', '475', '0', '3', '0', '20150914112523', '20150914112523'), ('4930', '头屯河区', '475', '0', '3', '0', '20150914112523', '20150914112523'), ('4931', '新市区', '475', '0', '3', '0', '20150914112523', '20150914112523'), ('4932', '水磨沟区', '475', '0', '3', '0', '20150914112523', '20150914112523'), ('4933', '沙依巴克区', '475', '0', '3', '0', '20150914112523', '20150914112523'), ('4934', '达坂城区', '475', '0', '3', '0', '20150914112523', '20150914112523'), ('4935', '乌尔禾区', '476', '0', '3', '0', '20150914112523', '20150914112523'), ('4936', '克拉玛依区', '476', '0', '3', '0', '20150914112523', '20150914112523'), ('4937', '独山子区', '476', '0', '3', '0', '20150914112523', '20150914112523'), ('4938', '白碱滩区', '476', '0', '3', '0', '20150914112523', '20150914112523'), ('4939', '吐鲁番市', '477', '0', '3', '0', '20150914112523', '20150914112523'), ('4940', '托克逊县', '477', '0', '3', '0', '20150914112523', '20150914112523'), ('4941', '鄯善县', '477', '0', '3', '0', '20150914112523', '20150914112523'), ('4942', '伊吾县', '478', '0', '3', '0', '20150914112523', '20150914112523'), ('4943', '哈密市', '478', '0', '3', '0', '20150914112523', '20150914112523'), ('4944', '巴里坤哈萨克自治县', '478', '0', '3', '0', '20150914112523', '20150914112523'), ('4945', '吉木萨尔县', '479', '0', '3', '0', '20150914112523', '20150914112523'), ('4946', '呼图壁县', '479', '0', '3', '0', '20150914112523', '20150914112523'), ('4947', '奇台县', '479', '0', '3', '0', '20150914112523', '20150914112523'), ('4948', '昌吉市', '479', '0', '3', '0', '20150914112523', '20150914112523'), ('4949', '木垒哈萨克自治县', '479', '0', '3', '0', '20150914112523', '20150914112523'), ('4950', '玛纳斯县', '479', '0', '3', '0', '20150914112523', '20150914112523'), ('4951', '米泉市', '479', '0', '3', '0', '20150914112523', '20150914112523'), ('4952', '阜康市', '479', '0', '3', '0', '20150914112523', '20150914112523'), ('4953', '博乐市', '480', '0', '3', '0', '20150914112523', '20150914112523'), ('4954', '温泉县', '480', '0', '3', '0', '20150914112523', '20150914112523'), ('4955', '精河县', '480', '0', '3', '0', '20150914112523', '20150914112523'), ('4956', '博湖县', '481', '0', '3', '0', '20150914112523', '20150914112523'), ('4957', '和硕县', '481', '0', '3', '0', '20150914112523', '20150914112523'), ('4958', '和静县', '481', '0', '3', '0', '20150914112523', '20150914112523'), ('4959', '尉犁县', '481', '0', '3', '0', '20150914112523', '20150914112523'), ('4960', '库尔勒市', '481', '0', '3', '0', '20150914112523', '20150914112523'), ('4961', '焉耆回族自治县', '481', '0', '3', '0', '20150914112523', '20150914112523'), ('4962', '若羌县', '481', '0', '3', '0', '20150914112523', '20150914112523'), ('4963', '轮台县', '481', '0', '3', '0', '20150914112523', '20150914112523'), ('4964', '乌什县', '482', '0', '3', '0', '20150914112523', '20150914112523'), ('4965', '库车县', '482', '0', '3', '0', '20150914112523', '20150914112523'), ('4966', '拜城县', '482', '0', '3', '0', '20150914112523', '20150914112523'), ('4967', '新和县', '482', '0', '3', '0', '20150914112523', '20150914112523'), ('4968', '柯坪县', '482', '0', '3', '0', '20150914112523', '20150914112523'), ('4969', '沙雅县', '482', '0', '3', '0', '20150914112523', '20150914112523'), ('4970', '温宿县', '482', '0', '3', '0', '20150914112523', '20150914112523'), ('4971', '阿克苏市', '482', '0', '3', '0', '20150914112523', '20150914112523'), ('4972', '阿瓦提县', '482', '0', '3', '0', '20150914112523', '20150914112523'), ('4973', '乌恰县', '483', '0', '3', '0', '20150914112523', '20150914112523'), ('4974', '阿克陶县', '483', '0', '3', '0', '20150914112523', '20150914112523'), ('4975', '阿合奇县', '483', '0', '3', '0', '20150914112523', '20150914112523'), ('4976', '阿图什市', '483', '0', '3', '0', '20150914112523', '20150914112523'), ('4977', '伽师县', '484', '0', '3', '0', '20150914112523', '20150914112523'), ('4978', '叶城县', '484', '0', '3', '0', '20150914112523', '20150914112523'), ('4979', '喀什市', '484', '0', '3', '0', '20150914112523', '20150914112523'), ('4980', '塔什库尔干塔吉克自治县', '484', '0', '3', '0', '20150914112523', '20150914112523'), ('4981', '岳普湖县', '484', '0', '3', '0', '20150914112523', '20150914112523'), ('4982', '巴楚县', '484', '0', '3', '0', '20150914112523', '20150914112523'), ('4983', '泽普县', '484', '0', '3', '0', '20150914112523', '20150914112523'), ('4984', '疏勒县', '484', '0', '3', '0', '20150914112523', '20150914112523'), ('4985', '疏附县', '484', '0', '3', '0', '20150914112523', '20150914112523'), ('4986', '英吉沙县', '484', '0', '3', '0', '20150914112523', '20150914112523'), ('4987', '莎车县', '484', '0', '3', '0', '20150914112523', '20150914112523'), ('4988', '麦盖提县', '484', '0', '3', '0', '20150914112523', '20150914112523'), ('4989', '于田县', '485', '0', '3', '0', '20150914112523', '20150914112523'), ('4990', '和田县', '485', '0', '3', '0', '20150914112523', '20150914112523'), ('4991', '和田市', '485', '0', '3', '0', '20150914112523', '20150914112523'), ('4992', '墨玉县', '485', '0', '3', '0', '20150914112523', '20150914112523'), ('4993', '民丰县', '485', '0', '3', '0', '20150914112523', '20150914112523'), ('4994', '洛浦县', '485', '0', '3', '0', '20150914112523', '20150914112523'), ('4995', '皮山县', '485', '0', '3', '0', '20150914112523', '20150914112523'), ('4996', '策勒县', '485', '0', '3', '0', '20150914112523', '20150914112523'), ('4997', '伊宁县', '486', '0', '3', '0', '20150914112523', '20150914112523'), ('4998', '伊宁市', '486', '0', '3', '0', '20150914112523', '20150914112523'), ('4999', '奎屯市', '486', '0', '3', '0', '20150914112523', '20150914112523'), ('5000', '察布查尔锡伯自治县', '486', '0', '3', '0', '20150914112523', '20150914112523'), ('5001', '尼勒克县', '486', '0', '3', '0', '20150914112523', '20150914112523'), ('5002', '巩留县', '486', '0', '3', '0', '20150914112523', '20150914112523'), ('5003', '新源县', '486', '0', '3', '0', '20150914112523', '20150914112523'), ('5004', '昭苏县', '486', '0', '3', '0', '20150914112523', '20150914112523'), ('5005', '特克斯县', '486', '0', '3', '0', '20150914112523', '20150914112523'), ('5006', '霍城县', '486', '0', '3', '0', '20150914112523', '20150914112523'), ('5007', '乌苏市', '487', '0', '3', '0', '20150914112523', '20150914112523'), ('5008', '和布克赛尔蒙古自治县', '487', '0', '3', '0', '20150914112523', '20150914112523'), ('5009', '塔城市', '487', '0', '3', '0', '20150914112523', '20150914112523'), ('5010', '托里县', '487', '0', '3', '0', '20150914112523', '20150914112523'), ('5011', '沙湾县', '487', '0', '3', '0', '20150914112523', '20150914112523'), ('5012', '裕民县', '487', '0', '3', '0', '20150914112523', '20150914112523'), ('5013', '额敏县', '487', '0', '3', '0', '20150914112523', '20150914112523'), ('5014', '吉木乃县', '488', '0', '3', '0', '20150914112523', '20150914112523'), ('5015', '哈巴河县', '488', '0', '3', '0', '20150914112523', '20150914112523'), ('5016', '富蕴县', '488', '0', '3', '0', '20150914112523', '20150914112523'), ('5017', '布尔津县', '488', '0', '3', '0', '20150914112523', '20150914112523'), ('5018', '福海县', '488', '0', '3', '0', '20150914112523', '20150914112523'), ('5019', '阿勒泰市', '488', '0', '3', '0', '20150914112523', '20150914112523'), ('5020', '青河县', '488', '0', '3', '0', '20150914112523', '20150914112523'), ('5021', '石河子市', '489', '0', '3', '0', '20150914112523', '20150914112523'), ('5022', '阿拉尔市', '490', '0', '3', '0', '20150914112523', '20150914112523'), ('5023', '图木舒克市', '491', '0', '3', '0', '20150914112523', '20150914112523'), ('5024', '五家渠市', '492', '0', '3', '0', '20150914112523', '20150914112523'), ('45055', '海外', '35', '0', '2', '0', '20150914112523', '20150914112523');
COMMIT;

-- ----------------------------
--  Table structure for `shop_article`
-- ----------------------------
DROP TABLE IF EXISTS `shop_article`;
CREATE TABLE `shop_article` (
  `article_id` int(11) NOT NULL AUTO_INCREMENT COMMENT '索引id',
  `ac_id` mediumint(8) unsigned NOT NULL DEFAULT '0' COMMENT '分类id',
  `article_url` varchar(100) DEFAULT NULL COMMENT '跳转链接',
  `article_show` tinyint(1) unsigned NOT NULL DEFAULT '1' COMMENT '是否显示，0为否，1为是，默认为1',
  `article_sort` tinyint(3) unsigned NOT NULL DEFAULT '255' COMMENT '排序',
  `article_title` varchar(100) DEFAULT NULL COMMENT '标题',
  `article_content` text COMMENT '内容',
  `is_del` tinyint(1) DEFAULT NULL COMMENT '0:未删除;1.已删除',
  `create_time` bigint(13) DEFAULT NULL COMMENT '创建时间',
  `update_time` bigint(13) DEFAULT NULL COMMENT '修改时间',
  `article_time` bigint(13) DEFAULT NULL,
  PRIMARY KEY (`article_id`),
  KEY `ac_id` (`ac_id`) USING BTREE
) ENGINE=InnoDB AUTO_INCREMENT=46 DEFAULT CHARSET=utf8 COMMENT='文章表';

-- ----------------------------
--  Records of `shop_article`
-- ----------------------------
BEGIN;
INSERT INTO `shop_article` VALUES ('6', '1', '', '1', '255', '诚聘英才', '                如何注册成为会员\r\n                ', '1', '20150914112525', null, null), ('7', '1', null, '1', '14', '品牌入驻', '<p>test</p><p>test</p><p>test</p>', '1', '20150914112525', null, null), ('8', '1', '', '1', '255', '友情链接', null, '1', '20150914112525', null, null), ('9', '2', '', '1', '255', '新用户注册', null, '1', '20150914112525', null, null), ('10', '2', '', '1', '255', '如何购买', null, '1', '20150914112525', null, null), ('11', '3', '', '1', '255', '在线支付', null, '1', '20150914112525', null, null), ('12', '3', '', '1', '255', '银行汇款', null, '1', '20150914112525', null, null), ('13', '3', '', '1', '255', '发票制度', null, '1', '20150914112525', null, null), ('14', '4', '', '1', '255', '配送运费及时效', '萨达', '1', '20150914112525', null, null), ('15', '4', '', '1', '255', '货到付款范围', '啊实打实的', '1', '20150914112525', null, null), ('16', '5', null, '1', '255', '退换货政策及办理', null, '1', '20150914112525', null, null), ('17', '5', null, '1', '255', '自助退换货', null, '1', '20150914112525', null, null), ('18', '5', null, '1', '255', '订单跟踪', null, '1', '20150914112525', null, null), ('19', '7', '', '1', '255', '关于我们', '                \r\n                ', '1', '20150914112525', null, null), ('20', '3', '', '0', '255', 'test', '', '1', '20150914112525', null, null), ('21', '21', '', '0', '1', 'test11', '<p>\r\n	aaaaa\r\n</p>\r\n<p>\r\n	aaaa\r\n</p>\r\n<p>\r\n	aaaa\r\n</p>\r\n<p>\r\n	aaaaaaaaa\r\n</p>', '1', '20150914112525', null, null), ('22', '18', '', '0', '1', 'test1', '', '1', '20150914112525', null, null), ('23', '4', '', '0', '255', 'trest111', '<p>\r\n	aaa\r\n</p>\r\n<p>\r\n	aaaa\r\n</p>\r\n<p>\r\n	a\r\n</p>\r\n<p>\r\n	aa\r\n</p>\r\n<p>\r\n	aaa\r\n</p>', '1', '20150914112525', null, null), ('24', '3', '', '0', '255', 'test11123', '<p>\r\n	test\r\n</p>\r\n<p>\r\n	<img src=\"/upload/article20150202/20150202170502.jpg\" alt=\"\" width=\"300\" height=\"225\" title=\"\" align=\"\" />\r\n</p>\r\n<p>\r\n	<br />\r\n</p>\r\n<p>\r\n	adsadsada\r\n</p>', '1', '20150914112525', null, null), ('25', '24', 'http://www.baidu.com', '0', '255', '公告1', '123123', '1', '20150914112525', null, null), ('26', '24', 'http://www.baidu.com', '0', '255', '公告2', 'qweqw', '1', '20150914112525', null, null), ('27', '2', '', '1', '255', '新手专区', '                <div class=\"viper-step newer-mod J_ViperStep\" style=\"margin:0px auto 50px;border:1px solid #EDEDED;font-family:tahoma, arial, \'Hiragino Sans GB\', 宋体, sans-serif;text-align:center;\">\r\n	<div class=\"newer-bd J_ViperStepSlide\">\r\n		<ul>\r\n			<li class=\"viper-stepitem\">\r\n				<img src=\"https://img.alicdn.com/tps/i2/T1opt0Fd4jXXc54VPk-988-269.png\" /><a target=\"_blank\" href=\"https://vip.taobao.com/?method=activation\" class=\"viper-stepitemlink viper-stepitemlink-0\">激活会员身份</a><a target=\"_blank\" href=\"https://110.taobao.com/product/phoneDetail.htm\" class=\"viper-stepitemlink viper-stepitemlink-1\">绑定手机</a><a target=\"_blank\" href=\"https://certify.alipay.com/choose.htm\" class=\"viper-stepitemlink viper-stepitemlink-2\">开通实名认证</a>\r\n			</li>\r\n			<li class=\"viper-stepitem\">\r\n				<img src=\"https://img.alicdn.com/tps/i3/T1zWOsFnVcXXc54VPk-988-269.png\" /><a target=\"_blank\" href=\"https://www.taobao.com/go/chn/ww/index.php\" class=\"viper-stepitemlink viper-stepitemlink-3\">下载旺旺客户端</a><a target=\"_blank\" href=\"https://www.taobao.com/m\" class=\"viper-stepitemlink viper-stepitemlink-4\">下载手机淘宝</a>\r\n			</li>\r\n			<li class=\"viper-stepitem\">\r\n				<img src=\"https://img.alicdn.com/tps/i4/T1aIKtFhFdXXc54VPk-988-269.png\" />\r\n			</li>\r\n			<li class=\"viper-stepitem\">\r\n				<img src=\"https://img.alicdn.com/tps/i1/T1FpKsFcXeXXc54VPk-988-269.png\" /><a target=\"_blank\" href=\"https://member1.taobao.com/member/fresh/account_management.htm?spm=a1z08.2.0.66.XrL6AY\" class=\"viper-stepitemlink viper-stepitemlink-5\">绑定支付宝</a><a target=\"_blank\" href=\"https://kuai.alipay.com/express/sign.htm?pdType=ajcabgdedcbiaihcgead\" class=\"viper-stepitemlink viper-stepitemlink-6\">绑定快捷支付</a><a target=\"_blank\" href=\"https://lab.alipay.com/user/depositDelegateController.htm\" class=\"viper-stepitemlink viper-stepitemlink-7\">支付宝充值</a>\r\n			</li>\r\n			<li class=\"viper-stepitem\">\r\n				<img src=\"https://img.alicdn.com/tps/i2/T1v3etFdxdXXc54VPk-988-269.png\" />\r\n			</li>\r\n		</ul>\r\n<br />\r\n	</div>\r\n</div>\r\n<br />\r\n<span style=\"font-family:tahoma, arial, \'Hiragino Sans GB\', 宋体, sans-serif;\"></span>\r\n<div class=\"viper-goods newer-mod\" style=\"margin:0px auto 60px;font-family:tahoma, arial, \'Hiragino Sans GB\', 宋体, sans-serif;text-align:center;\">\r\n	<div id=\"J_ViperGoodsPanel\" class=\"ks-tabs-panel J_ViperGoodsPanel\">\r\n		<ul class=\"ks-switchable-nav\">\r\n		</ul>\r\n	</div>\r\n</div>\r\n                ', '0', '20150914112525', null, null), ('28', '2', '', '1', '255', '购物车常见问题和购物技巧', '                <p>\r\n	<strong>Q1:为什么购物车中显示有货，去结算时无货？</strong>\r\n</p>\r\n<p>\r\n	A:1.可能您未设置购物车右上角的“配送至地区”，如果“结算页面设置的地区”和“购物车中的配送至地区”不同，有些商品在本地区无货，但别的地区还有货，建议去结算前请先核对页面右上角的“配送至地区”，看是否有货；\r\n</p>\r\n<p>\r\n	图一：购物车页面中的配送至地区\r\n</p>\r\n<p>\r\n	<img title=\"\" alt=\"\" src=\"http://img30.360buyimg.com/pophelp/jfs/t1534/228/32020472/19151/f8d043dd/5550261dN7c5052d3.png\" width=\"670\" />\r\n</p>\r\n<p>\r\n	图二：订单结算页设置的地区\r\n</p>\r\n<p>\r\n	<img title=\"\" alt=\"\" src=\"http://img30.360buyimg.com/pophelp/jfs/t1591/289/39747932/59785/12a4d36b/5550416bNb095b41b.jpg\" width=\"670\" />\r\n</p>\r\n<p>\r\n	2.可能因为抢购（特别是紧俏的商品），没有抢购到，若别的地区还有货，修改收货地区后，请尝试重新购买； \r\n</p>\r\n<p>\r\n	3.赠品在购物车中没显示库存信息，结算时赠品如果显示无货，可以回到购物车页中删除赠品后继续下单。\r\n</p>\r\n<p>\r\n	<strong>Q2:为什么加入购物车后，去结算时价格发生变化<strong>?</strong></strong>\r\n</p>\r\n<p>\r\n	A:因为商品在促销时可能优惠力度比较大，造成抢购到限购数量结束，或促销结束时间到了，所以可能会出现结算时价格变高或变低；\r\n</p>\r\n<p>\r\n	<strong>Q3:如何向店铺咨询问题<strong>?</strong></strong>\r\n</p>\r\n<p>\r\n	A:购物车页中店铺名称右边有个咚咚入口，您可以点击“联系客服”与店铺客服交流；如需获得更好体验，可以查看聊天历史记录等，沟通更方便；\r\n</p>\r\n                ', '0', '20150914112525', null, null), ('29', '4', '', '0', '255', 'asdfasd', 'asdfasdf', '1', '20150914112525', null, null), ('30', '4', '', '1', '255', '商家当日达服务说明', '                <p>\r\n	<a id=\"sjdrd\"><img alt=\"\" src=\"http://img30.360buyimg.com/pophelp/g15/M05/1B/16/rBEhWVKn3dEIAAAAAAEj1t2klUsAAGnrgDEK4YAASPu803.png\" /></a> \r\n</p>\r\n<p>\r\n	什么是商家当日达？\r\n</p>\r\n<ul class=\" list-paddingleft-2\">\r\n	<li>\r\n		<p>\r\n			当日上午提交的现货订单（以成功提交订单的时间点开始计算），当日送达\r\n		</p>\r\n	</li>\r\n</ul>\r\n<p>\r\n	服务说明：\r\n</p>\r\n<ul class=\" list-paddingleft-2\">\r\n	<li>\r\n		<p>\r\n			<strong>1.</strong> 由京东第三方卖家发货并提供配送服务；\r\n		</p>\r\n	</li>\r\n	<li>\r\n		<p>\r\n			<strong>2.</strong> 由于业务发展变化、行政区域更名等因素，当日达配送区域，可能会不时有扩大、变更或调整，具体区域请以京东最新确认为准；\r\n		</p>\r\n	</li>\r\n	<li>\r\n		<p>\r\n			<strong>3.</strong> 重量在15千克，体积在0.12立方米以内，如果超出此范围，您可能不能享受此服务。\r\n		</p>\r\n	</li>\r\n</ul>\r\n<p>\r\n	注意事项：\r\n</p>\r\n<ul class=\" list-paddingleft-2\">\r\n	<li>\r\n		<p>\r\n			如遇交通管制、大雨雪、洪涝、冰灾、地震、节假日、618周年庆、停电等因素，以及由第三方卖家发货订单、图书商品等，均不在“当日达”服务范围内。\r\n		</p>\r\n	</li>\r\n</ul>\r\n                ', '0', '20150914112525', null, null), ('31', '3', '', '1', '255', '货到付款', '                <div class=\"contxt\">\r\n	<div class=\"help-tit1 flk06\">\r\n		货到付款说明\r\n	</div>\r\n	<p>\r\n		京东在全国大部分城市中开通了货到付款服务。<a href=\"http://help.jd.com/user/issue/103-983.html\" target=\"_blank\">查看您是否享受该服务</a> \r\n	</p>\r\n	<p>\r\n		您可选择现金、POS机刷卡、支票的方式支付货款：\r\n	</p>\r\n	<p>\r\n		 <strong>POS机刷卡：</strong>目前仅支持带有银联标识的银行卡，信用卡POS机刷卡消费赠送积分以各银行为准，具体信息请致电发卡行确认。若您下单时在订单中填写POS机刷卡，支付时也可换成现金支付。\r\n	</p>\r\n	<p>\r\n		<strong> 支票支付：</strong>需要您将支票内容填写完整且需要款到账后方可送货，北京、上海、成都、沈阳、武汉、广州地区客户可使用此服务。<a href=\"http://help.jd.com/user/issue/list-178.html\" target=\"_blank\">支票支付详情查询请点击此处 </a>\r\n	</p>\r\n	<p>\r\n		其中，京东快递配送时可支持现金、POS机刷卡、支票支付（仅限北京、上海、成都、沈阳、武汉、广州地区）。（具体支付方式您可与为您送货时的配送员联系咨询）\r\n	</p>\r\n	<p>\r\n		<strong> 京东自营商品配送费：</strong>注册、铜牌、银牌、金牌会员在京东网站购买满79元以上（含79元）的商品，即可享受免费配送的服务（偏远地区或选择极速达配送服务方式除外）；钻石会员、企业会员购买满59元以上（含59元）的商品，即可享受免费配送的服务（偏远地区或选择极速达配送服务方式除外）。<a href=\"http://help.jd.com/user/issue/109-188.html\" target=\"_blank\">配送费收取标准查询</a>\r\n	</p>\r\n	<p>\r\n		 <strong>第三方卖家商品配送费：</strong>以卖家在商品信息页公示的运费信息为准。 \r\n	</p>\r\n	<p>\r\n		注\r\n意：\r\n货到付款的订单，如果一个ID帐号在一个月内有过1次以上或一年内有过3次以上，无理由不接收我司配送的商品，我司将在相应的ID帐户里按每单扣除500\r\n个京豆做为运费；时间计算方法为：成功提交订单后向前推算30天为一个月，成功提交订单后向前推算365天为一年，不以自然月和自然年计算。\r\n	</p>\r\n</div>\r\n                ', '0', '20150914112525', null, null), ('32', '5', '', '1', '255', '售后政策（自营）', '                <div class=\"contxt\">\r\n	<div class=\"help-tit1 flk06\">\r\n		什么情况下可以退换货/维修？\r\n	</div>\r\n	<p>\r\n		<strong>京东自营商品售后服务总则：</strong>\r\n	</p>\r\n	<p>\r\n		<strong>京东承诺符合以下情况，自客户收到商品之日起7日内可以退货，15日内可以换货，客户可在线提交返修申请办理退换货事宜。具体退换货标准如下：</strong>\r\n	</p>\r\n	<table class=\"tablecss\" cellpadding=\"0\" cellspacing=\"0\" width=\"99%\">\r\n		<tbody>\r\n			<tr class=\"firstRow\">\r\n				<th style=\"background:#F6FCFE;border:1px solid #B9E8F9;font-size:14px;\" height=\"30\" width=\"20%\">\r\n					<span style=\"font-family:宋体,SimSun;\">退换类别</span>\r\n				</th>\r\n				<th style=\"background:#F6FCFE;border:1px solid #B9E8F9;font-size:14px;\" height=\"30\" width=\"20%\">\r\n					<span style=\"font-family:宋体,SimSun;\">具体描述</span>\r\n				</th>\r\n				<th style=\"background:#F6FCFE;border:1px solid #B9E8F9;font-size:14px;\" height=\"30\" width=\"15%\">\r\n					<span style=\"font-family:宋体,SimSun;\">是否支持7天（含）内退货</span>\r\n				</th>\r\n				<th style=\"background:#F6FCFE;border:1px solid #B9E8F9;font-size:14px;\" height=\"30\" width=\"15%\">\r\n					<span style=\"font-family:宋体,SimSun;\">是否支持15天（含）内换货</span>\r\n				</th>\r\n				<th style=\"background:#F6FCFE;border:1px solid #B9E8F9;font-size:14px;\" width=\"10%\">\r\n					<span style=\"font-family:宋体,SimSun;\">是否收取返回运费</span>\r\n				</th>\r\n				<th style=\"background:#F6FCFE;border:1px solid #B9E8F9;font-size:14px;\" width=\"20%\">\r\n					<span style=\"font-family:宋体,SimSun;\">备注</span>\r\n				</th>\r\n			</tr>\r\n			<tr>\r\n				<td style=\"border:1px solid #B9E8F9;\">\r\n					<span style=\"font-family:宋体,SimSun;\">国家法律所规定的功能性故障或商品质量问题</span>\r\n				</td>\r\n				<td style=\"border:1px solid #B9E8F9;\">\r\n					<p style=\"text-align:left;\">\r\n						<span style=\"font-family:宋体,SimSun;\">经由生产厂家指定或特约售后服务中心检测确认，并出具检测报告或经京东售后确认属于商品质量问题。</span>\r\n					</p>\r\n				</td>\r\n				<td style=\"border:1px solid #B9E8F9;\">\r\n					<span style=\"font-family:宋体,SimSun;\">是</span>\r\n				</td>\r\n				<td style=\"border:1px solid #B9E8F9;\">\r\n					<span style=\"font-family:宋体,SimSun;\">是</span>\r\n				</td>\r\n				<td style=\"border:1px solid #B9E8F9;\">\r\n					<span style=\"font-family:宋体,SimSun;\">否</span>\r\n				</td>\r\n				<td style=\"border:1px solid #B9E8F9;\">\r\n					<span style=\"font-family:宋体,SimSun;\">当地无检测条件的请联系京东售后处理。</span>\r\n				</td>\r\n			</tr>\r\n			<tr>\r\n				<td style=\"border:1px solid #B9E8F9;\">\r\n					<span style=\"font-family:宋体,SimSun;\">到货物流损、缺件或商品描述与网站不符等京东原因</span>\r\n				</td>\r\n				<td style=\"border:1px solid #B9E8F9;\">\r\n					<p style=\"text-align:left;\">\r\n						<span style=\"font-family:宋体,SimSun;\">物流损指在运输过程中造成的损坏、漏液、破碎、性能故障，经售后人员核查情况属实。缺件指商品原装配件缺失。</span>\r\n					</p>\r\n				</td>\r\n				<td style=\"border:1px solid #B9E8F9;\">\r\n					<span style=\"font-family:宋体,SimSun;\">是</span>\r\n				</td>\r\n				<td style=\"border:1px solid #B9E8F9;\">\r\n					<span style=\"font-family:宋体,SimSun;\">是</span>\r\n				</td>\r\n				<td style=\"border:1px solid #B9E8F9;\">\r\n					<span style=\"font-family:宋体,SimSun;\">否</span>\r\n				</td>\r\n				<td style=\"border:1px solid #B9E8F9;\">\r\n					<span style=\"font-family:宋体,SimSun;\">京东审核期间可能需要快递人员证明或要求您提供实物照片等，以便售后人员快速做出判断并及时处理。</span>\r\n				</td>\r\n			</tr>\r\n			<tr>\r\n				<td style=\"border:1px solid #B9E8F9;\">\r\n					<span style=\"font-family:宋体,SimSun;\">其他原因</span>\r\n				</td>\r\n				<td style=\"border:1px solid #B9E8F9;\">\r\n					<p style=\"text-align:left;\">\r\n						<span style=\"font-family:宋体,SimSun;\">除以上两种原因之外，如个人原因导致的退换货，在商品完好的前提下。</span>\r\n					</p>\r\n				</td>\r\n				<td style=\"border:1px solid #B9E8F9;\">\r\n					<span style=\"font-family:宋体,SimSun;\">是（夺宝岛售出商品除外）</span>\r\n				</td>\r\n				<td style=\"border:1px solid #B9E8F9;\">\r\n					<span style=\"font-family:宋体,SimSun;\">否</span>\r\n				</td>\r\n				<td style=\"border:1px solid #B9E8F9;\">\r\n					<span style=\"font-family:宋体,SimSun;\">是（钻石级别客户免运费）</span>\r\n				</td>\r\n				<td style=\"border:1px solid #B9E8F9;\">\r\n					<span style=\"font-family:宋体,SimSun;\"></span>由您承担商品返回京东的运费<a href=\"http://help.jd.com/user/issue/131-494.html\" target=\"_blank\">运费标准>></a>。钻石级别客户不受限制，由京东承担所有运费。<a href=\"http://help.jd.com/user/issue/list-116-131.html\" target=\"_blank\">常见问题>></a>\r\n				</td>\r\n			</tr>\r\n		</tbody>\r\n	</table>\r\n	<p>\r\n		 \r\n	</p>\r\n	<p>\r\n		<strong></strong> \r\n	</p>\r\n	<p>\r\n		<strong>第三方卖家商品售后服务总则：</strong>\r\n	</p>\r\n	<p>\r\n		<strong>自商品售出之日（以实际收货日期为准）起7日内可以退换货，15日内可以换货，您可在线提交返修/退换申请办理退换货事宜。具体退换货标准如下：</strong>\r\n	</p>\r\n	<ol class=\" list-paddingleft-2\">\r\n		<li>\r\n			<p>\r\n				本售后总则不适用<a href=\"http://help.jd.com/user/issue/list-117-341.html\" target=\"_blank\">闪购商品</a>、海外购商品；\r\n			</p>\r\n		</li>\r\n		<li>\r\n			<p>\r\n				退货时请保持主商品完好，附件齐全，并将商品的赠品一并返回；\r\n			</p>\r\n		</li>\r\n	</ol>\r\n	<table class=\"tablecss\" cellpadding=\"0\" cellspacing=\"0\" width=\"99%\">\r\n		<tbody>\r\n			<tr class=\"firstRow\">\r\n				<th style=\"background:#F6FCFE;border:1px solid #B9E8F9;font-size:14px;\" height=\"30\" width=\"20%\">\r\n					<span style=\"font-family:宋体,SimSun;font-size:12px;\">退换类别</span>\r\n				</th>\r\n				<th style=\"background:#F6FCFE;border:1px solid #B9E8F9;font-size:14px;\" height=\"30\" width=\"20%\">\r\n					<span style=\"font-family:宋体,SimSun;font-size:12px;\">具体描述</span>\r\n				</th>\r\n				<th style=\"background:#F6FCFE;border:1px solid #B9E8F9;font-size:14px;\" height=\"30\" width=\"15%\">\r\n					<span style=\"font-family:宋体,SimSun;font-size:12px;\">是否支持7天（含）内退换货</span>\r\n				</th>\r\n				<th style=\"background:#F6FCFE;border:1px solid #B9E8F9;font-size:14px;\" height=\"30\" width=\"15%\">\r\n					<span style=\"font-family:宋体,SimSun;font-size:12px;\">是否支持15天（含）内换货</span>\r\n				</th>\r\n				<th style=\"background:#F6FCFE;border:1px solid #B9E8F9;font-size:14px;\" width=\"10%\">\r\n					<span style=\"font-family:宋体,SimSun;font-size:12px;\">是否收取返回运费</span>\r\n				</th>\r\n				<th style=\"background:#F6FCFE;border:1px solid #B9E8F9;font-size:14px;\" width=\"20%\">\r\n					<span style=\"font-family:宋体,SimSun;font-size:12px;\">备注</span>\r\n				</th>\r\n			</tr>\r\n			<tr>\r\n				<td style=\"border:1px solid #B9E8F9;\">\r\n					<p style=\"text-align:left;\">\r\n						<span style=\"font-family:宋体,SimSun;\">国家法律所规定的功能性故障或商品质量问题</span>\r\n					</p>\r\n				</td>\r\n				<td style=\"border:1px solid #B9E8F9;\">\r\n					<p style=\"text-align:left;\">\r\n						<span style=\"font-family:宋体,SimSun;\">经由生产厂家指定或特约售后服务中心检测确认，并出具检测报告或经第三方卖家售后确认属于商品质量问题。</span>\r\n					</p>\r\n				</td>\r\n				<td style=\"border:1px solid #B9E8F9;\">\r\n					<span style=\"font-family:宋体,SimSun;\">是</span>\r\n				</td>\r\n				<td style=\"border:1px solid #B9E8F9;\">\r\n					<span style=\"font-family:宋体,SimSun;\">是</span>\r\n				</td>\r\n				<td style=\"border:1px solid #B9E8F9;\">\r\n					<span style=\"font-family:宋体,SimSun;\">否</span>\r\n				</td>\r\n				<td style=\"border:1px solid #B9E8F9;\">\r\n					<p style=\"text-align:left;\">\r\n						<span style=\"font-family:宋体,SimSun;\">当地无检测条件的请联系第三方卖家客服处理。</span>\r\n					</p>\r\n				</td>\r\n			</tr>\r\n			<tr>\r\n				<td style=\"border:1px solid #B9E8F9;\">\r\n					<p style=\"text-align:left;\">\r\n						<span style=\"font-family:宋体,SimSun;\">到货物流损、缺件或商品描述与网站不符等京东原因</span>\r\n					</p>\r\n				</td>\r\n				<td style=\"border:1px solid #B9E8F9;\">\r\n					<p style=\"text-align:left;\">\r\n						<span style=\"font-family:宋体,SimSun;\">物流损指在运输过程中造成的损坏、漏液、破碎、性能故障，经售后人员核查情况属实。缺件指商品原装配件缺失。</span>\r\n					</p>\r\n				</td>\r\n				<td style=\"border:1px solid #B9E8F9;\">\r\n					<span style=\"font-family:宋体,SimSun;\">是</span>\r\n				</td>\r\n				<td style=\"border:1px solid #B9E8F9;\">\r\n					<span style=\"font-family:宋体,SimSun;\">是</span>\r\n				</td>\r\n				<td style=\"border:1px solid #B9E8F9;\">\r\n					<span style=\"font-family:宋体,SimSun;\">否</span>\r\n				</td>\r\n				<td style=\"border:1px solid #B9E8F9;\">\r\n					<p style=\"text-align:left;\">\r\n						<span style=\"font-family:宋体,SimSun;\">京东审核期间可能需要快递人员证明或要求您提供实物照片等，以便第三方卖家售后快速做出判断并及时处理。</span>\r\n					</p>\r\n				</td>\r\n			</tr>\r\n			<tr>\r\n				<td style=\"border:1px solid #B9E8F9;\">\r\n					<p style=\"text-align:left;\">\r\n						<span style=\"font-family:宋体,SimSun;\">其他原因</span>\r\n					</p>\r\n				</td>\r\n				<td style=\"border:1px solid #B9E8F9;\">\r\n					<p style=\"text-align:left;\">\r\n						<span style=\"font-family:宋体,SimSun;\">除以上两种原因之外，如个人原因导致的退换货，在保证商品完好的前提下。</span>\r\n					</p>\r\n				</td>\r\n				<td style=\"border:1px solid #B9E8F9;\">\r\n					<span style=\"font-family:宋体,SimSun;\">是</span>\r\n				</td>\r\n				<td style=\"border:1px solid #B9E8F9;\">\r\n					<span style=\"font-family:宋体,SimSun;\">否</span>\r\n				</td>\r\n				<td style=\"border:1px solid #B9E8F9;\">\r\n					<span style=\"font-family:宋体,SimSun;\">是</span>\r\n				</td>\r\n				<td style=\"border:1px solid #B9E8F9;\">\r\n					<p style=\"text-align:left;\">\r\n						<span style=\"font-family:宋体,SimSun;\">由客户承担商品返回第三方卖家的运费。钻石级别会员承担运费予以退还</span>\r\n					</p>\r\n				</td>\r\n			</tr>\r\n		</tbody>\r\n	</table>\r\n	<p>\r\n		<br />\r\n	</p>\r\n</div>\r\n                ', '0', '20150914112525', null, null), ('33', '7', '', '1', '255', '关于我们', '                <p>\r\n	根据第三方市场研究公司艾瑞咨询的数据，京东（JD.com）是中国最大的自营式电商企业，2015年第一季度在中国自营式B2C电商市场的占有率\r\n为56.3%。2014年，京东市场交易额达到2602亿元，净收入达到1150亿元。2015年第二季度，京东市场交易额达到1145亿元，同比增长\r\n82%；净收入达到459亿元，同比增长61%。\r\n</p>\r\n<p>\r\n	目前，京东集团旗下设有京东商城、京东金融、拍拍、京东智能、京东到家及海外事业部。2014年5月，京东在美国纳斯达克证券交易所正式挂牌\r\n上市，是中国第一个成功赴美上市的大型综合型电商平台，并跻身全球前十大互联网公司排行榜。2015年7月，京东因其高成长性入选纳斯达克100指数和纳\r\n斯达克100平均加权指数，成为纳斯达克100指数中仅有的2家中国互联网公司之一。\r\n</p>\r\n<p>\r\n	京东致力于为消费者提供愉悦的在线购物体验。通过内容丰富、人性化的网站（www.jd.com）和移动客户端，京东以富有竞争力的价格，提\r\n供具有丰富品类及卓越品质的商品和服务，以快速可靠的方式送达消费者，并且提供灵活多样的支付方式。另外，京东还为第三方卖家提供在线销售平台和物流等一\r\n系列增值服务。\r\n</p>\r\n<p>\r\n	京东提供丰富优质的商品，品类包括：计算机、手机及其它数码产品、家电、汽车配件、服装与鞋类、奢侈品（如：手提包、手表与珠宝）、家居与家\r\n庭用品、化妆品与其它个人护理用品、食品与营养品、书籍、电子图书、音乐、电影与其它媒体产品、母婴用品与玩具、体育与健身器材以及虚拟商品（如：国内机\r\n票、酒店预订等）。\r\n</p>\r\n<p>\r\n	京东拥有中国电商行业最大的仓储设施。截至2015年6月30日，京东在全国拥有7大物流中心，在全国44座城市运营166个大型仓库，拥有\r\n4142个配送站和自提点，覆盖全国2043个区县。京东专业的配送队伍能够为消费者提供一系列专业服务，如：211限时达、次日达、夜间配和三小时极速\r\n达，GIS包裹实时追踪、售后100分、快速退换货以及家电上门安装等服务，保障用户享受到卓越、全面的物流配送和完整的“端对端”购物体验。\r\n</p>\r\n<p>\r\n	京东是一家技术驱动的公司，从成立伊始就投入巨资开发完善可靠、能够不断升级、以电商应用服务为核心的自有技术平台。我们将继续增强公司的技术平台实力，以便更好地提升内部运营效率，同时为合作伙伴提供卓越服务。\r\n</p>\r\n<h3>\r\n	配送服务说明：\r\n</h3>\r\n<p>\r\n	211限时达：当日上午11：00前提交的现货订单（部分城市为上午10点前），以订单出库完成拣货时间点开始计算，当日送达；夜里\r\n11：00前提交的现货订单（以订单出库后完成拣货时间点开始计算），次日15：00前送达。截至2015年7月31日，“211限时达”已覆盖全国\r\n135个区县。\r\n</p>\r\n<p>\r\n	次日达：在一定时间点之前提交的现货订单（以订单出库后完成拣货的时间点开始计算），将于次日送达。截至2015年7月31日，“次日达”已覆盖全国951个区县。\r\n</p>\r\n<p>\r\n	极速达：京东为消费者提供的一项个性化付费增值服务。消费者通过“在线支付”方式全额成功付款或“货到付款”方式成功提交订单，并勾选“极速\r\n达”服务后，京东会在服务时间内，3小时将商品送至消费者所留地址。目前，“极速达”业务在北京、上海、广州、成都、武汉、沈阳六个城市提供服务。\r\n</p>\r\n<p>\r\n	夜间配：京东为消费者提供更快速、更便利的一项增值服务。消费者下单时在日历中选择“19:00-22:00”时段，属“夜间配”服务范围内\r\n的商品，京东会尽可能安排配送员在消费者选定当日晚间19:00-22:00送货上门。目前，“夜间配”业务在北京、上海、广州、成都、武汉、沈阳六个城\r\n市提供服务。\r\n</p>\r\n                ', '0', '20150914112525', null, null), ('34', '1', '', '1', '255', '店铺入驻', '                <p>\r\n	<strong>2014年京东开放平台招商方向</strong>\r\n</p>\r\n<div>\r\n	<h2>\r\n		<strong></strong> \r\n	</h2>\r\n	<h1>\r\n		1.    品牌\r\n	</h1>\r\n	<p>\r\n		<br />\r\n	</p>\r\n       国际国内知名品牌<br />\r\n	<p>\r\n		       京东开放平台将一如既往的最大程度地维护卖家的品牌利益，尊重品牌传统和内涵，欢迎优质品牌旗\r\n	</p>\r\n	<p>\r\n		<br />\r\n	</p>\r\n	<p>\r\n		舰店入驻，请参见<a href=\"http://help.jd.com/Vender/viewQuestion-901-2275.html\">《2014年京东开放平台重点招募品牌》。</a>\r\n	</p>\r\n	<h1>\r\n		<br />\r\n	</h1>\r\n	<h1>\r\n		2.    货品\r\n	</h1>\r\n       <br />\r\n       能够满足京东用户群体优质、有特色的货品。<br />\r\n       根据类目结构细分的货品配置。类目规划详见<a href=\"http://help.jd.com/Vender/question-902.html#help2279\">《2014年京东开放平台类目一览表》。</a><br />\r\n	<h1>\r\n		3.   垂直电商\r\n	</h1>\r\n	<p>\r\n		<br />\r\n	</p>\r\n	<p>\r\n		      京东开放平台欢迎垂直类电商入驻。京东开放平台愿意和专业的垂直电商企业分享其优质用户群体，\r\n	</p>\r\n	<p>\r\n		<br />\r\n	</p>\r\n	<p>\r\n		并且欢迎垂直电商为京东用户提供该领域专业的货品及服务。\r\n	</p>\r\n</div>\r\n                ', '0', '20150914112525', null, null), ('35', '4', '', '0', '255', '阿斯顿发斯蒂芬', '阿斯顿发斯蒂芬', '1', '20150914112525', null, null), ('36', '8', '', '1', '255', '邯郸烟台威海增加“次日达”服务', '                <span style=\"color:#666666;font-family:微软雅黑;font-size:14px;line-height:28px;background-color:#FFFFFF;\">亲爱的各位京东网友：</span><br />\r\n<span style=\"color:#666666;font-family:微软雅黑;font-size:14px;line-height:28px;background-color:#FFFFFF;\">8月4日，京东“次日达”服务又向你们走近了一步，河北邯郸、山东烟台和威海的城市部分区域已开通次日达服务，具体如下：</span><br />\r\n<span style=\"color:#666666;font-family:微软雅黑;font-size:14px;line-height:28px;background-color:#FFFFFF;\">河北邯郸部分区域的京东网友们，只要在当天20:00前提交的现货订单，第二天您就能收到期待的商品啦！</span><br />\r\n<span style=\"color:#666666;font-family:微软雅黑;font-size:14px;line-height:28px;background-color:#FFFFFF;\">山东烟台、威海部分区域的京东网友们，只要在当天16:00前提交的现货订单，第二天您就能收到期待的商品啦！ </span><br />\r\n<span style=\"color:#666666;font-family:微软雅黑;font-size:14px;line-height:28px;background-color:#FFFFFF;\">河北邯郸、山东烟台、威海开通次日达服务的具体区域如下表： </span><br />\r\n<img src=\"http://img30.360buyimg.com/news/jfs/t1672/86/1123437990/165398/5874d182/55c460a3N929bab85.jpg\" alt=\"\" /><br />\r\n<span style=\"color:#666666;font-family:微软雅黑;font-size:14px;line-height:28px;background-color:#FFFFFF;\">祝您购物愉快！</span>\r\n                ', '1', '20150914112525', null, null), ('37', '8', '', '0', '255', '农资频道正式上线', '<span style=\"color:#666666;font-family:微软雅黑;font-size:14px;line-height:28px;background-color:#FFFFFF;\">亲爱的各位网友：</span><br />\r\n<span style=\"color:#666666;font-family:微软雅黑;font-size:14px;line-height:28px;background-color:#FFFFFF;\">8月11日，农资频道(</span><a href=\"http://nong.jd.com/\">http://nong.jd.com</a><span style=\"color:#666666;font-family:微软雅黑;font-size:14px;line-height:28px;background-color:#FFFFFF;\">)正式上线，将为全国亿万农民提供种子、农药、化肥、农具等农资产品的电商服务，也成为中国首家采取自营农资方式的综合电商。据悉，11日凌晨开始，农民朋友即可通过商城或手机客户端登录农资频道，从优选的国内外农资品牌中挑选正品农资产品，享受物流的送货上门服务，以及分期付款、白条和保险等金融服务，并让线上线下的贴身农技指导服务成为可能。</span><br />\r\n<span style=\"color:#666666;font-family:微软雅黑;font-size:14px;line-height:28px;background-color:#FFFFFF;\">与此同时，农资频道的上线将帮助农资企业扩大销量、提升品牌知名度和用户满意度，并通过建立在用户信息与反馈基础上的大数据分析，帮助企业探索以销定产、按销定制的新型销售模式。从2015年初开始，已有国内多家农资知名企业与达成合作协议并入驻农资频道、发展农资农业产业合作，其中包括中国复合肥领军品牌金正大、中国种子集团有限公司、北京京研益农科技发展中心、北京燕化永乐生物科技股份有限公司等。</span><br />\r\n<span style=\"color:#666666;font-family:微软雅黑;font-size:14px;line-height:28px;background-color:#FFFFFF;\">感谢您对的关注与支持！</span>', '0', '20150914112525', '1444880949812', null), ('38', '7', '', '0', '255', '联系我们', '<div class=\"about_content_item\">\r\n	<h3 class=\"item_title\">\r\n		公司介绍\r\n	</h3>\r\n	<hr class=\"item_seg\" />\r\n	<p>\r\n		<b>深圳市华强北在线商务有限公司</b><br />\r\n公司地址：深圳市福田区振中路新亚洲大厦一期六楼<br />\r\n公司总机：0755-83278888<br />\r\n客服热线：0755-36991873<br />\r\n公司传真：0755-83279999<br />\r\n客服邮箱：kf#okhqb.com( 请将 # 替换为 @ )\r\n	</p>\r\n	<p>\r\n		<img src=\"http://okhqb.hqbcdn.com/images/about/c1.png\" alt=\"\" id=\"contactMaps\" />\r\n	</p>\r\n</div>', '0', '20150914112525', null, null), ('39', '7', '', '0', '255', '招聘英才', '<div class=\"comBoxTitle\">\r\n	<h2 class=\"h23\">\r\n		职位信息\r\n	</h2>\r\n<span class=\"comBoxTitle1\"></span>\r\n</div>\r\n<div class=\"comBoxBody1\">\r\n	<table class=\"jianLiTable2\">\r\n		<tbody>\r\n			<tr>\r\n				<th>\r\n					招聘职位\r\n				</th>\r\n				<td>\r\n					会计总务 (编号70329)\r\n				</td>\r\n			</tr>\r\n			<tr>\r\n				<th>\r\n					发布日期\r\n				</th>\r\n				<td>\r\n					2015-08-12\r\n				</td>\r\n			</tr>\r\n			<tr>\r\n				<th>\r\n					职能描述\r\n				</th>\r\n				<td>\r\n					【職務詳細】<br />\r\n1，根据请款单、各种原始凭证，收款回单等编制收、付款凭证；依收入、成本等编制转账凭证<br />\r\n2，根据记账凭证输入借贷方金额，汇总各科目余额，编制出汇总表，使其借贷方相等<br />\r\n3，根据本月银行现金发生的业务制作银行现金流量表<br />\r\n4，根据财务报表（资产负债表、利润表），进行网上纳税，并收取、打印回执，以便去税务局报税<br />\r\n5，根据财务报表进行网上申报，登记供应商、客户的往来明细账，把原始凭证装订成本<br />\r\n6，办公用品盘点、购买；公司资料整理保管<br />\r\n7，公司员工薪资福利计算<br />\r\nkeyword: 会计 财务 餐饮 账务\r\n				</td>\r\n			</tr>\r\n			<tr>\r\n				<th>\r\n					招聘背景\r\n				</th>\r\n				<td>\r\n					事業拡大\r\n				</td>\r\n			</tr>\r\n			<tr>\r\n				<th>\r\n					职位要求\r\n				</th>\r\n				<td>\r\n					【必須条件】<br />\r\n1. 会计上岗证<br />\r\n2. 本科及以上学历<br />\r\n3. 财务会计相关经验一年以上<br />\r\n4. 能够手动做账<br />\r\n5. 20代<br />\r\n尚可条件<br />\r\n1. 有总务人事经验欢迎<br />\r\n2. 台资企业工作经历欢迎\r\n				</td>\r\n			</tr>\r\n			<tr>\r\n				<th>\r\n					工作地点\r\n				</th>\r\n				<td>\r\n					上海市虹口区\r\n				</td>\r\n			</tr>\r\n			<tr>\r\n				<th>\r\n					工作时间\r\n				</th>\r\n				<td>\r\n					09:00 - 18:00\r\n				</td>\r\n			</tr>\r\n			<tr>\r\n				<th>\r\n					工资范围(参考工资)\r\n				</th>\r\n				<td>\r\n					3500&nbsp;-&nbsp;5500&nbsp;元\r\n				</td>\r\n			</tr>\r\n			<tr>\r\n				<th>\r\n					待遇福利\r\n				</th>\r\n				<td>\r\n					四金（養老、失業、医療、工傷保険、住宅積立金）\r\n				</td>\r\n			</tr>\r\n			<tr>\r\n				<th>\r\n					休假\r\n				</th>\r\n				<td>\r\n					国家法定休暇\r\n				</td>\r\n			</tr>\r\n			<tr>\r\n				<th>\r\n					选拔流程\r\n				</th>\r\n				<td>\r\n					RGF書類選考→RGF面談&amp;推薦→企業面接（2～3次）→内定→入社\r\n				</td>\r\n			</tr>\r\n		</tbody>\r\n	</table>\r\n</div>', '1', '20150914112525', null, null), ('40', '7', '', '0', '255', '广告合作', '<div class=\"white_bg\">\r\n	<div class=\"about_menu\">\r\n		<div>\r\n			<span style=\"line-height:1.5;\">广告合作</span>\r\n		</div>\r\n	</div>\r\n	<div class=\"about_contain\">\r\n		<div class=\"about_line\">\r\n		</div>\r\n		<div class=\"about_content\">\r\n			<div style=\"margin:0px;\" class=\"about_ad\">\r\n				<div style=\"margin:0px;\" class=\"about_ad_piece piece_good\">\r\n					<div style=\"margin:0px;\">\r\n						<p style=\"font-weight:bold;\" class=\"about_ad_piece_tit\">\r\n							80后商城网的优势\r\n						</p>\r\n						<p class=\"bout_ad_piece_content\">\r\n							<span style=\"line-height:34px;background-color:#ffffff;font-family:Tahoma, Helvetica, Arial, 宋体, sans-serif;color:#5e5e5e;\">80后商城网</span>是80后商城信息科技有限公司下设的国内首家集返利、折扣 、分享为一体的纯买家购物社区。<br />\r\n这是一个折扣网站，<span style=\"line-height:34px;background-color:#ffffff;font-family:Tahoma, Helvetica, Arial, 宋体, sans-serif;color:#5e5e5e;\">80后商城</span>低价折扣返利商品；这是一个返利网站，去淘宝、商城、团购网站购物均可返利；这是一个纯买家社区，几十万真实用户的在线交流帮您一起购物。\r\n						</p>\r\n					</div>\r\n				</div>\r\n				<div style=\"margin:0px;\" class=\"about_ad_piece piece_adv\">\r\n					<div style=\"margin:0px;\">\r\n						<p style=\"font-weight:bold;\" class=\"about_ad_piece_tit\">\r\n							<span style=\"font-family:Tahoma, Helvetica, Arial, 宋体, sans-serif;color:#5E5E5E;background-color:#FFFFFF;\">80后商城网</span>简介\r\n						</p>\r\n						<p class=\"bout_ad_piece_content\">\r\n							80后商城信息科技有限公司下设的<span style=\"line-height:34px;background-color:#ffffff;font-family:Tahoma, Helvetica, Arial, 宋体, sans-serif;color:#5e5e5e;\">80后商城网</span>是\r\n一家新兴的互联网公司。在80后商城网，您可以网络购物更加省钱、更加精彩！加入80后商城网，抢折扣、拿返利、看分享。 \r\n80后商城网自开放以来致力于打造一个纯买家为主体的网购乐园。网站以折扣返利为中心，建立专供买家分享交流的淘分享版块，集宝贝分享，展示，挑选，购\r\n买，返利于一体，网购从此有了不一样的乐趣。\r\n						</p>\r\n					</div>\r\n				</div>\r\n				<div style=\"margin:0px;\" class=\"about_ad_piece piece_act\">\r\n					<div style=\"margin:0px;\">\r\n						<p style=\"font-weight:bold;\" class=\"about_ad_piece_tit\">\r\n							注意事项\r\n						</p>\r\n						<p class=\"bout_ad_piece_content\">\r\n							1、网站不负责广告的设计制作，广告所需图片请自备（广告设计要求美观专业）！<br />\r\n2、广告刊例、价格请跟我们的商务工作人员联系索取。<br />\r\n3、为提高网站速度和以及维护网站安全，本站所有广告仅支持gif、jpg、swf格式，不支持js或iframe代码。<br />\r\n4、本站所有广告先付款，款项到帐后开始投放，广告不提供试用，包年可以适当优惠！\r\n						</p>\r\n					</div>\r\n				</div>\r\n				<div style=\"margin:0px;\" class=\"about_ad_piece piece_con\">\r\n					<div style=\"margin:0px;\">\r\n						<p style=\"font-weight:bold;\" class=\"about_ad_piece_tit\">\r\n							联系人\r\n						</p>\r\n						<p class=\"bout_ad_piece_content\">\r\n							商务合作QQ: qq<br />\r\n工作时间：周一至周五【09:00—18:00】<br />\r\nE-mail：<span style=\"line-height:21px;background-color:#ffffff;font-family:arial;color:#666666;font-size:14px;\">email</span> \r\n						</p>\r\n					</div>\r\n				</div>\r\n			</div>\r\n		</div>\r\n	</div>\r\n</div>', '1', '20150914112525', null, null), ('41', '9', '', '0', '255', '团购业务范围', '<p>\r\n	<span style=\"color:#000000;font-family:宋体,SimSun;font-size:12px;\">团购业务范围：</span>\r\n</p>\r\n<p style=\"text-align:left;\">\r\n	<span style=\"color:#000000;font-family:宋体,SimSun;\"><strong><span style=\"color:#000000;font-family:宋体;font-size:12px;\">1、</span></strong><strong><span style=\"color:#000000;font-family:宋体;font-size:12px;\">商品团：</span></strong><span style=\"color:#000000;font-family:宋体;font-size:12px;\">即当前团购主页的“商品团购”项目。商品团购由9个楼层组成，依次是女装配饰、男装配饰、家居家装、生活电器、母婴玩具、个护化妆、食品酒饮、礼品箱包、运动户外。</span></span>\r\n</p>\r\n<p style=\"text-align:left;\">\r\n	<span style=\"color:#000000;font-family:宋体,SimSun;\"><strong><span style=\"color:#000000;font-family:宋体;font-size:12px;\">2、</span></strong><strong><span style=\"color:#000000;font-family:宋体;font-size:12px;\">生活团：</span></strong><span style=\"color:#000000;font-family:宋体;font-size:12px;\">即当前团购主页的“生活服务”类团购项目。主要包含餐饮美食、休闲娱乐、摄影写真、电影演出、本地生活、生鲜蔬果、康体旅游、酒店团购等业务。为用户提供各类本地生活服务类储值卡、代金券优惠购买。自主采购推动真正的“新派团购”，价格有折扣，享受无折扣。</span></span>\r\n</p>\r\n<p style=\"text-align:left;\">\r\n	<span style=\"color:#000000;font-family:宋体,SimSun;\"><strong><span style=\"color:#000000;font-family:宋体;font-size:12px;\">3、</span></strong><strong><span style=\"color:#000000;font-family:宋体;font-size:12px;\">品牌团：</span></strong><span style=\"color:#000000;font-family:宋体;font-size:12px;\">品牌团是指当前团购主页的“品牌团”类团购项目。名牌名品低价大促，品牌优质、全场任选。</span></span>\r\n</p>\r\n<p style=\"text-align:left;\">\r\n	<span style=\"color:#000000;font-family:宋体,SimSun;\"><strong><span style=\"color:#000000;font-family:宋体;font-size:12px;\">4、</span></strong><strong><span style=\"color:#000000;font-family:宋体;font-size:12px;\">家装团：</span></strong><span style=\"color:#000000;font-family:宋体;font-size:12px;\">该频道全部展示家居家装类商品，低价、大牌，以单品团、品牌团两种形式展示。。</span></span>\r\n</p>\r\n<p style=\"text-align:left;\">\r\n	<span style=\"color:#000000;font-family:宋体,SimSun;\"><strong><span style=\"color:#000000;font-family:宋体;font-size:12px;\">5、</span></strong><strong><span style=\"color:#000000;font-family:宋体;font-size:12px;\">明日团：</span></strong><span style=\"color:#000000;font-family:宋体;font-size:12px;\">提前展示明日上线的优质产品。</span></span>\r\n</p>', '1', '20150914112525', null, null), ('42', '10', 'http://www.baidu.com', '0', '255', 'test文章', 'ewweweweweww', '1', '20150914112525', null, null), ('43', '11', '', '1', '255', 'test2', 'eee1111111111111', '1', '20150914112525', null, null), ('44', '10', '', '0', '255', '11', '', '1', '20151005123400', null, null), ('45', '1', 'http://www.baidu.com', '1', '255', 'ttest', '                                11111\r\n                \r\n                ', '0', '20151009110921', '1444361543051', null);
COMMIT;

-- ----------------------------
--  Table structure for `shop_article_class`
-- ----------------------------
DROP TABLE IF EXISTS `shop_article_class`;
CREATE TABLE `shop_article_class` (
  `ac_id` int(10) unsigned NOT NULL AUTO_INCREMENT COMMENT '索引ID',
  `ac_code` varchar(20) DEFAULT NULL COMMENT '分类标识码',
  `ac_name` varchar(100) NOT NULL COMMENT '分类名称',
  `ac_parent_id` int(10) unsigned NOT NULL DEFAULT '0' COMMENT '父ID',
  `ac_sort` tinyint(1) unsigned NOT NULL DEFAULT '255' COMMENT '排序',
  `is_del` tinyint(1) DEFAULT NULL,
  `create_time` bigint(13) DEFAULT NULL COMMENT '创建时间',
  `update_time` bigint(13) DEFAULT NULL COMMENT '修改时间',
  `ac_status` tinyint(1) NOT NULL DEFAULT '0' COMMENT '分类状态0:启用;1:停用',
  PRIMARY KEY (`ac_id`),
  KEY `ac_parent_id` (`ac_parent_id`) USING BTREE
) ENGINE=InnoDB AUTO_INCREMENT=19 DEFAULT CHARSET=utf8 COMMENT='文章分类表';

-- ----------------------------
--  Records of `shop_article_class`
-- ----------------------------
BEGIN;
INSERT INTO `shop_article_class` VALUES ('1', 'notice', '店主之家1', '0', '0', '0', '20150914112526', '1444655334250', '0'), ('2', 'member', '新手上路', '0', '0', '0', '20150914112526', '1444379610576', '0'), ('3', 'payment', '支付方式', '0', '0', '0', '20150914112526', '1443874024697', '0'), ('4', 'store', '配送方式', '0', '0', '0', '20150914112526', '1444006981416', '0'), ('5', 'sold', '售后服务', '0', '0', '0', '20150914112526', null, '0'), ('6', 'service', '客服中心', '1', '255', '1', '20150914112526', null, '0'), ('7', 'about', '关于我们', '0', '0', '0', '20150914112526', '1443584470262', '0'), ('8', null, '商城的公告', '0', '0', '0', '20150914112526', '1444034060514', '0'), ('9', null, '帮助中心', '0', '0', '0', '20150914112526', '1444006698766', '0'), ('10', null, 'sss ', '0', '0', '1', '20150914112526', '20151005161418', '0'), ('11', null, 'test文章分类2', '0', '0', '1', '20150914112526', '20151012085956', '0'), ('12', null, 'sss', '0', '255', '1', '20150914112526', null, '0'), ('13', null, 'ddd', '0', '255', '1', '20150914112526', null, '0'), ('14', null, '11', '7', '255', '1', '20150914112526', null, '0'), ('15', null, '+365+9', '1', '255', '0', '1443940470952', '1444033943804', '0'), ('16', null, '新增文章给分类管理', '9', '255', '0', '1444446951190', null, '0'), ('17', null, '11', '11', '255', '1', '1444447881111', '20151012085956', '0'), ('18', null, 'DDDDD', '0', '255', '1', '1444484199967', '20151012112840', '0');
COMMIT;

-- ----------------------------
--  Table structure for `shop_attach_picture`
-- ----------------------------
DROP TABLE IF EXISTS `shop_attach_picture`;
CREATE TABLE `shop_attach_picture` (
  `id` int(10) NOT NULL AUTO_INCREMENT COMMENT 'id',
  `realName` varchar(225) DEFAULT NULL COMMENT '图片原名',
  `localName` varchar(225) DEFAULT NULL COMMENT '上传后的名字',
  `thumbnailPath` varchar(225) DEFAULT NULL COMMENT '缩略图路径',
  `localPath` varchar(255) DEFAULT NULL COMMENT '原图路径',
  `create_time` bigint(13) DEFAULT NULL COMMENT '创建时间',
  `storeid` int(11) DEFAULT NULL COMMENT '店铺id',
  PRIMARY KEY (`id`)
) ENGINE=InnoDB DEFAULT CHARSET=utf8 COMMENT='图片库';

-- ----------------------------
--  Table structure for `shop_attribute`
-- ----------------------------
DROP TABLE IF EXISTS `shop_attribute`;
CREATE TABLE `shop_attribute` (
  `attr_id` int(10) unsigned NOT NULL AUTO_INCREMENT COMMENT '属性id',
  `attr_name` varchar(100) NOT NULL COMMENT '属性名称',
  `type_id` int(10) unsigned NOT NULL COMMENT '所属类型id',
  `attr_value` text NOT NULL COMMENT '属性值列',
  `attr_show` tinyint(1) unsigned NOT NULL COMMENT '是否显示。0为不显示、1为显示',
  `attr_sort` tinyint(1) unsigned NOT NULL COMMENT '排序',
  `is_del` tinyint(1) DEFAULT '0' COMMENT '是否删除0:未删除；1:已删除',
  `create_time` bigint(13) DEFAULT NULL COMMENT '创建时间',
  `update_time` bigint(13) DEFAULT NULL COMMENT '修改时间',
  PRIMARY KEY (`attr_id`),
  KEY `attr_id` (`attr_id`,`type_id`) USING BTREE
) ENGINE=InnoDB AUTO_INCREMENT=112 DEFAULT CHARSET=utf8 COMMENT='商品属性表';

-- ----------------------------
--  Records of `shop_attribute`
-- ----------------------------
BEGIN;
INSERT INTO `shop_attribute` VALUES ('26', '容量', '4', '13001-16000毫安', '1', '0', '0', '20150811162543', '0'), ('27', '商品毛重', '4', '380.00g,0.52kg', '1', '0', '0', '20150811162543', '0'), ('28', '特性', '4', '可充笔记本,LED户外，其他', '1', '0', '0', '20150811162543', '0'), ('29', '处理器', '2', 'Intel i5', '1', '0', '0', '20150811164503', '0'), ('30', '显卡', '2', '集成显卡,性能级独显', '1', '0', '0', '20150811164503', '0'), ('31', '商品毛重', '2', '3.0kg', '1', '0', '0', '20150811164503', '0'), ('32', '商品毛重', '5', '0.95kg', '1', '0', '0', '20150811171949', '0'), ('33', '显存容量', '5', '2G-3G', '1', '0', '0', '20150811171949', '0'), ('34', 'NVIDIA芯片', '5', 'GTX960', '1', '0', '0', '20150811171949', '0'), ('51', '风格', '7', '甜美,OL,淑女,欧美,日韩', '1', '0', '0', '20150812154218', '0'), ('52', '跟高', '7', '矮跟,中跟,高跟', '1', '0', '0', '20150812154218', '0'), ('53', '鞋跟形状', '7', '细跟,粗跟', '1', '0', '0', '20150812154218', '0'), ('54', '鞋头', '7', '尖头,圆头,鱼嘴头', '1', '0', '0', '20150812154218', '0'), ('55', '产品型号', '3', 'X50 Air UN3016艺术版', '1', '0', '0', '20150820155954', '0'), ('56', '产品类型', '3', '智能电视（海量应用）', '1', '0', '0', '20150820155954', '0'), ('57', '颜色', '3', '黑色', '1', '0', '0', '20150820155954', '0'), ('58', '相机类型', '8', '单反,数码相机', '1', '0', '0', '20150821111220', '0'), ('59', '样式', '9', '入耳式,耳塞式,耳挂式', '1', '0', '0', '20150821112317', '0'), ('73', '是否是套装', '15', '是,否', '1', '0', '0', '20150907163241', '0'), ('74', '出版社名称', '15', '湖南文艺出版社,重庆出版集团图书发行有限公司', '1', '0', '0', '20150907163241', '0'), ('80', '帽顶款式', '12', '圆顶', '1', '0', '0', '20150930160247', null), ('81', '尺码', '12', '可调节（54-60cm）', '1', '0', '0', '20150930160247', null), ('82', '帽檐款式', '12', '宽檐', '1', '0', '0', '20150930160247', null), ('83', '檐形', '12', '平檐', '1', '0', '0', '20150930160247', null), ('88', '123', '13', '1,2,3', '1', '0', '0', '20151008140353', null), ('102', '材质', '17', '玻璃,ppsu', '1', '0', '0', '20151008212455', null), ('103', '尺寸', '19', 'l，m,s,xl,xxl,xxxl', '1', '0', '0', '20151016111512', null), ('104', '屏幕尺寸', '1', '4.7英寸,5.0英寸,5.5英寸', '1', '0', '0', '20151016112235', null), ('105', '分辨率', '1', '1334 x 750,1334 x 800,1920 x 1080', '1', '1', '0', '20151016112235', null), ('106', '后置摄像头', '1', '800万像素', '1', '2', '0', '20151016112235', null), ('107', '前置摄像头', '1', '120万像素', '1', '3', '0', '20151016112235', null), ('108', '风格', '6', '欧美,淑女,甜美,日韩,森系', '1', '0', '0', '20151016112402', null), ('109', '裙长', '6', '短裙,中裙,长裙', '1', '0', '0', '20151016112402', null), ('110', '尺码', '6', 'S,M,L', '1', '0', '0', '20151016112402', null), ('111', '材质', '6', '雪纺,棉麻', '1', '0', '0', '20151016112402', null);
COMMIT;

-- ----------------------------
--  Table structure for `shop_attribute_value`
-- ----------------------------
DROP TABLE IF EXISTS `shop_attribute_value`;
CREATE TABLE `shop_attribute_value` (
  `attr_value_id` int(10) unsigned NOT NULL AUTO_INCREMENT COMMENT '属性值id',
  `attr_value_name` varchar(100) NOT NULL COMMENT '属性值名称',
  `attr_id` int(10) unsigned NOT NULL COMMENT '所属属性id',
  `type_id` int(10) unsigned NOT NULL COMMENT '类型id',
  `attr_value_sort` tinyint(1) unsigned NOT NULL COMMENT '属性值排序',
  `is_del` tinyint(1) DEFAULT '0' COMMENT '0:未删除;1:已删除',
  `create_time` bigint(13) DEFAULT NULL COMMENT '创建时间',
  `update_time` bigint(13) DEFAULT NULL COMMENT '修改时间',
  PRIMARY KEY (`attr_value_id`)
) ENGINE=InnoDB AUTO_INCREMENT=215 DEFAULT CHARSET=utf8 COMMENT='商品属性值表';

-- ----------------------------
--  Records of `shop_attribute_value`
-- ----------------------------
BEGIN;
INSERT INTO `shop_attribute_value` VALUES ('42', '13001-16000毫安', '26', '4', '0', '0', '20150914112528', '20150914112528'), ('43', '380.00g', '27', '4', '0', '0', '20150914112528', '20150914112528'), ('44', '可充笔记本', '28', '4', '0', '0', '20150914112528', '20150914112528'), ('45', '0.52kg', '27', '4', '0', '0', '20150914112528', '20150914112528'), ('46', 'LED户外，其他', '28', '4', '0', '0', '20150914112528', '20150914112528'), ('47', 'Intel i5', '29', '2', '0', '0', '20150914112528', '20150914112528'), ('48', '集成显卡', '30', '2', '0', '0', '20150914112528', '20150914112528'), ('49', '3.0kg', '31', '2', '0', '0', '20150914112528', '20150914112528'), ('50', '性能级独显', '30', '2', '0', '0', '20150914112528', '20150914112528'), ('51', '0.95kg', '32', '5', '0', '0', '20150914112528', '20150914112528'), ('52', '2G-3G', '33', '5', '0', '0', '20150914112528', '20150914112528'), ('53', 'GTX960', '34', '5', '0', '0', '20150914112528', '20150914112528'), ('91', '甜美', '51', '7', '0', '0', '20150914112528', '20150914112528'), ('92', 'OL', '51', '7', '0', '0', '20150914112528', '20150914112528'), ('93', '淑女', '51', '7', '0', '0', '20150914112528', '20150914112528'), ('94', '欧美', '51', '7', '0', '0', '20150914112528', '20150914112528'), ('95', '矮跟', '52', '7', '0', '0', '20150914112528', '20150914112528'), ('96', '中跟', '52', '7', '0', '0', '20150914112528', '20150914112528'), ('97', '高跟', '52', '7', '0', '0', '20150914112528', '20150914112528'), ('98', '细跟', '53', '7', '0', '0', '20150914112528', '20150914112528'), ('99', '粗跟', '53', '7', '0', '0', '20150914112528', '20150914112528'), ('100', '尖头', '54', '7', '0', '0', '20150914112528', '20150914112528'), ('101', '圆头', '54', '7', '0', '0', '20150914112528', '20150914112528'), ('102', '鱼嘴头', '54', '7', '0', '0', '20150914112528', '20150914112528'), ('103', '日韩', '51', '7', '0', '0', '20150914112528', '20150914112528'), ('104', 'X50 Air UN3016艺术版', '55', '3', '0', '0', '20150914112528', '20150914112528'), ('105', '智能电视（海量应用）', '56', '3', '0', '0', '20150914112528', '20150914112528'), ('106', '黑色', '57', '3', '0', '0', '20150914112528', '20150914112528'), ('107', '单反', '58', '8', '0', '0', '20150914112528', '20150914112528'), ('108', '数码相机', '58', '8', '0', '0', '20150914112528', '20150914112528'), ('109', '入耳式', '59', '9', '0', '0', '20150914112528', '20150914112528'), ('110', '耳塞式', '59', '9', '0', '0', '20150914112528', '20150914112528'), ('111', '耳挂式', '59', '9', '0', '0', '20150914112528', '20150914112528'), ('133', '是', '73', '15', '0', '0', '20150914112528', '20150914112528'), ('134', '否', '73', '15', '0', '0', '20150914112528', '20150914112528'), ('135', '湖南文艺出版社', '74', '15', '0', '0', '20150914112528', '20150914112528'), ('136', '重庆出版集团图书发行有限公司', '74', '15', '0', '0', '20150914112528', '20150914112528'), ('143', '圆顶', '80', '12', '0', '0', '20150930160247', null), ('144', '可调节（54-60cm）', '81', '12', '0', '0', '20150930160247', null), ('145', '宽檐', '82', '12', '0', '0', '20150930160247', null), ('146', '平檐', '83', '12', '0', '0', '20150930160247', null), ('155', '1', '88', '13', '0', '0', '20151008140353', null), ('156', '2', '88', '13', '0', '0', '20151008140353', null), ('157', '3', '88', '13', '0', '0', '20151008140353', null), ('187', '玻璃', '102', '17', '0', '0', '20151008212455', null), ('188', 'ppsu', '102', '17', '0', '0', '20151008212455', null), ('189', 'l，m', '103', '19', '0', '0', '20151016111512', null), ('190', 's', '103', '19', '0', '0', '20151016111512', null), ('191', 'xl', '103', '19', '0', '0', '20151016111512', null), ('192', 'xxl', '103', '19', '0', '0', '20151016111512', null), ('193', 'xxxl', '103', '19', '0', '0', '20151016111512', null), ('194', '4.7英寸', '104', '1', '0', '0', '20151016112235', null), ('195', '5.0英寸', '104', '1', '0', '0', '20151016112235', null), ('196', '5.5英寸', '104', '1', '0', '0', '20151016112235', null), ('197', '1334 x 750', '105', '1', '0', '0', '20151016112235', null), ('198', '1334 x 800', '105', '1', '0', '0', '20151016112235', null), ('199', '1920 x 1080', '105', '1', '0', '0', '20151016112235', null), ('200', '800万像素', '106', '1', '0', '0', '20151016112235', null), ('201', '120万像素', '107', '1', '0', '0', '20151016112235', null), ('202', '欧美', '108', '6', '0', '0', '20151016112402', null), ('203', '淑女', '108', '6', '0', '0', '20151016112402', null), ('204', '甜美', '108', '6', '0', '0', '20151016112402', null), ('205', '日韩', '108', '6', '0', '0', '20151016112402', null), ('206', '森系', '108', '6', '0', '0', '20151016112402', null), ('207', '短裙', '109', '6', '0', '0', '20151016112402', null), ('208', '中裙', '109', '6', '0', '0', '20151016112402', null), ('209', '长裙', '109', '6', '0', '0', '20151016112402', null), ('210', 'S', '110', '6', '0', '0', '20151016112402', null), ('211', 'M', '110', '6', '0', '0', '20151016112402', null), ('212', 'L', '110', '6', '0', '0', '20151016112402', null), ('213', '雪纺', '111', '6', '0', '0', '20151016112402', null), ('214', '棉麻', '111', '6', '0', '0', '20151016112402', null);
COMMIT;

-- ----------------------------
--  Table structure for `shop_brand`
-- ----------------------------
DROP TABLE IF EXISTS `shop_brand`;
CREATE TABLE `shop_brand` (
  `brand_id` mediumint(11) NOT NULL AUTO_INCREMENT COMMENT '索引ID',
  `brand_name` varchar(100) DEFAULT NULL COMMENT '品牌名称',
  `brand_class` varchar(50) DEFAULT NULL COMMENT '类别名称',
  `brand_pic` varchar(100) DEFAULT NULL COMMENT '图片',
  `brand_sort` tinyint(3) unsigned DEFAULT '0' COMMENT '排序',
  `brand_recommend` tinyint(1) DEFAULT '0' COMMENT '推荐，0为否，1为是，默认为0',
  `store_id` int(11) unsigned NOT NULL DEFAULT '0' COMMENT '店铺ID',
  `brand_apply` tinyint(1) NOT NULL DEFAULT '1' COMMENT '品牌申请，0为申请中，1为通过，默认为1，申请功能是会员使用，系统后台默认为1',
  `class_id` int(10) unsigned DEFAULT '0' COMMENT '所属分类id',
  `is_del` tinyint(4) DEFAULT '0' COMMENT '是否删除0:未删除;1:已删除',
  `create_time` bigint(13) DEFAULT NULL COMMENT '创建时间',
  `update_time` bigint(13) DEFAULT NULL COMMENT '修改时间',
  PRIMARY KEY (`brand_id`)
) ENGINE=InnoDB AUTO_INCREMENT=167 DEFAULT CHARSET=utf8 COMMENT='品牌表';

-- ----------------------------
--  Records of `shop_brand`
-- ----------------------------
BEGIN;
INSERT INTO `shop_brand` VALUES ('1', '中国移动', '手机、数码、通信', '/upload/brand/e59a3083c9728ba2f9c6fa290171c80f.jpg', '1', '0', '0', '1', '21', '0', null, null), ('2', '中国电信', '手机、数码、通信', '/upload/brand/579bc5d7fb6d48af89e43ab5790b200a.jpg', '1', '0', '0', '1', '21', '0', null, null), ('3', '中国联通', '手机、数码、通信', '/upload/brand/250df2229e11fd13f52f6d0a9b4b4ec7.jpg', '1', '1', '0', '1', '21', '0', null, null), ('4', '费雪', '母婴用品', '/upload/brand/67a89b92198e38e029b0f92d5dc6d568.jpg', '2', '1', '0', '1', '0', '0', null, null), ('5', '美斯特伦', '母婴用品', '/upload/brand/96defd60e10c4b7c7eb74ef0d5eb55d3.jpg', '2', '0', '0', '1', '0', '0', null, null), ('6', '惠氏', '母婴用品', '/upload/brand/35fa492c7ac6b30178b030ea00a733bf.jpg', '2', '1', '0', '1', '0', '0', null, null), ('7', '美赞臣', '母婴用品', '/upload/brand/dc261afa9b6aed373b6e729776485c6d.jpg', '2', '1', '0', '1', '0', '0', null, null), ('8', '布朗博士', '母婴用品', '/upload/brand/34b8bffc05f37fc640be80020422e491.jpg', '2', '0', '0', '1', '0', '0', null, null), ('9', '乐高', '母婴用品', '/upload/brand/972d7043e5f76312f99602231b43271e.jpg', '2', '0', '0', '1', '0', '0', null, null), ('10', '嘉宝', '母婴用品', '/upload/brand/21e504449cd577cd8156830c31339295.jpg', '2', '0', '0', '1', '0', '0', null, null), ('11', '多美', '母婴用品', '/upload/brand/d75e6b2d7b5e4794f66cdd3d1cc29048.jpg', '2', '1', '0', '1', '0', '0', null, null), ('12', '雀巢', '母婴用品', '/upload/brand/49f1b6fc6b95ab8dd2e4e19ffd80cef4.jpg', '2', '1', '0', '1', '0', '0', null, null), ('13', '妈咪宝贝', '母婴用品', '/upload/brand/657bfc611b76c3cd6844c3b5d2b50092.jpg', '2', '0', '0', '1', '0', '0', null, null), ('14', '强生', '母婴用品', '/upload/brand/f6ec9da4611ce9c2838f4174b6320969.jpg', '2', '0', '0', '1', '0', '0', null, null), ('15', '澳优', '母婴用品', '/upload/brand/4126ace9394724cc524cd5bee1cd7c7a.jpg', '2', '0', '0', '1', '0', '0', null, null), ('16', '雅培', '母婴用品', '/upload/brand/7f3e311cbb318490986c56a900551db5.jpg', '2', '0', '0', '1', '0', '0', null, null), ('17', '亨氏', '母婴用品', '/upload/brand/370c1ed61d8c80c131bed33245dcb37d.jpg', '2', '0', '0', '1', '0', '0', null, null), ('18', '十月妈咪', '母婴用品', '/upload/brand/c7f5fa48a5b329c8197c858f6334c5d9.jpg', '2', '0', '0', '1', '0', '0', null, null), ('19', '金史密斯（KINGSMITH）', '运动健康', '/upload/brand/4cda7a6b52b48ef91f27f09dd4d0cb0f.gif', '3', '1', '0', '1', '0', '0', null, null), ('20', 'BH (必艾奇)', '运动健康', '/upload/brand/cd08d04a65236e2a3993009dbd52bab8.jpg', '3', '1', '0', '1', '0', '0', null, null), ('21', '威尔胜', '运动健康', '/upload/brand/dfd006b84f2b871bdff9a0dabe0b8351.jpg', '3', '0', '0', '1', '0', '0', null, null), ('22', '皮尔瑜伽', '运动健康', '/upload/brand/64bf095345b3fcfca8b262c1fcfa52a5.jpg', '3', '0', '0', '1', '0', '0', null, null), ('23', '以诗萜', '运动健康', '/upload/brand/a44394e3cc7bdedf0e86c3f71f5c7fbf.jpg', '3', '0', '0', '1', '0', '0', null, null), ('24', '斯伯丁', '鞋靴、箱包、钟表、奢侈品', '/upload/brand/b2cd2e8e00649fa99ba52b1da92a4309.jpg', '3', '0', '0', '1', '36', '0', null, null), ('25', '远洋瑜伽', '运动健康', '/upload/brand/b373d91d50ab62ce7198ec1713ed0e08.jpg', '3', '0', '0', '1', '0', '0', null, null), ('26', '捷安特', '运动健康', '/upload/brand/59cc16855458630631c35dfae821f59e.jpg', '3', '0', '0', '1', '0', '0', null, null), ('27', '汤臣倍健', '食品饮料', '/upload/brand/7e81f99704312e6169dfbf50e1c3a703.jpg', '4', '1', '0', '1', '0', '0', null, null), ('28', '白兰氏', '食品饮料', '/upload/brand/f2b021ef94b6f1ed6fb1946eaf72d84a.jpg', '4', '0', '0', '1', '0', '0', null, null), ('29', '同仁堂', '食品饮料', '/upload/brand/87e3d4e6d52cba9c3bbf901d22707fa8.jpg', '4', '0', '0', '1', '0', '0', null, null), ('30', '善存', '食品饮料', '/upload/brand/c53eb1ca09f922d52cccf41d0df05f7e.jpg', '4', '0', '0', '1', '0', '0', null, null), ('31', '长城葡萄酒', '食品饮料', '/upload/brand/8deca64b29c7af926cfa1398f8f41e90.jpg', '4', '0', '0', '1', '0', '0', null, null), ('32', '新西兰十一坊', '食品饮料', '/upload/brand/660d7724b750393442af9ed2dea2c946.jpg', '4', '0', '0', '1', '0', '0', null, null), ('33', 'Lumi', '食品饮料', '/upload/brand/4db00ca992a70cc1e808850041f49c70.jpg', '4', '0', '0', '1', '0', '0', null, null), ('34', '养生堂', '食品饮料', '/upload/brand/59f3310d6a2d1471af6272982873dfab.jpg', '4', '0', '0', '1', '0', '0', null, null), ('35', '周大福', '男装、女装、内衣、珠宝', '/upload/brand/888a448234ea2b11f05fb0d066d3a04b.jpg', '5', '0', '0', '1', '32', '1', null, null), ('36', '周生生', '珠宝手表', '/upload/brand/d5bcc476f618ca3b84695877cf7f5eb6.jpg', '5', '0', '0', '0', '0', '1', null, null), ('37', '高仕', '珠宝手表', '/upload/brand/7fc5b72bfc278da5f149d2a4c2b348bd.jpg', '5', '0', '0', '1', '0', '0', null, null), ('38', '佐卡伊', '珠宝手表', '/upload/brand/2bc4a8338ca596df6d988390f8f55d38.jpg', '5', '0', '0', '1', '0', '0', null, null), ('39', '瑞士军刀', '珠宝手表', '/upload/brand/749df9d646cc41d27ab5dfe6e5bd00ca.gif', '5', '0', '0', '1', '0', '0', null, null), ('40', '蓝色多瑙河', '珠宝手表', '/upload/brand/09b9a2891f5a77e6627063a3bd89c62d.jpg', '5', '0', '0', '1', '0', '0', null, null), ('41', '珀莱雅', '个护化妆', '/upload/brand/a36603f7d4591c24a5f2942eb978899e.jpg', '6', '0', '0', '1', '0', '0', null, null), ('42', '护舒宝', '个护化妆', '/upload/brand/a83ad8a381647af5950a492c151d5977.jpg', '6', '0', '0', '1', '0', '0', null, null), ('43', '娇兰', '个护化妆', '/upload/brand/7859532a5c503f6d80865876242f756f.jpg', '6', '0', '0', '1', '0', '0', null, null), ('44', '兰蔻', '个护化妆', '/upload/brand/70b4d199413797a555a42b48de60ae4c.jpg', '6', '0', '0', '1', '0', '0', null, null), ('45', '妮维雅', '个护化妆', '/upload/brand/eb141716e5fd925f1ae457c232b69919.jpg', '6', '0', '0', '1', '0', '0', null, null), ('46', '高丝洁', '个护化妆', '/upload/brand/e3f5bc9506998f476077e39b192bb663.jpg', '6', '0', '0', '1', '0', '0', null, null), ('47', '高丝', '个护化妆', '/upload/brand/73728d8a7efca3a10c053a45e308548e.jpg', '6', '0', '0', '1', '0', '0', null, null), ('48', '佳洁士', '个护化妆', '/upload/brand/ba12b295dad2738a567f66a02d3f3f11.jpg', '6', '0', '0', '1', '0', '0', null, null), ('49', '纪梵希', '个护化妆', '/upload/brand/7c31ebbb8c969a374545b9d39fe9fe32.jpg', '6', '0', '0', '1', '0', '0', null, null), ('50', '卡尼尔', '个护化妆', '/upload/brand/29d2e987c3e9d8f82b3ecba6f2dacaa2.jpg', '6', '0', '0', '1', '0', '0', null, null), ('51', '娇爽', '个护化妆', '/upload/brand/940551464c2aa75271ca8f1a6e9745de.jpg', '6', '0', '0', '1', '0', '0', null, null), ('52', '苏菲', '个护化妆', '/upload/brand/785c7a8b81e8b7555a6510d74d623c78.jpg', '6', '0', '0', '1', '0', '0', null, null), ('53', '芙丽芳丝', '个护化妆', '/upload/brand/04b16b644360e1592eadc86a2f9996cf.jpg', '6', '0', '0', '1', '0', '0', null, null), ('54', '波斯顿', '个护化妆', '/upload/brand/d02777c7c204de178d40f28e28ba0c84.jpg', '6', '0', '0', '1', '0', '0', null, null), ('55', '雅诗兰黛', '个护化妆', '/upload/brand/9c64b1869c2ac4a5ceb7120458aa1482.jpg', '6', '1', '0', '1', '0', '0', null, null), ('56', '资生堂', '个护化妆', '/upload/brand/62494e156e48bd500cb7e3715494c27a.jpg', '6', '1', '0', '1', '0', '0', null, null), ('57', '相宜本草', '个护化妆', '/upload/brand/166661aca689f2e447676bd1e8d5975e.jpg', '6', '1', '0', '1', '0', '0', null, null), ('58', '薇姿', '个护化妆', '/upload/brand/bbf262fe99b8d881446edaf7846fd246.jpg', '6', '0', '0', '1', '0', '0', null, null), ('59', '海尔', '家用电器', '/upload/brand/8193509d7f33d9e80659d75a7bbb7e80.jpg', '7', '1', '0', '1', '0', '0', null, null), ('60', 'LG', '手机、数码、通信', '/upload/brand/87e259c725b21b9001a2959b79a11bb8.jpg', '7', '1', '0', '1', '21', '0', null, null), ('61', '飞利浦', '家用电器', '/upload/brand/c057615aac0b4d302cffbff809ca96f5.jpg', '7', '1', '0', '1', '0', '0', null, null), ('62', '松下', '家用电器', '/upload/brand/c3fb5be8d43ceba16755cc1676acc442.jpg', '7', '1', '0', '1', '0', '0', null, null), ('63', '奥克斯', '家用电器', '/upload/brand/c61c22bbb526a735acf2053f8919bc38.jpg', '7', '0', '0', '1', '0', '0', null, null), ('64', '三洋', '家用电器', '/upload/brand/293903ae84894f393685d813e271838c.gif', '7', '0', '0', '1', '0', '0', null, null), ('65', '奔腾', '家用电器', '/upload/brand/9f685e3c7aa275db6e54a24cc1e0fbc6.jpg', '7', '0', '0', '1', '0', '0', null, null), ('66', '西门子', '家用电器', '/upload/brand/b5e1d82b978c34d482f9a66b74174746.gif', '7', '0', '0', '1', '0', '0', null, null), ('67', '三星', '手机、数码、通信', '/upload/img/brand/1439350039571.jpg', '7', '0', '0', '1', '21', '0', null, null), ('68', '格兰仕', '家用电器', '/upload/brand/e6bfeea9b93d08ba7727544b1b1e973b.jpg', '7', '0', '0', '1', '0', '0', null, null), ('69', '艾力斯特', '家用电器', '/upload/brand/1742b0c1a8028eeecefa7f707391c448.jpg', '7', '0', '0', '1', '0', '0', null, null), ('70', '苏泊尔', '家用电器', '/upload/brand/d72f8da19c1fa3b733c986d26968a93c.jpg', '7', '0', '0', '1', '0', '0', null, null), ('71', '伊莱克斯', '家用电器', '/upload/brand/e80829c11ba6374568118f54fbc75b9a.gif', '7', '0', '0', '1', '0', '0', null, null), ('72', '创维', '家用电器', '/upload/brand/59b71928277d50d425363fe6833feb46.jpg', '7', '0', '0', '1', '0', '0', null, null), ('73', '三菱电机', '家用电器', '/upload/brand/d4303acc8a19af8c015866d4d970bf16.gif', '7', '0', '0', '1', '0', '0', null, null), ('74', 'TCL', '家用电器', '/upload/brand/9770c61ca78a0b87d83c92ffd9c7616a.jpg', '7', '0', '0', '1', '0', '0', null, null), ('75', '夏普', '家用电器', '/upload/brand/00815b4d33f6ca4798e4e60689355d5d.jpg', '7', '0', '0', '1', '0', '0', null, null), ('76', '格力', '手机、数码、通信', '/upload/brand/f93a45747ba4907300a7b779adcc8354.jpg', '7', '0', '0', '1', '21', '0', null, null), ('77', '九阳', '家用电器', '/upload/brand/d8a0cd97b9482e86fce9fc65c5654992.jpg', '7', '0', '0', '1', '0', '0', null, null), ('78', '诺基亚', '手机、数码、通信', '/upload/brand/7a5888887710dd8ab4508485b3ae38a2.gif', '8', '1', '0', '1', '21', '0', null, null), ('79', '摩托罗拉', '手机、数码、通信', '/upload/brand/1d46d145bc034f0b74376fa2586fce16.gif', '8', '1', '0', '1', '21', '0', null, null), ('80', '苹果2', '手机、数码、通信', '/upload/brand/4b710c7cd7f1a0f7b788f817c332752c.png', '8', '1', '0', '1', '21', '0', null, null), ('81', 'HTC', '数码办公', '/upload/brand/c66a90f7f83d9e76f5a388306c1a48cf.jpg', '8', '1', '0', '1', '0', '0', null, null), ('82', '罗技', '数码办公', '/upload/brand/111fe43cff471cf9b82123b6fcea9aa7.jpg', '8', '1', '0', '1', '0', '0', null, null), ('83', 'TP-LINK', '数码办公', '/upload/brand/79b5872444203e9d7f1a616419778355.jpg', '8', '1', '0', '1', '0', '0', null, null), ('84', '金士顿', '数码办公', '/upload/brand/a3fab5836dc9d0700c853c399735993e.jpg', '8', '1', '0', '1', '0', '0', null, null), ('85', '雷蛇', '数码办公', '/upload/brand/72c773a0c643d5e6b220b79a1c64069f.jpg', '8', '1', '0', '1', '0', '0', null, null), ('86', '爱普生', '数码办公', '/upload/brand/11da4e32daea1efb41714e7394c49dd8.jpg', '8', '1', '0', '1', '0', '0', null, null), ('87', 'DELL', '数码办公', '/upload/brand/875eaec10c903dbae262d651e7ae41dd.jpg', '8', '1', '0', '1', '0', '0', null, null), ('88', '索尼', '手机、数码、通信', '/upload/brand/0dc09729b261bb83b295c7735fdd3fe6.gif', '8', '0', '0', '1', '21', '0', null, null), ('89', '富勒', '数码办公', '/upload/brand/fc570cfa8879a831b0b210ce6b5cbc0b.jpg', '8', '0', '0', '1', '0', '0', null, null), ('90', '雷柏', '数码办公', '/upload/brand/644ed3d95d62dd772e2bd864fbad97cb.jpg', '8', '0', '0', '1', '0', '0', null, null), ('91', '双飞燕', '数码办公', '/upload/brand/1896f12c48421778e2d2d4cefd2c595a.jpg', '8', '0', '0', '1', '0', '0', null, null), ('92', '山泽', '数码办公', '/upload/brand/0b846ddb650d0673a4c05d8e0ecfef70.jpg', '8', '0', '0', '1', '0', '0', null, null), ('93', '三木', '数码办公', '/upload/brand/c0c5e82e6f6fb579ab993bfb81142fff.jpg', '8', '0', '0', '1', '0', '0', null, null), ('94', '迈乐', '数码办公', '/upload/brand/2eb68647526c4a4a21e52e18ae5226bd.jpg', '8', '0', '0', '1', '0', '0', null, null), ('95', '惠普', '数码办公', '/upload/brand/e53d8b8dfd3736c555a3de53cc37cd38.jpg', '8', '0', '0', '1', '0', '0', null, null), ('96', '索爱', '数码办公', '/upload/brand/61033e1e28f33cff34a303988c3880fc.gif', '8', '0', '0', '1', '0', '0', null, null), ('97', '飞毛腿', '数码办公', '/upload/brand/8df927d9ee67b31d680e342cc46ada55.jpg', '8', '0', '0', '1', '0', '0', null, null), ('98', '阿尔卡特', '数码办公', '/upload/brand/0a0e85fb1f24df811d799b4ea09f96e6.jpg', '8', '0', '0', '1', '0', '0', null, null), ('99', 'D-Link', '数码办公', '/upload/brand/5075c7045942578a69682b1aaea1ac24.jpg', '8', '0', '0', '1', '0', '0', null, null), ('100', '台电', '数码办公', '/upload/brand/94be05449b014118be0f1318161c9534.jpg', '8', '0', '0', '1', '0', '0', null, null), ('101', 'ThinkPad', '手机、数码、通信', '/upload/brand/a5539e087af4ef4f9b007f76df877854.jpg', '8', '0', '0', '1', '21', '0', null, null), ('102', '得力', '数码办公', '/upload/brand/3f3ead31d4e568ae186dd77b2dea4f95.jpg', '8', '0', '0', '1', '0', '0', null, null), ('103', 'acer', '数码办公', '/upload/brand/108cc6b58918ddf4a7308726cb77ef49.jpg', '8', '0', '0', '1', '0', '0', null, null), ('104', '清华同方', '数码办公', '/upload/brand/4f9be9b8eb8ec479766d45e9d7cd6304.jpg', '8', '0', '0', '1', '0', '0', null, null), ('105', '富士通', '数码办公', '/upload/brand/6dedc2fd716171a9121544f1f2239e4d.jpg', '8', '0', '0', '1', '0', '0', null, null), ('106', '微软', '数码办公', '/upload/brand/366c6c67de6bdb39d75ed2f99c4fe113.jpg', '8', '0', '0', '1', '0', '0', null, null), ('107', '阿迪达斯', '鞋靴、箱包、钟表、奢侈品', '/upload/brand/bd20458e82d1da3f8450b24644064cf6.jpg', '9', '0', '0', '1', '36', '0', null, null), ('108', '李宁', '鞋靴、箱包、钟表、奢侈品', '/upload/brand/62c9e3f616f979246efa261aaf4fd330.jpg', '9', '1', '0', '1', '36', '0', null, null), ('109', '宝姿', '鞋靴、箱包、钟表、奢侈品', '/upload/brand/2f04071b44b72d52034d871e51171ba7.jpg', '9', '1', '0', '1', '36', '0', null, null), ('110', '佐丹奴', '服装鞋帽', '/upload/brand/849fabc1e29a127aa9cfa1d84380d037.jpg', '9', '1', '0', '1', '0', '0', null, null), ('111', '七匹狼', '鞋靴、箱包、钟表、奢侈品', '/upload/img/brand/1444619291591.png', '9', '1', '0', '1', '36', '0', null, null), ('112', '百丽', '鞋靴、箱包、钟表、奢侈品', '/upload/brand/148377c16c909080f6d65613187c90a4.png', '9', '1', '0', '1', '36', '0', null, null), ('113', '梦特娇', '鞋靴、箱包、钟表、奢侈品', '/upload/brand/19511a928500444fe02035d4c7bb97d9.jpg', '9', '1', '0', '1', '36', '0', null, null), ('114', '骆驼', '鞋靴、箱包、钟表、奢侈品', '/upload/brand/4ff0554da8a79ea457c0c65a5442e8f9.jpg', '9', '0', '0', '1', '36', '0', null, null), ('115', '猫人', '男装、女装、内衣、珠宝', '/upload/brand/bab98e9281505417c16de65505ac8a7c.jpg', '9', '0', '0', '1', '32', '0', null, null), ('116', '皮尔卡丹', '服装鞋帽', '/upload/brand/b2b3cb3111a10de3e73ef3ca57932c4b.jpg', '9', '0', '0', '1', '0', '0', null, null), ('117', 'RDK', '服装鞋帽', '/upload/brand/fd080d1546cf2606e13a46f17a6a0773.jpg', '9', '0', '0', '1', '0', '0', null, null), ('118', '康妮雅', '男装、女装、内衣、珠宝', '/upload/brand/04528beac290a697422f95b440b3c1be.jpg', '9', '0', '0', '1', '32', '0', null, null), ('119', 'justyle', '男装、女装、内衣、珠宝', '/upload/brand/829a75ab842bdd55433c308875403ef6.jpg', '9', '0', '0', '1', '32', '0', null, null), ('120', '享爱.', '男装、女装、内衣、珠宝', '/upload/brand/32909cf635f161bead9a8e36214c4558.jpg', '9', '0', '0', '1', '32', '0', null, null), ('121', '派丽蒙', '男装、女装、内衣、珠宝', '/upload/brand/7d4545fb299ad906b62ed264f96a355a.jpg', '9', '0', '0', '1', '32', '0', null, null), ('122', '茵曼（INMAN）', '男装、女装、内衣、珠宝', '/upload/brand/c4e8abf5938f35b7628f0bab36c1c183.jpg', '9', '0', '0', '1', '32', '0', null, null), ('123', '她他/tata', '男装、女装、内衣、珠宝', '/upload/brand/2a5345853e1fb9f824ef2d7975355ae4.jpg', '9', '0', '0', '1', '32', '0', null, null), ('124', '缪诗', '男装、女装、内衣、珠宝', '/upload/brand/7bcb48c5a9845d7f2eda03fcd1993a34.jpg', '9', '0', '0', '1', '32', '0', null, null), ('125', '真维斯', '服装鞋帽', '/upload/brand/a4ed22b9f45a8b26e35504825a4838c3.jpg', '9', '0', '0', '1', '0', '0', null, null), ('126', '金利来', '鞋靴、箱包、钟表、奢侈品', '/upload/brand/44179900a8428fb5164b2220f87f462c.jpg', '9', '0', '0', '1', '36', '0', null, null), ('127', '乐扣乐扣', '其他', '/upload/brand/e8e9baf5ad05b93f4274d8c50c14af77.jpg', '10', '0', '0', '1', '0', '0', null, null), ('128', '富安娜', '男装、女装、内衣、珠宝', '/upload/brand/35afdbab2ac9ca0c15a1318d3dd3a08a.jpg', '10', '1', '0', '1', '32', '0', null, null), ('129', '爱仕达', '鞋靴、箱包、钟表、奢侈品', '/upload/brand/aff561cfbf0be32fc891d8ffbc88fa2c.jpg', '10', '1', '0', '1', '36', '0', null, null), ('130', '罗莱', '男装、女装、内衣、珠宝', '/upload/brand/2ec00012d59ad6eac22a26f9e9794bc0.jpg', '10', '0', '0', '1', '32', '0', null, null), ('131', '麦包包', '鞋靴、箱包、钟表、奢侈品', '/upload/brand/a48e95e31d6b55c15f46bf7d0863064e.jpg', '10', '0', '0', '1', '36', '0', null, null), ('132', '天堂伞', '鞋靴、箱包、钟表、奢侈品', '/upload/brand/17a47e4a16558442cae93f4b7e571c9e.jpg', '10', '0', '0', '1', '36', '0', null, null), ('133', '世家洁具', '其他', '/upload/brand/d7ddb1e36b282d2623620d2bef85624d.jpg', '10', '0', '0', '1', '0', '0', null, null), ('134', '爱马仕', '其他', '/upload/brand/2e052dc1b2280bcc2141468cdc9e6684.jpg', '10', '0', '0', '1', '0', '1', null, null), ('135', '慧乐家', '其他', '/upload/brand/c5b38fd467e5dd6122f4f67df9cc1492.jpg', '10', '0', '0', '1', '0', '0', null, null), ('136', '希格', '其他', '/upload/brand/ad47ccc51bd9b82f6865980c7d03d75d.jpg', '10', '0', '0', '1', '0', '0', null, null), ('137', '溢彩年华', '其他', '/upload/brand/283531d76b8319e7f8257f5b59545000.jpg', '10', '0', '0', '1', '0', '0', null, null), ('138', '美好家', '其他', '/upload/brand/4916ae0f1ad9243238435c685e3428dc.jpg', '10', '0', '0', '1', '0', '0', null, null), ('139', '博洋家纺', '其他', '/upload/brand/ce84f7de1d1aa94e9e5c53d066206cd7.jpg', '10', '0', '0', '1', '0', '0', null, null), ('140', '小米', '手机、数码、通信', '/upload/img/brand/1439373201469.jpg', '8', '1', '0', '1', '21', '0', null, null), ('141', '乐视', '平板电视', '/upload/img/brand/1440057123975.jpg', '1', null, '0', '1', '125', '0', null, null), ('142', '格莱帝', '男装、女装、内衣、珠宝', '/upload/img/brand/1441076753216.jpg_90x90', '1', '1', '0', '1', '32', '0', null, null), ('143', 'sehun45', '空调', '/upload/img/store/slide/1441092103442.jpg', null, '1', '13', '1', '126', '0', null, null), ('144', 'dfdsf', '棒球帽', '', null, null, '13', '0', '169', '1', null, null), ('145', 'pinpai', '清洁', '/upload/img/brand/1441505724761.jpg', null, null, '0', '1', '141', '0', null, null), ('146', '32dd', '手机', '/upload/img/store/slide/1441505534630.jpg', null, null, '13', '0', '24', '1', null, null), ('147', 'gg', '', '', null, null, '13', '0', null, '1', null, null), ('148', 'ss', '', '', null, null, '13', '0', null, '1', null, null), ('149', 'see', '', '', null, null, '13', '0', null, '1', null, null), ('150', 'fff3', '', '', null, null, '13', '0', null, '1', null, null), ('151', 'rrr22', '手机', '/upload/img/brand/1441505943508.jpg', null, '1', '0', '1', '171', '0', null, null), ('152', '嘻哈小子', '棒球帽', '/upload/img/brand/1441506242976.jpg', null, null, '0', '1', '169', '0', null, null), ('153', 'uu', '笔记本', '/upload/img/store/slide/1443064156984jpg', null, '1', '12', '1', '102', '0', null, null), ('154', '怡宝', '', '', '0', null, '0', '1', null, '0', '1444034037722', null), ('155', '咪咪', '', '', '0', null, '0', '1', null, '0', '1444034178195', null), ('156', '大咪咪', '', '', '0', '1', '0', '1', null, '0', '1444034218967', null), ('157', '123', '', '', null, null, '0', '1', null, '1', '1444043852912', null), ('158', '12345', '', '', '0', '0', '0', '1', null, '0', '1444306053053', null), ('159', '拓维', '手机、数码、通信', '/upload/img/brand/1444354650722jpg', '1', '1', '0', '1', '21', '0', '1444354650724', null), ('160', '拓维', '手机通讯', '/upload/img/store/slide/1444372645041.jpg', null, '0', '9', '1', '22', '0', null, null), ('161', '测试品牌', '笔记本', '/upload/img/brand/1444446550778.jpg', '1', '0', '0', '1', '102', '0', '1444446553701', null), ('162', 'sumsung', '手机', '/upload/img/brand/1444446641585.png', '1', '1', '0', '1', '24', '0', '1444446641587', null), ('163', '绝对打品牌', '手机', '/upload/img/brand/1444967152066.png', '1', '0', '0', '1', '24', '1', '1444967152072', null), ('164', '这个一个笑话', '手机', '/upload/img/brand/1444967357153.png', '2', null, '0', '1', '24', '1', '1444967357154', null), ('165', '1231231231231231', '', '', '1', '1', '0', '1', null, '0', '1444991504519', null), ('166', '2131', '手机、数码搞', '/upload/img/brand/1444991511457.png', '111', null, '0', '1', '21', '0', '1444991511475', null);
COMMIT;

-- ----------------------------
--  Table structure for `shop_cart`
-- ----------------------------
DROP TABLE IF EXISTS `shop_cart`;
CREATE TABLE `shop_cart` (
  `cart_id` int(11) NOT NULL AUTO_INCREMENT COMMENT '购物车id',
  `member_id` int(11) NOT NULL DEFAULT '0' COMMENT '会员id',
  `store_id` int(11) NOT NULL DEFAULT '0' COMMENT '店铺id',
  `store_name` varchar(100) NOT NULL DEFAULT '0' COMMENT '店铺名称',
  `goods_id` int(11) NOT NULL DEFAULT '0' COMMENT '商品id',
  `goods_name` varchar(100) NOT NULL COMMENT '商品名称',
  `spec_id` int(11) NOT NULL DEFAULT '0' COMMENT '规格id',
  `spec_info` text NOT NULL COMMENT '规格内容',
  `goods_store_price` decimal(10,2) NOT NULL COMMENT '商品价格',
  `goods_num` smallint(5) NOT NULL DEFAULT '1' COMMENT '购买商品数量',
  `goods_images` varchar(100) NOT NULL COMMENT '商品图片',
  PRIMARY KEY (`cart_id`),
  KEY `member_id` (`member_id`) USING BTREE
) ENGINE=InnoDB AUTO_INCREMENT=668 DEFAULT CHARSET=utf8 COMMENT='购物车数据表';

-- ----------------------------
--  Records of `shop_cart`
-- ----------------------------
BEGIN;
INSERT INTO `shop_cart` VALUES ('97', '12', '9', '你大爷六块', '8', '三星 Galaxy S6 edge（G9250）32G版 铂光金 移动联通电信4G手机', '74', '颜色:金色&nbsp;购买方式:非合约机&nbsp;屏幕尺寸:5.5&nbsp;版本:移动4G&nbsp;容量:64G&nbsp;', '5288.00', '1', '/upload/img/store/9/1439279346392.jpg'), ('153', '16', '9', '你大爷六块', '15', 'LG AKA [H778]（1.5G RAM）移动联通双4G手机 （16G ROM） 黄小帝 标配版', '79', '颜色:蓝色&nbsp;购买方式:非合约机&nbsp;屏幕尺寸:4.7&nbsp;版本:移动4G&nbsp;容量:16G&nbsp;', '1785.00', '1', '/upload/img/store/9/1439350875701.jpg'), ('235', '15', '9', '京川牦牛', '19', '美版苹果iPhone6 64G版 4G手机 4.7寸（金色）A1586 支持移动电信联通 金色', '176', '颜色:红色&nbsp;购买方式:非合约机&nbsp;屏幕尺寸:4.7&nbsp;版本:电信4G&nbsp;容量:64G&nbsp;', '0.01', '2', '/upload/img/store/9/1439352673683.jpg'), ('411', '37', '9', '京川牦牛', '35', ' bubufeifei2015夏季新款高跟鞋女 水钻细跟女鞋婚鞋单鞋 珍珠白', '154', '颜色:白色&nbsp;尺码:37&nbsp;', '229.00', '1', '/upload/img/store/9/1439367117874.jpg'), ('412', '37', '9', '京川牦牛', '7', 'Apple iPhone 6 Plus (A1524) 16GB 金色 移动联通电信4G手机', '75', '颜色:金色&nbsp;购买方式:非合约机&nbsp;屏幕尺寸:5.5&nbsp;版本:电信4G&nbsp;容量:64G&nbsp;', '5688.00', '2', '/upload/img/store/9/1439266826790.jpg'), ('431', '22', '9', '京川牦牛', '30', '可情小美 欧美范春夏款时尚OL职业女超高跟鞋 糖果色漆皮尖头夜店性感', '136', '颜色:黑色&nbsp;尺码:36&nbsp;', '168.00', '1', '/upload/img/store/9/1439365542024.jpg'), ('464', '47', '9', '京川牦牛', '30', '可情小美 欧美范春夏款时尚OL职业女超高跟鞋 糖果色漆皮尖头夜店性感', '134', '颜色:红色&nbsp;尺码:36&nbsp;', '168.00', '2', '/upload/img/store/9/1439365536734.jpg'), ('468', '16', '10', '西域驼铃', '5', 'iphone6', '71', '颜色:金色&nbsp;购买方式:北京移动购机赠费&nbsp;屏幕尺寸:4.7&nbsp;版本:联通4G&nbsp;容量:32G&nbsp;', '5688.00', '1', '/upload/img/store/10/1439349507991.jpg'), ('469', '46', '10', '西域驼铃', '5', 'iphone6', '71', '颜色:金色&nbsp;购买方式:北京移动购机赠费&nbsp;屏幕尺寸:4.7&nbsp;版本:联通4G&nbsp;容量:32G&nbsp;', '5688.00', '1', '/upload/img/store/10/1439349507991.jpg'), ('473', '46', '9', '京川牦牛', '8', '三星 Galaxy S6 edge（G9250）32G版 铂光金 移动联通电信4G手机', '73', '颜色:黑色&nbsp;购买方式:非合约机&nbsp;屏幕尺寸:5.5&nbsp;版本:移动4G&nbsp;容量:64G&nbsp;', '5288.00', '1', '/upload/img/store/9/1439279340503.jpg'), ('487', '49', '9', '京川牦牛', '30', '可情小美 欧美范春夏款时尚OL职业女超高跟鞋 糖果色漆皮尖头夜店性感', '134', '颜色:红色&nbsp;尺码:36&nbsp;', '168.00', '3', '/upload/img/store/9/1439365536734.jpg'), ('522', '45', '13', 'SEHun店', '63', '我不喜欢这个世界，我只喜欢你 乔一和F君的暖心故事 爱情回忆录 青春小说 正版畅销书籍', '251', '', '19.50', '2', '/upload/img/store/13/1441784332294.jpg_430x430q90.jpg'), ('523', '45', '10', '西域驼铃', '5', 'iphone6', '71', '颜色:金色&nbsp;购买方式:北京移动购机赠费&nbsp;屏幕尺寸:4.7&nbsp;版本:联通4G&nbsp;容量:32G&nbsp;', '5688.00', '2', '/upload/img/store/10/1439349507991.jpg'), ('524', '45', '9', '京川牦牛', '20', '欧洲站2015新夏季欧货短袖大码中长款淑女连衣裙A字雪纺女装显瘦V S', '93', '颜色:粉色&nbsp;尺码:L&nbsp;', '504.00', '2', '/upload/img/store/9/1439361451698.jpg'), ('525', '45', '9', '京川牦牛', '21', '微糖2015夏季新款韩版女装真丝连衣裙长裙重磅桑蚕丝淑女裙子短袖修身', '96', '颜色:红色&nbsp;尺码:L&nbsp;', '419.00', '3', '/upload/img/store/9/1439361700845.jpg'), ('531', '28', '13', '∑SeHun°の店', '61', '我不喜欢这个世界，我只喜欢你 乔一和F君的暖心故事', '249', '', '19.50', '7', '/upload/img/store/13/1441614976536.jpg_430x430q90.jpg'), ('533', '60', '9', '京川牦牛', '30', '可情小美 欧美范春夏款时尚OL职业女超高跟鞋 糖果色漆皮尖头夜店性感', '134', '颜色:红色&nbsp;尺码:36&nbsp;', '168.00', '1', '/upload/img/store/9/1439365536734.jpg'), ('537', '64', '9', '京川牦牛', '23', '朵莱依 2015夏装热卖 大码波西米亚长裙子女装显瘦短袖甜美雪纺沙滩连衣裙 白色 L', '108', '颜色:黑色&nbsp;尺码:L&nbsp;', '189.00', '1', '/upload/img/store/9/1439362595551.jpg'), ('538', '64', '9', '京川牦牛', '20', '欧洲站2015新夏季欧货短袖大码中长款淑女连衣裙A字雪纺女装显瘦V S', '93', '颜色:粉色&nbsp;尺码:L&nbsp;', '504.00', '1', '/upload/img/store/9/1439361451698.jpg'), ('544', '22', '10', '西域驼铃', '6', ' Apple iPhone 6 (A1586) 16GB 金色 移动联通电信4G手机', '262', '', '4688.00', '1', '/upload/img/store/10/1439259799310.jpg'), ('561', '22', '9', '京川牦牛', '30', '可情小美 欧美范春夏款时尚OL职业女超高跟鞋 糖果色漆皮尖头夜店性感', '134', '颜色:红色&nbsp;尺码:36&nbsp;', '168.00', '1', '/upload/img/store/9/1439365536734.jpg'), ('584', '72', '9', '京川牦牛', '30', '可情小美 欧美范春夏款时尚OL职业女超高跟鞋 糖果色漆皮尖头夜店性感', '134', '颜色:红色&nbsp;尺码:36&nbsp;', '168.00', '1', '/upload/img/store/9/1439365536734.jpg'), ('585', '72', '10', '西域驼铃', '74', '手机手机', '290', '颜色:黑色&nbsp;购买方式:非合约机&nbsp;屏幕尺寸:4.7&nbsp;版本:移动4G&nbsp;容量:16G&nbsp;', '1000.00', '1', '/upload/img/store/10/1444436670733.png'), ('591', '15', '9', '京川牦牛', '33', '琪可朵粗跟单鞋女中跟浅口真皮婚鞋2015新款女鞋 浅肉肤色 41', '146', '颜色:蓝色&nbsp;尺码:37&nbsp;', '259.00', '1', '/upload/img/store/9/1439366379401.jpg'), ('608', '82', '9', '京川牦牛', '26', ' 凡牧2015夏装新款棉麻短袖连衣裙女韩版修身', '122', '颜色:粉色&nbsp;尺码:L&nbsp;', '158.00', '1', '/upload/img/store/9/1439364063748.jpg'), ('613', '16', '9', '京川牦牛', '34', ' 百年纪念高跟鞋', '150', '颜色:白色&nbsp;尺码:37&nbsp;', '158.00', '1', '/upload/img/store/9/1439366644808.jpg'), ('625', '6', '9', '京川牦牛', '35', ' bubufeifei2015夏季新款高跟鞋女 水钻细跟女鞋婚鞋单鞋 珍珠白', '154', '颜色:白色&nbsp;尺码:37&nbsp;', '229.00', '1', '/upload/img/store/9/1439367117874.jpg'), ('626', '6', '9', '京川牦牛', '25', '碧月茹香 2015夏新款文艺棉麻宽松大码连衣裙 617绿色 XXL', '271', '颜色:红色&nbsp;尺码:L&nbsp;', '111.00', '2', '/upload/img/store/9/1439363577002.jpg'), ('627', '6', '12', '新科数码专营店', '43', 'Masentek S30升级版 商务通话蓝牙耳机 通用型 耳挂式 黑色', '190', '颜色:黑色&nbsp;', '79.00', '1', '/upload/img/store/12/1440127594495.jpg'), ('628', '95', '9', '京川牦牛', '25', '碧月茹香 2015夏新款文艺棉麻宽松大码连衣裙 617绿色 XXL', '271', '颜色:红色&nbsp;尺码:L&nbsp;', '111.00', '1', '/upload/img/store/9/1439363577002.jpg');
COMMIT;

-- ----------------------------
--  Table structure for `shop_complain`
-- ----------------------------
DROP TABLE IF EXISTS `shop_complain`;
CREATE TABLE `shop_complain` (
  `complain_id` int(11) NOT NULL AUTO_INCREMENT COMMENT '投诉id',
  `order_id` int(11) NOT NULL COMMENT '订单id',
  `accuser_id` int(11) NOT NULL COMMENT '原告id',
  `accuser_name` varchar(50) NOT NULL COMMENT '原告名称',
  `accused_id` int(11) NOT NULL COMMENT '被告id',
  `accused_name` varchar(50) NOT NULL COMMENT '被告名称',
  `complain_subject_content` varchar(50) NOT NULL COMMENT '投诉主题',
  `complain_subject_id` int(11) NOT NULL COMMENT '投诉主题id',
  `complain_content` varchar(255) NOT NULL COMMENT '投诉内容',
  `complain_pic1` varchar(100) NOT NULL COMMENT '投诉图片1',
  `complain_pic2` varchar(100) NOT NULL COMMENT '投诉图片2',
  `complain_pic3` varchar(100) NOT NULL COMMENT '投诉图片3',
  `complain_datetime` bigint(13) DEFAULT NULL COMMENT '投诉时间',
  `complain_handle_datetime` bigint(13) DEFAULT NULL COMMENT '投诉处理时间',
  `complain_handle_member_id` int(11) NOT NULL COMMENT '投诉处理人id',
  `appeal_message` varchar(255) NOT NULL COMMENT '申诉内容',
  `appeal_datetime` bigint(13) DEFAULT NULL COMMENT '申诉时间',
  `appeal_pic1` varchar(100) NOT NULL COMMENT '申诉图片1',
  `appeal_pic2` varchar(100) NOT NULL COMMENT '申诉图片2',
  `appeal_pic3` varchar(100) NOT NULL COMMENT '申诉图片3',
  `final_handle_message` varchar(255) NOT NULL COMMENT '最终处理意见',
  `final_handle_datetime` bigint(13) DEFAULT NULL COMMENT '最终处理时间',
  `final_handle_member_id` int(11) NOT NULL COMMENT '最终处理人id',
  `complain_state` tinyint(4) NOT NULL COMMENT '投诉状态(10-新投诉/20-投诉通过转给被投诉人/30-被投诉人已申诉/40-提交仲裁/99-已关闭)',
  `complain_active` tinyint(4) NOT NULL DEFAULT '1' COMMENT '投诉是否通过平台审批(1未通过/2通过)',
  `is_del` tinyint(1) DEFAULT NULL,
  `create_time` bigint(13) DEFAULT NULL COMMENT '创建时间',
  `update_time` bigint(13) DEFAULT NULL COMMENT '修改时间',
  PRIMARY KEY (`complain_id`)
) ENGINE=InnoDB DEFAULT CHARSET=utf8 COMMENT='投诉表';

-- ----------------------------
--  Table structure for `shop_complain_goods`
-- ----------------------------
DROP TABLE IF EXISTS `shop_complain_goods`;
CREATE TABLE `shop_complain_goods` (
  `complain_goods_id` int(11) NOT NULL AUTO_INCREMENT COMMENT '投诉商品序列id',
  `complain_id` int(11) NOT NULL COMMENT '投诉id',
  `goods_id` int(11) NOT NULL COMMENT '商品id',
  `goods_name` varchar(100) NOT NULL COMMENT '商品名称',
  `goods_price` decimal(10,2) NOT NULL COMMENT '商品价格',
  `goods_num` int(11) NOT NULL COMMENT '商品数量',
  `goods_image` varchar(100) NOT NULL DEFAULT '' COMMENT '商品图片',
  `complain_message` varchar(100) NOT NULL COMMENT '被投诉商品的问题描述',
  `order_goods_id` int(10) unsigned DEFAULT '0' COMMENT '订单商品ID',
  `order_goods_type` tinyint(1) unsigned DEFAULT '1' COMMENT '订单商品类型:1默认2团购商品3限时折扣商品4组合套装',
  `is_del` tinyint(1) DEFAULT NULL,
  `create_time` bigint(13) DEFAULT NULL COMMENT '创建时间',
  `update_time` bigint(13) DEFAULT NULL COMMENT '修改时间',
  PRIMARY KEY (`complain_goods_id`)
) ENGINE=InnoDB DEFAULT CHARSET=utf8 COMMENT='投诉商品表';

-- ----------------------------
--  Table structure for `shop_complain_subject`
-- ----------------------------
DROP TABLE IF EXISTS `shop_complain_subject`;
CREATE TABLE `shop_complain_subject` (
  `complain_subject_id` int(11) NOT NULL AUTO_INCREMENT COMMENT '投诉主题id',
  `complain_subject_content` varchar(50) NOT NULL COMMENT '投诉主题',
  `complain_subject_desc` varchar(100) NOT NULL COMMENT '投诉主题描述',
  `complain_subject_state` tinyint(4) NOT NULL COMMENT '投诉主题状态(1-有效/2-失效)',
  PRIMARY KEY (`complain_subject_id`)
) ENGINE=InnoDB DEFAULT CHARSET=utf8 COMMENT='投诉主题表';

-- ----------------------------
--  Table structure for `shop_complain_talk`
-- ----------------------------
DROP TABLE IF EXISTS `shop_complain_talk`;
CREATE TABLE `shop_complain_talk` (
  `talk_id` int(11) NOT NULL AUTO_INCREMENT COMMENT '投诉对话id',
  `complain_id` int(11) NOT NULL COMMENT '投诉id',
  `talk_member_id` int(11) NOT NULL COMMENT '发言人id',
  `talk_member_name` varchar(50) NOT NULL COMMENT '发言人名称',
  `talk_member_type` varchar(10) NOT NULL COMMENT '发言人类型(1-投诉人/2-被投诉人/3-平台)',
  `talk_content` varchar(255) NOT NULL COMMENT '发言内容',
  `talk_state` tinyint(4) NOT NULL COMMENT '发言状态(1-显示/2-不显示)',
  `talk_admin` int(11) NOT NULL DEFAULT '0' COMMENT '对话管理员，屏蔽对话人的id',
  `create_time` bigint(13) DEFAULT NULL COMMENT '对话发表时间',
  PRIMARY KEY (`talk_id`)
) ENGINE=InnoDB DEFAULT CHARSET=utf8 COMMENT='投诉对话表';

-- ----------------------------
--  Table structure for `shop_consult`
-- ----------------------------
DROP TABLE IF EXISTS `shop_consult`;
CREATE TABLE `shop_consult` (
  `consult_id` int(10) unsigned NOT NULL AUTO_INCREMENT COMMENT '咨询编号',
  `goods_id` int(11) unsigned DEFAULT '0' COMMENT '商品编号',
  `cgoods_name` varchar(100) NOT NULL COMMENT '商品名称',
  `member_id` int(11) NOT NULL DEFAULT '0' COMMENT '咨询发布者会员编号(0：游客)',
  `cmember_name` varchar(100) DEFAULT NULL COMMENT '会员名称',
  `store_id` int(11) unsigned NOT NULL DEFAULT '0' COMMENT '店铺编号',
  `email` varchar(255) DEFAULT NULL COMMENT '咨询发布者邮箱',
  `consult_content` varchar(255) DEFAULT NULL COMMENT '咨询内容',
  `consult_addtime` bigint(13) DEFAULT NULL COMMENT '咨询添加时间',
  `consult_reply` varchar(255) DEFAULT NULL COMMENT '咨询回复内容',
  `consult_reply_time` bigint(13) DEFAULT NULL,
  `isanonymous` tinyint(1) NOT NULL DEFAULT '0' COMMENT '0表示不匿名 1表示匿名',
  `is_del` tinyint(1) DEFAULT NULL,
  `create_time` bigint(13) DEFAULT NULL COMMENT '创建时间',
  `update_time` bigint(13) DEFAULT NULL COMMENT '修改时间',
  PRIMARY KEY (`consult_id`),
  KEY `goods_id` (`goods_id`) USING BTREE,
  KEY `seller_id` (`store_id`) USING BTREE
) ENGINE=InnoDB AUTO_INCREMENT=21 DEFAULT CHARSET=utf8 COMMENT='产品咨询表';

-- ----------------------------
--  Records of `shop_consult`
-- ----------------------------
BEGIN;
INSERT INTO `shop_consult` VALUES ('4', '4', 'æäºå¨åè³æº', '5', 'gyh99', '10', null, 'è¿ä¸ªè³æºå¤å°é±', '20150803102942', '你的麻烦你给return ', null, '0', '0', null, null), ('5', '30', '可情小美 欧美范春夏款时尚OL职业女超高跟鞋 糖果色漆皮尖头夜店性感', '0', '匿名', '9', null, '1111', '20150822101401', null, null, '1', '0', null, null), ('6', '30', '可情小美 欧美范春夏款时尚OL职业女超高跟鞋 糖果色漆皮尖头夜店性感', '0', '匿名', '9', null, '你好', '20150822101414', null, null, '1', '0', null, null), ('7', '36', ' 琪可朵高跟鞋尖头真皮蝴蝶结2015新款婚鞋  01甜美粉色 ', '0', '匿名', '9', null, '[', '20150827205953', null, null, '1', '0', null, null), ('8', '5', 'iphone6', '28', '吴世勋', '10', null, '是国行吗？', '20150831142848', '是的哦，亲~~', null, '0', '0', null, null), ('9', '32', '琪可朵高跟鞋尖头真皮细跟蝴蝶结2015新款女鞋 03淡紫色 40', '28', '吴世勋', '9', null, '紫色色差大吗？是什么紫色？', '20150901093741', null, null, '0', '0', null, null), ('10', '32', '琪可朵高跟鞋尖头真皮细跟蝴蝶结2015新款女鞋 03淡紫色 40', '28', '吴世勋', '9', null, '对方水电费', '20150906165708', null, null, '0', '1', null, null), ('11', '32', '琪可朵高跟鞋尖头真皮细跟蝴蝶结2015新款女鞋 03淡紫色 40', '28', '吴世勋', '9', null, '双方的所发生的', '20150906165714', null, null, '0', '1', null, null), ('12', '26', ' 凡牧2015夏装新款棉麻短袖连衣裙女韩版修身', '16', 'zrh', '9', null, '裙子如何', '20150906165850', '保证正品哦，亲', null, '0', '0', null, null), ('13', '25', '碧月茹香 2015夏新款文艺棉麻宽松大码连衣裙 617绿色 XXL', '0', '匿名', '9', null, 'ddd', '20150924095004', null, null, '1', '0', '20150924095004', null), ('14', '25', '碧月茹香 2015夏新款文艺棉麻宽松大码连衣裙 617绿色 XXL', '0', '匿名', '9', null, 'sfsf', '20150924095012', null, null, '1', '0', '20150924095012', null), ('15', '11', 'Apple MacBook Air MJVE2CH/A 13.3英寸宽屏笔记本电脑 128GB 闪存', '14', 'demo', '9', null, '啊实打实', '20151008165249', null, null, '0', '0', '20151008165249', null), ('16', '11', 'Apple MacBook Air MJVE2CH/A 13.3��?��?��?????��????��?��?????�̨�?? 128GB ��?a?-?', '0', '匿名', '9', null, null, '20151008165249', null, null, '1', '0', '20151008165249', null), ('17', '72', '111', '0', '匿名', '9', null, 'ni hao', '20151009142454', '2123123', '1444704656508', '1', '0', '20151009142454', '1444704656508'), ('18', '76', 'sony', '14', 'demo', '12', null, '11111', '20151010103337', null, null, '0', '0', '20151010103337', null), ('19', '35', ' bubufeifei2015夏季新款高跟鞋女 水钻细跟女鞋婚鞋单鞋 珍珠白', '84', 'guan2015', '9', null, 'ghijvbghj空调同 宋瑞', '20151016094325', null, null, '0', '0', '20151016094325', null), ('20', '35', ' bubufeifei2015夏季新款高跟鞋女 水钻细跟女鞋婚鞋单鞋 珍珠白', '84', 'guan2015', '9', null, '心狠我我你为了她你同同虐酷我同他们拉我', '20151016094359', null, null, '0', '0', '20151016094359', null);
COMMIT;

-- ----------------------------
--  Table structure for `shop_coupon`
-- ----------------------------
DROP TABLE IF EXISTS `shop_coupon`;
CREATE TABLE `shop_coupon` (
  `coupon_id` int(11) NOT NULL AUTO_INCREMENT COMMENT 'id',
  `coupon_title` varchar(255) NOT NULL COMMENT '优惠券名称',
  `coupon_type` enum('1','2') DEFAULT NULL,
  `coupon_pic` varchar(255) NOT NULL,
  `coupon_desc` varchar(255) NOT NULL COMMENT '优惠券描述',
  `start_time` bigint(13) DEFAULT NULL COMMENT '优惠券开始日期',
  `end_time` bigint(13) DEFAULT NULL COMMENT '优惠券截止日期',
  `coupon_price` decimal(10,2) NOT NULL DEFAULT '0.00' COMMENT '优惠金额',
  `coupon_limit` decimal(10,2) NOT NULL DEFAULT '0.00' COMMENT '金额限制',
  `store_id` int(11) DEFAULT NULL COMMENT '店铺id',
  `coupon_state` int(11) DEFAULT '1' COMMENT '上架与下架状态:1下架，0上架',
  `coupon_storage` int(11) NOT NULL DEFAULT '0' COMMENT '总共数量',
  `coupon_usage` int(11) NOT NULL DEFAULT '0' COMMENT '使用数量',
  `coupon_lock` int(11) NOT NULL DEFAULT '0' COMMENT '是否锁定：1锁定，0未锁定',
  `create_time` bigint(13) DEFAULT NULL COMMENT '添加日期',
  `coupon_class_id` int(11) NOT NULL COMMENT '分类',
  `coupon_click` int(11) NOT NULL DEFAULT '1' COMMENT '点击次数',
  `coupon_print_style` varchar(255) DEFAULT '4STYLE' COMMENT '4STYLE STANDS FOR 4 COUPONS PER A4 PAGE, AND 8STYLE STANDS FOR 8 COUPONS PER A4 PAGE',
  `coupon_recommend` int(1) unsigned NOT NULL DEFAULT '0' COMMENT '0不推荐 1推荐到首页',
  `coupon_allowstate` int(1) unsigned DEFAULT '0' COMMENT '审核状态 0为待审核 1已通过 2未通过',
  `coupon_allowremark` varchar(255) DEFAULT NULL COMMENT '审核备注',
  `store_name` varchar(50) DEFAULT NULL COMMENT '店铺名称',
  PRIMARY KEY (`coupon_id`),
  KEY `store_id` (`store_id`) USING BTREE COMMENT '(null)'
) ENGINE=InnoDB AUTO_INCREMENT=17 DEFAULT CHARSET=utf8 COMMENT='优惠券';

-- ----------------------------
--  Records of `shop_coupon`
-- ----------------------------
BEGIN;
INSERT INTO `shop_coupon` VALUES ('3', '123', null, '/upload/img/store/slide/1444369802848png', '', '1442564161000', '1446220800000', '12.00', '123.00', '9', '0', '111', '1', '0', '20150914112531', '1', '1', null, '0', '1', null, '京川牦牛'), ('6', '满5000减500', null, '', '', '1442564161187', '1442564161187', '500.00', '5000.00', '12', '0', '10', '0', '0', '20150914112531', '1', '1', null, '0', '0', null, '新科数码专营店'), ('7', '满10减1', null, '/upload/img/store/slide/1444036748735jpg', '', '1442564161000', '1448812800000', '1.00', '10.00', '12', '0', '10', '0', '0', '1444036886101', '1', '1', null, '1', '1', null, '新科数码专营店'), ('8', '满100减10', null, '1232', '', '1442564161187', '1442564161187', '10.00', '100.00', '10', '0', '1000', '1', '0', '20150914112531', '1', '1', null, '0', '1', null, '西域驼铃'), ('9', '满10减2', null, '', '满十块才可以使用', '1442564161187', '1442564161187', '2.00', '10.00', '13', '0', '2000', '1', '0', '20150914112531', '1', '1', null, '0', '1', null, '∑SeHun°の店'), ('12', '满200减10', null, '', '', '1442564161187', '1442564161187', '10.00', '200.00', '13', '0', '22222', '1', '0', '20150914112531', '1', '1', null, '0', '2', null, '∑SeHun°の店'), ('14', '满50减5', null, '', '', '1442564161187', '1442564161187', '5.00', '50.00', '13', '0', '33333', '0', '0', '20150914112531', '1', '1', null, '0', '0', null, '∑SeHun°の店');
COMMIT;

-- ----------------------------
--  Table structure for `shop_coupon_class`
-- ----------------------------
DROP TABLE IF EXISTS `shop_coupon_class`;
CREATE TABLE `shop_coupon_class` (
  `class_id` int(11) NOT NULL AUTO_INCREMENT COMMENT '优惠券分类id',
  `class_parent_id` int(11) NOT NULL DEFAULT '0' COMMENT '父类id',
  `class_name` varchar(100) NOT NULL COMMENT '分类名称',
  `class_sort` int(1) unsigned NOT NULL DEFAULT '0' COMMENT '排序',
  `class_show` int(11) NOT NULL DEFAULT '0' COMMENT '是否显示：0显示,1不显示',
  PRIMARY KEY (`class_id`),
  KEY `class_parent_id` (`class_parent_id`) USING BTREE COMMENT '(null)',
  KEY `class_sort` (`class_sort`) USING BTREE COMMENT '(null)'
) ENGINE=InnoDB AUTO_INCREMENT=4 DEFAULT CHARSET=utf8 COMMENT='优惠券分类';

-- ----------------------------
--  Records of `shop_coupon_class`
-- ----------------------------
BEGIN;
INSERT INTO `shop_coupon_class` VALUES ('1', '0', '满减', '0', '0'), ('3', '0', 'test', '0', '0');
COMMIT;

-- ----------------------------
--  Table structure for `shop_coupon_member`
-- ----------------------------
DROP TABLE IF EXISTS `shop_coupon_member`;
CREATE TABLE `shop_coupon_member` (
  `coupon_id` int(11) NOT NULL COMMENT '优惠券id',
  `coupon_member_id` int(11) NOT NULL COMMENT '会员id',
  `coupon_isused` int(11) NOT NULL DEFAULT '0' COMMENT '是否使用:0没有使用，1已使用'
) ENGINE=InnoDB DEFAULT CHARSET=utf8;

-- ----------------------------
--  Records of `shop_coupon_member`
-- ----------------------------
BEGIN;
INSERT INTO `shop_coupon_member` VALUES ('3', '5', '1'), ('6', '10', '0'), ('5', '10', '0'), ('6', '10', '0'), ('5', '10', '0'), ('6', '10', '0'), ('9', '28', '1'), ('12', '28', '0'), ('9', '28', '1'), ('12', '5', '1'), ('12', '28', '0'), ('12', '28', '0'), ('8', '47', '0'), ('8', '47', '0'), ('8', '47', '0'), ('8', '47', '0'), ('3', '45', '0'), ('8', '45', '1'), ('8', '28', '0'), ('8', '45', '1'), ('8', '16', '0'), ('8', '16', '0'), ('8', '16', '0'), ('8', '16', '0'), ('8', '16', '0'), ('8', '16', '0'), ('8', '16', '0'), ('8', '16', '0'), ('8', '16', '0'), ('8', '45', '1'), ('8', '45', '1'), ('8', '45', '1'), ('8', '45', '1'), ('8', '45', '1'), ('8', '45', '1'), ('8', '45', '1'), ('8', '45', '1'), ('8', '45', '1'), ('8', '45', '1'), ('8', '45', '1'), ('8', '45', '1'), ('8', '45', '1'), ('8', '45', '1'), ('8', '45', '1'), ('8', '45', '1'), ('8', '45', '1'), ('8', '45', '1'), ('7', '14', '0'), ('3', '70', '0');
COMMIT;

-- ----------------------------
--  Table structure for `shop_cron`
-- ----------------------------
DROP TABLE IF EXISTS `shop_cron`;
CREATE TABLE `shop_cron` (
  `id` int(10) unsigned NOT NULL AUTO_INCREMENT,
  `type` tinyint(3) unsigned DEFAULT NULL COMMENT '任务类型 1商品上架 2发送邮件 3优惠套装过期 4推荐展位过期',
  `exeid` int(10) unsigned NOT NULL DEFAULT '0' COMMENT '关联任务的ID[如商品ID,会员ID]',
  `exetime` int(11) unsigned NOT NULL DEFAULT '0' COMMENT '执行时间',
  `code` char(50) DEFAULT NULL COMMENT '邮件模板CODE',
  `content` text COMMENT '内容',
  KEY `id` (`id`) USING BTREE
) ENGINE=InnoDB DEFAULT CHARSET=utf8 COMMENT='任务队列表';

-- ----------------------------
--  Table structure for `shop_daddress`
-- ----------------------------
DROP TABLE IF EXISTS `shop_daddress`;
CREATE TABLE `shop_daddress` (
  `address_id` mediumint(10) unsigned NOT NULL AUTO_INCREMENT COMMENT '地址ID',
  `store_id` mediumint(10) unsigned NOT NULL DEFAULT '0' COMMENT '店铺ID',
  `seller_name` varchar(50) NOT NULL DEFAULT '' COMMENT '联系人',
  `area_id` mediumint(10) unsigned NOT NULL COMMENT '地区ID',
  `city_id` mediumint(9) DEFAULT NULL COMMENT '市级ID',
  `area_info` varchar(255) NOT NULL COMMENT '地区内容',
  `address` varchar(255) NOT NULL COMMENT '地址',
  `zip_code` int(50) DEFAULT NULL COMMENT '邮编',
  `tel_phone` varchar(20) DEFAULT NULL COMMENT '座机电话',
  `mob_phone` varchar(15) DEFAULT NULL COMMENT '手机电话',
  `company` varchar(255) NOT NULL COMMENT '公司',
  `content` text COMMENT '备注',
  `is_default` enum('0','1') NOT NULL DEFAULT '0' COMMENT '是否默认1是',
  `province_id` mediumint(10) DEFAULT NULL COMMENT '省级id',
  PRIMARY KEY (`address_id`)
) ENGINE=InnoDB AUTO_INCREMENT=16 DEFAULT CHARSET=utf8 COMMENT='卖家发货地址信息表';

-- ----------------------------
--  Records of `shop_daddress`
-- ----------------------------
BEGIN;
INSERT INTO `shop_daddress` VALUES ('7', '10', '郭先生', '41', '36', '北京,北京市,朝阳区', 'soho尚都南塔803', '111111', '12321312131', '12345678901', '合利屋', '餐饮', '1', '1'), ('8', '13', '朴灿烈', '47', '36', '北京,北京市,通州区', '果园88号', '666666', '633333333', '15666666666', '北京东方科技有限公司', '备注', '1', '1'), ('10', '0', '张三', '41', '36', '北京,北京市,朝阳区', '世贸天阶soho南塔803', '250002', '0202220', '13333322222', '雷铭科技', '发货地址', '1', '1'), ('14', '12', '张明', '37', '36', '北京,北京市,东城区', '中山路239号', '10111', '010-24876566', '13907581234', 'test', '111', '1', '1'), ('15', '9', '李四', '38', '36', '北京,北京市,西城区', '撒的撒的撒', '213123', '1213213321', '12343212312', '萨达', '撒打爱上', '1', '1');
COMMIT;

-- ----------------------------
--  Table structure for `shop_dictionary`
-- ----------------------------
DROP TABLE IF EXISTS `shop_dictionary`;
CREATE TABLE `shop_dictionary` (
  `dictionary_id` int(11) NOT NULL AUTO_INCREMENT COMMENT '字典id',
  `group_id` int(11) DEFAULT NULL COMMENT '字典组id',
  `dictionary_code` varchar(255) DEFAULT NULL COMMENT '字典编码',
  `dictionary_name` varchar(255) DEFAULT NULL COMMENT '字典名称',
  `dictionary_value` varchar(50) NOT NULL COMMENT '字典值',
  PRIMARY KEY (`dictionary_id`)
) ENGINE=InnoDB AUTO_INCREMENT=11 DEFAULT CHARSET=utf8 COMMENT='数据字典表';

-- ----------------------------
--  Records of `shop_dictionary`
-- ----------------------------
BEGIN;
INSERT INTO `shop_dictionary` VALUES ('1', '2', 'jedis', '11', '11'), ('2', '2', 'jedis', '222', '222'), ('3', '2', 'jedis', '333', '333'), ('4', '4', '123456', '111', '111'), ('5', '4', '123456', '333', '3333'), ('6', '5', 'roleAlias', '超级管理员', 'admin'), ('7', '5', 'roleAlias', '客人', 'guest'), ('8', '5', 'roleAlias', '经理', 'manager'), ('9', '5', 'roleAlias', '研发', 'developer'), ('10', '5', 'roleAlias', '测试', '3完全恶趣味');
COMMIT;

-- ----------------------------
--  Table structure for `shop_dictionary_group`
-- ----------------------------
DROP TABLE IF EXISTS `shop_dictionary_group`;
CREATE TABLE `shop_dictionary_group` (
  `group_id` int(11) NOT NULL AUTO_INCREMENT COMMENT '字典组id',
  `group_code` varchar(255) DEFAULT NULL COMMENT '字典组编码',
  `group_name` varchar(255) DEFAULT NULL COMMENT '字典组名称',
  PRIMARY KEY (`group_id`)
) ENGINE=InnoDB AUTO_INCREMENT=6 DEFAULT CHARSET=utf8 COMMENT='数据字典组表';

-- ----------------------------
--  Records of `shop_dictionary_group`
-- ----------------------------
BEGIN;
INSERT INTO `shop_dictionary_group` VALUES ('2', 'jedis', '缓存'), ('3', 'sex', '性别'), ('4', '123456', '测试'), ('5', 'roleAlias', '角色别名');
COMMIT;

-- ----------------------------
--  Table structure for `shop_doc`
-- ----------------------------
DROP TABLE IF EXISTS `shop_doc`;
CREATE TABLE `shop_doc` (
  `id` int(10) NOT NULL AUTO_INCREMENT COMMENT 'id',
  `name` varchar(255) DEFAULT NULL,
  `tag` varchar(255) DEFAULT NULL COMMENT '标签',
  `tag_demo` varchar(1000) DEFAULT NULL COMMENT '标签试一试demo',
  `typeid` int(13) DEFAULT NULL COMMENT '分类名称',
  `api_address` varchar(255) DEFAULT NULL COMMENT 'api地址',
  `return_example_value` text COMMENT '返回示例',
  `pid` int(13) DEFAULT NULL COMMENT '父文档id',
  `sort` int(13) DEFAULT NULL COMMENT '排序',
  `description` varchar(255) DEFAULT NULL COMMENT '描述',
  `status` int(13) DEFAULT NULL COMMENT '状态',
  `create_time` bigint(13) DEFAULT NULL COMMENT '创建时间',
  `createdby` varchar(255) DEFAULT NULL COMMENT '添加人',
  `updatecount` int(13) DEFAULT NULL COMMENT '修改次数',
  `update_time` bigint(13) DEFAULT NULL COMMENT '修改时间',
  `updateby` varchar(255) DEFAULT NULL COMMENT '修改人',
  `platform` varchar(255) DEFAULT NULL COMMENT '文档所属平台',
  PRIMARY KEY (`id`)
) ENGINE=InnoDB AUTO_INCREMENT=88 DEFAULT CHARSET=utf8 COMMENT='文档';

-- ----------------------------
--  Records of `shop_doc`
-- ----------------------------
BEGIN;
INSERT INTO `shop_doc` VALUES ('5', '购物车接口', null, null, '1', null, null, null, '0', '购物车接口', '1', null, 'admin', null, null, null, null), ('6', '添加购物车', 'addCart', null, '1', '/cartapi/addCart', '{\r\n    \"data\": [\r\n        {\r\n            \"cartIds\": 254\r\n        }\r\n    ],\r\n    \"result\": 1,\r\n    \"msg\": \"加入购物车成功\"\r\n}', '5', '0', '添加购物车', '1', null, 'admin', null, null, 'admin', null), ('7', '购物车列表', 'cartList', null, '1', '/cartapi/cartList', '{\r\n    \"result\": 1,\r\n    \"data\": [\r\n        {\r\n            \"cartIds\": \"73,74,\",\r\n            \"storeName\": \"刘凯判断\",\r\n            \"goodsTotalFreight\": 0,\r\n            \"list\": [\r\n                {\r\n                    \"specId\": 2,\r\n                    \"goodsId\": 2,\r\n                    \"cartId\": 73,\r\n                    \"goodsImages\": \"1436497771859.jpg\",\r\n                    \"storeId\": 7,\r\n                    \"goodsPrice\": 5888,\r\n                    \"specInfo\": \"颜色:黑色&nbsp;尺寸:35&nbsp;\",\r\n                    \"storeName\": \"刘凯判断\",\r\n                    \"goodsName\": \"iphone\",\r\n                    \"goodsNum\": 1,\r\n                    \"memberId\": 3\r\n                },\r\n                {\r\n                    \"specId\": 3,\r\n                    \"goodsId\": 3,\r\n                    \"cartId\": 74,\r\n                    \"goodsImages\": \"\",\r\n                    \"storeId\": 7,\r\n                    \"goodsPrice\": 1888,\r\n                    \"specInfo\": \"颜色:红色&nbsp;尺寸:34&nbsp;\",\r\n                    \"storeName\": \"刘凯判断\",\r\n                    \"goodsName\": \"iphone\",\r\n                    \"goodsNum\": 1,\r\n                    \"memberId\": 3\r\n                }\r\n            ],\r\n            \"storeId\": 7,\r\n            \"goodsNum\": 2,\r\n            \"goodsTotalPrice\": 7776\r\n        }\r\n    ]\r\n}', '5', '0', '购物车列表', '1', null, 'admin', null, null, 'admin', null), ('8', '确认订单', 'subCartToOrder', null, '1', '/cartapi/subCartToOrder', '{\r\n    \"result\": 1,\r\n    \"data\": [\r\n        {\r\n            \"cartIds\": \"72,\",\r\n            \"storeName\": \"刘凯判断\",\r\n            \"goodsTotalFreight\": 0,\r\n            \"list\": [\r\n                {\r\n                    \"specId\": 3,\r\n                    \"goodsId\": 3,\r\n                    \"cartId\": 72,\r\n                    \"goodsImages\": \"\",\r\n                    \"storeId\": 7,\r\n                    \"goodsPrice\": 1888,\r\n                    \"specInfo\": \"颜色:红色&nbsp;尺寸:34&nbsp;\",\r\n                    \"storeName\": \"刘凯判断\",\r\n                    \"goodsName\": \"iphone\",\r\n                    \"goodsNum\": 1,\r\n                    \"memberId\": 1\r\n                }\r\n            ],\r\n            \"storeId\": 7,\r\n            \"goodsNum\": 1,\r\n            \"goodsTotalPrice\": 1888\r\n        }\r\n    ]\r\n}', '5', '0', '确认订单', '1', null, 'admin', null, null, null, null), ('9', '删除购物车', 'deleteCart', null, '1', '/cartapi/deleteCart', '{\r\n    \"result\": 1,\r\n    \"msg\": \"删除购物车成功\"\r\n}', '5', '0', '删除选中的购物车商品', '1', null, 'admin', null, null, 'admin', null), ('10', '修改购物车数量', 'updateCartCount', null, '1', '/cartapi/updateCartCount', '{\r\n    \"result\": 1,\r\n    \"msg\": \"修改购物车数量成功\"\r\n}', '5', '0', '修改购物车数量', '1', null, 'admin', null, null, null, null), ('11', '店铺接口', null, null, '1', null, null, null, '0', '店铺接口', '1', null, 'admin', null, null, null, null), ('12', '店铺、商品收藏', 'storecollection', null, '1', '/storeapi/storecollection', '{\r\n    \"result\": 1,\r\n    \"msg\": \"收藏成功\"\r\n}', '11', '0', '店铺、商品收藏', '1', null, 'admin', null, null, 'admin', null), ('13', '广告接口', null, null, '1', null, null, null, '3', '广告管理', '1', null, 'admin', null, null, 'admin', null), ('14', '广告位列表', '/advPositionList', null, '1', '/advApi/advPositionList', '{\r\n    \"result\": 1,\r\n    \"msg\": \"\",\r\n    \"data\": [\r\n        {\r\n            \"isUse\": 1,\r\n            \"apWidth\": 770,\r\n            \"apClass\": 2,\r\n            \"apId\": 6,\r\n            \"apIntro\": \"首页大广告\",\r\n            \"apHeight\": 280,\r\n            \"apName\": \"首页大广告\"\r\n        },\r\n        {\r\n            \"isUse\": 1,\r\n            \"apWidth\": 210,\r\n            \"apClass\": 0,\r\n            \"apId\": 7,\r\n            \"apIntro\": \"限时团购\",\r\n            \"apHeight\": 180,\r\n            \"apName\": \"限时团购\"\r\n        },\r\n        {\r\n            \"isUse\": 1,\r\n            \"apWidth\": 1200,\r\n            \"apClass\": 0,\r\n            \"apId\": 8,\r\n            \"apIntro\": \"底部横幅\",\r\n            \"apHeight\": 80,\r\n            \"apName\": \"底部横幅\"\r\n        }\r\n    ]\r\n}', '13', '0', '广告位列表', '1', null, 'admin', null, null, null, null), ('15', '广告', '/adv', null, '1', '/advApi/adv?apId=6', '{\r\n    \"result\": 1,\r\n    \"msg\": \"获取成功\",\r\n    \"data\": [\r\n        {\r\n            \"isUse\": 1,\r\n            \"apWidth\": 770,\r\n            \"apClass\": 2,\r\n            \"advList\": [\r\n                {\r\n                    \"advUrl\": \"http://www.baidu.com\",\r\n                    \"resUrl\": \"/upload/img/adv/1438418823836.jpg\",\r\n                    \"endDate\": \"2015-09-30 00:00:00\",\r\n                    \"apId\": 6,\r\n                    \"advId\": 2,\r\n                    \"advTitle\": \"大广告2\",\r\n                    \"sort\": 255,\r\n                    \"startDate\": \"2015-07-09 00:00:00\"\r\n                },\r\n                {\r\n                    \"advUrl\": \"2222\",\r\n                    \"resUrl\": \"/upload/img/adv/1438418840989.jpg\",\r\n                    \"endDate\": \"2015-09-30 00:00:00\",\r\n                    \"apId\": 6,\r\n                    \"advId\": 3,\r\n                    \"advTitle\": \"大广告1\",\r\n                    \"sort\": 255,\r\n                    \"startDate\": \"2015-07-09 00:00:00\"\r\n                },\r\n                {\r\n                    \"advUrl\": \"http://www.baidu.com\",\r\n                    \"resUrl\": \"/upload/img/adv/1438418925229.png\",\r\n                    \"endDate\": \"2015-10-31 00:00:00\",\r\n                    \"apId\": 6,\r\n                    \"advId\": 8,\r\n                    \"advTitle\": \"大广告3\",\r\n                    \"sort\": 255,\r\n                    \"startDate\": \"2015-08-01 00:00:00\"\r\n                }\r\n            ],\r\n            \"apId\": 6,\r\n            \"apIntro\": \"首页大广告\",\r\n            \"apHeight\": 280,\r\n            \"apName\": \"首页大广告\"\r\n        }\r\n    ]\r\n}', '13', '2', '根据id获取对应广告位的广告集合', '1', null, 'admin', null, null, 'admin', null), ('16', '店铺详情', 'storedetail', null, '1', '/storeapi/storedetail', '{\r\n    \"result\": 1,\r\n    \"data\": [\r\n        {\r\n            \"cityId\": 40,\r\n            \"storeclassname\": \"我也是测试\",\r\n            \"storeServicecredit\": 0,\r\n            \"storeRecommend\": 0,\r\n            \"memberId\": 5,\r\n            \"storeTel\": \"234234234\",\r\n            \"provinceId\": 2,\r\n            \"storeDeliverycredit\": 0,\r\n            \"storeCredit\": 0,\r\n            \"storeZy\": \"士大夫士大夫士大夫\",\r\n            \"praiseRate\": 0,\r\n            \"storeAddress\": \"填个防空\",\r\n            \"storeTheme\": \"default\",\r\n            \"scId\": 87,\r\n            \"storeCode\": \"default_qrcode.png\",\r\n            \"storeImage\": \"/upload/img/store/slide/1438418256771.jpg\",\r\n            \"storeClick\": 0,\r\n            \"storeDesccredit\": 0,\r\n            \"storeSort\": 0,\r\n            \"memberName\": \"gyh99\",\r\n            \"storeDomainTimes\": 0,\r\n            \"storeOwnerCard\": \"234234234234234234\",\r\n            \"storeZip\": \"213423\",\r\n            \"storeName\": \"你大爷六块\",\r\n            \"storeSms\": \"\",\r\n            \"gradeId\": 2,\r\n            \"storeGoodsCount\": 0,\r\n            \"storeKeywords\": \"\",\r\n            \"storeSales\": 0,\r\n            \"storeId\": 9,\r\n            \"storeCollect\": 0,\r\n            \"areaInfo\": \"天津天津市\",\r\n            \"storeDescription\": \"\",\r\n            \"storeAuth\": 0,\r\n            \"storeState\": 1,\r\n            \"storeImage1\": \"/upload/img/store/slide/1438418299943.jpg\",\r\n            \"nameAuth\": 0\r\n        }\r\n    ]\r\n}', '11', '0', '店铺详情', '1', null, 'admin', null, null, null, null), ('17', '会员相关接口', null, null, '1', null, null, null, '0', '登录注册', '1', null, 'admin', null, null, 'admin', null), ('18', '登录', '/login', null, '1', '/loginapi/login', '{\r\n    \"result\": 1,\r\n    \"msg\": \"成功登录\",\r\n    \"data\": [\r\n        {\r\n            \"memberName\": \"gyh99\",\r\n            \"memberSex\": 1,\r\n            \"memberMobile\": \"13456776556\",\r\n            \"memberEmail\": \"gyh@11.com\",\r\n            \"memberId\": 5,\r\n\"memberAvatar\":\"/upload/img/avatar/01.jpg\"\r\n        }\r\n    ]\r\n}', '17', '0', '成功 result=1 msg=\"登录成功\"', '1', null, 'admin', null, null, 'admin', null), ('19', '注册', '/register', null, '1', '/memberapi/register', '{\r\n    \"result\": 0,\r\n    \"msg\": \"注册失败\"\r\n}', '17', '0', '成功为1，失败0', '1', null, 'admin', null, null, null, null), ('20', '获取会员详细信息', '/memberDetail', null, '1', '/memberapi/memberDetail?memberId=5', '{\r\n    \"result\": 1,\r\n    \"msg\": \"获取成功\",\r\n    \"data\": [\r\n        {\r\n            \"isBuy\": 1,\r\n            \"signCodeState\": 0,\r\n            \"memberTime\": \"2015-08-01 15:50:05\",\r\n            \"noReceiveOrder\": 0,\r\n            \"favStoreCount\": 1,\r\n            \"availablePredeposit\": 0,\r\n            \"isAllowtalk\": 1,\r\n            \"memberPasswd\": \"e10adc3949ba59abbe56e057f20f883e\",\r\n            \"memberPoints\": 0,\r\n            \"memberId\": 5,\r\n            \"memberEmail\": \"gyh@11.com\",\r\n            \"memberLoginNum\": 1,\r\n            \"noPayOrder\": 0,\r\n            \"memberMobile\": \"13456776556\",\r\n            \"memberSnsvisitnum\": 0,\r\n            \"freezePredeposit\": 0,\r\n            \"memberState\": 0,\r\n            \"memberName\": \"gyh99\",\r\n            \"memberCredit\": 0,\r\n            \"memberAvatar\": \"/upload/img/avatar/1439175181026.png\",\r\n            \"memberSex\": 1,\r\n            \"informAllow\": 1,\r\n            \"noEvaluationOrder\": 0,\r\n            \"favGoodsCount\": 1,\r\n            \"isDel\": 0\r\n        }\r\n    ]\r\n}', '17', '0', '获取会员详细信息', '1', null, 'admin', null, null, 'admin', null), ('21', '商品接口', null, null, '1', null, null, null, '0', '商品接口', '1', null, 'admin', null, null, null, null), ('22', '商品分类', 'classlist', null, '1', '/goods/api', '{\r\n    \"result\": 1,\r\n    \"data\": [\r\n        {\r\n            \"deep\": 0,\r\n            \"searchType\": \"gcIdSearch\",\r\n            \"gcId\": 21,\r\n            \"gcSort\": 0,\r\n            \"gcParentId\": 0,\r\n            \"gcDescription\": \"恩恩\",\r\n            \"gcKeywords\": \"哈哈哈\",\r\n            \"gcpic\": \"/upload/img/store/slide/1438419251423.png\",\r\n            \"gcIdpath\": \"21,\",\r\n            \"gcshow\": 1,\r\n            \"hasChild\": 0,\r\n            \"typeId\": 0,\r\n            \"gcName\": \"手机、数码\",\r\n            \"gcTitle\": \"123\",\r\n            \"typename\": \"\"\r\n        }\r\n    ]\r\n}', '21', '0', '商品分类', '1', null, 'admin', null, null, 'admin', null), ('23', '修改密码', '/updatePassword', null, '1', '/memberapi/updatePassword', '{\r\n    \"result\": 0,\r\n    \"msg\": \"修改失败\"\r\n}', '17', '0', '', '1', null, 'admin', null, null, 'admin', null), ('24', '会员收藏列表', '/memberfavotites', null, '1', '/memberapi/memberfavotites', '收藏商品:\r\n{\r\n    \"result\": 1,\r\n    \"data\": [\r\n        {\r\n            \"favTime\": \"2015-08-20 10:15:05\",\r\n            \"goods\": {\r\n                \"goodsSubtitle\": \"【手机购买更优惠！五代i5独显性价比机皇】 有钱有势不如有速度有激情！\",\r\n                \"cityName\": \"唐山市\",\r\n                \"goodsId\": 12,\r\n                \"goodsTransfeeCharge\": 1,\r\n                \"goodsImage\": \"/upload/img/store/9/1439283735415.jpg\",\r\n                \"salenum\": 0,\r\n                \"goodsName\": \"      戴尔（DELL）灵越 飞匣3000系列\",\r\n                \"goodsStorePrice\": 3999,\r\n                \"commentnum\": 0\r\n            }\r\n        }\r\n    ]\r\n}\r\n收藏店铺:\r\n{\r\n    \"result\": 1,\r\n    \"data\": [\r\n        {\r\n            \"favTime\": \"2015-08-20 17:20:19\",\r\n            \"store\": {\r\n                \"storeGoodsCount\": 33,\r\n                \"storeLogo\": \"/upload/img/store/slide/1440130920370.png\",\r\n                \"storeName\": \"京川牦牛\",\r\n                \"storeId\": 9,\r\n                \"storeCollect\": 0\r\n            }\r\n        },\r\n        {\r\n            \"favTime\": \"2015-08-18 20:51:34\",\r\n            \"store\": {\r\n                \"storeGoodsCount\": 2,\r\n                \"storeLogo\": \"/upload/img/store/slide/1438590587455.png\",\r\n                \"storeName\": \"西域驼铃\",\r\n                \"storeId\": 10,\r\n                \"storeCollect\": 1\r\n            }\r\n        }\r\n    ]\r\n}', '17', '0', '会员收藏列表', '1', null, 'admin', null, null, 'admin', null), ('25', '订单接口', null, null, '1', null, null, null, '0', '订单接口', '1', null, 'admin', null, null, null, null), ('27', '收货地址接口', null, null, '1', null, null, null, '0', '地址管理', '1', null, 'admin', null, null, 'admin', null), ('28', '获取会员收货地址列表', '/addressList', null, '1', '/address/api/addressList?memberId=10', '{\r\n    \"result\": 1,\r\n    \"data\": [\r\n        {\r\n            \"zipCode\": 13456,\r\n            \"address\": \"天上人间\",\r\n            \"mobPhone\": \"13345465478\",\r\n            \"cityId\": 36,\r\n            \"provinceId\": 1,\r\n            \"addressId\": 17,\r\n            \"areaInfo\": \"北京,北京市,西城区\",\r\n            \"trueName\": \"刘雄凯\",\r\n            \"isDefault\": \"0\",\r\n            \"telPhone\": \"13434534555\",\r\n            \"areaId\": 38,\r\n            \"memberId\": 5\r\n        }\r\n    ]\r\n}', '27', '0', '获取会员收货地址列表', '1', null, 'admin', null, null, 'admin', null), ('29', '订单列表', 'orderlist', null, '1', '/orderapi/orderlist', '{\r\n    \"result\": 1,\r\n    \"data\": [\r\n        {\r\n            \"orderType\": 0,\r\n            \"returnState\": 0,\r\n            \"shippingExpressId\": 0,\r\n            \"orderGoodsList\": [\r\n                {\r\n                    \"specId\": 174,\r\n                    \"orderId\": 80,\r\n                    \"goodsId\": 19,\r\n                    \"storeId\": 9,\r\n                    \"goodsPrice\": 0.01,\r\n                    \"specInfo\": \"颜色:红色&nbsp;购买方式:非合约机&nbsp;屏幕尺寸:4.7&nbsp;版本:移动4G&nbsp;容量:64G&nbsp;\",\r\n                    \"goodsImage\": \"/upload/img/store/9/1439352673683.jpg\",\r\n                    \"evaluationStatus\": 0,\r\n                    \"goodsName\": \"美版苹果iPhone6 64G版 4G手机 4.7寸（金色）A1586 支持移动电信联通 金色\",\r\n                    \"goodsNum\": 1,\r\n                    \"isDel\": 0,\r\n                    \"recId\": 72\r\n                }\r\n            ],\r\n            \"shippingCode\": \"\",\r\n            \"addTime\": \"2015-08-18 15:18:34\",\r\n            \"orderId\": 80,\r\n            \"orderSn\": \"20150818151834157\",\r\n            \"goodsAmount\": 0.01,\r\n            \"buyerId\": 10,\r\n            \"orderState\": 30,\r\n            \"orderAmount\": 0.01,\r\n            \"paymentDirect\": \"1\",\r\n            \"paymentId\": 1,\r\n            \"outSn\": \"20150818151834181\",\r\n            \"storeName\": \"京川牦牛\",\r\n            \"shippingTime\": \"2015-08-19 19:02:46\",\r\n            \"paymentState\": 1,\r\n            \"paymentTime\": \"2015-08-19 15:43:16\",\r\n            \"paymentName\": \"在线支付\",\r\n            \"refundState\": 0,\r\n            \"shippingName\": \"\",\r\n            \"buyerName\": \"13520085712\",\r\n            \"storeId\": 9,\r\n            \"paymentCode\": \"1\",\r\n            \"shippingFee\": 0,\r\n            \"returnNum\": 0,\r\n            \"shippingExpressCode\": \"\",\r\n            \"payId\": 85,\r\n            \"paySn\": \"p20150818151834134\",\r\n            \"evaluationStatus\": 0\r\n        }\r\n    ],\r\n    \"status\": \"30\",\r\n    \"pageNo\": 1,\r\n    \"pageSize\": 10\r\n}', '25', '0', '通过用户id,和订单状态分页查询订单列表', '1', null, 'admin', null, null, 'admin', null), ('30', '商品品牌', 'brandlist', null, '1', '/goods/api/brandlist', '{\r\n    \"result\": 1,\r\n    \"data\": [\r\n        {\r\n            \"updatedTime\": \"2015-02-02 10:10:43\",\r\n            \"brandName\": \"justyle1\",\r\n            \"brandApply\": 1,\r\n            \"brandClass\": \"服饰鞋帽\",\r\n            \"storeId\": 0,\r\n            \"classId\": 1,\r\n            \"brandId\": 79,\r\n            \"brandSort\": 5,\r\n            \"brandRecommend\": 0,\r\n            \"isDel\": 0,\r\n            \"brandPic\": \"04397468710494742_sm.jpg\"\r\n        },\r\n        {\r\n            \"updatedTime\": \"2014-12-14 23:15:19\",\r\n            \"brandName\": \"享爱.\",\r\n            \"brandApply\": 1,\r\n            \"brandClass\": \"服饰鞋帽\",\r\n            \"storeId\": 0,\r\n            \"classId\": 1,\r\n            \"brandId\": 80,\r\n            \"brandSort\": 0,\r\n            \"brandRecommend\": 0,\r\n            \"isDel\": 0,\r\n            \"brandPic\": \"04397468934349942_sm.jpg\"\r\n        }\r\n    ]\r\n}', '21', '0', '商品品牌', '1', null, 'admin', null, null, null, null), ('32', '店铺分类', 'storeGlass', null, '1', 'storeGlass', '{\r\n    \"result\": 1,\r\n    \"data\": [\r\n        {\r\n            \"hasChild\": 0,\r\n            \"stcId\": 20,\r\n            \"stcParentId\": 0,\r\n            \"stcSort\": 3,\r\n            \"stcName\": \"帽子\",\r\n            \"storeId\": 10,\r\n            \"isDel\": 0,\r\n            \"classList\": [],\r\n            \"stcState\": true\r\n        },\r\n        {\r\n            \"hasChild\": 1,\r\n            \"stcId\": 19,\r\n            \"stcParentId\": 0,\r\n            \"stcSort\": 7,\r\n            \"stcName\": \"鞋\",\r\n            \"storeId\": 10,\r\n            \"isDel\": 0,\r\n            \"classList\": [\r\n                {\r\n                    \"hasChild\": 0,\r\n                    \"stcId\": 21,\r\n                    \"stcParentId\": 19,\r\n                    \"stcSort\": 5,\r\n                    \"stcName\": \"跑步鞋\",\r\n                    \"storeId\": 10,\r\n                    \"isDel\": 0,\r\n                    \"stcState\": true\r\n                }\r\n            ],\r\n            \"stcState\": true\r\n        }\r\n    ]\r\n}', '11', '0', '店铺分类', '1', null, 'admin', null, null, 'admin', null), ('33', '地址详细', '/addressDetail', null, '1', '/address/api/addressDetail?addressId=17', '{\r\n    \"result\": 1,\r\n    \"data\": {\r\n        \"zipCode\": 13456,\r\n        \"address\": \"天上人间\",\r\n        \"mobPhone\": \"13345465478\",\r\n        \"cityId\": 36,\r\n        \"provinceId\": 1,\r\n        \"addressId\": 17,\r\n        \"areaInfo\": \"北京,北京市,西城区\",\r\n        \"trueName\": \"刘雄凯\",\r\n        \"isDefault\": \"0\",\r\n        \"telPhone\": \"13434534555\",\r\n        \"areaId\": 38,\r\n        \"memberId\": 5\r\n    }\r\n}', '27', '0', '地址详细', '1', null, 'admin', null, null, null, null), ('34', '店铺商品', 'storegoods', null, '1', '/storeapi/storegoods', '{\r\n    \"result\": 1,\r\n    \"data\": [\r\n        {\r\n            \"goodsSubtitle\": \"全场打折\",\r\n            \"goodsId\": 4,\r\n            \"goodsImage\": \"/upload/img/store/10/1438568530332.jpg\",\r\n            \"goodsName\": \"拜亚动力耳机\",\r\n            \"goodsStorePrice\": 0.02,\r\n            \"commentnum\": 0\r\n        },\r\n        {\r\n            \"goodsSubtitle\": \"iphone6打折促销\",\r\n            \"goodsId\": 5,\r\n            \"goodsImage\": \"\",\r\n            \"goodsName\": \"iphone6\",\r\n            \"goodsStorePrice\": 6888,\r\n            \"commentnum\": 0\r\n        }\r\n    ]\r\n}', '11', '0', '返回当前店铺下的所属商品', '1', null, 'admin', null, null, null, null), ('35', '添加收货地址', '/saveAddress', null, '1', '/address/api/saveAddress', '{\r\n    \"result\": 1,\r\n    \"msg\": \"保存成功\"\r\n}', '27', '0', '添加收货地址', '1', null, 'admin', null, null, 'admin', null), ('36', '删除收货地址', 'delAddress', null, '1', '/address/api/delAddress?memberidaddressId=17', '', '27', '0', '删除收货地址', '1', null, 'admin', null, null, 'admin', null), ('37', '删除订单', '/delorder', null, '1', '/orderapi/delorder', '{\r\n    \"result\": 0,\r\n    \"msg\": \"删除失败\"\r\n}', '25', '0', '删除订单', '1', null, 'admin', null, null, 'admin', null), ('38', '订单详细', 'orderdetail', null, '1', '/orderapi/orderdetail', '{\r\n    \"result\": 1,\r\n    \"data\": [\r\n        {\r\n            \"orderType\": 0,\r\n            \"returnState\": 0,\r\n            \"shippingExpressId\": 0,\r\n            \"orderGoodsList\": [\r\n                {\r\n                    \"specId\": 5,\r\n                    \"orderId\": 60,\r\n                    \"goodsId\": 4,\r\n                    \"storeId\": 10,\r\n                    \"goodsPrice\": 0.02,\r\n                    \"specInfo\": \"颜色:红色&nbsp;尺寸:34&nbsp;\",\r\n                    \"goodsImage\": \"/upload/img/store/10/1438568485650.jpg\",\r\n                    \"evaluationStatus\": 0,\r\n                    \"goodsName\": \"拜亚动力耳机\",\r\n                    \"goodsNum\": 1,\r\n                    \"isDel\": 0,\r\n                    \"recId\": 57\r\n                }\r\n            ],\r\n            \"addTime\": \"2015-08-03 11:27:06\",\r\n            \"mansongId\": 0,\r\n            \"orderId\": 60,\r\n            \"buyerEmail\": \"gyh@11.com\",\r\n            \"groupId\": 0,\r\n            \"buyerId\": 5,\r\n            \"addressId\": 17,\r\n            \"orderState\": 10,\r\n            \"paymentDirect\": \"1\",\r\n            \"paymentId\": 1,\r\n            \"outSn\": \"20150803112706377\",\r\n            \"daddressId\": 0,\r\n            \"evalsellerStatus\": 0,\r\n            \"paymentState\": 0,\r\n            \"paymentName\": \"在线支付\",\r\n            \"xianshiExplain\": \"\",\r\n            \"refundState\": 0,\r\n            \"mansongExplain\": \"\",\r\n            \"orderMessage\": \"选填，可以告诉卖家您对商品的特殊需求，如颜色、尺码等\",\r\n            \"orderLogList\": [\r\n                {\r\n                    \"orderId\": 60,\r\n                    \"changeState\": \"未发货\",\r\n                    \"stateInfo\": \"提交订单\",\r\n                    \"logId\": 62,\r\n                    \"operator\": \"gyh99\",\r\n                    \"logTime\": \"2015-08-03 11:27:06\",\r\n                    \"orderState\": \"未付款\"\r\n                }\r\n            ],\r\n            \"groupCount\": 0,\r\n            \"paymentCode\": \"1\",\r\n            \"xianshiId\": 0,\r\n            \"orderFrom\": \"1\",\r\n            \"payId\": 62,\r\n            \"evaluationStatus\": 0,\r\n            \"orderSn\": \"20150803112706375\",\r\n            \"goodsAmount\": 0.02,\r\n            \"orderAmount\": 0.02,\r\n            \"addressList\": [\r\n                {\r\n                    \"zipCode\": 13456,\r\n                    \"address\": \"天上人间\",\r\n                    \"mobPhone\": \"13345465478\",\r\n                    \"cityId\": 36,\r\n                    \"provinceId\": 1,\r\n                    \"addressId\": 17,\r\n                    \"areaInfo\": \"北京,北京市,西城区\",\r\n                    \"trueName\": \"刘雄凯\",\r\n                    \"isDefault\": \"0\",\r\n                    \"telPhone\": \"13434534555\",\r\n                    \"areaId\": 38,\r\n                    \"memberId\": 5\r\n                }\r\n            ],\r\n            \"storeName\": \"西域驼铃\",\r\n            \"refundAmount\": 0,\r\n            \"orderPointscount\": 0,\r\n            \"shippingName\": \"\",\r\n            \"balanceState\": 0,\r\n            \"buyerName\": \"gyh99\",\r\n            \"storeId\": 10,\r\n            \"returnNum\": 0,\r\n            \"paySn\": \"p20150803112706374\",\r\n            \"isDel\": 0\r\n        }\r\n    ],\r\n    \"pageNo\": 1,\r\n    \"pageSize\": 10,\r\n    \"status\": \"10\"\r\n}', '25', '0', '根据订单id查看订单详细', '1', null, 'admin', null, null, null, null), ('39', '取消订单', '/cancleorder', null, '1', '/orderapi/cancleorder', '{\r\n    \"result\": 0,\r\n    \"msg\": \"取消失败\"\r\n}', '25', '0', '取消订单', '1', null, 'admin', null, null, 'admin', null), ('40', '商品列表', 'goodslist', null, '1', '/goods/api/goodslist', '{\r\n    \"result\": 1,\r\n    \"data\": [\r\n        {\r\n            \"goodsSubtitle\": \"全场打折\",\r\n            \"goodsId\": 4,\r\n            \"goodsImage\": \"/upload/img/store/10/1438568530332.jpg\",\r\n            \"goodsName\": \"拜亚动力耳机\",\r\n            \"goodsStorePrice\": 0.02,\r\n            \"commentnum\": 0\r\n        },\r\n        {\r\n            \"goodsSubtitle\": \"iphone6打折促销\",\r\n            \"goodsId\": 5,\r\n            \"goodsImage\": \"\",\r\n            \"goodsName\": \"iphone6\",\r\n            \"goodsStorePrice\": 6888,\r\n            \"commentnum\": 0\r\n        }\r\n    ],\r\n    \"searchType\": \"gcIdSearch\",\r\n    \"keyword\": \"24\",\r\n    \"pageNo\": \"1\",\r\n    \"pageSize\": \"10\"\r\n}', '21', '0', '商品列表', '1', null, 'admin', null, null, null, null), ('41', '订单确认收货', '/finishorder', null, '1', '/orderapi/finishorder', '{\r\n    \"result\": 0,\r\n    \"msg\": \"确认失败\"\r\n}', '25', '0', '订单确认收货', '1', null, 'admin', null, null, null, null), ('42', '保存订单', 'saveorder', null, '1', '/orderapi/saveorder?memberid=10&paytype=1&addressId=21&cartIds=90', '{\r\n    \"result\":1,\r\n    \"msg\": \"保存成功\"\r\n}', '25', '0', '提交并保存订单', '1', null, 'admin', null, null, 'admin', null), ('43', '根据规格id获取规格值', 'specvalue', null, '1', '/goods/api/specvalue', '{\r\n    \"result\": 0,\r\n    \"data\": [\r\n        {\r\n            \"spValueName\": \"34\",\r\n            \"spValueId\": 4,\r\n            \"spValueSort\": 1,\r\n            \"spId\": 2\r\n        },\r\n        {\r\n            \"spValueName\": \"35\",\r\n            \"spValueId\": 5,\r\n            \"spValueSort\": 2,\r\n            \"spId\": 2\r\n        },\r\n        {\r\n            \"spValueName\": \"36\",\r\n            \"spValueId\": 6,\r\n            \"spValueSort\": 3,\r\n            \"spId\": 2\r\n        }\r\n    ]\r\n}', '21', '0', '根据规格id获取规格值', '1', null, 'admin', null, null, 'admin', null), ('44', '首页接口', null, null, '1', null, null, null, '0', '首页九宫格', '1', null, 'admin', null, null, 'admin', null), ('45', '首页九宫格', 'floorList', null, '1', '/floor/api/floorList', '{\r\n    \"result\": 1,\r\n    \"msg\": \"获取成功\",\r\n    \"data\": [\r\n        {\r\n            \"floorColor\": \"blue\",\r\n            \"floorImg\": \"/upload/img/store/slide/1438669366782.jpg\",\r\n            \"floorUrl\": \"\",\r\n            \"subName\": \"买一送一\",\r\n            \"floorName\": \"数码/手机\",\r\n            \"gcId\": 21,\r\n            \"bannerUrl\": \"\",\r\n            \"sort\": 0,\r\n            \"bannerImg\": \"/upload/img/store/slide/1438669321887.png\",\r\n            \"isShow\": 1\r\n        },\r\n        {\r\n            \"floorColor\": \"brown\",\r\n            \"floorImg\": \"/upload/img/store/slide/1438670107928.png\",\r\n            \"floorUrl\": \"\",\r\n            \"subName\": \"买一送一\",\r\n            \"floorName\": \"数码/手机\",\r\n            \"gcId\": 21,\r\n            \"bannerUrl\": \"http://www.baidu.com\",\r\n            \"sort\": 0,\r\n            \"bannerImg\": \"/upload/img/store/slide/1438670091933.png\",\r\n            \"isShow\": 1\r\n        },\r\n        {\r\n            \"floorColor\": \"orange\",\r\n            \"floorImg\": \"/upload/img/store/slide/1438669724681.png\",\r\n            \"floorUrl\": \"\",\r\n            \"subName\": \"买一送一\",\r\n            \"floorName\": \"数码/手机\",\r\n            \"gcId\": 21,\r\n            \"bannerUrl\": \"http://www.baidu.com\",\r\n            \"sort\": 2,\r\n            \"bannerImg\": \"/upload/img/store/slide/1438669687293.png\",\r\n            \"isShow\": 1\r\n        }\r\n    ]\r\n}', '44', '0', '首页九宫格', '1', null, 'admin', null, null, 'admin', null), ('46', '地区列表', 'arealist', null, '1', '/area/api/arealist', '{\r\n    \"result\": 1,\r\n    \"data\": [\r\n        {\r\n            \"areaId\": 1,\r\n            \"countChildren\": 0,\r\n            \"areaName\": \"北京\",\r\n            \"isDel\": 0,\r\n            \"childern\": [\r\n                {\r\n                    \"areaId\": 36,\r\n                    \"countChildren\": 0,\r\n                    \"areaName\": \"北京市\",\r\n                    \"isDel\": 0,\r\n                    \"childern\": [\r\n                        {\r\n                            \"areaId\": 37,\r\n                            \"countChildren\": 0,\r\n                            \"areaName\": \"东城区\",\r\n                            \"isDel\": 0,\r\n                            \"childern\": []\r\n                        }\r\n                    ]\r\n                }\r\n            ]\r\n        }\r\n    ]\r\n}', '27', '0', '地区列表', '1', null, 'admin', null, null, 'admin', null), ('47', '修改默认收货地址', 'updateAddressDef', null, '1', '/address/api/updateAddressDef?memberId=10&addressId=24', '{\"result\":1,\"msg\":\"修改成功\"}', '27', '0', '根据收货地址id和用户id修改默认收货地址', '1', null, 'admin', null, null, 'admin', null), ('48', '获得支付方式列表', 'paymentList', null, '1', '/orderapi/paymentList', '{\r\n    \"result\": 1,\r\n    \"data\": [\r\n        {\r\n            \"paymentConfig\": \"\",\r\n            \"updatedTime\": {\r\n                \"date\": 12,\r\n                \"hours\": 23,\r\n                \"seconds\": 16,\r\n                \"month\": 10,\r\n                \"timezoneOffset\": -480,\r\n                \"year\": 114,\r\n                \"minutes\": 7,\r\n                \"time\": 1415804836000,\r\n                \"day\": 3\r\n            },\r\n            \"paymentCode\": \"ZFB\",\r\n            \"paymentId\": 5,\r\n            \"createdTime\": {\r\n                \"date\": 4,\r\n                \"hours\": 11,\r\n                \"seconds\": 13,\r\n                \"month\": 7,\r\n                \"timezoneOffset\": -480,\r\n                \"year\": 115,\r\n                \"minutes\": 13,\r\n                \"time\": 1438657993000,\r\n                \"day\": 2\r\n            },\r\n            \"paymentState\": \"1\",\r\n            \"isDel\": 0,\r\n            \"paymentName\": \"支付宝\"\r\n        },\r\n        {\r\n            \"paymentConfig\": \"\",\r\n            \"updatedTime\": {\r\n                \"date\": 12,\r\n                \"hours\": 23,\r\n                \"seconds\": 2,\r\n                \"month\": 10,\r\n                \"timezoneOffset\": -480,\r\n                \"year\": 114,\r\n                \"minutes\": 8,\r\n                \"time\": 1415804882000,\r\n                \"day\": 3\r\n            },\r\n            \"paymentCode\": \"YL\",\r\n            \"paymentId\": 7,\r\n            \"createdTime\": {\r\n                \"date\": 3,\r\n                \"hours\": 11,\r\n                \"seconds\": 55,\r\n                \"month\": 7,\r\n                \"timezoneOffset\": -480,\r\n                \"year\": 115,\r\n                \"minutes\": 32,\r\n                \"time\": 1438572775000,\r\n                \"day\": 1\r\n            },\r\n            \"paymentState\": \"1\",\r\n            \"isDel\": 0,\r\n            \"paymentName\": \"银联\"\r\n        }\r\n    ],\r\n    \"msg\": \"确认成功\"\r\n}', '25', '0', '获得支付方式列表', '1', null, 'admin', null, null, null, null), ('49', '清空购物车', 'deleteAllCart', null, '1', '/cartapi/deleteAllCart', '', '5', '0', '根据用户id清空购物车', '1', null, 'admin', null, null, null, null), ('51', '商品详细', 'goodsdetail', null, '1', '/goods/api/goodsdetail?goodsId=5', '{\r\n    \"result\": 1, \r\n    \"data\": [\r\n        {\r\n            \"goodsId\": 20, \r\n            \"storeId\": 9, \r\n            \"goodsStorePrice\": 504, \r\n            \"goodsSubtitle\": \"支持货到付款，7天无理由退换货！无忧购物更放心！\", \r\n            \"storeclassname\": \"我也是测试\", \r\n            \"cityName\": \"北京市\", \r\n            \"goodsAttrList\": [\r\n                {\r\n                    \"attrId\": 47, \r\n                    \"attrValueId\": 78, \r\n                    \"attrName\": \"风格\", \r\n                    \"attrValueName\": \"欧美\"\r\n                }, \r\n                {\r\n                    \"attrId\": 48, \r\n                    \"attrValueId\": 80, \r\n                    \"attrName\": \"裙长\", \r\n                    \"attrValueName\": \"中裙\"\r\n                }, \r\n                {\r\n                    \"attrId\": 49, \r\n                    \"attrValueId\": 83, \r\n                    \"attrName\": \"尺码\", \r\n                    \"attrValueName\": \"M\"\r\n                }, \r\n                {\r\n                    \"attrId\": 50, \r\n                    \"attrValueId\": 85, \r\n                    \"attrName\": \"材质\", \r\n                    \"attrValueName\": \"雪纺\"\r\n                }\r\n            ], \r\n            \"specName\": {\r\n                \"1\": \"颜色\", \r\n                \"9\": \"尺码\"\r\n            }, \r\n            \"goodsTransfeeCharge\": 1, \r\n            \"goodsCallyList\": [\r\n                \"/upload/img/store/9/1439361451698.jpg\", \r\n                \"/upload/img/store/9/1439361451800.jpg\", \r\n                \"/upload/img/store/9/1439361451901.jpg\"\r\n            ], \r\n            \"storeName\": \"你大爷六块\", \r\n            \"goodsSpecValueAll\": {\r\n                \"1\": [\r\n                    {\r\n                        \"spValueName\": \"粉色\", \r\n                        \"spValueId\": 68, \r\n                        \"spId\": 1\r\n                    }\r\n                ], \r\n                \"9\": [\r\n                    {\r\n                        \"spValueName\": \"L\", \r\n                        \"spValueId\": 55, \r\n                        \"spId\": 9\r\n                    }, \r\n                    {\r\n                        \"spValueName\": \"M\", \r\n                        \"spValueId\": 56, \r\n                        \"spId\": 9\r\n                    }, \r\n                    {\r\n                        \"spValueName\": \"S\", \r\n                        \"spValueId\": 57, \r\n                        \"spId\": 9\r\n                    }\r\n                ]\r\n            }, \r\n            \"goodsName\": \"欧洲站2015新夏季欧货短袖大码中长款淑女连衣裙A字雪纺女装显瘦V S\", \r\n            \"goodsDescription\": \"\", \r\n            \"commentnum\": 0\r\n        }\r\n    ]\r\n}', '21', '0', '商品详细页', '1', null, 'admin', null, null, 'admin', null), ('52', '加载运费', 'addShipping', null, '1', '/cartapi/addShipping', '{\r\n    \"result\": 1,\r\n    \"data\": [\r\n        {\r\n            \"10\": {\r\n                \"py\": 11,\r\n                \"kd\": 12,\r\n                \"es\": 13\r\n            }\r\n        }\r\n    ]\r\n}', '5', '0', '加载运费模板,返回data:Map<String,Object>中,键为店铺的id,值为另一个Map<String,Double>,如果有运费,返回的键为运费类型,如\"py\"为平邮,\"kd\"为快递,\"es\"为EMS,若没有则返回为空', '1', null, 'admin', null, null, null, null), ('53', '加载优惠券', 'memberfavotites', null, '1', '/cartapi/addCouponMember', '', '5', '0', '根据需要购买的购物车id返回一个用户可用的优惠券列表', '1', null, 'admin', null, null, 'admin', null), ('54', '获取最终金额', 'getPrice', null, '1', '/cartapi/getPrice', '{\"result\":1,\"data\":[{\"totalPrice\":200.0,\"totalFreight\":11.0,\"couponPrice\":0.0,\"conditionPrice\":0.0}]}', '5', '0', '获取最终的价格,商品应付金额,运费,优惠券金额,优惠金额;totalPrice:订单应付金额;totalFreight:订单总运费;couponPrice:订单优惠券金额;conditionPrice:订单优惠金额;totalGoodsPrice:商品总价格;predepositAmount:余额支付金额', '1', null, 'admin', null, null, 'admin', null), ('55', '用户优惠券接口', null, null, '1', null, null, null, '0', '用户优惠券接口', '1', null, 'admin', null, null, null, null), ('56', '用户优惠券列表', 'couponMemberList', null, '1', '/couponApi/couponMemberList', '{\r\n    \"result\": 1,\r\n    \"data\": [\r\n        {\r\n            \"couponAddTime\": \"2015-08-04 10:55:34\",\r\n            \"couponPic\": \"123\",\r\n            \"couponIock\": 0,\r\n            \"couponEndDate\": \"2015-08-31 00:00:00\",\r\n            \"couponLimit\": 123,\r\n            \"couponRecommend\": 0,\r\n            \"couponId\": 3,\r\n            \"couponClassId\": 1,\r\n            \"coupClick\": 1,\r\n            \"couponDesc\": \"\",\r\n            \"storeName\": \"你大爷六块\",\r\n            \"couponstorage\": 111,\r\n            \"couponMemberId\": 5,\r\n            \"couponIsUser\": 0,\r\n            \"storeId\": 9,\r\n            \"couponState\": 0,\r\n            \"couponAllowState\": 1,\r\n            \"couponusage\": 0,\r\n            \"couponPrice\": 12,\r\n            \"couponStartDate\": \"2015-08-04 11:22:07\",\r\n            \"couponTitle\": \"123\"\r\n        }\r\n    ]\r\n}', '55', '0', '用户优惠券列表', '1', null, 'admin', null, null, 'admin', null), ('57', '确认订单(组合数据)', 'subToOrder', null, '1', '/cartapi/subToOrder', '{\r\n    \"result\": 1,\r\n    \"data\": [\r\n        {\r\n            \"addressList\": [\r\n                {\r\n                    \"zipCode\": 13456,\r\n                    \"address\": \"天上人间\",\r\n                    \"mobPhone\": \"13345465478\",\r\n                    \"cityId\": 36,\r\n                    \"provinceId\": 1,\r\n                    \"addressId\": 17,\r\n                    \"areaInfo\": \"北京,北京市,西城区\",\r\n                    \"trueName\": \"刘雄凯\",\r\n                    \"isDefault\": \"1\",\r\n                    \"telPhone\": \"13434534555\",\r\n                    \"areaId\": 38,\r\n                    \"memberId\": 5\r\n                },\r\n                {\r\n                    \"zipCode\": 111111,\r\n                    \"address\": \"朝外soho\",\r\n                    \"mobPhone\": \"12345678912\",\r\n                    \"cityId\": 36,\r\n                    \"provinceId\": 1,\r\n                    \"addressId\": 28,\r\n                    \"areaInfo\": \"北京,北京市,朝阳区\",\r\n                    \"trueName\": \"王晓明\",\r\n                    \"isDefault\": \"0\",\r\n                    \"telPhone\": \"101-12313122\",\r\n                    \"areaId\": 41,\r\n                    \"memberId\": 5\r\n                }\r\n            ],\r\n            \"cartVoList\": [\r\n                {\r\n                    \"cartIds\": \"91,115,\",\r\n                    \"storeName\": \"西域驼铃\",\r\n                    \"list\": [\r\n                        {\r\n                            \"specId\": 6,\r\n                            \"goodsId\": 5,\r\n                            \"cartId\": 91,\r\n                            \"goodsImages\": \"\",\r\n                            \"storeId\": 10,\r\n                            \"goodsPrice\": 6888,\r\n                            \"specInfo\": \"颜色:黑色&nbsp;屏幕尺寸:4.7&nbsp;\",\r\n                            \"storeName\": \"西域驼铃\",\r\n                            \"goodsName\": \"iphone6\",\r\n                            \"goodsNum\": 1,\r\n                            \"memberId\": 10\r\n                        },\r\n                        {\r\n                            \"specId\": 171,\r\n                            \"goodsId\": 40,\r\n                            \"cartId\": 115,\r\n                            \"goodsImages\": \"\",\r\n                            \"storeId\": 10,\r\n                            \"goodsPrice\": 100,\r\n                            \"specInfo\": \"颜色:黑色&nbsp;购买方式:非合约机&nbsp;屏幕尺寸:4.7&nbsp;版本:联通4G&nbsp;容量:16G&nbsp;\",\r\n                            \"storeName\": \"西域驼铃\",\r\n                            \"goodsName\": \"Nokia\",\r\n                            \"goodsNum\": 2,\r\n                            \"memberId\": 5\r\n                        }\r\n                    ],\r\n                    \"storeId\": 10,\r\n                    \"goodsNum\": 3,\r\n                    \"goodsTotalPrice\": 7088,\r\n                    \"transGoodsNum\": 0\r\n                }\r\n            ],\r\n            \"couponCount\": 10\r\n        }\r\n    ]\r\n}', '5', '0', '确认订单(组合数据),返回店铺商品信息和用户收货地址信息', '1', null, 'admin', null, null, null, null), ('58', '移动支付接口', null, null, '1', null, null, null, '0', '移动支付接口', '1', null, 'admin', null, null, null, null), ('59', '银联支付', 'tounionpay', null, '1', 'http://b2b2c.leimingtech.com/leimingtech-front/unionpay/api/tounionpay?orderCode=p20150820142600421', '{\r\n    \"result\": 1,\r\n    \"tn\": \"201508201454584670588\"\r\n}', '58', '0', '银联支付;若只传orderCode,为订单支付;若不传orderCode,传amount和memberId,为余额充值,传amount必须传memberId,若都传,默认为订单支付', '1', null, 'admin', null, null, 'admin', null), ('60', '支付宝', 'alipaySignOrderInfo', null, '1', 'http://b2b2c.leimingtech.com/leimingtech-front/alipay/api/alipaySignOrderInfo?orderCode=p20150820142600421', '{\r\n    \"result\": 1,\r\n    \"data\": \"partner=\\\"2088811448293309\\\"&seller_id=\\\"13819162222@163.com\\\"&out_trade_no=\\\"p20150820142600421\\\"&subject=\\\"Pingo\\\"&body=\\\"Pingo\\\"&total_fee=\\\"5676.06\\\"¬ify_url=\\\"http://b2b2c.leimingtech.com/leimingtech-front/front/pinCheAlipay/mobile/notify\\\"&service=\\\"mobile.securitypay.pay\\\"&payment_type=\\\"1\\\"&_input_charset=\\\"utf-8\\\"&it_b_pay=\\\"30m\\\"&return_url=\\\"m.alipay.com\\\"&sign=\\\"dz4JLKoIUQ2%2BR8nfSQPWqkCT1KhbjDoL09JayhH9QtUQzMZvgKvWqYwLOA0JmLEjnurx9FrVZ0n3pUW6EBa0bOh7dwZ46SbySMybfrL4nqkRaxHMwgKKwNdhLvSwjvD4%2FZPKqIcdbSQsjiiAPG6vzknwpSsPOVBG21cWv7oEN28%3D\\\"&sign_type=\\\"RSA\\\"\"\r\n}', '58', '0', 'app支付宝支付;若只传orderCode,为订单支付;若不传orderCode,传amount和memberId,为余额充值,传amount必须传memberId,若都传,默认为订单支付', '1', null, 'admin', null, null, 'admin', null), ('62', '付款成功,获取支付信息接口', 'getOrderPay', null, '1', '/orderapi/getOrderPay', '{\r\n    \"result\": 1,\r\n    \"data\": [\r\n        {\r\n            \"payAmount\": 5288,\r\n            \"orderList\": [],\r\n            \"paySn\": \"p20150821160454117\"\r\n        }\r\n    ],\r\n    \"msg\": \"查询成功\"\r\n}', '25', '0', '付款成功页面,获取支付信息接口', '1', null, 'admin', null, null, 'admin', null), ('63', '首页API（新）', 'indexList', null, '1', '/floor/api/indexList', '{\r\n    \"result\": 1,\r\n    \"msg\": \"获取成功\",\r\n    \"data\": [\r\n        {\r\n            \"floorType\": \"1*3\",\r\n            \"goodsList\": [\r\n                {\r\n                    \"goodsId\": 30,\r\n                    \"goodsImage\": \"/upload/img/store/9/1439365583162.jpg\",\r\n                    \"goodsName\": \"可情小美 欧美范春夏款时尚OL职业女超高跟鞋 糖果色漆皮尖头夜店性感\"\r\n                },\r\n                {\r\n                    \"goodsId\": 31,\r\n                    \"goodsImage\": \"/upload/img/store/9/1439365898682.jpg\",\r\n                    \"goodsName\": \"辣椒衣社新款高跟鞋女鞋牛皮尖头单鞋高跟职业OL单鞋女鞋通勤工作鞋细跟鞋2522 黑色 37\"\r\n                },\r\n                {\r\n                    \"goodsId\": 32,\r\n                    \"goodsImage\": \"/upload/img/store/9/1439366141800.jpg\",\r\n                    \"goodsName\": \"琪可朵高跟鞋尖头真皮细跟蝴蝶结2015新款女鞋 03淡紫色 40\"\r\n                },\r\n                {\r\n                    \"goodsId\": 33,\r\n                    \"goodsImage\": \"/upload/img/store/9/1439366379401.jpg\",\r\n                    \"goodsName\": \"琪可朵粗跟单鞋女中跟浅口真皮婚鞋2015新款女鞋 浅肉肤色 41\"\r\n                },\r\n                {\r\n                    \"goodsId\": 34,\r\n                    \"goodsImage\": \"/upload/img/store/9/1439366697081.jpg\",\r\n                    \"goodsName\": \" 百年纪念高跟鞋\"\r\n                },\r\n                {\r\n                    \"goodsId\": 35,\r\n                    \"goodsImage\": \"/upload/img/store/9/1439367117874.jpg\",\r\n                    \"goodsName\": \" bubufeifei2015夏季新款高跟鞋女 水钻细跟女鞋婚鞋单鞋 珍珠白\"\r\n                },\r\n                {\r\n                    \"goodsId\": 36,\r\n                    \"goodsImage\": \"/upload/img/store/9/1439367364322.jpg\",\r\n                    \"goodsName\": \" 琪可朵高跟鞋尖头真皮蝴蝶结2015新款婚鞋  01甜美粉色 \"\r\n                },\r\n                {\r\n                    \"goodsId\": 37,\r\n                    \"goodsImage\": \"/upload/img/store/9/1439367575388.jpg\",\r\n                    \"goodsName\": \"金丝兔 高跟鞋2015夏秋季新款 时尚水钻侧空女鞋细跟单鞋子 6623-金色 37\"\r\n                },\r\n                {\r\n                    \"goodsId\": 38,\r\n                    \"goodsImage\": \"/upload/img/store/9/1439367810878.jpg\",\r\n                    \"goodsName\": \"古灵鸟 2015新品高跟鞋欧美女鞋夏季粗跟单鞋厚底防水台 粉色 \"\r\n                }\r\n            ],\r\n            \"floorName\": \" 鞋靴、箱包、钟表、奢侈品\",\r\n            \"bannerUrl\": \"\",\r\n            \"gcId\": 147\r\n        },\r\n        {\r\n            \"floorType\": \"2*2\",\r\n            \"goodsList\": [\r\n                {\r\n                    \"goodsId\": 5,\r\n                    \"goodsImage\": \"/upload/img/store/10/1439173254458.jpg\",\r\n                    \"goodsName\": \"iphone6\"\r\n                },\r\n                {\r\n                    \"goodsId\": 6,\r\n                    \"goodsImage\": \"/upload/img/store/10/1439259799310.jpg\",\r\n                    \"goodsName\": \" Apple iPhone 6 (A1586) 16GB 金色 移动联通电信4G手机\"\r\n                },\r\n                {\r\n                    \"goodsId\": 7,\r\n                    \"goodsImage\": \"/upload/img/store/9/1439272758383.jpg\",\r\n                    \"goodsName\": \"Apple iPhone 6 Plus (A1524) 16GB 金色 移动联通电信4G手机\"\r\n                },\r\n                {\r\n                    \"goodsId\": 8,\r\n                    \"goodsImage\": \"/upload/img/store/9/1439279910161.jpg\",\r\n                    \"goodsName\": \"三星 Galaxy S6 edge（G9250）32G版 铂光金 移动联通电信4G手机\"\r\n                },\r\n                {\r\n                    \"goodsId\": 14,\r\n                    \"goodsImage\": \"/upload/img/store/9/1439350567269.jpg\",\r\n                    \"goodsName\": \"小米 红米2A 白色 移动4G手机 双卡双待\"\r\n                },\r\n                {\r\n                    \"goodsId\": 15,\r\n                    \"goodsImage\": \"/upload/img/store/9/1439350943180.jpg\",\r\n                    \"goodsName\": \"LG AKA [H778]（1.5G RAM）移动联通双4G手机 （16G ROM） 黄小帝 标配版\"\r\n                },\r\n                {\r\n                    \"goodsId\": 16,\r\n                    \"goodsImage\": \"/upload/img/store/9/1439351415439.jpg\",\r\n                    \"goodsName\": \"HTC One E9+（E9pw） 公开版 银雅黑 移动联通4G手机 双卡双待\"\r\n                },\r\n                {\r\n                    \"goodsId\": 17,\r\n                    \"goodsImage\": \"/upload/img/store/9/1439351673563.jpg\",\r\n                    \"goodsName\": \"诺基亚(NOKIA) 1050 (RM-1120) 黑色 移动联通2G手机\"\r\n                },\r\n                {\r\n                    \"goodsId\": 18,\r\n                    \"goodsImage\": \"/upload/img/store/9/1439352167961.jpg\",\r\n                    \"goodsName\": \"Apple iPhone 5s (A1530) 16GB 金色 移动联通4G手机\"\r\n                }\r\n            ],\r\n            \"floorName\": \"手机、数码、通信\",\r\n            \"bannerUrl\": \"\",\r\n            \"gcId\": 24\r\n        },\r\n        {\r\n            \"floorType\": \"2*2\",\r\n            \"goodsList\": [\r\n                {\r\n                    \"goodsId\": 20,\r\n                    \"goodsImage\": \"/upload/img/store/9/1439361451698.jpg\",\r\n                    \"goodsName\": \"欧洲站2015新夏季欧货短袖大码中长款淑女连衣裙A字雪纺女装显瘦V S\"\r\n                },\r\n                {\r\n                    \"goodsId\": 21,\r\n                    \"goodsImage\": \"/upload/img/store/9/1439361892247.jpg\",\r\n                    \"goodsName\": \"微糖2015夏季新款韩版女装真丝连衣裙长裙重磅桑蚕丝淑女裙子短袖修身\"\r\n                },\r\n                {\r\n                    \"goodsId\": 22,\r\n                    \"goodsImage\": \"/upload/img/store/9/1439362233120.jpg\",\r\n                    \"goodsName\": \"惬曼昕连衣裙 夏 女 雪纺2015夏装女装新款短袖淑女款裙子AYFS251 绿 L\"\r\n                },\r\n                {\r\n                    \"goodsId\": 23,\r\n                    \"goodsImage\": \"/upload/img/store/9/1439362595551.jpg\",\r\n                    \"goodsName\": \"朵莱依 2015夏装热卖 大码波西米亚长裙子女装显瘦短袖甜美雪纺沙滩连衣裙 白色 L\"\r\n                },\r\n                {\r\n                    \"goodsId\": 24,\r\n                    \"goodsImage\": \"/upload/img/store/9/1439363286945.jpg\",\r\n                    \"goodsName\": \"清水丽香 2015夏装新款复古文艺短袖棉麻圆领长裙C03 红色 M\"\r\n                },\r\n                {\r\n                    \"goodsId\": 25,\r\n                    \"goodsImage\": \"/upload/img/store/9/1439363577002.jpg\",\r\n                    \"goodsName\": \"碧月茹香 2015夏新款文艺棉麻宽松大码连衣裙 617绿色 XXL\"\r\n                },\r\n                {\r\n                    \"goodsId\": 26,\r\n                    \"goodsImage\": \"/upload/img/store/9/1439364063748.jpg\",\r\n                    \"goodsName\": \" 凡牧2015夏装新款棉麻短袖连衣裙女韩版修身\"\r\n                },\r\n                {\r\n                    \"goodsId\": 27,\r\n                    \"goodsImage\": \"/upload/img/store/9/1439364389117.jpg\",\r\n                    \"goodsName\": \"玫恋雅2015夏季新款韩版百搭气质女装复古文艺短袖圆领棉麻连衣裙 女88 绿 色 L\"\r\n                },\r\n                {\r\n                    \"goodsId\": 28,\r\n                    \"goodsImage\": \"/upload/img/store/9/1439364590868.jpg\",\r\n                    \"goodsName\": \"阁斯岚 2015夏日新款无袖长款雪纺连衣裙 夏天大码沙滩纯色长裙 G25 白色 L\"\r\n                }\r\n            ],\r\n            \"floorName\": \" 男装、女装、内衣、珠宝\",\r\n            \"bannerUrl\": \"\",\r\n            \"gcId\": 135\r\n        }\r\n    ]\r\n}', '44', '0', '新的首页api', '1', null, 'admin', null, null, null, null), ('64', '商品评论接口', null, null, '1', null, null, null, '0', '商品评论接口', '1', null, 'admin', null, null, null, null), ('65', '提交商品评论', 'saveReviews', null, '1', '/reviews/api/saveReviews?orderSn=20150804105457772&recId=1&sevalDesccredit=3.5&sevalServicecredit=3.5&sevalDeliverycredit=3.5&gevalScore=4&gevalContent=goods&gevalIsAnonymous=0', '{\r\n    \"result\":1,\r\n    \"msg\": \"保存成功\"\r\n}	', '64', '0', '提交商品评论', '1', null, 'admin', null, null, 'admin', null), ('66', '意见反馈', null, null, '1', null, null, null, '0', '意见反馈API', '1', null, 'admin', null, null, 'admin', null), ('67', '意见反馈', '/feeback', null, '1', '/feedbackApi/feeback', '{\r\n\"result\":0,\r\n\"msg\":\"服务器异常\"\r\n}', '66', '0', '意见反馈 ，用于提交意见反馈', '1', null, 'admin', null, null, null, null), ('68', '修改会员信息', 'updateMember', null, '1', '/memberapi/updateMember', '{\r\n    \"result\": 0,\r\n    \"msg\": \"修改失败\"\r\n}', '17', '0', '修改会员信息', '1', null, 'admin', null, null, null, null), ('69', '商品过滤条件接口', 'goodsfilter', null, '1', '/goods/api/goodsfilter', '{\r\n    \"result\": 1,\r\n    \"searchType\": \"keywordSearch\",\r\n    \"keyword\": \"iphone\",\r\n    \"data\": [\r\n        {\r\n            \"specList\": [\r\n                {\r\n                    \"spName\": \"颜色\",\r\n                    \"spId\": \"1\"\r\n                },\r\n                {\r\n                    \"spName\": \"屏幕尺寸\",\r\n                    \"spId\": \"3\"\r\n                },\r\n                {\r\n                    \"spName\": \"版本\",\r\n                    \"spId\": \"4\"\r\n                },\r\n                {\r\n                    \"spName\": \"容量\",\r\n                    \"spId\": \"5\"\r\n                },\r\n                {\r\n                    \"spName\": \"购买方式\",\r\n                    \"spId\": \"6\"\r\n                },\r\n                {\r\n                    \"spName\": \"品牌\",\r\n                    \"spId\": \"0000iphone\"\r\n                }\r\n            ]\r\n        }\r\n    ]\r\n}', '21', '0', '商品过滤条件接口', '1', null, 'admin', null, null, null, null), ('70', '商品规格值接口', 'specvalue', null, '1', '/goods/api/specvalue', '{\r\n    \"result\": 1,\r\n    \"data\": [\r\n        {\r\n            \"spValueName\": \"4.7\",\r\n            \"spValueId\": 10,\r\n            \"spValueSort\": 0,\r\n            \"spId\": 3\r\n        },\r\n        {\r\n            \"spValueName\": \"5.5\",\r\n            \"spValueId\": 11,\r\n            \"spValueSort\": 1,\r\n            \"spId\": 3\r\n        }\r\n    ]\r\n}', '21', '0', '商品规格值', '1', null, 'admin', null, null, null, null), ('72', '签到接口', 'sign', null, '1', '/floor/api/sign', '{\r\n    \"result\": 1,\r\n    \"msg\": \"签到成功\"\r\n}', '71', '0', '签到接口', '1', null, 'admin', null, null, null, null), ('74', '栏目商品', 'recommendGoodsApi', null, '1', 'http://b2b2c.leimingtech.com/leimingtech-front/recommendGoodsApi/api/Recommedgoodslist?goodsflagsname=newgoods', '{\r\n    \"result\": 1,\r\n    \"msg\": \"获取\",\r\n    \"data\": [\r\n        {\r\n            \"goodsId\": 11,\r\n            \"commentnum\": 0,\r\n            \"goodsTransfeeCharge\": 1,\r\n            \"salenum\": 0,\r\n            \"cityName\": \"北京市\",\r\n            \"goodsStorePrice\": 5788,\r\n            \"goodsSubtitle\": \"纤薄、轻巧却又十分耐用，极为适合随身携带。而它的强劲性能，又能让你轻松应对各项事务。\",\r\n            \"goodsImage\": \"/upload/img/store/9/1439282979048.jpg\",\r\n            \"goodsCollect\": 1,\r\n            \"goodsName\": \"Apple MacBook Air MJVE2CH/A 13.3英寸宽屏笔记本电脑 128GB 闪存\"\r\n        },\r\n        {\r\n            \"goodsId\": 12,\r\n            \"commentnum\": 0,\r\n            \"goodsTransfeeCharge\": 1,\r\n            \"salenum\": 0,\r\n            \"cityName\": \"唐山市\",\r\n            \"goodsStorePrice\": 3999,\r\n            \"goodsSubtitle\": \"【手机购买更优惠！五代i5独显性价比机皇】 有钱有势不如有速度有激情！\",\r\n            \"goodsImage\": \"/upload/img/store/9/1439283735415.jpg\",\r\n            \"goodsCollect\": 0,\r\n            \"goodsName\": \"      戴尔（DELL）灵越 飞匣3000系列\"\r\n        },\r\n        {\r\n            \"goodsId\": 13,\r\n            \"commentnum\": 0,\r\n            \"goodsTransfeeCharge\": 1,\r\n            \"salenum\": 0,\r\n            \"cityName\": \"北京市\",\r\n            \"goodsStorePrice\": 1599,\r\n            \"goodsSubtitle\": \"【壕无人性！】5相超合金供电，金属背板！静音设计，双混合动力风扇，四热管奢华散热！支持DP1.2！\",\r\n            \"goodsImage\": \"/upload/img/store/9/1439285154279.jpg\",\r\n            \"goodsCollect\": 0,\r\n            \"goodsName\": \"      华硕（ASUS）猛禽STRIX-GTX960-DC2OC-2GD5 \"\r\n        },\r\n        {\r\n            \"goodsId\": 14,\r\n            \"commentnum\": 0,\r\n            \"goodsTransfeeCharge\": 1,\r\n            \"salenum\": 2,\r\n            \"cityName\": \"北京市\",\r\n            \"goodsStorePrice\": 499,\r\n            \"goodsSubtitle\": \"红米2A，499特价疯抢！ \\\\ | | / / ，这是一只手可以比划出的价格！ 选择下方“北京移动购机赠费”选88元档位套餐，不换号，额外得840元话费，分24个月返还，机会难得，欲购从速！\",\r\n            \"goodsImage\": \"/upload/img/store/9/1439350567269.jpg\",\r\n            \"goodsCollect\": 0,\r\n            \"goodsName\": \"小米 红米2A 白色 移动4G手机 双卡双待\"\r\n        },\r\n        {\r\n            \"goodsId\": 15,\r\n            \"commentnum\": 0,\r\n            \"goodsTransfeeCharge\": 1,\r\n            \"salenum\": 9,\r\n            \"cityName\": \"上海市\",\r\n            \"goodsStorePrice\": 1785,\r\n            \"goodsSubtitle\": \"【5.0英寸IPS屏 ，超萌视觉效果】买套餐版就送自拍杆+日系木质视频支架\",\r\n            \"goodsImage\": \"/upload/img/store/9/1439350943180.jpg\",\r\n            \"goodsCollect\": 0,\r\n            \"goodsName\": \"LG AKA [H778]（1.5G RAM）移动联通双4G手机 （16G ROM） 黄小帝 标配版\"\r\n        },\r\n        {\r\n            \"goodsId\": 26,\r\n            \"commentnum\": 0,\r\n            \"goodsTransfeeCharge\": 1,\r\n            \"salenum\": 0,\r\n            \"cityName\": \"北京市\",\r\n            \"goodsStorePrice\": 158,\r\n            \"goodsSubtitle\": \"2015夏装新品 支持货到付款 ，7天无理由退货。\",\r\n            \"goodsImage\": \"/upload/img/store/9/1439364063748.jpg\",\r\n            \"goodsCollect\": 0,\r\n            \"goodsName\": \" 凡牧2015夏装新款棉麻短袖连衣裙女韩版修身\"\r\n        },\r\n        {\r\n            \"goodsId\": 33,\r\n            \"commentnum\": 0,\r\n            \"goodsTransfeeCharge\": 1,\r\n            \"salenum\": 0,\r\n            \"cityName\": \"大连市\",\r\n            \"goodsStorePrice\": 259,\r\n            \"goodsSubtitle\": \"台湾独家，原创款，限时直降，7天无理由退换，支持货到付款！部分预售7-15天左右出货~\",\r\n            \"goodsImage\": \"/upload/img/store/9/1439366379401.jpg\",\r\n            \"goodsCollect\": 0,\r\n            \"goodsName\": \"琪可朵粗跟单鞋女中跟浅口真皮婚鞋2015新款女鞋 浅肉肤色 41\"\r\n        },\r\n        {\r\n            \"goodsId\": 34,\r\n            \"commentnum\": 0,\r\n            \"goodsTransfeeCharge\": 1,\r\n            \"salenum\": 0,\r\n            \"cityName\": \"天津市\",\r\n            \"goodsStorePrice\": 158,\r\n            \"goodsSubtitle\": \"【货到付款】【舒适脚感】【赠运费险】【快速售后响应】【购套装更优惠】\",\r\n            \"goodsImage\": \"/upload/img/store/9/1439366697081.jpg\",\r\n            \"goodsCollect\": 0,\r\n            \"goodsName\": \" 百年纪念高跟鞋\"\r\n        }\r\n    ]\r\n}', '21', '0', '栏目商品', '1', null, 'admin', null, null, 'admin', null), ('76', '保存或修改发票信息', 'addInvoice', null, '1', '/invoiceapi/addInvoice', '{\r\n    \"data\": [\r\n        {\r\n            \"invContent\": \"1\",\r\n            \"invState\": \"1\",\r\n            \"invTitle\": \"sdasda\",\r\n            \"isDefault\": 1,\r\n            \"invId\": 85,\r\n            \"memberId\": 5\r\n        }\r\n    ],\r\n    \"result\": 1,\r\n    \"msg\": \"保存发票成功\"\r\n}', '25', '0', '保存或修改发票信息', '1', null, 'admin', null, null, 'admin', null), ('77', '获取发票列表', 'invoiceList', null, '1', '/invoiceapi/invoiceList', '{\r\n    \"data\": [\r\n        {\r\n            \"invRegAddr\": \"\",\r\n            \"invRegBaccount\": \"\",\r\n            \"invRecName\": \"\",\r\n            \"invContent\": \"1\",\r\n            \"invState\": \"1\",\r\n            \"invRecMobphone\": \"\",\r\n            \"invTitle\": \"sdasda\",\r\n            \"isDefault\": 1,\r\n            \"invRegPhone\": \"\",\r\n            \"invId\": 85,\r\n            \"invRecProvince\": \"\",\r\n            \"invCode\": \"\",\r\n            \"invCompany\": \"\",\r\n            \"invGotoAddr\": \"\",\r\n            \"invRegBname\": \"\",\r\n            \"memberId\": 5\r\n        },\r\n        {\r\n            \"invRegAddr\": \"\",\r\n            \"invRegBaccount\": \"\",\r\n            \"invRecName\": \"\",\r\n            \"invContent\": \"1\",\r\n            \"invState\": \"1\",\r\n            \"invRecMobphone\": \"\",\r\n            \"invTitle\": \"奥德赛\",\r\n            \"isDefault\": 0,\r\n            \"invRegPhone\": \"\",\r\n            \"invId\": 75,\r\n            \"invRecProvince\": \"\",\r\n            \"invCode\": \"\",\r\n            \"invCompany\": \"\",\r\n            \"invGotoAddr\": \"\",\r\n            \"invRegBname\": \"\",\r\n            \"memberId\": 5\r\n        }\r\n    ],', '25', '0', '获取用户已保存的发票信息', '1', null, 'admin', null, null, 'admin', null), ('78', '获取购物车数量方法', 'cartCount', null, '1', '/cartapi/cartCount?memberId=5', '{\r\n    \"result\": 1,\r\n    \"msg\": \"获取成功\",\r\n    \"data\": [\r\n        {\r\n              \"cartCount\":1\r\n        }\r\n    ]\r\n}', '5', '0', '获取购物车数量方法', '1', null, 'admin', null, null, null, null), ('79', '签到接口', null, null, '1', null, null, null, '0', '签到接口', '1', null, 'admin', null, null, null, null), ('80', '签到接口', 'sign', null, '1', 'http://b2b2c.leimingtech.com/leimingtech-front/floor/api/sign?memberId=5', '{\"result\":1,\"msg\":\"签到成功\"}', '79', '0', '签到接口', '1', null, 'admin', null, null, null, null), ('81', '验证码', 'verifyCode', null, '1', '/floor/api/verifyCode', '{\r\n    \"result\": 1, \r\n    \"msg\": \"获取成功\", \r\n    \"data\": {\r\n        \"verifyCode\": \"47606\"\r\n    }\r\n}', '44', '0', '验证码获取', '1', null, 'admin', null, null, null, null), ('82', 'app启动广告（新）', 'adv', null, '1', '/advApi/adv?apKey=starAdv', '{\r\n    \"result\": 1, \r\n    \"msg\": \"获取成功\", \r\n    \"data\": [\r\n        {\r\n            \"isUse\": 1, \r\n            \"apWidth\": 200, \r\n            \"apClass\": 0, \r\n            \"advList\": [\r\n                {\r\n                    \"advUrl\": \"\", \r\n                    \"resUrl\": \"/upload/img/adv/1441012750060.jpg\", \r\n                    \"endDate\": \"2016-08-31 00:00:00\", \r\n                    \"apId\": 14, \r\n                    \"advId\": 13, \r\n                    \"advTitle\": \"app一\", \r\n                    \"sort\": 255, \r\n                    \"startDate\": \"2015-08-31 00:00:00\"\r\n                }, \r\n                {\r\n                    \"advUrl\": \"\", \r\n                    \"resUrl\": \"/upload/img/adv/1441012779235.jpg\", \r\n                    \"endDate\": \"2016-08-31 00:00:00\", \r\n                    \"apId\": 14, \r\n                    \"advId\": 14, \r\n                    \"advTitle\": \"app二\", \r\n                    \"sort\": 255, \r\n                    \"startDate\": \"2015-08-31 00:00:00\"\r\n                }\r\n            ], \r\n            \"apId\": 14, \r\n            \"apKey\": \"starAdv\", \r\n            \"apIntro\": \"APP启动广告\", \r\n            \"apHeight\": 500, \r\n            \"apName\": \"APP启动广告\"\r\n        }\r\n    ]\r\n}', '13', '0', '根据（apKey）键获取广告集合，app启动广告', '1', null, 'admin', null, null, 'admin', null), ('83', '找回密码验证码', 'findCode', null, '1', '/memberapi/findCode?mobile=13456776556', '{\r\n    \"result\": 1,\r\n    \"msg\": \"获取成功\",\r\n    \"data\": {\r\n        \"verifyCode\": \"79778\",\r\n        \"memberId\": \"5\"\r\n    }\r\n}', '17', '0', '会员找回密码验证码', '1', null, 'admin', null, null, null, null), ('84', '余额接口', null, null, '1', null, null, null, '0', '余额相关接口', '1', null, 'admin', null, null, null, null), ('85', '余额充值', 'recharge', null, '1', '/predepositApi/recharge', '{\r\n    \"data\": [\r\n        {\r\n            \"pdrId\": 7,\r\n            \"pdrSn\": \"R20150907111031090\",\r\n            \"pdrAmount\": 10,\r\n            \"pdrMemberName\": \"gyh99\",\r\n            \"pdrMemberId\": 5\r\n        }\r\n    ],\r\n    \"result\": 1,\r\n    \"msg\": \"保存成功\"\r\n}', '84', '0', '余额充值接口,拿到返回的充值单号,传值到支付接口即可', '1', null, 'admin', null, null, null, null), ('86', '第三方登录', 'thirdLogin', null, '1', '/memberapi/thirdLogin', '{\r\n    \"result\": 1,\r\n    \"msg\": \"登录成功\",\r\n    \"data\": [\r\n        {\r\n            \"isBuy\": 1,\r\n            \"signCodeState\": 0,\r\n            \"memberTime\": \"2015-08-01 15:50:05\",\r\n            \"noReceiveOrder\": 0,\r\n            \"favStoreCount\": 1,\r\n            \"availablePredeposit\": 0,\r\n            \"isAllowtalk\": 1,\r\n            \"memberPasswd\": \"e10adc3949ba59abbe56e057f20f883e\",\r\n            \"memberPoints\": 0,\r\n            \"memberId\": 5,\r\n            \"memberEmail\": \"gyh@11.com\",\r\n            \"memberLoginNum\": 1,\r\n            \"noPayOrder\": 0,\r\n            \"memberMobile\": \"13456776556\",\r\n            \"memberSnsvisitnum\": 0,\r\n            \"freezePredeposit\": 0,\r\n            \"memberState\": 0,\r\n            \"memberName\": \"gyh99\",\r\n            \"memberCredit\": 0,\r\n            \"memberAvatar\": \"/upload/img/avatar/1439175181026.png\",\r\n            \"memberSex\": 1,\r\n            \"informAllow\": 1,\r\n            \"noEvaluationOrder\": 0,\r\n            \"favGoodsCount\": 1,\r\n            \"isDel\": 0\r\n        }\r\n    ]\r\n}', '17', '0', '第三方登录', '1', null, 'admin', null, null, null, null), ('87', '获取会员余额', 'memberAvailable', null, '1', '/memberapi/memberAvailable', '{\r\n    \"result\": 1,\r\n    \"data\": [\r\n        {\r\n            \"availablePredeposit\": \"99.99\"\r\n        }\r\n    ]\r\n}', '17', '0', '获取会员余额', '1', null, 'admin', null, null, null, null);
COMMIT;

-- ----------------------------
--  Table structure for `shop_doc_entity`
-- ----------------------------
DROP TABLE IF EXISTS `shop_doc_entity`;
CREATE TABLE `shop_doc_entity` (
  `id` int(13) NOT NULL AUTO_INCREMENT COMMENT 'id',
  `name` varchar(255) DEFAULT NULL COMMENT '实体名',
  `code` varchar(255) DEFAULT NULL COMMENT '实体代码',
  `sort` int(13) DEFAULT NULL COMMENT '排序',
  `description` varchar(255) DEFAULT NULL COMMENT '描述',
  `status` int(13) DEFAULT NULL COMMENT '状态',
  `create_time` bigint(13) DEFAULT NULL COMMENT '创建时间',
  `createdby` varchar(255) DEFAULT NULL COMMENT '添加人',
  `updatecount` int(13) DEFAULT NULL COMMENT '修改次数',
  `update_time` bigint(13) DEFAULT NULL COMMENT '修改时间',
  `updateby` varchar(255) DEFAULT NULL COMMENT '修改人',
  PRIMARY KEY (`id`)
) ENGINE=InnoDB AUTO_INCREMENT=26 DEFAULT CHARSET=utf8 COMMENT='实体';

-- ----------------------------
--  Records of `shop_doc_entity`
-- ----------------------------
BEGIN;
INSERT INTO `shop_doc_entity` VALUES ('1', '品牌实体', 'Brand', null, '品牌实体', null, null, 'admin', null, null, null), ('2', '订单实体', 'Order', null, '订单实体', null, null, 'admin', null, null, null), ('3', '商品分类实体', 'GoodsClass', null, '商品分类实体', null, null, 'admin', null, null, null), ('4', '商品实体', 'Goods', null, '商品实体', null, null, 'admin', null, null, null), ('5', '规格实体', 'SpecValue', null, '规格实体', null, null, 'admin', null, null, null), ('6', '店铺自定义分类', 'StoreGoodsClass', null, '店铺自定义分类', null, null, 'admin', null, null, 'admin'), ('7', '订单商品实体', 'OrderGoods', null, '订单商品实体(订单项)', null, null, 'admin', null, null, null), ('8', '订单日志实体', 'OrderLog', null, '订单日志实体', null, null, 'admin', null, null, null), ('9', '收货地址实体', 'Address', null, '订单收货地址', null, null, 'admin', null, null, null), ('10', '订单退款实体', 'RefundLog', null, '订单退款表', null, null, 'admin', null, null, 'admin'), ('11', '订单退货实体', 'ReturnOrder', null, '订单退货表', null, null, 'admin', null, null, 'admin'), ('12', '订单退货商品实体', 'ReturnGoods', null, '订单退货商品表', null, null, 'admin', null, null, 'admin'), ('13', '地区实体', 'Area', null, '地区实体', null, null, 'admin', null, null, null), ('14', '支付方式实体', 'Payment', null, '支付方式表', null, null, 'admin', null, null, 'admin'), ('15', '购物车超类实体', 'CartVo', null, '购物车超类实体,一个CartVo中存储一个店铺下的购物车商品信息(分单),一个CartVo相当于一个订单,其中的List<Cart>,cart为一个订单项', null, null, 'admin', null, null, null), ('16', '购物车实体', 'Cart', null, '购物车实体', null, null, 'admin', null, null, null), ('17', '用户优惠券实体', 'CouponMember', null, '用户和优惠券中间表实体,但是会继承优惠券表,有优惠券信息', null, null, 'admin', null, null, null), ('18', '商品属性', 'goodsAttribute', null, '商品属性', null, null, 'admin', null, null, null), ('19', '购物车api实体', 'CartApiBean', null, '购物车api实体', null, null, 'admin', null, null, null), ('20', '商品评论实体', 'EvaluateGoods', null, '商品评论实体', null, null, 'admin', null, null, null), ('21', '商品评论api实体', 'EvaluateGoodsApiBean', null, '商品评论api实体', null, null, 'admin', null, null, null), ('22', '会员实体', 'Member', null, '会员实体', null, null, 'admin', null, null, null), ('23', 'ApiGoods', 'ApiGoods', null, 'API商品实体', null, null, 'admin', null, null, null), ('24', '过滤商品规格', 'spec', null, '过滤商品规格', null, null, 'admin', null, null, null), ('25', '余额支付api实体', 'PredepositRechargeApiBean', null, '余额支付api实体', null, null, 'admin', null, null, null);
COMMIT;

-- ----------------------------
--  Table structure for `shop_doc_entity_property`
-- ----------------------------
DROP TABLE IF EXISTS `shop_doc_entity_property`;
CREATE TABLE `shop_doc_entity_property` (
  `id` int(13) NOT NULL AUTO_INCREMENT COMMENT 'id',
  `name` varchar(255) DEFAULT NULL COMMENT '属性名称',
  `type` varchar(255) DEFAULT NULL COMMENT '数据类型',
  `entityid` int(13) DEFAULT NULL COMMENT '实体id',
  `sort` int(13) DEFAULT NULL COMMENT '排序',
  `description` varchar(255) DEFAULT NULL COMMENT '描述',
  `status` int(13) DEFAULT NULL COMMENT '状态',
  `create_time` bigint(13) DEFAULT NULL COMMENT '创建时间',
  `createdby` varchar(255) DEFAULT NULL COMMENT '添加人',
  `updatecount` int(13) DEFAULT NULL COMMENT '修改次数',
  `update_time` bigint(13) DEFAULT NULL COMMENT '修改时间',
  `updateby` varchar(255) DEFAULT NULL COMMENT '修改人',
  PRIMARY KEY (`id`)
) ENGINE=InnoDB AUTO_INCREMENT=336 DEFAULT CHARSET=utf8 COMMENT='实体属性';

-- ----------------------------
--  Records of `shop_doc_entity_property`
-- ----------------------------
BEGIN;
INSERT INTO `shop_doc_entity_property` VALUES ('2', 'brandId', 'Integer', '1', null, '品牌id', null, null, 'admin', null, null, null), ('3', 'brandName', 'String', '1', null, '品牌名称', null, null, 'admin', null, null, null), ('4', 'brandClass', 'String', '1', null, '类别名称', null, null, 'admin', null, null, null), ('5', 'brandPic', 'String', '1', null, '图片', null, null, 'admin', null, null, null), ('6', 'brandSort', 'Integer', '1', null, '排序', null, null, 'admin', null, null, null), ('7', 'brandRecommend', 'Integer', '1', null, '推荐，0为否，1为是，默认为0', null, null, 'admin', null, null, null), ('8', 'storeId', 'long', '1', null, '店铺ID', null, null, 'admin', null, null, null), ('9', 'brandApply', 'Integer', '1', null, '品牌申请，0为申请中，1为通过，默认为1，申请功能是会员使用，系统后台默认为1', null, null, 'admin', null, null, null), ('10', 'classId', 'Long', '1', null, '所属分类id', null, null, 'admin', null, null, null), ('11', 'createdTime', 'Timestamp', '1', null, '创建时间', null, null, 'admin', null, null, null), ('12', 'updatedTime', 'Timestamp', '1', null, '更新时间', null, null, 'admin', null, null, null), ('13', 'orderId', 'Integer', '2', null, '订单索引id', null, null, 'admin', null, null, null), ('14', 'orderSn', 'String', '2', null, '订单编号，商城内部使用', null, null, 'admin', null, null, null), ('15', 'storeId', 'Integer', '2', null, '卖家店铺id', null, null, 'admin', null, null, null), ('16', 'storeName', 'String', '2', null, '卖家店铺名称', null, null, 'admin', null, null, null), ('17', 'buyerId', 'Integer', '2', null, '买家id', null, null, 'admin', null, null, null), ('18', 'buyerName', 'String', '2', null, '买家姓名', null, null, 'admin', null, null, null), ('19', 'buyerEmail', 'String', '2', null, '买家电子邮箱', null, null, 'admin', null, null, null), ('20', 'addTime', 'Timestamp', '2', null, '订单生成时间', null, null, 'admin', null, null, null), ('21', 'orderType', 'Integer', '2', null, '订单类型 0.普通 1.团购', null, null, 'admin', null, null, null), ('22', 'paymentId', 'Integer', '2', null, '支付方式id', null, null, 'admin', null, null, null), ('23', 'paymentName', 'String', '2', null, '支付方式名称', null, null, 'admin', null, null, null), ('24', 'paymentCode', 'String', '2', null, '支付方式名称代码', null, null, 'admin', null, null, null), ('25', 'paymentDirect', 'String', '2', null, '支付类型:1是即时到帐,2是担保交易', null, null, 'admin', null, null, null), ('26', 'paymentState', 'Integer', '2', null, '付款状态:0:未付款;1:已付款', null, null, 'admin', null, null, null), ('27', 'paymentTime', 'Timestamp', '2', null, '支付(付款)时间', null, null, 'admin', null, null, null), ('28', 'outSn', 'String', '2', null, '订单编号，外部支付时使用，有些外部支付系统要求特定的订单编号', null, null, 'admin', null, null, 'admin'), ('29', 'outPaymentCode', 'String', '2', null, '外部交易平台单独使用的标识字符串', null, null, 'admin', null, null, null), ('30', 'payMessage', 'String', '2', null, '支付留言', null, null, 'admin', null, null, null), ('31', 'shippingTime', 'Timestamp', '2', null, '配送时间', null, null, 'admin', null, null, null), ('32', 'shippingExpressId', 'Integer', '2', null, '配送公司ID', null, null, 'admin', null, null, null), ('33', 'shippingCode', 'String', '2', null, '物流单号', null, null, 'admin', null, null, null), ('34', 'finnshedTime', 'Timestamp', '2', null, '订单完成时间', null, null, 'admin', null, null, null), ('35', 'invoice', 'String', '2', null, '发票信息', null, null, 'admin', null, null, null), ('36', 'goodsAmount', 'BigDecimal', '2', null, '商品总价格', null, null, 'admin', null, null, null), ('37', 'discount', 'BigDecimal', '2', null, '折扣价格', null, null, 'admin', null, null, null), ('38', 'orderAmount', 'BigDecimal', '2', null, '订单总价格', null, null, 'admin', null, null, null), ('39', 'shippingFee', 'BigDecimal', '2', null, '运费价格', null, null, 'admin', null, null, null), ('40', 'shippingName', 'String', '2', null, '配送方式', null, null, 'admin', null, null, null), ('41', 'evaluationStatus', 'Integer', '2', null, '评价状态 0为评价，1已评价', null, null, 'admin', null, null, null), ('42', 'evaluationTime', 'Timestamp', '2', null, '评价时间', null, null, 'admin', null, null, null), ('43', 'evalsellerStatus', 'Integer', '2', null, '卖家是否已评价买家', null, null, 'admin', null, null, null), ('44', 'evalsellerTime', 'Timestamp', '2', null, '卖家评价买家的时间', null, null, 'admin', null, null, null), ('45', 'orderMessage', 'String', '2', null, '订单留言', null, null, 'admin', null, null, null), ('46', 'orderState', 'Integer', '2', null, '订单状态：0:已取消;10:待付款;20:待发货;30:待收货;40:交易完成;50:已提交;60:已确认;', null, null, 'admin', null, null, null), ('47', 'orderPointscount', 'Integer', '2', null, '订单赠送积分', null, null, 'admin', null, null, null), ('48', 'voucherId', 'Integer', '2', null, '代金券id', null, null, 'admin', null, null, null), ('49', 'voucherPrice', 'BigDecimal', '2', null, '代金券面额', null, null, 'admin', null, null, null), ('50', 'voucherCode', 'String', '2', null, '代金券编码', null, null, 'admin', null, null, null), ('51', 'refundState', 'Integer', '2', null, '退款状态:0是无退款,1是部分退款,2是全部退款', null, null, 'admin', null, null, null), ('52', 'returnState', 'Integer', '2', null, '退货状态:0是无退货,1是部分退货,2是全部退货', null, null, 'admin', null, null, null), ('53', 'refundAmount ', 'BigDecimal', '2', null, '退款金额', null, null, 'admin', null, null, null), ('54', 'returnNum', 'Integer', '2', null, '退货数量', null, null, 'admin', null, null, null), ('55', 'groupId', 'Integer', '2', null, '团购编号(非团购订单为0)', null, null, 'admin', null, null, null), ('56', 'groupCount', 'Integer', '2', null, '团购数量', null, null, 'admin', null, null, null), ('57', 'xianshiId', 'Integer', '2', null, ' 限时折扣编号', null, null, 'admin', null, null, null), ('58', 'xianshiExplain', 'String', '2', null, '限时折扣说明', null, null, 'admin', null, null, null), ('59', 'mansongId', 'Integer', '2', null, '满就送编号', null, null, 'admin', null, null, null), ('60', 'mansongExplain', 'String', '2', null, '满就送说明', null, null, 'admin', null, null, null), ('61', 'bundlingId', 'Integer', '2', null, '搭配套餐id', null, null, 'admin', null, null, null), ('62', 'bundlingExplain', 'String', '2', null, '搭配套餐说明', null, null, 'admin', null, null, null), ('63', 'orderFrom', 'String', '2', null, '1PC2手机端', null, null, 'admin', null, null, null), ('64', 'deliverExplain', 'String', '2', null, '发货备注', null, null, 'admin', null, null, null), ('65', 'daddressId', 'Integer', '2', null, '发货地址ID', null, null, 'admin', null, null, null), ('66', 'orderGoodsList', 'List<OrderGoods>', '2', null, '订单商品(订单项)集合', null, null, 'admin', null, null, 'admin'), ('67', 'orderLogList', 'List<OrderLog>', '2', null, '订单日志集合', null, null, 'admin', null, null, null), ('68', 'addressList', 'List<Address>', '2', null, '订单收货地址集合', null, null, 'admin', null, null, null), ('69', 'refundLog', 'RefundLog', '2', null, '订单退款信息', null, null, 'admin', null, null, null), ('70', 'returnOrder', 'ReturnOrder', '2', null, '订单退货信息', null, null, 'admin', null, null, null), ('71', 'startTime', 'String', '2', null, '开始时间,时间查询用到', null, null, 'admin', null, null, null), ('72', 'endTime', 'String', '2', null, '结束时间,时间查询用到', null, null, 'admin', null, null, null), ('73', 'addressId', 'Integer', '2', null, '收货地址id', null, null, 'admin', null, null, null), ('74', 'payId', 'Integer', '2', null, '订单支付表id', null, null, 'admin', null, null, null), ('75', 'paySn', 'String', '2', null, '订单支付表编号', null, null, 'admin', null, null, null), ('76', 'balanceState', 'Integer', '2', null, '结算状态:0未结算,1已结算', null, null, 'admin', null, null, null), ('77', 'balanceTime', 'Timestamp', '2', null, '结算时间', null, null, 'admin', null, null, null), ('78', 'gcId', 'Integer', '3', null, '分类id', null, null, 'admin', null, null, null), ('79', 'gcName', 'String', '3', null, '分类名称', null, null, 'admin', null, null, null), ('80', 'gcpic', 'String', '3', null, '分类图标', null, null, 'admin', null, null, null), ('81', 'typeId', 'Integer', '3', null, '类型ID', null, null, 'admin', null, null, null), ('82', 'typename', 'String', '3', null, '类型名称', null, null, 'admin', null, null, null), ('83', 'gcParentId', 'Integer', '3', null, '父ID', null, null, 'admin', null, null, null), ('84', 'gcSort', 'Integer', '3', null, '排序', null, null, 'admin', null, null, null), ('85', 'gcshow', 'Integer', '3', null, '0为否，1为是，默认为1', null, null, 'admin', null, null, null), ('86', 'gcTitle', 'String', '3', null, '名称', null, null, 'admin', null, null, null), ('87', 'gcKeywords', 'String', '3', null, '关键词', null, null, 'admin', null, null, null), ('88', 'gcDescription', 'String', '3', null, '描述', null, null, 'admin', null, null, null), ('89', 'gcIdpath', 'String', '3', null, '层级path', null, null, 'admin', null, null, null), ('90', 'goodsSubtitle', 'String', '4', null, '商品副标题', null, null, 'admin', null, null, null), ('91', 'goodsId', 'Integer', '4', null, '商品id', null, null, 'admin', null, null, null), ('92', 'goodsImage', 'String', '4', null, '商品默认封面图片', null, null, 'admin', null, null, null), ('93', 'goodsName', 'String', '4', null, '商品名称', null, null, 'admin', null, null, null), ('94', 'goodsStorePrice', 'BigDecimal', '4', null, '商品店铺价格', null, null, 'admin', null, null, null), ('95', 'commentnum', 'Integer', '4', null, '评论次数', null, null, 'admin', null, null, null), ('96', 'spValueId', 'Integer', '5', null, '规格值id', null, null, 'admin', null, null, null), ('97', 'spValueName', 'String', '5', null, '规格值名称', null, null, 'admin', null, null, null), ('98', 'spId', 'Integer', '5', null, '所属规格id', null, null, 'admin', null, null, null), ('99', 'spValueImage', 'String', '5', null, '规格图片', null, null, 'admin', null, null, null), ('100', 'spValueSort', 'Integer', '5', null, '排序', null, null, 'admin', null, null, null), ('101', 'recId', 'Integer', '7', null, '订单商品表索引id', null, null, 'admin', null, null, null), ('102', 'orderId', 'Integer', '7', null, ' 订单id', null, null, 'admin', null, null, null), ('103', 'goodsId', 'Integer', '7', null, '商品id', null, null, 'admin', null, null, null), ('104', 'goodsName', 'String', '7', null, '商品名称', null, null, 'admin', null, null, null), ('105', 'specId', 'Integer', '7', null, '规格id', null, null, 'admin', null, null, null), ('106', 'specInfo', 'String', '7', null, '规格描述', null, null, 'admin', null, null, null), ('107', 'goodsPrice', 'BigDecimal', '7', null, '商品价格', null, null, 'admin', null, null, null), ('108', 'goodsNum', 'Integer', '7', null, '商品数量', null, null, 'admin', null, null, null), ('109', 'goodsImage ', 'String', '7', null, '商品图片', null, null, 'admin', null, null, null), ('110', 'goodsReturnNum', 'Integer', '7', null, '退货数量', null, null, 'admin', null, null, null), ('111', 'storeId', 'Integer', '7', null, '店铺ID', null, null, 'admin', null, null, null), ('112', 'evaluationStatus', 'Integer', '7', null, '评价状态 0为评价，1已评价', null, null, 'admin', null, null, null), ('113', 'evaluationTime', 'Timestamp', '7', null, '评价时间', null, null, 'admin', null, null, null), ('114', 'logId', 'Integer', '8', null, '订单处理历史索引id', null, null, 'admin', null, null, null), ('115', 'orderId', '订单id', '8', null, 'Integer', null, null, 'admin', null, null, null), ('116', 'orderState', 'String', '8', null, '订单状态信息', null, null, 'admin', null, null, null), ('117', 'changeState', 'String', '8', null, '下一步订单状态信息', null, null, 'admin', null, null, null), ('118', 'stateInfo', 'String', '8', null, '订单状态描述', null, null, 'admin', null, null, null), ('119', 'logTime', 'Timestamp', '8', null, '处理时间', null, null, 'admin', null, null, null), ('120', 'operator', 'String', '8', null, '操作人', null, null, 'admin', null, null, null), ('121', 'addressId', 'Integer', '9', null, ' 收货地址id', null, null, 'admin', null, null, null), ('122', 'memberId', 'Integer', '9', null, '会员id', null, null, 'admin', null, null, null), ('123', 'trueName', 'String', '9', null, '会员姓名', null, null, 'admin', null, null, null), ('124', 'areaId', 'Integer', '9', null, '地区id', null, null, 'admin', null, null, null), ('125', 'cityId', 'Integer', '9', null, '市级id', null, null, 'admin', null, null, null), ('126', 'areaInfo', 'String', '9', null, '地区内容', null, null, 'admin', null, null, null), ('127', 'address', 'String', '9', null, '地址', null, null, 'admin', null, null, null), ('128', 'telPhone', 'String', '9', null, '座机电话', null, null, 'admin', null, null, null), ('129', 'mobPhone', 'String', '9', null, '手机电话', null, null, 'admin', null, null, null), ('130', 'isDefault', 'String', '9', null, ' 默认收货地址', null, null, 'admin', null, null, null), ('131', 'provinceId', 'Integer', '9', null, '省级id', null, null, 'admin', null, null, null), ('132', 'zipCode', 'Integer', '9', null, '邮箱', null, null, 'admin', null, null, null), ('133', 'logId', 'Integer', '10', null, '退款记录ID', null, null, 'admin', null, null, null), ('134', 'orderId', 'Integer', '10', null, '订单ID', null, null, 'admin', null, null, null), ('135', 'refundSn', 'String', '10', null, '退款编号', null, null, 'admin', null, null, null), ('136', 'orderSn', 'String', '10', null, '订单编号', null, null, 'admin', null, null, null), ('137', 'storeId', 'Integer', '10', null, '店铺ID', null, null, 'admin', null, null, null), ('138', 'storeName', 'String', '10', null, '店铺名称', null, null, 'admin', null, null, null), ('139', 'buyerId', 'Integer', '10', null, '买家ID', null, null, 'admin', null, null, null), ('140', 'buyerName', 'String', '10', null, '买家会员名', null, null, 'admin', null, null, null), ('141', 'orderAmount', 'BigDecimal', '10', null, '订单金额', null, null, 'admin', null, null, null), ('142', 'orderRefund', 'BigDecimal', '10', null, '退款金额', null, null, 'admin', null, null, null), ('143', 'hasChild', 'Integer', '6', null, '包含子节点的数量', null, null, 'admin', null, null, null), ('144', 'refundPaymentName', 'String', '10', null, '支付方式名称', null, null, 'admin', null, null, null), ('145', 'refundPaymentCode', 'String', '10', null, '支付方式代码', null, null, 'admin', null, null, null), ('146', 'refundMessage', 'String', '10', null, '退款备注', null, null, 'admin', null, null, null), ('147', 'buyerMessage', 'String', '10', null, '退款原因', null, null, 'admin', null, null, null), ('148', 'stcId', 'Integer', '6', null, '自定义分类id', null, null, 'admin', null, null, null), ('149', 'adminMessage', 'String', '10', null, '管理员处理原因', null, null, 'admin', null, null, null), ('150', 'stcParentId', 'Integer', '6', null, '父节点id', null, null, 'admin', null, null, null), ('151', 'sellerTime', 'Timestamp', '10', null, '卖家处理时间', null, null, 'admin', null, null, null), ('152', 'adminTime', 'Timestamp', '10', null, '管理员处理时间', null, null, 'admin', null, null, null), ('153', 'confirmTime', 'Timestamp', '10', null, '买家确认收款时间', null, null, 'admin', null, null, null), ('154', 'refundType', 'Integer', '10', null, '类型:1为买家,2为卖家,默认为2', null, null, 'admin', null, null, null), ('155', 'refundState', 'Integer', '10', null, '状态:1为待处理,2为同意,3为拒绝,默认为2', null, null, 'admin', null, null, null), ('156', 'buyerConfirm', 'Integer', '10', null, '确认收款状态:1为待确认,2为已确认,默认为2', null, null, 'admin', null, null, null), ('157', 'addTime', 'Timestamp', '10', null, '创建时间', null, null, 'admin', null, null, null), ('158', 'startTime', 'String', '10', null, '时间查询开始时间', null, null, 'admin', null, null, null), ('159', 'endTime', 'String', '10', null, '时间查询结束时间', null, null, 'admin', null, null, null), ('160', 'stcSort', 'Integer', '6', null, '商品分类排序', null, null, 'admin', null, null, null), ('161', 'stcName', 'String', '6', null, '店铺商品分类名称', null, null, 'admin', null, null, null), ('162', 'returnId', 'Integer', '11', null, '退货记录ID', null, null, 'admin', null, null, null), ('163', 'orderId', 'Integer', '11', null, '订单ID', null, null, 'admin', null, null, null), ('164', 'returnSn', 'String', '11', null, '退货编号', null, null, 'admin', null, null, null), ('165', 'storeId', 'Integer', '6', null, '店铺id', null, null, 'admin', null, null, null), ('166', 'orderSn', 'String', '11', null, '订单编号', null, null, 'admin', null, null, null), ('167', 'storeId', 'Integer', '11', null, '店铺ID', null, null, 'admin', null, null, null), ('168', 'isDel', 'Integer', '6', null, '是否删除', null, null, 'admin', null, null, null), ('169', 'storeName', 'String', '11', null, '店铺名称', null, null, 'admin', null, null, null), ('170', 'buyerId', 'Integer', '11', null, '买家ID', null, null, 'admin', null, null, null), ('171', 'buyerName', 'String', '11', null, '买家会员名', null, null, 'admin', null, null, null), ('172', 'returnGoodsNum', 'Integer', '11', null, '退货数量', null, null, 'admin', null, null, null), ('173', 'returnMessage', 'String', '11', null, '退货备注', null, null, 'admin', null, null, null), ('174', 'buyerMessage', 'String', '11', null, '退货原因', null, null, 'admin', null, null, null), ('175', 'returnType', 'Integer', '11', null, '类型:1为买家,2为卖家,默认为2', null, null, 'admin', null, null, null), ('176', 'returnState', 'Integer', '11', null, '状态:1为待审核,2为同意,3为不同意,默认为2', null, null, 'admin', null, null, null), ('177', 'addTime', 'Timestamp', '11', null, '添加时间', null, null, 'admin', null, null, null), ('178', 'sellerTime', 'Timestamp', '11', null, '卖家处理时间', null, null, 'admin', null, null, null), ('179', 'returnGoodsList', 'List<ReturnGoods>', '11', null, '退货商品集合', null, null, 'admin', null, null, null), ('180', 'startTime', 'String', '11', null, '查询开始时间', null, null, 'admin', null, null, null), ('181', 'endTime', 'String', '11', null, '查询结束时间', null, null, 'admin', null, null, null), ('182', 'stcState', 'Integer', '6', null, '店铺商品分类状态', null, null, 'admin', null, null, null), ('183', 'logId', 'Integer', '12', null, '退货商品记录ID', null, null, 'admin', null, null, null), ('184', 'returnId', 'Integer', '12', null, '退货记录ID', null, null, 'admin', null, null, null), ('185', 'orderId', 'Integer', '12', null, '订单ID', null, null, 'admin', null, null, null), ('186', 'goodsId', 'Integer', '12', null, '商品ID', null, null, 'admin', null, null, null), ('187', 'goodsName', 'String', '12', null, '商品名称', null, null, 'admin', null, null, null), ('188', 'specId', 'Integer', '12', null, '规格ID', null, null, 'admin', null, null, null), ('189', 'specInfo', 'String', '12', null, '规格描述', null, null, 'admin', null, null, null), ('190', 'goodsPrice', 'BigDecimal', '12', null, '商品价格', null, null, 'admin', null, null, null), ('191', 'goodsNum', 'Integer', '12', null, '商品数量', null, null, 'admin', null, null, null), ('192', 'goodsReturnNum', 'Integer', '12', null, '退货数量', null, null, 'admin', null, null, null), ('193', 'goodsImage', 'String', '12', null, '商品图片', null, null, 'admin', null, null, null), ('194', 'deep', 'String', '3', null, '几级树结构', null, null, 'admin', null, null, null), ('195', 'searchType', '搜索类型', '3', null, '用于在商品分类最未级点到商品列表所传参数', null, null, 'admin', null, null, null), ('196', 'hasChild', 'Integer', '3', null, '是否有子级，如果有的话显示子级的数量', null, null, 'admin', null, null, null), ('197', 'areaId', 'Integer', '13', null, '主键ID', null, null, 'admin', null, null, null), ('198', 'areaName', 'String', '13', null, '地区名称', null, null, 'admin', null, null, null), ('199', 'countChildren', 'Integer', '13', null, '子节点数量', null, null, 'admin', null, null, null), ('200', 'isDel', 'int', '13', null, '0:未删除;1.已删除', null, null, 'admin', null, null, null), ('201', 'paymentId', 'Long', '14', null, '支付索引id', null, null, 'admin', null, null, null), ('202', 'paymentCode', 'String', '14', null, '支付代码名称', null, null, 'admin', null, null, null), ('203', 'paymentName', 'String', '14', null, '支付名称', null, null, 'admin', null, null, null), ('204', 'paymentConfig', 'String', '14', null, '支付接口配置信息', null, null, 'admin', null, null, null), ('205', 'paymentState', 'String', '14', null, '接口状态0禁用1启用', null, null, 'admin', null, null, null), ('206', 'list', 'List<Cart>', '15', null, '购物车表集合', null, null, 'admin', null, null, null), ('207', 'goodsNum', 'int', '15', null, '商品总数量', null, null, 'admin', null, null, null), ('208', 'goodsTotalPrice', 'double', '15', null, '商品总价格', null, null, 'admin', null, null, null), ('209', 'goodsTotalFreight', 'Double', '15', null, '商品总运费', null, null, 'admin', null, null, null), ('210', 'storeId', 'Integer', '15', null, '商品店铺id', null, null, 'admin', null, null, null), ('211', 'storeName', 'String', '15', null, '商品店铺名称', null, null, 'admin', null, null, null), ('212', 'cartIds', 'String', '15', null, '多个购物车id', null, null, 'admin', null, null, null), ('213', 'orderMessage', 'String', '15', null, '订单留言', null, null, 'admin', null, null, null), ('214', 'cartId', 'Integer', '16', null, '购物车id', null, null, 'admin', null, null, null), ('215', 'memberId', 'Integer', '16', null, '会员id', null, null, 'admin', null, null, null), ('216', 'storeId', 'Integer', '16', null, '店铺id', null, null, 'admin', null, null, null), ('217', 'storeName', 'String', '16', null, '店铺名称', null, null, 'admin', null, null, null), ('218', 'goodsId', 'Integer', '16', null, '商品id', null, null, 'admin', null, null, null), ('219', 'goodsName', 'String', '16', null, '商品名称', null, null, 'admin', null, null, null), ('220', 'goodsPrice', 'Double', '16', null, '商品价格', null, null, 'admin', null, null, null), ('221', 'goodsNum', 'Short', '16', null, '购买商品数量', null, null, 'admin', null, null, null), ('222', 'goodsImages', 'String', '16', null, '商品图片', null, null, 'admin', null, null, null), ('223', 'specId', 'Integer', '16', null, '商品规格id', null, null, 'admin', null, null, null), ('224', 'specInfo', 'String', '16', null, '商品规格内容', null, null, 'admin', null, null, null), ('225', 'couponId', 'Integer', '17', null, '优惠券id', null, null, 'admin', null, null, null), ('226', 'couponMemberId', 'Integer', '17', null, '会员id', null, null, 'admin', null, null, null), ('227', 'couponIsUser', 'Integer', '17', null, '是否使用:0没有使用，1已使用', null, null, 'admin', null, null, null), ('228', 'couponSuc', 'Integer', '17', null, '优惠券是否达到优惠金额(能否使用),0:可以使用,1:不能使用', null, null, 'admin', null, null, null), ('229', 'couponTitle', 'String', '17', null, '优惠名称', null, null, 'admin', null, null, null), ('230', 'couponType', 'String', '17', null, '优惠券分类', null, null, 'admin', null, null, null), ('231', 'couponPic', 'String', '17', null, '优惠券图片', null, null, 'admin', null, null, null), ('232', 'couponDesc', 'String', '17', null, '优惠券描述', null, null, 'admin', null, null, null), ('233', 'couponStartDate', 'Timestamp', '17', null, '优惠券开始日期', null, null, 'admin', null, null, null), ('234', 'couponEndDate', 'Timestamp', '17', null, '优惠券结束日期', null, null, 'admin', null, null, null), ('235', 'couponPrice', 'BigDecimal', '17', null, '优惠金额', null, null, 'admin', null, null, null), ('236', 'couponLimit', 'BigDecimal', '17', null, '金额限制', null, null, 'admin', null, null, null), ('237', 'storeId', 'Integer', '17', null, '店铺id', null, null, 'admin', null, null, null), ('238', 'couponState', 'Integer', '17', null, '上、下架状态  1下架，0上架', null, null, 'admin', null, null, null), ('239', 'couponstorage', 'Integer', '17', null, '总数量', null, null, 'admin', null, null, null), ('240', 'couponusage', 'Integer', '17', null, '使用数量', null, null, 'admin', null, null, null), ('241', 'couponIock', 'Integer', '17', null, '是否锁定：1锁定，0未锁定', null, null, 'admin', null, null, null), ('242', 'couponAddTime', 'Timestamp', '17', null, '添加时间', null, null, 'admin', null, null, null), ('243', 'couponClassId', 'Integer', '17', null, '分类', null, null, 'admin', null, null, null), ('244', 'coupClick', 'Integer', '17', null, '点击次数', null, null, 'admin', null, null, null), ('245', 'couponPrintStyle', 'String', '17', null, '', null, null, 'admin', null, null, null), ('246', 'couponRecommend', 'Integer', '17', null, '0不推荐 1推荐到首页', null, null, 'admin', null, null, null), ('247', 'couponAllowState', 'Integer', '17', null, ' 审核状态 0为待审核 1已通过 2未通过', null, null, 'admin', null, null, null), ('248', 'couponAllowmark', 'String', '17', null, '审核备注', null, null, 'admin', null, null, null), ('249', 'storeName', 'String', '17', null, '店铺名称', null, null, 'admin', null, null, null), ('250', 'startDate', 'String', '17', null, '优惠券开始日期', null, null, 'admin', null, null, null), ('251', 'endDate', 'String', '17', null, '优惠券结束日期', null, null, 'admin', null, null, null), ('252', 'couponTypeName', 'String', '17', null, '分类名称', null, null, 'admin', null, null, null), ('253', 'cartVoList', 'List<CartVo>', '19', null, '购物车超类集合', null, null, 'admin', null, null, null), ('254', 'addressList', 'List<Address>', '19', null, '用户收货地址集合', null, null, 'admin', null, null, null), ('255', 'couponCount', 'int', '19', null, '优惠券数量', null, null, 'admin', null, null, null), ('256', 'gevalId', 'Integer', '20', null, '评价ID', null, null, 'admin', null, null, null), ('257', 'gevalOrderId', 'Integer', '20', null, '订单表自增ID', null, null, 'admin', null, null, null), ('258', 'gevalOrderNo', 'Long', '20', null, '订单表order_sn', null, null, 'admin', null, null, null), ('259', 'gevalOrderGoodsId', 'Integer', '20', null, '订单商品表编号', null, null, 'admin', null, null, null), ('260', 'gevalGoodsId', 'Integer', '20', null, '商品表编号', null, null, 'admin', null, null, null), ('261', 'gevalGoodsName', 'String', '20', null, '商品名称', null, null, 'admin', null, null, null), ('262', 'gevalGoodsPrice', 'Double', '20', null, '商品价格', null, null, 'admin', null, null, null), ('263', 'gevalScore', 'Integer', '20', null, '1-5分', null, null, 'admin', null, null, null), ('264', 'gevalContent', 'String', '20', null, '信誉评价内容', null, null, 'admin', null, null, null), ('265', 'gevalIsAnonymous', 'Integer', '20', null, '示不是 1表示是匿名评价', null, null, 'admin', null, null, null), ('266', 'gevalAddTime', 'Timestamp', '20', null, '评价时间', null, null, 'admin', null, null, null), ('267', 'gevalStoreId', 'Integer', '20', null, '店铺编号', null, null, 'admin', null, null, null), ('268', 'gevalStorename', 'String', '20', null, '店铺名称', null, null, 'admin', null, null, null), ('269', 'gevalFrommemberid', 'Integer', '20', null, '评价人编号', null, null, 'admin', null, null, null), ('270', 'gevalFrommembername', 'String', '20', null, '评价人名称', null, null, 'admin', null, null, null), ('271', 'gevalState', 'Integer', '20', null, '评价信息的状态 0为正常 1为禁止显示', null, null, 'admin', null, null, null), ('272', 'gevalRemark', 'String', '20', null, '管理员对评价的处理备注', null, null, 'admin', null, null, null), ('273', 'gevalExplain', 'String', '20', null, '解释内容', null, null, 'admin', null, null, null), ('274', 'gevalImage', 'String', '20', null, '晒单图片', null, null, 'admin', null, null, null), ('275', 'isDel', 'int', '20', null, '0:未删除;1.已删除', null, null, 'admin', null, null, null), ('276', 'createdTime', 'Timestamp', '20', null, '创建时间', null, null, 'admin', null, null, null), ('277', 'updatedTime', 'Timestamp', '20', null, '更新时间', null, null, 'admin', null, null, null), ('278', 'startTime', 'String', '20', null, '页面开始时间', null, null, 'admin', null, null, null), ('279', 'endTime', 'String', '20', null, '页面结束时间', null, null, 'admin', null, null, null), ('280', 'goods', 'Goods', '20', null, 'goods实体', null, null, 'admin', null, null, null), ('281', 'goodsId', 'Integer', '20', null, '物品id', null, null, 'admin', null, null, null), ('282', 'goodsImage', 'String', '20', null, '商品图片', null, null, 'admin', null, null, null), ('283', 'gevalId', 'Integer', '21', null, '评价ID', null, null, 'admin', null, null, null), ('284', 'gevalAddTime', 'Timestamp', '21', null, '评价时间', null, null, 'admin', null, null, null), ('285', 'gevalFrommembername', 'String', '21', null, '评价人名称', null, null, 'admin', null, null, null), ('286', 'gevalFrommemberAvatar', 'String', '21', null, '评价人头像', null, null, 'admin', null, null, null), ('287', 'gevalImage', 'String', '21', null, '晒单图片', null, null, 'admin', null, null, null), ('288', 'gevalIsAnonymous', 'Integer', '21', null, '是不是匿名评价  1表示是匿名评价', null, null, 'admin', null, null, null), ('289', 'gevalContent', 'String', '21', null, '信誉评价内容', null, null, 'admin', null, null, null), ('290', 'gevalScore', 'Integer', '21', null, '1-5分', null, null, 'admin', null, null, null), ('291', 'specInfo', 'specInfo', '21', null, '商品规格', null, null, 'admin', null, null, null), ('292', 'orderAddTime', 'Timestamp', '21', null, '购买时间', null, null, 'admin', null, null, null), ('296', 'noReceiveOrder', 'int', '22', null, '未确认收货数量', null, null, 'admin', null, null, null), ('297', 'availablePredeposit', 'Double', '22', null, '预存款可用金额', null, null, 'admin', null, null, null), ('298', 'isAllowtalk', 'Integer', '22', null, '会员是否有咨询和发送站内信的权限 1为开启 0为关闭', null, null, 'admin', null, null, null), ('300', 'memberPoints', 'Integer', '22', null, '会员积分', null, null, 'admin', null, null, null), ('301', 'memberId', 'Integer ', '22', null, '会员id', null, null, 'admin', null, null, 'admin'), ('302', 'memberEmail', 'String ', '22', null, '邮箱', null, null, 'admin', null, null, null), ('304', 'noPayOrder', 'int ', '22', null, '未付款订单数量', null, null, 'admin', null, null, null), ('305', 'memberSnsvisitnum', 'Integer ', '22', null, '空间访问次数', null, null, 'admin', null, null, null), ('306', 'freezePredeposit', 'Double ', '22', null, '预存款冻结金额', null, null, 'admin', null, null, null), ('312', 'noEvaluationOrder', 'int ', '22', null, '未评论订单数量', null, null, 'admin', null, null, null), ('314', 'favGoodsCount', 'Integer', '22', null, '会员收藏商品数量', null, null, 'admin', null, null, null), ('315', 'favStoreCount', 'Integer', '22', null, '会员收藏店铺数量', null, null, 'admin', null, null, null), ('316', 'goodsId', 'Integer', '23', null, '商品id', null, null, 'admin', null, null, null), ('317', 'goodsImage', 'String', '23', null, '商品默认封面图', null, null, 'admin', null, null, null), ('318', 'goodsName', 'String', '23', null, '商品名称', null, null, 'admin', null, null, null), ('319', 'spName', 'String', '24', null, '规格名称', null, null, 'admin', null, null, null), ('320', 'spId', 'String', '24', null, '规格ID', null, null, 'admin', null, null, null), ('321', 'timeLimit', 'String', '17', null, '1 未过期   0已过期', null, null, 'admin', null, null, null), ('322', 'memberName', 'String', '22', null, '会员名', null, null, 'admin', null, null, null), ('323', 'memberTruename', 'String', '22', null, '会员真实姓名', null, null, 'admin', null, null, null), ('324', 'memberAvatar', 'String', '22', null, '会员头像', null, null, 'admin', null, null, null), ('325', 'memberSex', 'Integer', '22', null, '会员性别', null, null, 'admin', null, null, null), ('326', 'memberBirthday', 'String', '22', null, '会员生日', null, null, 'admin', null, null, null), ('327', 'memberAreainfo', 'String', '22', null, '会员地址', null, null, 'admin', null, null, null), ('328', 'memberMobile', 'String', '22', null, '会员手机号', null, null, 'admin', null, null, null), ('329', 'noFilledOrder', 'Integer', '22', null, '待发货订单数量', null, null, 'admin', null, null, null), ('330', 'finishOrder', 'Integer', '22', null, '已完成订单数量', null, null, 'admin', null, null, null), ('331', 'pdrId', 'Integer', '25', null, '自增编号', null, null, 'admin', null, null, null), ('332', 'pdrSn', 'String', '25', null, '记录唯一标示', null, null, 'admin', null, null, null), ('333', 'pdrMemberId', 'Integer', '25', null, '会员编号', null, null, 'admin', null, null, null), ('334', 'pdrMemberName', 'String', '25', null, '会员名称', null, null, 'admin', null, null, null), ('335', 'pdrAmount', 'BigDecimal', '25', null, '充值金额', null, null, 'admin', null, null, null);
COMMIT;

-- ----------------------------
--  Table structure for `shop_doc_entity_ref`
-- ----------------------------
DROP TABLE IF EXISTS `shop_doc_entity_ref`;
CREATE TABLE `shop_doc_entity_ref` (
  `id` int(13) NOT NULL AUTO_INCREMENT COMMENT 'id',
  `docid` int(13) DEFAULT NULL COMMENT '文档id',
  `entityid` int(13) DEFAULT NULL COMMENT '实体id',
  `sort` int(13) DEFAULT NULL COMMENT '排序',
  `description` varchar(255) DEFAULT NULL COMMENT '描述',
  `status` int(13) DEFAULT NULL COMMENT '状态',
  `create_time` bigint(13) DEFAULT NULL COMMENT '创建时间',
  `createdby` varchar(255) DEFAULT NULL COMMENT '添加人',
  `updatecount` int(13) DEFAULT NULL COMMENT '修改次数',
  `update_time` bigint(13) DEFAULT NULL COMMENT '修改时间',
  `updateby` varchar(255) DEFAULT NULL COMMENT '修改人',
  PRIMARY KEY (`id`)
) ENGINE=InnoDB AUTO_INCREMENT=3 DEFAULT CHARSET=utf8 COMMENT='实体与文档关联表';

-- ----------------------------
--  Records of `shop_doc_entity_ref`
-- ----------------------------
BEGIN;
INSERT INTO `shop_doc_entity_ref` VALUES ('1', '1', '1', null, null, null, null, 'admin', null, null, null), ('2', '84', '23', null, null, null, '1443796847333', 'demo', null, null, null);
COMMIT;

-- ----------------------------
--  Table structure for `shop_doc_param`
-- ----------------------------
DROP TABLE IF EXISTS `shop_doc_param`;
CREATE TABLE `shop_doc_param` (
  `id` int(13) NOT NULL AUTO_INCREMENT COMMENT 'id',
  `docid` int(13) DEFAULT NULL COMMENT '文档id',
  `name` varchar(255) DEFAULT NULL COMMENT '名称',
  `type` int(13) DEFAULT NULL COMMENT '类型',
  `isrequired` varchar(255) DEFAULT NULL COMMENT '是否必须',
  `example_value` varchar(255) DEFAULT NULL COMMENT '示例值',
  `defalut_value` varchar(255) DEFAULT NULL COMMENT '默认值',
  `description` varchar(255) DEFAULT NULL COMMENT '描述',
  `status` int(13) DEFAULT NULL COMMENT '状态',
  `create_time` bigint(13) DEFAULT NULL COMMENT '创建时间',
  `createdby` varchar(255) DEFAULT NULL COMMENT '添加人',
  `updatecount` int(13) DEFAULT NULL COMMENT '修改次数',
  `update_time` bigint(13) DEFAULT NULL COMMENT '修改时间',
  `updateby` varchar(255) DEFAULT NULL COMMENT '修改人',
  PRIMARY KEY (`id`)
) ENGINE=InnoDB AUTO_INCREMENT=179 DEFAULT CHARSET=utf8 COMMENT='输入参数';

-- ----------------------------
--  Records of `shop_doc_param`
-- ----------------------------
BEGIN;
INSERT INTO `shop_doc_param` VALUES ('1', '7', 'memberId', '1', '1', '1', '无', '会员id', null, null, 'admin', null, null, null), ('2', '6', 'goodsId', '1', '1', '1', '无', '商品id', null, null, 'admin', null, null, null), ('3', '6', 'count', '1', '1', '1', '1', '购买的商品的数量', null, null, 'admin', null, null, null), ('4', '6', 'specId', '1', '1', '1,2', '无', '商品规格值的多个id,中间 以逗号隔开', null, null, 'admin', null, null, 'admin'), ('5', '6', 'memberId', '0', '1', '1', '无', '会员id', null, null, 'admin', null, null, null), ('6', '8', 'cartIds', '1', '1', '1,2', '无', '选中的购物车id，可以选多个。多个以英文半角逗号分开', null, null, 'admin', null, null, 'admin'), ('7', '9', 'cartId', '0', '1', '1', '', '购物车id', null, null, 'admin', null, null, 'admin'), ('8', '10', 'cartId', '0', '1', '1', '', '购物车id', null, null, 'admin', null, null, null), ('9', '10', 'count', '0', '1', '1', '', '购物车数量', null, null, 'admin', null, null, null), ('10', '12', 'storeId', '1', '1', '1', '', '店铺id', null, null, 'admin', null, null, null), ('11', '12', 'memberId', '1', '1', '1', '', '会员id', null, null, 'admin', null, null, null), ('13', '15', 'apId', '0', '1', '6', '0', '广告位id', null, null, 'admin', null, null, null), ('15', '16', 'storeId', '1', '1', '9', '', '店铺id', null, null, 'admin', null, null, null), ('16', '18', 'username', '1', '1', 'gyh99', '无', '用户名', null, null, 'admin', null, null, null), ('17', '18', 'password', '1', '1', '123456', '无', '密码', null, null, 'admin', null, null, null), ('18', '18', 'remember_me', '1', '0', '1', '无', '是否记住登录 1表示记住 0则相反', null, null, 'admin', null, null, 'admin'), ('19', '19', 'name', '1', '1', 'test', '无', '注册的用户名', null, null, 'admin', null, null, null), ('20', '19', 'password', '1', '1', '123123', '无', '密码', null, null, 'admin', null, null, null), ('21', '20', 'memberId', '0', '1', '', '', '会员id', null, null, 'admin', null, null, null), ('26', '22', 'parentId', '1', '1', '0', '', '分类的父id，如果取全部传0。取子集传相对应的id', null, null, 'admin', null, null, null), ('27', '23', 'memberid', '0', '1', '', '', '会员id', null, null, 'admin', null, null, null), ('28', '23', 'password', '1', '1', '', '', '旧密码', null, null, 'admin', null, null, null), ('29', '23', 'newpassword', '1', '1', '', '', '新密码', null, null, 'admin', null, null, null), ('30', '24', 'memberId', '0', '1', '5', '', '会员id', null, null, 'admin', null, null, null), ('31', '24', 'pageno', '0', '1', '1', '1', '页码', null, null, 'admin', null, null, null), ('32', '24', 'pageSize', '0', '1', '10', '20', '每页大小', null, null, 'admin', null, null, null), ('33', '24', 'type', '0', '1', '1', '', '收藏类型  类型：1-收藏商品，2-收藏店铺', null, null, 'admin', null, null, null), ('34', '28', 'memberId', '0', '1', '', '', '会员id', null, null, 'admin', null, null, null), ('35', '29', 'memberId', '0', '1', '1', '', '会员id', null, null, 'admin', null, null, null), ('36', '29', 'status', '1', '0', '\"10\"', '', '订单状态', null, null, 'admin', null, null, null), ('37', '30', 'classid', '1', '1', '0', '0', '为0时取全部全部分类下的品牌，传分类的id取该分类id下的品牌列表', null, null, 'admin', null, null, null), ('38', '29', 'pageNo', '0', '0', '1', '1', '页码', null, null, 'admin', null, null, null), ('39', '29', 'pageSize', '0', '0', '20', '10', '每页条数', null, null, 'admin', null, null, 'admin'), ('40', '30', 'storeid', '1', '1', '0', '', '店铺id', null, null, 'admin', null, null, null), ('41', '30', 'typeId', '1', '1', '1', '', '类型id', null, null, 'admin', null, null, null), ('42', '34', 'storeId', '0', '1', 'storeId=9', '', '店铺id', null, null, 'admin', null, null, null), ('43', '34', 'pageno', '0', '1', 'pageno=1', '1', '分页第几条', null, null, 'admin', null, null, null), ('44', '34', 'pagesize', '1', '1', 'pagesize=10', '10', '每页显示几条数据', null, null, 'admin', null, null, null), ('45', '33', 'zipCode', '1', '1', '', '', '邮编', null, null, 'admin', null, null, null), ('46', '33', 'address', '1', '1', '', '', '详细地址', null, null, 'admin', null, null, 'admin'), ('47', '33', 'mobPhone', '1', '1', '', '', '手机', null, null, 'admin', null, null, null), ('48', '33', 'cityId', '1', '1', '', '', '城市id', null, null, 'admin', null, null, null), ('49', '33', 'provinceId', '1', '1', '', '', '省份id', null, null, 'admin', null, null, null), ('50', '33', 'addressId', '1', '1', '', '', '地址id', null, null, 'admin', null, null, null), ('51', '32', 'storeId', '1', '1', 'storeId=9', '', '店铺id', null, null, 'admin', null, null, null), ('52', '32', 'parentId', '0', '1', 'parentId=0', '0', '店铺分类父级id', null, null, 'admin', null, null, null), ('53', '33', 'areaInfo', '1', '1', '', '', '省市地区串', null, null, 'admin', null, null, null), ('54', '33', 'trueName', '1', '1', '', '', '收货人名字', null, null, 'admin', null, null, null), ('55', '33', 'isDefault', '1', '1', '', '', '1默认 ，0不是默认', null, null, 'admin', null, null, null), ('56', '33', 'telPhone', '1', '1', '', '', '电话', null, null, 'admin', null, null, null), ('57', '33', 'areaId', '0', '1', '', '', '区域id', null, null, 'admin', null, null, null), ('58', '33', 'memberId', '1', '1', '', '', '会员id', null, null, 'admin', null, null, null), ('66', '35', 'provinceId', '0', '1', '', '', '省id', null, null, 'admin', null, null, null), ('67', '36', 'memberidaddressId', '0', '1', '', '', '地址id', null, null, 'admin', null, null, null), ('68', '37', 'orderid', '0', '1', '', '', '订单id', null, null, 'admin', null, null, null), ('69', '38', 'orderid', '0', '1', '1', '', '订单id', null, null, 'admin', null, null, 'admin'), ('70', '40', 'searchType', '1', '1', 'keywordSearch', '', '1. keywordSearch 关键词搜索\r\n2. gcIdSearch 分类查找,在keyword设置对应的id\r\n3. typeIdSearch 类型查找,在keyword设置对应的id', null, null, 'admin', null, null, null), ('71', '39', 'ordersn', '1', '1', '', '', '订单编号', null, null, 'admin', null, null, null), ('72', '41', 'ordersn', '1', '1', '', '', '订单编号', null, null, 'admin', null, null, null), ('73', '42', 'cartIds', '1', '1', '10,11', '', '多个购物车的id,String字符串中间以\",\"隔开', null, null, 'admin', null, null, null), ('74', '43', 'spid', '1', '1', '1', '', '规格id', null, null, 'admin', null, null, null), ('76', '42', 'addressId', '1', '1', '', '', '收货地址id', null, null, 'admin', null, null, null), ('77', '42', 'paytype', '1', '1', '', '', '支付方式;在线支付传:\"1\",货到付款传:\"2\"', null, null, 'admin', null, null, 'admin'), ('78', '42', 'memberid', '0', '1', '', '', '用户id', null, null, 'admin', null, null, 'admin'), ('79', '40', 'keyword', '1', '1', '1', '', '要搜索的关键字的值', null, null, 'admin', null, null, null), ('80', '40', 'pageNo', '1', '1', '1', '1', '页码', null, null, 'admin', null, null, null), ('81', '40', 'pageSize', '1', '1', '10', '10', '每页显示条数', null, null, 'admin', null, null, null), ('82', '40', 'brandId', '1', '0', '1', '', '品牌id', null, null, 'admin', null, null, 'admin'), ('83', '40', 'areaId', '1', '0', '1', '', '地区id', null, null, 'admin', null, null, 'admin'), ('84', '40', 'sortField', '1', '0', '', '', '排序的字段:goodsAddTime-上架时间\r\nsalenum-销量，goodsClick-人气，goodsStorePrice-价格', null, null, 'admin', null, null, 'admin'), ('85', '40', 'sortOrder', '1', '0', 'desc', '', '排序类型,desc降序,asc升序', null, null, 'admin', null, null, 'admin'), ('86', '47', 'addressId', '1', '1', '\"1\"', '', '收货地址id', null, null, 'admin', null, null, null), ('87', '47', 'memberId', '1', '1', '\"1\"', '', '用户id', null, null, 'admin', null, null, null), ('88', '35', 'zipCode', '0', '1', '123211', '', '邮编', null, null, 'admin', null, null, null), ('89', '35', 'memberId', '0', '1', '', '', '用户id', null, null, 'admin', null, null, null), ('90', '35', 'trueName', '1', '1', '', '', '收货人名称', null, null, 'admin', null, null, null), ('91', '35', 'mobPhone', '1', '1', '', '', '用户手机号码', null, null, 'admin', null, null, null), ('92', '35', 'areaId', '0', '1', '', '', '地区id', null, null, 'admin', null, null, null), ('93', '35', 'cityId', '0', '1', '', '', '市级id', null, null, 'admin', null, null, 'admin'), ('94', '35', 'areaInfo', '1', '1', '', '', '地区内容', null, null, 'admin', null, null, null), ('95', '35', 'address', '1', '1', '', '', '地址', null, null, 'admin', null, null, null), ('96', '12', 'favType', '1', '1', '1', '', '1-收藏商品，2-收藏店铺', null, null, 'admin', null, null, null), ('97', '35', 'telPhone', '1', '0', '', '', '用户座机电话', null, null, 'admin', null, null, 'admin'), ('98', '35', 'addressId', '0', '0', '', '', '若传入收货地址id则为修改收货地址,若不传则增加', null, null, 'admin', null, null, null), ('99', '49', 'memberId', '0', '1', '1', '', '用户id', null, null, 'admin', null, null, null), ('100', '51', 'goodsId', '0', '1', '5', '', '商品id', null, null, 'admin', null, null, null), ('101', '52', 'cartIds', '1', '1', '114,115', '', '确认购买的购物车id', null, null, 'admin', null, null, null), ('102', '52', 'cityId', '1', '0', '', '', '选择的收货地址中的城市id,若没添加收货地址,则不用传cityId', null, null, 'admin', null, null, 'admin'), ('103', '53', 'cartIds', '1', '1', '', '', '要购买的多个购物车的id', null, null, 'admin', null, null, null), ('104', '54', 'cartIds', '1', '1', '1,2', '', '要购买的多个购物车id', null, null, 'admin', null, null, null), ('105', '54', 'couponId', '1', '1', '', '', '优惠券id,可不传或传\"\",不使用优惠券', null, null, 'admin', null, null, null), ('106', '54', 'freight', '1', '1', 'py|10,kd|20', '', '运费信息,如果买家选择运费,则传值,py:平邮,kd:快递,es:EMS,\"|\"前边是运输方式,后边是店铺id,中间以逗号隔开', null, null, 'admin', null, null, null), ('107', '54', 'cityId', '1', '1', '', '', '收货地址城市id,若没有传\"\"', null, null, 'admin', null, null, null), ('108', '42', 'freight', '1', '0', 'py|10,kd|20', '', '如果订单有运费,则传字符串,运费信息用\"|\"隔开,前边是运费的类型,后边是店铺id,多个用\",\"隔开,若没有运费则不传或者穿\"\"空串', null, null, 'admin', null, null, 'admin'), ('109', '42', 'couponId', '1', '0', '', '', '若使用优惠券,传优惠券id,若不存在,不传或传\"\"空串', null, null, 'admin', null, null, null), ('110', '56', 'memberId', '0', '1', '5', '', '用户id', null, null, 'admin', null, null, null), ('111', '57', 'cartId', '1', '1', '1,2', '', '确认要购买的购物车的id,中间用\",\"隔开', null, null, 'admin', null, null, null), ('112', '57', 'memberId', '0', '1', '5', '', '用户id', null, null, 'admin', null, null, null), ('113', '16', 'memberId', '1', '0', '', '', '用户id,用户登录传值,不登录不传值', null, null, 'admin', null, null, null), ('114', '12', 'goodsId', '0', '0', '', '', '若收藏商品,传商品id', null, null, 'admin', null, null, null), ('115', '51', 'memberId', '1', '0', '', '', '用户id,有传值,没有不需要传值或传空串\"\"', null, null, 'admin', null, null, null), ('116', '59', 'orderCode', '1', '0', 'orderCode=p20150820142600421', '', '订单支付表编号', null, null, 'admin', null, null, 'admin'), ('117', '60', 'orderCode', '1', '0', 'orderCode=p20150820142600421', '', '订单支付单号', null, null, 'admin', null, null, 'admin'), ('118', '61', 'orderCode', '1', '0', 'orderCode=p20150819113419049', '', '支付订单编号', null, null, 'admin', null, null, 'admin'), ('119', '53', 'memberId', '0', '1', '', '', '用户id', null, null, 'admin', null, null, null), ('120', '62', 'paySn', '1', '1', 'p20150821160454117', '', '支付单号', null, null, 'admin', null, null, 'admin'), ('121', '65', 'orderSn', '1', '1', '20150804105457772', '', '订单编号', null, null, 'admin', null, null, null), ('122', '65', 'recId', '0', '1', '1', '', '商品订单id', null, null, 'admin', null, null, null), ('123', '65', 'sevalDesccredit', '1', '1', '3.5', '', '店铺描述相符评分', null, null, 'admin', null, null, null), ('124', '65', 'sevalServicecredit', '1', '1', '3.5', '', '店铺服务态度评分', null, null, 'admin', null, null, null), ('125', '65', 'sevalDeliverycredit', '1', '1', '3.5', '', '店铺发货速度评分', null, null, 'admin', null, null, null), ('126', '65', 'gevalScore', '0', '1', '3', '', '商品评分1-5分', null, null, 'admin', null, null, null), ('127', '65', 'gevalContent', '1', '1', '很好', '', '商品信誉评价内容', null, null, 'admin', null, null, null), ('128', '65', 'gevalIsAnonymous', '0', '1', '0', '', '商品是否匿名评价 1表示是匿名评价,否则0', null, null, 'admin', null, null, 'admin'), ('129', '67', 'title', '1', '1', '闪退啦', '', '意见的标题 49个字', null, null, 'admin', null, null, 'admin'), ('130', '67', 'content', '1', '1', '点订单列表的时闪退啦', '', '意见的正文 99字', null, null, 'admin', null, null, 'admin'), ('131', '67', 'phoneType', '0', '1', '1', '3', '设备类型 ,1 ios ,2 安卓，3 其他', null, null, 'admin', null, null, null), ('132', '68', 'memberId', '1', '1', '1', '', '会员id', null, null, 'admin', null, null, null), ('133', '68', 'birthday', '1', '1', '2015-07-01 00:00:00', '', '生日', null, null, 'admin', null, null, 'admin'), ('134', '68', 'nichen', '1', '1', '', '', '昵称', null, null, 'admin', null, null, 'admin'), ('135', '68', 'sex', '1', '1', '1', '', '性别:1男，0女', null, null, 'admin', null, null, 'admin'), ('136', '68', 'areaInfo', '1', '1', '北京市朝阳区ＸＸＸＸＸ街', '', '会员地址', null, null, 'admin', null, null, 'admin'), ('137', '68', 'face', '1', '0', '', '', '头像', null, null, 'admin', null, null, 'admin'), ('138', '69', 'searchType', '1', '1', 'keywordSearch', '', '搜索类型：\r\nkeywordSearch 关键词搜索\r\ngcIdSearch 分类查找,在keyword设置对应的id\r\ntypeIdSearch 类型查找,在keyword设置对应的id', null, null, 'admin', null, null, null), ('139', '67', 'email', '1', '0', '', '', '邮箱地址', null, null, 'admin', null, null, null), ('140', '69', 'keyword', '1', '1', '', '', 'searchType=keywordSearch  keyword为关键词搜索\r\nsearchType=gcIdSearch 分类查找,在keyword设置对应的分类id\r\nsearchType=typeIdSearch 类型查找,在keyword设置对应的类型id', null, null, 'admin', null, null, null), ('141', '67', 'phone', '1', '0', '13666666666', '', '电话', null, null, 'admin', null, null, null), ('142', '70', 'spid', '1', '1', '1', '', '商品规格值', null, null, 'admin', null, null, null), ('143', '72', 'memberId', '1', '1', '1', '', '会员ID', null, null, 'admin', null, null, null), ('144', '74', 'goodsflagsname', '1', '1', '如最新上市：goodsflagsname=newgoods； 推荐商品： goodsflagsname=recommend；', '', '栏目的名称', null, null, 'admin', null, null, null), ('145', '40', 'specFilter', '1', '0', '1,2,3', '', '规格过滤，多个以,分隔', null, null, 'admin', null, null, 'admin'), ('146', '76', 'memberId', '0', '1', '', '', '用户id', null, null, 'admin', null, null, null), ('147', '76', 'invTitle', '1', '1', '', '', '发票抬头', null, null, 'admin', null, null, null), ('148', '76', 'invContent', '1', '1', '', '', '发票内容,传\"1\": 不开发票;或\"2\":明细', null, null, 'admin', null, null, null), ('149', '76', 'invState', '1', '1', '', '', '发票类型;\"1\":普通发票;\"2\":增值税发票', null, null, 'admin', null, null, null), ('150', '77', 'memberId', '0', '1', '', '', '用户id', null, null, 'admin', null, null, null), ('151', '77', 'invState', '1', '1', '', '', '发票类型', null, null, 'admin', null, null, null), ('152', '65', 'memberId', '1', '1', '1', '', '会员id', null, null, 'admin', null, null, null), ('153', '65', 'images', '1', '0', '', '', '晒单图片', null, null, 'admin', null, null, 'admin'), ('154', '78', 'memberId', '1', '1', '5', '', '会员id', null, null, 'admin', null, null, null), ('155', '80', 'memberId', '1', '1', '5', '', '会员ID', null, null, 'admin', null, null, null), ('156', '81', 'mobile', '1', '1', '13800000000', '', '手机号', null, null, 'admin', null, null, null), ('157', '82', 'apKey', '1', '1', 'starAdv', '无', '获取广告列表的键（标记）', null, null, 'admin', null, null, null), ('158', '83', 'mobile', '1', '1', '13456776556', '', '会员手机号', null, null, 'admin', null, null, null), ('159', '83', 'codeType', '1', '1', '', '', '预留参数暂时用不到', null, null, 'admin', null, null, null), ('160', '85', 'amount', '1', '1', '20.0', '', '充值金额,double类型,最多保留小数点后两位', null, null, 'admin', null, null, null), ('161', '85', 'memberId', '1', '1', '', '', '用户id', null, null, 'admin', null, null, null), ('162', '42', 'isPd', '0', '0', '', '', '是否使用余额支付,0:不使用,1:使用', null, null, 'admin', null, null, null), ('163', '42', 'invoiceId', '0', '0', '', '', '发票id', null, null, 'admin', null, null, null), ('164', '54', 'isPd', '0', '0', '', '', '是否使用余额;0:不使用;1:使用', null, null, 'admin', null, null, 'admin'), ('165', '54', 'memberId', '0', '1', '', '', '用户id', null, null, 'admin', null, null, null), ('166', '61', 'amount', '1', '0', '', '', 'double类型,需要充值的价格', null, null, 'admin', null, null, null), ('167', '61', 'memberId', '0', '0', '', '', '用户id', null, null, 'admin', null, null, null), ('168', '60', 'amount', '1', '0', '', '', 'double类型;余额支付需要金额', null, null, 'admin', null, null, null), ('169', '60', 'memberId', '1', '0', '', '', '用户id', null, null, 'admin', null, null, null), ('170', '59', 'amount', '1', '0', '', '', 'double类型;余额充值金额', null, null, 'admin', null, null, null), ('171', '59', 'memberId', '0', '1', '', '', '用户id', null, null, 'admin', null, null, null), ('172', '86', 'userName', '1', '1', '', '', '用户名', null, null, 'admin', null, null, null), ('173', '86', 'sex', '0', '1', '', '', '性别：1男，0女', null, null, 'admin', null, null, null), ('174', '86', 'type', '1', '1', '', '', '类型：qq,weixin,sina', null, null, 'admin', null, null, 'admin'), ('175', '86', 'openId', '1', '1', '', '', '唯一标识', null, null, 'admin', null, null, null), ('176', '87', 'memberId', '0', '1', '', '', '用户id', null, null, 'admin', null, null, null), ('177', '86', 'avatar', '1', '0', '', '', '用户头像', null, null, 'admin', null, null, 'admin'), ('178', '6', 'saveType', '0', '1', '', '', '加入类型(加入购物车:0/立即购买:1)', null, '1444275083756', 'admin', null, null, null);
COMMIT;

-- ----------------------------
--  Table structure for `shop_doc_returnvalue`
-- ----------------------------
DROP TABLE IF EXISTS `shop_doc_returnvalue`;
CREATE TABLE `shop_doc_returnvalue` (
  `id` int(13) NOT NULL AUTO_INCREMENT COMMENT '链接id',
  `docid` int(13) DEFAULT NULL COMMENT '文档id',
  `name` varchar(255) DEFAULT NULL COMMENT '名称',
  `type` varchar(255) DEFAULT NULL COMMENT '类型',
  `isrequired` int(13) DEFAULT NULL COMMENT '是否必须',
  `default_value` varchar(255) DEFAULT NULL COMMENT '默认值',
  `description` varchar(255) DEFAULT NULL COMMENT '描述',
  `status` int(13) DEFAULT NULL COMMENT '状态',
  `create_time` bigint(13) DEFAULT NULL COMMENT '创建时间',
  `createdby` varchar(255) DEFAULT NULL COMMENT '添加人',
  `updatecount` int(13) DEFAULT NULL COMMENT '修改次数',
  `update_time` bigint(13) DEFAULT NULL COMMENT '修改时间',
  `updateby` varchar(255) DEFAULT NULL COMMENT '修改人',
  `code` varchar(255) DEFAULT NULL COMMENT '实体代码',
  PRIMARY KEY (`id`)
) ENGINE=InnoDB AUTO_INCREMENT=275 DEFAULT CHARSET=utf8 COMMENT='文档分类';

-- ----------------------------
--  Records of `shop_doc_returnvalue`
-- ----------------------------
BEGIN;
INSERT INTO `shop_doc_returnvalue` VALUES ('3', '8', 'storeName', '2', '1', '', '店铺名称', null, null, 'admin', null, null, 'admin', null), ('4', '8', 'goodsTotalFreight', '3', '1', '', '运费', null, null, 'admin', null, null, null, null), ('5', '8', 'storeId', '1', '1', '', '店铺id', null, null, 'admin', null, null, null, null), ('6', '8', 'goodsNum', '1', '1', '', '商品数量', null, null, 'admin', null, null, null, null), ('7', '8', 'goodsTotalPrice', '3', '1', '', '总价', null, null, 'admin', null, null, null, null), ('8', '9', 'result', '2', '1', '1', '1为删除成功，0为删除失败', null, null, 'admin', null, null, 'admin', null), ('9', '9', 'msg', '2', '1', '删除购物车成功', '删除购物车成功', null, null, 'admin', null, null, null, null), ('10', '10', 'result', '2', '1', '1', '返回值类型：1成功，0失败', null, null, 'admin', null, null, null, null), ('11', '10', 'msg', '2', '1', '', '结果提示信息', null, null, 'admin', null, null, null, null), ('12', '12', 'result', '2', '1', '1', '收藏结果：1成功，0失败', null, null, 'admin', null, null, 'admin', null), ('13', '12', 'msg', '2', '1', '', '返回的结果信息', null, null, 'admin', null, null, null, null), ('14', '14', 'isUse', '1', '0', '1', '是否启用', null, null, 'admin', null, null, null, null), ('15', '14', 'apWidth', '1', '1', '0', '广告位的宽度', null, null, 'admin', null, null, null, null), ('16', '14', 'apHeight', '1', '0', '0', '广告位的高', null, null, 'admin', null, null, null, null), ('17', '14', 'apName', '2', '0', '', '广告位的名字', null, null, 'admin', null, null, null, null), ('18', '14', 'apIntro', '2', '0', '', '描述', null, null, 'admin', null, null, null, null), ('19', '14', 'apId', '1', '1', '', '广告位ID', null, null, 'admin', null, null, null, null), ('20', '14', 'apClass', '1', '1', '', '分类', null, null, 'admin', null, null, null, null), ('21', '15', 'isUse', '1', '0', '1', '是否启用', null, null, 'admin', null, null, null, null), ('22', '15', 'advList', '2', '0', '', '轮播图片集合', null, null, 'admin', null, null, null, null), ('23', '15', 'advUrl', '2', '1', '', '当前图片跳转url', null, null, 'admin', null, null, null, null), ('24', '15', 'resUrl', '2', '0', '', '图片路径', null, null, 'admin', null, null, null, null), ('25', '15', 'endDate', '4', '1', '', '结束日期', null, null, 'admin', null, null, null, null), ('26', '15', 'apId', '1', '0', '', '所属分类id', null, null, 'admin', null, null, null, null), ('27', '15', 'advId', '1', '0', '', '主键id', null, null, 'admin', null, null, null, null), ('28', '15', 'advTitle', '2', '0', '', '图片标题', null, null, 'admin', null, null, null, null), ('29', '15', 'sort', '1', '0', '', '排序', null, null, 'admin', null, null, null, null), ('30', '15', 'startDate', '4', '0', '', '开始日期', null, null, 'admin', null, null, null, null), ('31', '16', 'cityId', '1', '1', '', '所在地(市)', null, null, 'admin', null, null, null, null), ('32', '16', 'storeclassname', '2', '1', '', 'storeclassname', null, null, 'admin', null, null, null, null), ('33', '16', 'storeServicecredit', '2', '1', '0', 'storeServicecredit', null, null, 'admin', null, null, null, null), ('34', '16', 'storeRecommend', '1', '1', '0', '推荐，0为否，1为是', null, null, 'admin', null, null, null, null), ('35', '16', 'memberId', '1', '1', '', '会员id', null, null, 'admin', null, null, null, null), ('36', '16', 'storeTel', '2', '1', '', '电话号码', null, null, 'admin', null, null, null, null), ('37', '16', 'provinceId', '1', '1', '', '所在地(省)', null, null, 'admin', null, null, null, null), ('38', '16', 'storeDeliverycredit', '2', '1', '', '发货速度分数', null, null, 'admin', null, null, null, null), ('39', '16', 'storeCredit', '1', '1', '0', '店铺信用', null, null, 'admin', null, null, null, null), ('40', '16', 'storeZy', '2', '1', '', '主营商品', null, null, 'admin', null, null, null, null), ('41', '16', 'praiseRate', '2', '1', '0', 'praiseRate', null, null, 'admin', null, null, null, null), ('42', '16', 'storeAddress', '2', '1', '', '详细地区', null, null, 'admin', null, null, null, null), ('43', '16', 'storeTheme', '2', '1', 'default', 'storeTheme', null, null, 'admin', null, null, null, null), ('44', '16', 'scId', '1', '1', '', '店铺分类', null, null, 'admin', null, null, null, null), ('45', '16', 'storeCode', '2', '1', '', '店铺二维码', null, null, 'admin', null, null, null, null), ('46', '16', 'storeImage', '1', '1', '', '店铺证件', null, null, 'admin', null, null, null, null), ('47', '16', 'storeClick', '1', '1', '0', '店铺点击量', null, null, 'admin', null, null, null, null), ('48', '16', 'storeDesccredit', '2', '1', '0', '描述相符度分数', null, null, 'admin', null, null, null, null), ('49', '16', 'storeSort', '1', '1', '0', '店铺排序', null, null, 'admin', null, null, null, null), ('50', '16', 'memberName', '2', '1', '', '会员名字', null, null, 'admin', null, null, 'admin', null), ('51', '16', 'storeDomainTimes', '1', '1', '', '二级域名修改次数', null, null, 'admin', null, null, null, null), ('52', '16', 'storeOwnerCard', '2', '1', '', '身份证', null, null, 'admin', null, null, null, null), ('53', '16', 'storeZip', '2', '1', '', '邮政编码', null, null, 'admin', null, null, null, null), ('54', '16', 'storeName', '2', '1', '', '店铺名称', null, null, 'admin', null, null, null, null), ('55', '16', 'storeSms', '2', '1', '', '短信接口字段', null, null, 'admin', null, null, null, null), ('56', '16', 'gradeId', '1', '1', '', '店铺等级', null, null, 'admin', null, null, null, null), ('57', '16', 'storeGoodsCount', '1', '1', '0', '商品数量', null, null, 'admin', null, null, null, null), ('58', '16', 'storeKeywords', '2', '1', '', '店铺seo关键字', null, null, 'admin', null, null, null, null), ('59', '16', 'storeSales', '1', '1', '0', '店铺销量', null, null, 'admin', null, null, 'admin', null), ('60', '16', 'storeId', '1', '1', '', '店铺id', null, null, 'admin', null, null, null, null), ('61', '16', 'storeCollect', '1', '1', '0', '店铺收藏数量', null, null, 'admin', null, null, null, null), ('62', '16', 'areaInfo', '2', '1', '', '店铺所在地区', null, null, 'admin', null, null, null, null), ('63', '16', 'storeDescription', '2', '1', '', '店铺seo描述', null, null, 'admin', null, null, null, null), ('64', '16', 'storeAuth', '1', '1', '0', '店铺认证,0-未认证，1-认证', null, null, 'admin', null, null, null, null), ('65', '16', 'storeState', '1', '1', '2', '店铺状态，0关闭，1开启，2审核中', null, null, 'admin', null, null, null, null), ('66', '16', 'storeImage1', '2', '1', '', '执照', null, null, 'admin', null, null, null, null), ('67', '16', 'nameAuth', '1', '1', '0', '店主认证，0-未认证，1-认证', null, null, 'admin', null, null, null, null), ('86', '28', 'zipCode', '2', '0', '', '邮编', null, null, 'admin', null, null, null, null), ('87', '28', 'address', '1', '1', '', '地址', null, null, 'admin', null, null, null, null), ('88', '28', 'mobPhone', '1', '0', '', '手机', null, null, 'admin', null, null, null, null), ('89', '28', 'cityId', '2', '1', '', '城市id', null, null, 'admin', null, null, null, null), ('90', '28', 'provinceId', '1', '0', '', '省id', null, null, 'admin', null, null, null, null), ('91', '28', 'addressId', '1', '1', '', '主键', null, null, 'admin', null, null, null, null), ('92', '28', 'areaInfo', '2', '1', '', '省市区字符串', null, null, 'admin', null, null, null, null), ('93', '28', 'trueName', '1', '0', '', '收货人名字', null, null, 'admin', null, null, 'admin', null), ('94', '28', 'isDefault', '1', '0', '', '是否是默认地址 1是默认，0相反', null, null, 'admin', null, null, 'admin', null), ('95', '28', 'telPhone', '2', '1', '', '座机电话', null, null, 'admin', null, null, null, null), ('96', '28', 'areaId', '1', '0', '', '区id', null, null, 'admin', null, null, null, null), ('97', '28', 'memberId', '1', '0', '', '会员id', null, null, 'admin', null, null, null, null), ('100', '30', 'brandlist', '6', '1', '', '品牌列表', null, null, 'admin', null, null, 'admin', 'Brand'), ('101', '29', 'result', '1', '1', '', '返回1,请求成功;返回0,\"订单列表API出错\"', null, null, 'admin', null, null, null, null), ('108', '29', 'data', '6', '1', '', '成功返回订单实体列表,失败返回:\"无订单\"', null, null, 'admin', null, null, null, 'Order'), ('109', '29', 'status', '2', '0', '', '订单状态', null, null, 'admin', null, null, null, null), ('110', '29', 'pageNo', '1', '0', '1', '页码', null, null, 'admin', null, null, null, null), ('111', '29', 'pageSize', '1', '0', '10', '每页条数', null, null, 'admin', null, null, null, null), ('112', '29', 'msg', '2', '0', '\"服务器异常\"', 'api查询出错返回', null, null, 'admin', null, null, null, null), ('113', '22', 'goodsClassList', '6', '1', '', '商品分类列表', null, null, 'admin', null, null, null, 'GoodsClass'), ('114', '22', 'result', '2', '1', '1', '1:成功，0失败', null, null, 'admin', null, null, null, null), ('117', '38', 'result', '1', '1', '', '操作成功返回1;失败返回0', null, null, 'admin', null, null, null, null), ('119', '38', 'data', '6', '1', '', '成功返回订单实体,失败返回:\"无订单\"', null, null, 'admin', null, null, null, 'Order'), ('120', '40', 'goodsList', '6', '1', '', '商品列表', null, null, 'admin', null, null, null, 'Goods'), ('122', '38', 'msg', '2', '0', '', '失败返回:\"服务器异常\"', null, null, 'admin', null, null, null, null), ('128', '43', 'result', '2', '1', '1', '1:成功，0:失败', null, null, 'admin', null, null, null, null), ('129', '43', 'List<SpecValue>', '6', '1', '', 'List<SpecValue>', null, null, 'admin', null, null, null, 'SpecValue'), ('130', '42', 'result', '1', '1', '', '成功返回1,失败返回0,商品异常返回:3', null, null, 'admin', null, null, 'admin', null), ('131', '42', 'msg', '2', '1', '', '成功返回:\"保存成功\",失败返回:\"保存失败\";商品存在异常返回:\"商品状态异常\";', null, null, 'admin', null, null, 'admin', null), ('133', '34', 'result', '1', '1', '1', '1:成功，0失败', null, null, 'admin', null, null, 'admin', null), ('134', '41', 'result', '1', '1', '', '成功返回:1,失败返回:0', null, null, 'admin', null, null, null, null), ('135', '41', 'msg', '2', '1', '', '成功返回:\"确认成功\";失败返回:\"确认失败\"', null, null, 'admin', null, null, null, null), ('136', '39', 'result', '1', '1', '', '成功返回:1;失败返回:0', null, null, 'admin', null, null, null, null), ('137', '39', 'msg', '2', '1', '', '成功返回:\"取消成功\";失败返回:\"取消失败\"', null, null, 'admin', null, null, null, null), ('138', '32', 'result', '1', '1', '1', '1成功，0失败', null, null, 'admin', null, null, 'admin', null), ('139', '37', 'result', '1', '1', '', '成功返回:1;失败返回:0;', null, null, 'admin', null, null, null, null), ('140', '37', 'msg', '2', '1', '', '成功返回:\"删除成功\";失败返回:\"删除失败\"', null, null, 'admin', null, null, null, null), ('141', '32', 'date', '6', '1', '', '店铺自定义分类信息', null, null, 'admin', null, null, null, 'StoreGoodsClass'), ('142', '36', 'result', '1', '1', '', '成功返回:1;失败返回:0', null, null, 'admin', null, null, null, null), ('143', '36', 'msg', '2', '1', '', '成功返回:\"删除成功\";失败返回:\"删除失败\"', null, null, 'admin', null, null, null, null), ('144', '35', 'result', '1', '1', '', '成功返回:1;失败返回:0', null, null, 'admin', null, null, null, null), ('145', '35', 'msg', '1', '1', '', '成功返回:\"保存成功\",失败返回:\"保存失败\"', null, null, 'admin', null, null, null, null), ('146', '33', 'result', '1', '1', '', '成功返回:1,失败返回:0', null, null, 'admin', null, null, null, null), ('147', '33', 'data', '7', '1', '', '成功返回:收货地址实体;失败返回:无收获地址', null, null, 'admin', null, null, null, null), ('148', '33', 'msg', '2', '0', '', '失败返回:\"服务器异常\"', null, null, 'admin', null, null, null, null), ('149', '34', 'goodsSubtitle', '2', '0', '', '商品副标题', null, null, 'admin', null, null, 'admin', null), ('150', '34', 'goodsId', '1', '1', '', '商品id', null, null, 'admin', null, null, null, null), ('151', '34', 'goodsImage', '2', '0', '', '商品默认封面图片', null, null, 'admin', null, null, null, null), ('152', '34', 'goodsName', '2', '1', '', '商品名称', null, null, 'admin', null, null, null, null), ('153', '34', 'goodsStorePrice', '3', '1', '', '商品店铺价格', null, null, 'admin', null, null, null, null), ('154', '34', 'commentnum', '1', '0', '0', '评论次数', null, null, 'admin', null, null, null, null), ('155', '18', 'memberName', '2', '0', '', '会员名', null, null, 'admin', null, null, null, null), ('156', '18', 'memberSex', '1', '0', '', '性别 1男，0女', null, null, 'admin', null, null, null, null), ('157', '18', 'memberMobile', '2', '1', '', '手机号', null, null, 'admin', null, null, null, null), ('158', '18', 'memberEmail', '2', '0', '', '邮箱', null, null, 'admin', null, null, null, null), ('159', '18', 'memberId', '1', '1', '', '会员id', null, null, 'admin', null, null, null, null), ('160', '18', 'memberAvatar', '2', '1', '', '头像', null, null, 'admin', null, null, null, null), ('161', '45', 'floorColor', '2', '0', '', '主题', null, null, 'admin', null, null, null, null), ('162', '45', 'floorImg', '2', '0', '', '分类主图', null, null, 'admin', null, null, null, null), ('163', '45', 'floorUrl', '2', '0', '', '自定义的跳转url ', null, null, 'admin', null, null, null, null), ('164', '45', 'gcId', '1', '0', '', '分类id', null, null, 'admin', null, null, null, null), ('165', '45', 'bannerUrl', '2', '0', '', '横幅跳转路径', null, null, 'admin', null, null, 'admin', null), ('166', '45', 'sort', '2', '0', '', '排序', null, null, 'admin', null, null, null, null), ('167', '45', 'bannerImg', '2', '0', '', '横幅图片路径', null, null, 'admin', null, null, null, null), ('168', '45', 'isShow', '1', '0', '', '是否显示', null, null, 'admin', null, null, null, null), ('169', '45', 'subName', '2', '0', '', '副标题', null, null, 'admin', null, null, null, null), ('170', '45', 'floorName', '2', '0', '', '分类主标题', null, null, 'admin', null, null, null, null), ('171', '46', '地区列表', '6', '1', '', '地区列表', null, null, 'admin', null, null, null, 'Area'), ('172', '47', 'result', '1', '1', '', '返回1:修改成功,返回0:修改失败', null, null, 'admin', null, null, null, null), ('173', '47', 'msg', '2', '1', '', '成功返回:\"修改成功\",失败返回:\"修改失败\"', null, null, 'admin', null, null, null, null), ('174', '48', 'result', '1', '1', '', '成功返回:1;失败返回:0', null, null, 'admin', null, null, null, null), ('175', '48', 'msg', '2', '1', '', '成功返回:查询成功;失败返回:查询失败', null, null, 'admin', null, null, null, null), ('176', '48', 'data', '6', '0', '', '成功返回支付方式实体集合', null, null, 'admin', null, null, 'admin', 'Payment'), ('177', '7', 'result', '1', '1', '', '成功返回:1;失败返回:0', null, null, 'admin', null, null, null, null), ('178', '7', 'data', '6', '1', '', '成功返回:购物车超类实体;失败返回:无数据', null, null, 'admin', null, null, null, 'CartVo'), ('179', '7', 'msg', '2', '0', '', '失败返回:服务器异常', null, null, 'admin', null, null, null, null), ('180', '49', 'result', '1', '1', '', '成功返回:1;失败返回:0', null, null, 'admin', null, null, null, null), ('181', '49', 'msg', '2', '1', '', '成功返回:清空购物车成功;失败返回:服务器异常', null, null, 'admin', null, null, null, null), ('182', '24', 'favTime', '4', '1', '', '收藏时间', null, null, 'admin', null, null, null, null), ('183', '52', 'result', '1', '1', '', '成功返回:1;失败返回:0', null, null, 'admin', null, null, null, null), ('184', '52', 'msg', '2', '0', '', '失败返回:服务器异常', null, null, 'admin', null, null, null, null), ('185', '52', 'data', '2', '1', '', '成功返回data:Map中,键为店铺的id,值为另一个Map,如果有运费,返回的键为运费类型,如\"py\"为平邮,\"kd\"为快递,\"es\"为EMS,若没有则返回为空;失败返回:无数据', null, null, 'admin', null, null, null, null), ('186', '51', 'goodsId', '1', '1', '', '商品id', null, null, 'admin', null, null, 'admin', null), ('187', '51', 'storeName', '2', '1', '', '店铺名称', null, null, 'admin', null, null, 'admin', null), ('188', '51', 'goodsSpecValueAll', '2', '1', '', '商品对应的规格', null, null, 'admin', null, null, null, null), ('189', '51', 'specName', '2', '1', '', '商品对应的规格名称', null, null, 'admin', null, null, 'admin', null), ('190', '51', 'goodsStorePrice', '3', '1', '', '商品的价格', null, null, 'admin', null, null, null, null), ('191', '51', 'goodsDescription', '2', '1', '', 'SEO描述 (description) 出现在商品详细页面头部的 Meta 标签中，\r\n用于记录本页面商品内容的概要与描述', null, null, 'admin', null, null, 'admin', null), ('192', '51', 'goodsCallyList', '2', '1', '', '商品图片', null, null, 'admin', null, null, null, null), ('193', '51', 'goodsSubtitle', '2', '1', '', '商品副标题', null, null, 'admin', null, null, null, null), ('194', '51', 'storeId', '1', '1', '', '店铺id', null, null, 'admin', null, null, null, null), ('195', '51', 'goodsName', '2', '1', '', '商品名称', null, null, 'admin', null, null, null, null), ('196', '51', 'storeclassname', '2', '1', '', '店铺分类名称', null, null, 'admin', null, null, 'admin', null), ('197', '53', 'result', '1', '1', '', '成功返回:1;失败返回:0', null, null, 'admin', null, null, null, null), ('198', '53', 'msg', '2', '0', '', '失败返回:服务器异常', null, null, 'admin', null, null, null, null), ('199', '53', 'data', '6', '1', '', '成功返回优惠券集合,失败返回无数据', null, null, 'admin', null, null, null, 'CouponMember'), ('200', '54', 'result', '1', '1', '', '成功返回:1;失败返回:0;', null, null, 'admin', null, null, null, null), ('201', '54', 'data', '1', '1', '', '返回Map<String,double> 键为:totalPrice:订单应付金额;totalFreight:订单总运费;couponPrice:订单优惠券金额;conditionPrice:订单优惠金额;totalGoodsPrice:商品总价格;predepositAmount:余额支付金额', null, null, 'admin', null, null, 'admin', null), ('202', '54', 'msg', '1', '1', '', '失败返回:服务器异常', null, null, 'admin', null, null, null, null), ('203', '56', 'result', '1', '1', '', '成功返回:1;失败返回:0', null, null, 'admin', null, null, null, null), ('204', '56', 'msg', '2', '1', '', '失败返回:服务器异常', null, null, 'admin', null, null, null, null), ('205', '56', 'data', '6', '1', '', '成功返回购物车实体列表,失败返回:无数据', null, null, 'admin', null, null, null, 'CouponMember'), ('206', '57', 'result', '1', '1', '', '成功返回:1,失败返回:0', null, null, 'admin', null, null, 'admin', null), ('207', '57', 'msg', '1', '0', '', '失败返回:服务器异常', null, null, 'admin', null, null, null, null), ('208', '57', 'data', '6', '1', '', '成功返回:购物车api实体;失败返回:确认订单失败', null, null, 'admin', null, null, null, 'CartApiBean'), ('209', '16', 'isFav', '1', '1', '0', '店铺是否收藏,:0为为收藏,1为收藏', null, null, 'admin', null, null, null, null), ('210', '51', 'goodsCallyList', '2', '1', '', 'List<String>类型,商品相册', null, null, 'admin', null, null, null, 'CartApiBean'), ('211', '51', 'specName', '2', '1', '', '规格名称', null, null, 'admin', null, null, null, null), ('212', '51', 'goodsTransfeeCharge', '1', '1', '', '商品运费承担方式 默认 0为买家承担 1为卖家承担', null, null, 'admin', null, null, null, null), ('213', '51', 'commentnum', '1', '1', '', '评论次数', null, null, 'admin', null, null, null, null), ('214', '51', 'cityName', '2', '1', '', '商品所在地(市)的名字', null, null, 'admin', null, null, null, null), ('215', '51', 'goodsTotalStorage', '1', '1', '', '商品的库存', null, null, 'admin', null, null, null, null), ('216', '51', 'goodsSpecValueAll', '2', '1', '', 'Map<String, List<GoodsSpecVo>>商品规格值', null, null, 'admin', null, null, null, null), ('217', '51', 'evaluateStore', '7', '1', '', 'EvaluateStore类型 商品店铺评分', null, null, 'admin', null, null, null, 'CartApiBean'), ('218', '51', 'promotionClass', '2', '1', '', '促销规则', null, null, 'admin', null, null, null, 'CartApiBean'), ('219', '51', 'isFav', '1', '1', '0', '商品是否已收藏', null, null, 'admin', null, null, null, null), ('220', '51', 'evaluateGoodsList', '6', '1', '', '商品评论(两条)', null, null, 'admin', null, null, 'admin', 'EvaluateGoodsApiBean'), ('221', '59', 'result', '1', '1', '', '成功返回:1,失败返回:0', null, null, 'admin', null, null, null, null), ('222', '59', 'tn', '2', '1', '', '银联交易交易流水号：成功返回交易号：失败不返回', null, null, 'admin', null, null, 'admin', null), ('223', '60', 'result', '1', '1', '', '成功返回1，失败返回0', null, null, 'admin', null, null, null, null), ('224', '60', 'data', '2', '1', '', '支付宝验证本地参数返回的的信息', null, null, 'admin', null, null, null, 'EvaluateGoodsApiBean'), ('225', '61', 'result', '1', '1', '', '成功返回1，失败返回0', null, null, 'admin', null, null, null, null), ('226', '61', ' data', '2', '1', '', '返回微信支付本地的验证参数如商户号，appid等', null, null, 'admin', null, null, null, null), ('227', '6', 'data', '2', '1', '', '成功返回:Map<String,Integer> 键为\"cartIds\",值为刚加入的这个购物车id', null, null, 'admin', null, null, 'admin', null), ('228', '6', 'result', '1', '1', '', '成功返回:1;失败返回:0', null, null, 'admin', null, null, null, null), ('229', '6', 'msg', '2', '1', '', '成功返回:\"加入购物车成功\";失败返回:\"服务器异常\"', null, null, 'admin', null, null, null, null), ('230', '62', 'result', '1', '1', '', '成功返回:1;失败返回:0', null, null, 'admin', null, null, 'admin', null), ('231', '62', 'msg', '2', '1', '', '成功返回::查询成功;失败返回:查询失败', null, null, 'admin', null, null, null, null), ('232', '62', 'data', '7', '1', '', '成功返回订单支付信息', null, null, 'admin', null, null, null, null), ('233', '42', 'data', '1', '1', '', '成功返回订单支付表信息,商品异常返回异常商品信息;payId:支付信息表id;paySn:支付单号(支付时使用);buyerId:买家id;apiPayState:支付状态;payAmount:支付金额;\r\n', null, null, 'admin', null, null, 'admin', null), ('234', '20', 'member', '6', '1', '', '会员实体', null, null, 'admin', null, null, 'admin', 'Member'), ('235', '65', 'result', '1', '1', '', 'result=1评论成功 result=0评论失败', null, null, 'admin', null, null, null, null), ('236', '63', 'floorType', '2', '1', '2*2', '楼层类型 1＊3，或者2*2等', null, null, 'admin', null, null, null, null), ('237', '63', 'goodsList', '6', '1', '', '分类下商品集合', null, null, 'admin', null, null, 'admin', 'ApiGoods'), ('238', '63', 'floorName', '2', '1', '', '分类名称', null, null, 'admin', null, null, null, null), ('239', '63', 'bannerUrl', '2', '0', '', '跳转url(预留)', null, null, 'admin', null, null, 'admin', null), ('240', '63', 'gcId', '1', '1', '', '分类id', null, null, 'admin', null, null, null, null), ('241', '68', 'result', '2', '1', '1', '修改成功', null, null, 'admin', null, null, null, null), ('242', '68', 'msg', '2', '1', '修改成功', '修改成功', null, null, 'admin', null, null, null, null), ('243', '69', 'specList', '6', '1', '', '商品规格', null, null, 'admin', null, null, null, 'spec'), ('244', '70', '规格值列表', '6', '1', '', '规格值列表', null, null, 'admin', null, null, null, 'SpecValue'), ('245', '72', 'result', '1', '1', '1', '1:成功\r\n0:失败', null, null, 'admin', null, null, null, null), ('246', '72', 'msg', '1', '1', '', '', null, null, 'admin', null, null, null, null), ('247', '40', 'searchType', '1', '1', '', '* 1. keywordSearch 关键词搜索\r\n	 * 2. gcIdSearch 分类查找,在keyword设置对应的id\r\n	 * 3. typeIdSearch 类型查找,在keyword设置对应的id', null, null, 'admin', null, null, null, null), ('248', '40', 'keyword', '2', '1', '', '', null, null, 'admin', null, null, null, null), ('249', '74', 'result', '1', '1', '', '1：表示返回成功；0：表示返回失败', null, null, 'admin', null, null, null, null), ('250', '74', 'data', '6', '1', '', '商品实体', null, null, 'admin', null, null, null, 'Goods'), ('251', '76', 'data', '1', '1', '', '成功返回,新增发票的信息', null, null, 'admin', null, null, null, null), ('252', '76', 'result', '1', '1', '', '成功返回:1;失败返回:0', null, null, 'admin', null, null, null, null), ('253', '76', 'msg', '2', '1', '', '成功:\"保存发票成功\";失败:\"服务器异常\"', null, null, 'admin', null, null, null, null), ('254', '77', 'data', '1', '1', '', '成功返回:发票对象列表;失败返回:\"无数据\"', null, null, 'admin', null, null, null, null), ('255', '77', 'result', '1', '1', '', '成功返回:1;失败返回:0', null, null, 'admin', null, null, null, null), ('256', '78', 'result', '2', '1', '1', '返回结果：\r\n1成功\r\n0失败', null, null, 'admin', null, null, null, null), ('257', '78', 'msg', '2', '1', '', '结果信息', null, null, 'admin', null, null, null, null), ('258', '78', 'cartCount', '2', '1', '', '购物车数量', null, null, 'admin', null, null, null, null), ('259', '80', 'result', '2', '1', '', '1：成功\r\n0：失败', null, null, 'admin', null, null, null, null), ('260', '80', 'msg', '2', '1', '', '返回结果信息', null, null, 'admin', null, null, null, null), ('261', '81', 'result', '2', '1', '1', '返回结果', null, null, 'admin', null, null, null, null), ('262', '81', 'msg', '2', '1', '', '返回结果文字说明', null, null, 'admin', null, null, null, null), ('263', '81', 'data', '1', '1', '', '验证码', null, null, 'admin', null, null, null, null), ('264', '83', 'memberId', '2', '1', '', '会员id', null, null, 'admin', null, null, null, null), ('265', '83', 'verifyCode', '2', '1', '', '验证码', null, null, 'admin', null, null, null, null), ('266', '85', 'data', '7', '1', '', '成功返回余额充值api实体', null, null, 'admin', null, null, null, null), ('267', '85', 'result', '1', '1', '', '成功返回:1;失败返回:0', null, null, 'admin', null, null, null, null), ('268', '85', 'msg', '2', '1', '', '成功返回:保存成功;失败返回:保存失败', null, null, 'admin', null, null, null, null), ('269', '86', 'result', '1', '1', '', '成功返回:1;失败返回:0', null, null, 'admin', null, null, null, null), ('270', '86', 'msg', '2', '1', '', '成功返回:\"登录成功\";失败返回:\"第三方登录出错了\"', null, null, 'admin', null, null, null, null), ('271', '86', 'data', '7', '0', '', '成功返回用户api实体', null, null, 'admin', null, null, null, null), ('272', '87', 'result', '1', '1', '', '成功返回:1;失败返回:0', null, null, 'admin', null, null, null, null), ('273', '87', 'data', '2', '1', '', '成功返回用户余额', null, null, 'admin', null, null, null, null), ('274', '87', 'msg', '2', '0', '', '失败返回:\"服务器异常\"', null, null, 'admin', null, null, null, null);
COMMIT;

-- ----------------------------
--  Table structure for `shop_doc_type`
-- ----------------------------
DROP TABLE IF EXISTS `shop_doc_type`;
CREATE TABLE `shop_doc_type` (
  `id` int(11) NOT NULL AUTO_INCREMENT COMMENT 'id',
  `name` varchar(255) DEFAULT NULL COMMENT '文档分类名称',
  `sort` int(13) DEFAULT NULL COMMENT '排序',
  `description` varchar(255) DEFAULT NULL COMMENT '描述',
  `status` int(13) DEFAULT NULL COMMENT '状态',
  `create_time` bigint(13) DEFAULT NULL COMMENT '创建时间',
  `createdby` varchar(255) DEFAULT NULL COMMENT '添加人',
  `updatecount` int(13) DEFAULT NULL COMMENT '修改次数',
  `update_time` bigint(13) DEFAULT NULL COMMENT '修改时间',
  `updateby` varchar(255) DEFAULT NULL COMMENT '修改人',
  PRIMARY KEY (`id`)
) ENGINE=InnoDB DEFAULT CHARSET=utf8 COMMENT='文档分类';

-- ----------------------------
--  Table structure for `shop_document`
-- ----------------------------
DROP TABLE IF EXISTS `shop_document`;
CREATE TABLE `shop_document` (
  `doc_id` mediumint(11) NOT NULL AUTO_INCREMENT COMMENT 'id',
  `doc_code` varchar(255) NOT NULL COMMENT '调用标识码',
  `doc_title` varchar(255) NOT NULL COMMENT '标题',
  `doc_content` text NOT NULL COMMENT '内容',
  `doc_time` datetime DEFAULT NULL COMMENT '添加时间/修改时间',
  `create_time` bigint(13) DEFAULT NULL COMMENT '创建时间',
  `update_time` bigint(13) DEFAULT NULL COMMENT '修改时间',
  `is_del` tinyint(1) DEFAULT NULL COMMENT '0:未删除;1.已删除',
  PRIMARY KEY (`doc_id`),
  UNIQUE KEY `doc_code` (`doc_code`) USING BTREE
) ENGINE=InnoDB AUTO_INCREMENT=8 DEFAULT CHARSET=utf8 COMMENT='系统文章表';

-- ----------------------------
--  Records of `shop_document`
-- ----------------------------
BEGIN;
INSERT INTO `shop_document` VALUES ('1', 'agreement', '用户服务协议', '<p>特别提醒用户认真阅读本《用户服务协议》(下称《协议》) 中各条款。除非您接受本《协议》条款，否则您无权使用本网站提供的相关服务。您的使用行为将视为对本《协议》的接受，并同意接受本《协议》各项条款的约束。 <br/> <br/> <strong>一、定义</strong><br/></p><ol class=\" list-paddingleft-2\"><li><p>&quot;用户&quot;指符合本协议所规定的条件，同意遵守本网站各种规则、条款（包括但不限于本协议），并使用本网站的个人或机构。</p></li><li><p>&quot;卖家&quot;是指在本网站上出售物品的用户。&quot;买家&quot;是指在本网站购买物品的用户。</p></li><li><p>&quot;成交&quot;指买家根据卖家所刊登的交易要求，在特定时间内提出最优的交易条件，因而取得依其提出的条件购买该交易物品的权利。</p></li></ol><p><br/> <br/> <strong>二、用户资格</strong><br/> <br/> 只有符合下列条件之一的人员或实体才能申请成为本网站用户，可以使用本网站的服务。</p><ol class=\" list-paddingleft-2\"><li><p>年满十八岁，并具有民事权利能力和民事行为能力的自然人；</p></li><li><p>未满十八岁，但监护人（包括但不仅限于父母）予以书面同意的自然人；</p></li><li><p>根据中国法律或设立地法律、法规和/或规章成立并合法存在的公司、企事业单位、社团组织和其他组织。</p></li></ol><p><br/> 无民事行为能力人、限制民事行为能力人以及无经营或特定经营资格的组织不当注册为本网站用户或超过其民事权利或行为能力范围从事交易的，其与本网站之间的协议自始无效，本网站一经发现，有权立即注销该用户，并追究其使用本网站&quot;服务&quot;的一切法律责任。<br/> <br/> <strong>三.用户的权利和义务</strong><br/></p><ol class=\" list-paddingleft-2\"><li><p>用户有权根据本协议的规定及本网站发布的相关规则，利用本网站网上交易平台登录物品、发布交易信息、查询物品信息、购买物品、与其他用户订立物品买卖合同、在本网站社区发帖、参加本网站的有关活动及有权享受本网站提供的其他的有关资讯及信息服务。</p></li><li><p>用户有权根据需要更改密码和交易密码。用户应对以该用户名进行的所有活动和事件负全部责任。</p></li><li><p>用户有义务确保向本网站提供的任何资料、注册信息真实准确，包括但不限于真实姓名、身份证号、联系电话、地址、邮政编码等。保证本网站及其他用户可以通过上述联系方式与自己进行联系。同时，用户也有义务在相关资料实际变更时及时更新有关注册资料。</p></li><li><p>用户不得以任何形式擅自转让或授权他人使用自己在本网站的用户帐号。</p></li><li><p>用户有义务确保在本网站网上交易平台上登录物品、发布的交易信息真实、准确，无误导性。</p></li><li><p>用户不得在本网站网上交易平台买卖国家禁止销售的或限制销售的物品、不得买卖侵犯他人知识产权或其他合法权益的物品，也不得买卖违背社会公共利益或公共道德的物品。</p></li><li><p>用户不得在本网站发布各类违法或违规信息。包括但不限于物品信息、交易信息、社区帖子、物品留言，店铺留言，评价内容等。</p></li><li><p>用户在本网站交易中应当遵守诚实信用原则，不得以干预或操纵物品价格等不正当竞争方式扰乱网上交易秩序，不得从事与网上交易无关的不当行为，不得在交易平台上发布任何违法信息。</p></li><li><p>用户不应采取不正当手段（包括但不限于虚假交易、互换好评等方式）提高自身或他人信用度，或采用不正当手段恶意评价其他用户，降低其他用户信用度。</p></li><li><p>用户承诺自己在使用本网站网上交易平台实施的所有行为遵守国家法律、法规和本网站的相关规定以及各种社会公共利益或公共道德。对于任何法律后果的发生，用户将以自己的名义独立承担所有相应的法律责任。</p></li><li><p>用户在本网站网上交易过程中如与其他用户因交易产生纠纷，可以请求本网站从中予以协调。用户如发现其他用户有违法或违反本协议的行为，可以向本网站举报。如用户因网上交易与其他用户产生诉讼的，用户有权通过司法部门要求本网站提供相关资料。</p></li><li><p>用户应自行承担因交易产生的相关费用，并依法纳税。</p></li><li><p>未经本网站书面允许，用户不得将本网站资料以及在交易平台上所展示的任何信息以复制、修改、翻译等形式制作衍生作品、分发或公开展示。</p></li><li><p>用户同意接收来自本网站的信息，包括但不限于活动信息、交易信息、促销信息等。</p></li></ol><p><br/> <br/> <strong>四、 本网站的权利和义务</strong><br/></p><ol class=\" list-paddingleft-2\"><li><p>本网站不是传统意义上的&quot;拍卖商&quot;，仅为用户提供一个信息交流、进行物品买卖的平台，充当买卖双方之间的交流媒介，而非买主或卖主的代理商、合伙 &nbsp;人、雇员或雇主等经营关系人。公布在本网站上的交易物品是用户自行上传进行交易的物品，并非本网站所有。对于用户刊登物品、提供的信息或参与竞标的过程， &nbsp;本网站均不加以监视或控制，亦不介入物品的交易过程，包括运送、付款、退款、瑕疵担保及其它交易事项，且不承担因交易物品存在品质、权利上的瑕疵以及交易 &nbsp;方履行交易协议的能力而产生的任何责任，对于出现在拍卖上的物品品质、安全性或合法性，本网站均不予保证。</p></li><li><p>本网站有义务在现有技术水平的基础上努力确保整个网上交易平台的正常运行，尽力避免服务中断或将中断时间限制在最短时间内，保证用户网上交易活动的顺利进行。</p></li><li><p>本网站有义务对用户在注册使用本网站网上交易平台中所遇到的问题及反映的情况及时作出回复。</p></li><li><p>本网站有权对用户的注册资料进行查阅，对存在任何问题或怀疑的注册资料，本网站有权发出通知询问用户并要求用户做出解释、改正，或直接做出处罚、删除等处理。</p></li><li><p>用 &nbsp;户因在本网站网上交易与其他用户产生纠纷的，用户通过司法部门或行政部门依照法定程序要求本网站提供相关资料，本网站将积极配合并提供有关资料；用户将纠 &nbsp;纷告知本网站，或本网站知悉纠纷情况的，经审核后，本网站有权通过电子邮件及电话联系向纠纷双方了解纠纷情况，并将所了解的情况通过电子邮件互相通知对 &nbsp;方。</p></li><li><p>因网上交易平台的特殊性，本网站没有义务对所有用户的注册资料、所有的交易行为以及与交易有关的其他事项进行事先审查，但如发生以下情形，本网站有权限制用户的活动、向用户核实有关资料、发出警告通知、暂时中止、无限期地中止及拒绝向该用户提供服务：</p></li><ul class=\" list-paddingleft-2\"><li><p>用户违反本协议或因被提及而纳入本协议的文件；</p></li><li><p>存在用户或其他第三方通知本网站，认为某个用户或具体交易事项存在违法或不当行为，并提供相关证据，而本网站无法联系到该用户核证或验证该用户向本网站提供的任何资料；</p></li><li><p>存在用户或其他第三方通知本网站，认为某个用户或具体交易事项存在违法或不当行为，并提供相关证据。本网站以普通非专业交易者的知识水平标准对相关内容进行判别，可以明显认为这些内容或行为可能对本网站用户或本网站造成财务损失或法律责任。</p></li></ul><li><p>在反网络欺诈行动中，本着保护广大用户利益的原则，当用户举报自己交易可能存在欺诈而产生交易争议时，本网站有权通过表面判断暂时冻结相关用户账号，并有权核对当事人身份资料及要求提供交易相关证明材料。</p></li><li><p>根据国家法律法规、本协议的内容和本网站所掌握的事实依据，可以认定用户存在违法或违反本协议行为以及在本网站交易平台上的其他不当行为，本网站有权在本网站交易平台及所在网站上以网络发布形式公布用户的违法行为，并有权随时作出删除相关信息，而无须征得用户的同意。</p></li><li><p>本 &nbsp;网站有权在不通知用户的前提下删除或采取其他限制性措施处理下列信息：包括但不限于以规避费用为目的；以炒作信用为目的；存在欺诈等恶意或虚假内容；与网 &nbsp;上交易无关或不是以交易为目的；存在恶意竞价或其他试图扰乱正常交易秩序因素；该信息违反公共利益或可能严重损害本网站和其他用户合法利益的。</p></li><li><p>用 &nbsp;户授予本网站独家的、全球通用的、永久的、免费的信息许可使用权利，本网站有权对该权利进行再授权，依此授权本网站有权(全部或部份地) &nbsp;使用、复制、修订、改写、发布、翻译、分发、执行和展示用户公示于网站的各类信息或制作其派生作品，以现在已知或日后开发的任何形式、媒体或技术，将上述 &nbsp;信息纳入其他作品内。</p></li></ol><p><br/> <br/> <strong>五、服务的中断和终止</strong><br/></p><ol class=\" list-paddingleft-2\"><li><p>在 &nbsp;本网站未向用户收取相关服务费用的情况下，本网站可自行全权决定以任何理由 &nbsp;(包括但不限于本网站认为用户已违反本协议的字面意义和精神，或用户在超过180天内未登录本网站等) &nbsp;终止对用户的服务，并不再保存用户在本网站的全部资料（包括但不限于用户信息、商品信息、交易信息等）。同时本网站可自行全权决定，在发出通知或不发出通 &nbsp;知的情况下，随时停止提供全部或部分服务。服务终止后，本网站没有义务为用户保留原用户资料或与之相关的任何信息，或转发任何未曾阅读或发送的信息给用户 &nbsp;或第三方。此外，本网站不就终止对用户的服务而对用户或任何第三方承担任何责任。</p></li><li><p>如用户向本网站提出注销本网站注册用户身份，需经本网站审核同意，由本网站注销该注册用户，用户即解除与本网站的协议关系，但本网站仍保留下列权利：</p></li><ul class=\" list-paddingleft-2\"><li><p>用户注销后，本网站有权保留该用户的资料,包括但不限于以前的用户资料、店铺资料、商品资料和交易记录等。</p></li><li><p>用户注销后，如用户在注销前在本网站交易平台上存在违法行为或违反本协议的行为，本网站仍可行使本协议所规定的权利。</p></li></ul><li><p>如存在下列情况，本网站可以通过注销用户的方式终止服务：</p></li><ul class=\" list-paddingleft-2\"><li><p>在用户违反本协议相关规定时，本网站有权终止向该用户提供服务。本网站将在中断服务时通知用户。但如该用户在被本网站终止提供服务后，再一次直接或间接或以他人名义注册为本网站用户的，本网站有权再次单方面终止为该用户提供服务；</p></li><li><p>一旦本网站发现用户注册资料中主要内容是虚假的，本网站有权随时终止为该用户提供服务；</p></li><li><p>本协议终止或更新时，用户未确认新的协议的。</p></li><li><p>其它本网站认为需终止服务的情况。</p></li></ul><li><p>因用户违反相关法律法规或者违反本协议规定等原因而致使本网站中断、终止对用户服务的，对于服务中断、终止之前用户交易行为依下列原则处理：</p></li><ul class=\" list-paddingleft-2\"><li><p>本网站有权决定是否在中断、终止对用户服务前将用户被中断或终止服务的情况和原因通知用户交易关系方，包括但不限于对该交易有意向但尚未达成交易的用户,参与该交易竞价的用户，已达成交易要约用户。</p></li><li><p>服务中断、终止之前，用户已经上传至本网站的物品尚未交易或交易尚未完成的，本网站有权在中断、终止服务的同时删除此项物品的相关信息。</p></li><li><p>服务中断、终止之前，用户已经就其他用户出售的具体物品作出要约，但交易尚未结束，本网站有权在中断或终止服务的同时删除该用户的相关要约和信息。</p></li></ul><li><p>本网站若因用户的行为（包括但不限于刊登的商品、在本网站社区发帖等）侵害了第三方的权利或违反了相关规定，而受到第三方的追偿或受到主管机关的处分时，用户应赔偿本网站因此所产生的一切损失及费用。</p></li><li><p>对违反相关法律法规或者违反本协议规定，且情节严重的用户，本网站有权终止该用户的其它服务。</p></li></ol><p><br/> <br/> <strong>六、协议的修订</strong><br/> <br/> 本协议可由本网站随时修订，并将修订后的协议公告于本网站之上，修订后的条款内容自公告时起生效，并成为本协议的一部分。用户若在本协议修改之后，仍继续使用本网站，则视为用户接受和自愿遵守修订后的协议。本网站行使修改或中断服务时，不需对任何第三方负责。<br/> <br/> <strong>七、 本网站的责任范围 </strong><br/> <br/> 当用户接受该协议时，用户应明确了解并同意∶</p><ol class=\" list-paddingleft-2\"><li><p>是否经由本网站下载或取得任何资料，由用户自行考虑、衡量并且自负风险，因下载任何资料而导致用户电脑系统的任何损坏或资料流失，用户应负完全责任。</p></li><li><p>用户经由本网站取得的建议和资讯，无论其形式或表现，绝不构成本协议未明示规定的任何保证。</p></li><li><p>基于以下原因而造成的利润、商誉、使用、资料损失或其它无形损失，本网站不承担任何直接、间接、附带、特别、衍生性或惩罚性赔偿（即使本网站已被告知前款赔偿的可能性）：</p></li><ul class=\" list-paddingleft-2\"><li><p>本网站的使用或无法使用。</p></li><li><p>经由或通过本网站购买或取得的任何物品，或接收之信息，或进行交易所随之产生的替代物品及服务的购买成本。</p></li><li><p>用户的传输或资料遭到未获授权的存取或变更。</p></li><li><p>本网站中任何第三方之声明或行为。</p></li><li><p>本网站其它相关事宜。</p></li></ul><li><p>本网站只是为用户提供一个交易的平台，对于用户所刊登的交易物品的合法性、真实性及其品质，以及用户履行交易的能力等，本网站一律不负任何担保责任。用户如果因使用本网站，或因购买刊登于本网站的任何物品，而受有损害时，本网站不负任何补偿或赔偿责任。</p></li><li><p>本 &nbsp;网站提供与其它互联网上的网站或资源的链接，用户可能会因此连结至其它运营商经营的网站，但不表示本网站与这些运营商有任何关系。其它运营商经营的网站均 &nbsp;由各经营者自行负责，不属于本网站控制及负责范围之内。对于存在或来源于此类网站或资源的任何内容、广告、产品或其它资料，本网站亦不予保证或负责。因使 &nbsp;用或依赖任何此类网站或资源发布的或经由此类网站或资源获得的任何内容、物品或服务所产生的任何损害或损失，本网站不负任何直接或间接的责任。</p></li></ol><p><br/> <br/> <strong>八.、不可抗力</strong><br/> <br/> 因不可抗力或者其他意外事件，使得本协议的履行不可能、不必要或者无意义的，双方均不承担责任。本合同所称之不可抗力意指不能预见、不能避免并不能克服的 &nbsp;客观情况，包括但不限于战争、台风、水灾、火灾、雷击或地震、罢工、暴动、法定疾病、黑客攻击、网络病毒、电信部门技术管制、政府行为或任何其它自然或人 &nbsp;为造成的灾难等客观情况。<br/> <br/> <strong>九、争议解决方式</strong><br/></p><ol class=\" list-paddingleft-2\"><li><p>本协议及其修订本的有效性、履行和与本协议及其修订本效力有关的所有事宜，将受中华人民共和国法律管辖，任何争议仅适用中华人民共和国法律。</p></li><li><p>因 &nbsp;使用本网站服务所引起与本网站的任何争议，均应提交深圳仲裁委员会按照该会届时有效的仲裁规则进行仲裁。相关争议应单独仲裁，不得与任何其它方的争议在任 &nbsp;何仲裁中合并处理，该仲裁裁决是终局，对各方均有约束力。如果所涉及的争议不适于仲裁解决，用户同意一切争议由人民法院管辖。</p></li></ol>', '2014-12-21 01:31:51', '20150914112538', '20150914112539', '0'), ('4', 'open_store', '开店协议', '<p>使用本公司服务所须遵守的条款和条件。<br /><br />1.用户资格<br />本公司的服务仅向适用法律下能够签订具有法律约束力的合同的个人提供并仅由其使用。在不限制前述规定的前提下，本公司的服务不向18周岁以下或被临时或无限期中止的用户提供。如您不合资格，请勿使用本公司的服务。此外，您的帐户（包括信用评价）和用户名不得向其他方转让或出售。另外，本公司保留根据其意愿中止或终止您的帐户的权利。<br /><br />2.您的资料（包括但不限于所添加的任何商品）不得：<br />*具有欺诈性、虚假、不准确或具误导性；<br />*侵犯任何第三方著作权、专利权、商标权、商业秘密或其他专有权利或发表权或隐私权；<br />*违反任何适用的法律或法规（包括但不限于有关出口管制、消费者保护、不正当竞争、刑法、反歧视或贸易惯例/公平贸易法律的法律或法规）；<br />*有侮辱或者诽谤他人，侵害他人合法权益的内容；<br />*有淫秽、色情、赌博、暴力、凶杀、恐怖或者教唆犯罪的内容；<br />*包含可能破坏、改变、删除、不利影响、秘密截取、未经授权而接触或征用任何系统、数据或个人资料的任何病毒、特洛依木马、蠕虫、定时炸弹、删除蝇、复活节彩蛋、间谍软件或其他电脑程序；<br /><br />3.违约<br />如发生以下情形，本公司可能限制您的活动、立即删除您的商品、向本公司社区发出有关您的行为的警告、发出警告通知、暂时中止、无限期地中止或终止您的用户资格及拒绝向您提供服务：<br />(a)您违反本协议或纳入本协议的文件；<br />(b)本公司无法核证或验证您向本公司提供的任何资料；<br />(c)本公司相信您的行为可能对您、本公司用户或本公司造成损失或法律责任。<br /><br />4.责任限制<br />本公司、本公司的关联公司和相关实体或本公司的供应商在任何情况下均不就因本公司的网站、本公司的服务或本协议而产生或与之有关的利润损失或任何特别、间接或后果性的损害（无论以何种方式产生，包括疏忽）承担任何责任。您同意您就您自身行为之合法性单独承担责任。您同意，本公司和本公司的所有关联公司和相关实体对本公司用户的行为的合法性及产生的任何结果不承担责任。<br /><br />5.无代理关系<br />用户和本公司是独立的合同方，本协议无意建立也没有创立任何代理、合伙、合营、雇员与雇主或特许经营关系。本公司也不对任何用户及其网上交易行为做出明示或默许的推荐、承诺或担保。<br /><br />6.一般规定<br />本协议在所有方面均受中华人民共和国法律管辖。本协议的规定是可分割的，如本协议任何规定被裁定为无效或不可执行，该规定可被删除而其余条款应予以执行。</p>', '2014-12-21 01:31:54', '20150914112538', '20150914112539', '0'), ('5', 'groupbuy', '团购活动协议', '<p>\r\n	一、团购的所有权和运作权归本公司。\r\n</p>\r\n<p>\r\n	二、本公司有权在必要时修改本协议，本协议一旦发生变更，将会在相关页面上公布。如果您不同意所改动的内容，您应主动停止使用团购服务。如果您继续使用服务，则视为接受本协议的变更。\r\n</p>\r\n<p>\r\n	三、如发生下列任何一种情形，本公司有权中断或终止向您提供的服务而无需通知您：\r\n</p>\r\n1、 您提供的个人资料不真实；<br />\r\n2、您违反本协议的规定；<br />\r\n3、 按照政府主管部门的监管要求；<br />\r\n4、本公司认为您的行为违反团购服务性质或需求的特殊情形。\r\n<p>\r\n	四、尽管本协议可能另有其他规定，本公司仍然可以随时终止本协议。\r\n</p>\r\n<p>\r\n	五、本公司终止本协议的权利不会妨害本公司可能拥有的在本协议终止前因您违反本协议或本公司本应享有的任何其他权利。\r\n</p>\r\n<p>\r\n	六、您理解并完全接受，本公司有权自行对团购资源作下线处理。\r\n</p>', '2014-12-21 01:31:56', '20150914112538', '20150914112539', '0'), ('6', 'create_circle', '圈子使用须知', '                                                               请您仔细阅读本须知的全部内容（特别是以<strong><span style=\"text-decoration:underline;\">粗体下划线</span></strong>标注的内容）。如果您不同意本须知的任意内容，您应当停止使用本产品。\r\n<p>\r\n	1、“圈子”是本公司开设的一个供商城用户（以下简称“用户”或“您”）交流购物体验等信息的网络社区。<strong><span style=\"text-decoration:underline;\">您使用“圈子”产品需遵守本须知，并遵守本公司公布的操作流程和规则。</span></strong>\r\n</p>\r\n<p>\r\n	2、“圈子”产品的功能和产品提供方式由本公司自行决定，后续本公司可能调整产品名称和产品运行的域名等。<strong><span style=\"text-decoration:underline;\">本须知适用于“圈子”产品的调整、改进版本和附加功能。</span></strong>\r\n</p>\r\n<p>\r\n	3、您可以通过本产品创建网络关系圈子，其他感兴趣的用户可以加入您创建的圈子。您应当遵守任何适用的法律之规定，并自觉尊重和维护其他参与者的合法权利。您不得以任何形式开展违法活动、侵犯他人合法权益、损害本公司或其他公司的合法利益，否则您需为此自行承担法律责任。<strong><span style=\"text-decoration:underline;\">您同意本公司无需为产品使用者的违法或侵权等行为承担任何责任。</span></strong>\r\n</p>\r\n<p>\r\n	4、您同意并保证通过本产品上传、发布的文字、图片等全部信息素材符合相关法律的规定。您保证素材内容以及素材所含链接指向的内容的合法性和正当性，不侵犯他人的肖像权、名誉权、知识产权、隐私权等合法权益，也不会侵犯法人或其他团体的商业秘密等合法权益。\r\n</p>\r\n<p>\r\n	5、<strong><span style=\"text-decoration:underline;\">您使用本产品可能需要提供关于您的个人资料、肖像、联系方式等个人信息。您了解并同意，在使用本产品过程中关于您的个人信息可能会通过网络等渠道进行传播。</span></strong>\r\n</p>\r\n<p>\r\n	6、您通过本产品上传、发布素材，即意味着<strong><span style=\"text-decoration:underline;\">您同意向本公司提供免费的、永久性的、不可撤销的权利和许可，使本公司可以在全球范围内复制、发行、展示、演绎和通过信息网络等渠道使用您上传的素材和信息</span></strong>，例如将您提供的图片发布于活动页面或平面媒体中。\r\n</p>\r\n<p>\r\n	7、本公司无法事先了解您上传素材的真实性和合法性。如您上传的素材被发现不适宜展示或遭受他人举报或投诉的，本公司有权立即删除或进行屏蔽从而停止该素材的继续传播。<strong><span style=\"text-decoration:underline;\">如果您违反本须知的内容、有关协议或规则等的，本公司有权删除相关素材并有权拒绝您继续使用产品，届时您无权要求本公司进行补偿或赔偿。</span></strong>\r\n</p>\r\n<p>\r\n	8、您使用本产品应同时遵守《用户服务协议》、本公司公布的各项规则以及本公司发布的关于本产品的特别规则和制度。\r\n</p>\r\n<p>\r\n	9、第三方可能通过分公司其他产品或本产品知悉并使用您上传的素材、个人信息或进而侵犯您的合法权利。<strong><span style=\"text-decoration:underline;\">本公司提醒您注意和谨防网络诈骗以及其他可能对您不利的行动和信息，但本公司对第三方的侵权、违法等行为不承担赔偿等法律责任。</span></strong>您承诺合法使用并善待其他用户上传的素材和信息。\r\n</p>\r\n<p>\r\n	10、您应自行对上传的素材进行备份。本公司可能按照本须知删除或屏蔽素材，相关系统亦可能遭受网络攻击或网络故障，类似或其他情况均可能使您上传的素材丢失或故障，对此本公司将尽力避免但不做任何保证。\r\n</p>\r\n<p>\r\n	11、<strong><span style=\"text-decoration:underline;\">如您因使用本产品与本公司发生纠纷的，您同意由本公司住所地人民法院管辖审理。</span></strong> \r\n</p>\r\n<p>\r\n	12、<strong><span style=\"text-decoration:underline;\">本公司有权更新、修改本须知以及有关规则、流程等相关文件的内容，本公司在法律允许的范围内负责对本须知进行说明和解释</span></strong>。如您对修改存有异议，您有权选择不再继续使用本产品，但您在此前的行为仍受本须知以及相关文件最新的修改版本的约束。\r\n</p>\r\n                    \r\n                    \r\n                    ', '2015-06-25 11:51:43', '20150914112538', '20150914112539', '0'), ('7', 'test', '协议', '                                        <p>\r\n	test\r\n</p>\r\n<p>\r\n	test\r\n</p>\r\n<p>\r\n	test\r\n</p>\r\n                    \r\n                    ', '2015-08-11 09:00:44', '20150914112538', '20150914112539', '0');
COMMIT;

-- ----------------------------
--  Table structure for `shop_evaluate_goods`
-- ----------------------------
DROP TABLE IF EXISTS `shop_evaluate_goods`;
CREATE TABLE `shop_evaluate_goods` (
  `geval_id` int(11) NOT NULL AUTO_INCREMENT COMMENT '评价ID',
  `geval_orderid` int(11) NOT NULL COMMENT '订单表自增ID',
  `geval_orderno` bigint(20) unsigned NOT NULL COMMENT '订单编号',
  `geval_ordergoodsid` int(11) NOT NULL COMMENT '订单商品表编号',
  `geval_goodsid` int(11) NOT NULL COMMENT '商品表编号',
  `geval_goodsname` varchar(100) NOT NULL COMMENT '商品名称',
  `geval_goodsprice` decimal(10,2) DEFAULT NULL COMMENT '商品价格',
  `geval_scores` tinyint(1) NOT NULL COMMENT '1-5分',
  `geval_content` varchar(255) DEFAULT NULL COMMENT '信誉评价内容',
  `geval_isanonymous` tinyint(1) NOT NULL DEFAULT '0' COMMENT '0表示不是 1表示是匿名评价',
  `geval_addtime` bigint(13) DEFAULT NULL COMMENT '评价时间',
  `geval_storeid` int(11) NOT NULL COMMENT '店铺编号',
  `geval_storename` varchar(100) NOT NULL COMMENT '店铺名称',
  `geval_frommemberid` int(11) NOT NULL COMMENT '评价人编号',
  `geval_frommembername` varchar(100) NOT NULL COMMENT '评价人名称',
  `geval_state` tinyint(1) NOT NULL DEFAULT '0' COMMENT '评价信息的状态 0为正常 1为禁止显示',
  `geval_remark` varchar(255) DEFAULT NULL COMMENT '管理员对评价的处理备注',
  `geval_explain` varchar(255) DEFAULT NULL COMMENT '解释内容',
  `geval_image` varchar(255) DEFAULT NULL COMMENT '晒单图片',
  `is_del` tinyint(1) DEFAULT NULL COMMENT '0:未删除;1.已删除',
  `create_time` bigint(13) DEFAULT NULL COMMENT '创建时间',
  `update_time` bigint(13) DEFAULT NULL COMMENT '修改时间',
  `spec_info` varchar(255) DEFAULT NULL,
  PRIMARY KEY (`geval_id`)
) ENGINE=InnoDB AUTO_INCREMENT=34 DEFAULT CHARSET=utf8 COMMENT='信誉评价表';

-- ----------------------------
--  Records of `shop_evaluate_goods`
-- ----------------------------
BEGIN;
INSERT INTO `shop_evaluate_goods` VALUES ('1', '64', '20150804111049079', '61', '4', '拜亚动力耳机', '0.02', '5', '111111111', '0', null, '10', '西域驼铃', '5', 'gyh99', '0', null, null, null, '0', '20150914112539', null, null), ('2', '65', '20150804111132130', '62', '4', '拜亚动力耳机', '0.02', '5', '123123', '0', null, '10', '西域驼铃', '5', 'gyh99', '0', null, null, null, '0', '20150914112539', null, null), ('3', '63', '20150804110333104', '60', '4', '拜亚动力耳机', '0.02', '5', '1312313123', '0', null, '10', '西域驼铃', '5', 'gyh99', '0', null, null, null, '0', '20150914112539', null, null), ('4', '101', '20150819183047670', '93', '19', '美版苹果iPhone6 64G版 4G手机 4.7寸（金色）A1586 支持移动电信联通 金色', '0.01', '5', '123123123123', '0', null, '9', '你大爷六块', '10', '13520085712', '0', null, null, null, '0', '20150914112539', null, null), ('5', '100', '20150819182733899', '92', '19', '美版苹果iPhone6 64G版 4G手机 4.7寸（金色）A1586 支持移动电信联通 金色', '0.01', '5', '', '0', null, '9', '你大爷六块', '10', '13520085712', '0', null, null, null, '0', '20150914112539', null, null), ('6', '93', '20150819144121546', '85', '19', '美版苹果iPhone6 64G版 4G手机 4.7寸（金色）A1586 支持移动电信联通 金色', '0.01', '4', '', '0', null, '9', '你大爷六块', '10', '13520085712', '0', null, null, null, '0', '20150914112539', null, null), ('7', '92', '20150819143828576', '84', '19', '美版苹果iPhone6 64G版 4G手机 4.7寸（金色）A1586 支持移动电信联通 金色', '0.01', '3', '', '0', null, '9', '你大爷六块', '10', '13520085712', '0', null, null, null, '0', '20150914112539', null, null), ('8', '81', '20150818172518742', '73', '19', '美版苹果iPhone6 64G版 4G手机 4.7寸（金色）A1586 支持移动电信联通 金色', '0.01', '2', '', '0', null, '9', '你大爷六块', '10', '13520085712', '0', null, null, null, '0', '20150914112539', null, null), ('9', '91', '20150819122323415', '83', '19', '美版苹果iPhone6 64G版 4G手机 4.7寸（金色）A1586 支持移动电信联通 金色', '0.01', '1', '', '0', null, '9', '你大爷六块', '10', '13520085712', '0', null, null, null, '0', '20150914112539', null, null), ('10', '244', '20150831155558855', '245', '19', '美版苹果iPhone6 64G版 4G手机 4.7寸（金色）A1586 支持移动电信联通 金色', '0.01', '4', '宝贝不错', '0', null, '9', '京川牦牛', '28', '吴世勋', '0', null, null, null, '0', '20150914112539', null, null), ('11', '103', '20150819145733826', '95', '19', '美版苹果iPhone6 64G版 4G手机 4.7寸（金色）A1586 支持移动电信联通 金色', '0.01', '3', '记性哦', '1', null, '9', '京川牦牛', '10', '13520085712', '0', null, null, null, '0', '20150914112539', null, null), ('12', '103', '20150819145733826', '95', '19', '美版苹果iPhone6 64G版 4G手机 4.7寸（金色）A1586 支持移动电信联通 金色', '0.01', '3', 'rteygertw', '0', null, '9', '京川牦牛', '10', '13520085712', '0', null, null, '/upload/img/avatar/1441102180783.jpg', '1', '20150914112539', null, null), ('13', '268', '20150901145849287', '271', '19', '美版苹果iPhone6 64G版 4G手机 4.7寸（金色）A1586 支持移动电信联通 金色', '0.01', '4', '考虑考虑', '0', null, '9', '京川牦牛', '5', 'gyh99', '0', null, null, '', '0', '20150914112539', null, null), ('14', '267', '20150901145401487', '270', '19', '美版苹果iPhone6 64G版 4G手机 4.7寸（金色）A1586 支持移动电信联通 金色', '0.01', '3', '看看图', '0', null, '9', '京川牦牛', '5', 'gyh99', '0', null, null, '/upload/img/avatar/1441102641158.jpg,/upload/img/avatar/1441102641169.3.020-bigpicture_01_3.jpg', '0', '20150914112539', null, null), ('15', '265', '20150901145245745', '267', '19', '美版苹果iPhone6 64G版 4G手机 4.7寸（金色）A1586 支持移动电信联通 金色', '0.01', '4', '哈哈哈哈', '0', null, '9', '京川牦牛', '5', 'gyh99', '0', null, null, null, '0', '20150914112539', null, null), ('16', '286', '20150902104210202', '290', '49', 'KRAVITZ牛仔布料吴世勋帽子潮流棒球帽平檐帽EXO同款嘻哈平沿帽子', '26.00', '5', '帽帽很不错哦！超喜欢', '0', null, '13', '∑SeHun°の店', '28', '吴世勋', '0', null, null, null, '0', '20150914112539', null, null), ('17', '256', '20150831171051079', '258', '6', ' Apple iPhone 6 (A1586) 16GB 金色 移动联通电信4G手机', '4688.00', '4', '手机还不错', '0', null, '10', '西域驼铃', '28', '吴世勋', '0', null, null, null, '0', '20150914112539', null, null), ('18', '276', '20150901191114040', '280', '47', 'exo吴世勋同款鸭舌帽子韩国帽子女夏天潮嘻哈帽平沿棒球帽男潮牌', '18.00', '2', '', '0', null, '13', '∑SeHun°の店', '5', 'gyh99', '0', null, null, null, '0', '20150914112539', null, null), ('19', '289', '20150902150201688', '293', '49', 'KRAVITZ牛仔布料吴世勋帽子潮流棒球帽平檐帽EXO同款嘻哈平沿帽子', '26.00', '4', '宝贝不错，带着朋友都说好看', '0', null, '13', '∑SeHun°の店', '28', '吴世勋', '0', null, null, null, '0', '20150914112539', null, null), ('20', '288', '20150902151451983', '292', '47', 'exo吴世勋同款鸭舌帽子韩国帽子女夏天潮嘻哈帽平沿棒球帽男潮牌', '13.50', '3', '不错', '0', null, '13', '京川牦牛', '36', '18610810207', '0', null, null, '/upload/img/avatar/1441178367703.jpg', '0', '20150914112539', null, null), ('21', '288', '20150902151451983', '292', '47', 'exo吴世勋同款鸭舌帽子韩国帽子女夏天潮嘻哈帽平沿棒球帽男潮牌', '13.50', '4', '美版还可以', '0', null, '13', '京川牦牛', '36', '18610810207', '0', null, null, '/upload/img/avatar/1441178626134.jpg', '0', '20150914112539', null, null), ('22', '287', '20150902104250907', '291', '47', 'exo吴世勋同款鸭舌帽子韩国帽子女夏天潮嘻哈帽平沿棒球帽男潮牌', '13.50', '0', '差评！质量真不好', '0', null, '13', '∑SeHun°の店', '28', '吴世勋', '0', null, null, null, '1', '20150914112539', null, null), ('23', '346', '20150910143439241', '354', '19', '美版苹果iPhone6 64G版 4G手机 4.7寸（金色）A1586 支持移动电信联通 金色', '0.01', '3', ' 测试1 0.1', '0', null, '9', '京川牦牛', '45', '15701007212', '0', null, null, null, '0', '20150914112539', null, null), ('24', '341', '20150910110115864', '348', '19', '美版苹果iPhone6 64G版 4G手机 4.7寸（金色）A1586 支持移动电信联通 金色', '0.01', '1', '不满意，测试', '0', null, '9', '京川牦牛', '45', '15701007212', '0', null, null, '/upload/img/avatar/1441872626728.jpg', '0', '20150914112539', null, null), ('25', '350', '20150910145628690', '358', '19', '美版苹果iPhone6 64G版 4G手机 4.7寸（金色）A1586 支持移动电信联通 金色', '0.01', '2', '测试今天', '1', null, '9', '京川牦牛', '45', '15701007212', '0', null, null, null, '0', '20150914112539', null, null), ('26', '356', '20150910160214394', '364', '49', 'KRAVITZ牛仔布料吴世勋帽子潮流棒球帽平檐帽EXO同款嘻哈平沿帽子', '26.00', '4', '测试帽子', '0', null, '13', '∑SeHun°の店', '45', '15701007212', '0', null, null, null, '0', '20150914112539', null, null), ('27', '355', '20150910155959806', '363', '32', '琪可朵高跟鞋尖头真皮细跟蝴蝶结2015新款女鞋 03淡紫色 40', '249.00', '1', '测试高跟鞋', '0', null, '9', '京川牦牛', '45', '15701007212', '0', null, null, null, '0', '20150914112539', null, null), ('28', '264', '20150901145201793', '266', '19', '美版苹果iPhone6 64G版 4G手机 4.7寸（金色）A1586 支持移动电信联通 金色', '0.01', '2', '20150901145201793订单评价', '1', null, '9', '京川牦牛', '5', 'gyh99', '0', null, null, null, '0', '20150914112539', null, null), ('29', '282', '20150902100759519', '286', '48', '夏天韩版男女嘻哈平沿帽 EXO鹿晗金钟国权志龙吴世勋同款棒球帽', '25.00', '3', '0914黑帽子测试评价', '0', null, '13', '∑SeHun°の店', '28', '吴世勋', '0', null, null, null, '0', '20150914112539', null, null), ('30', '243', '20150831154629846', '244', '19', '美版苹果iPhone6 64G版 4G手机 4.7寸（金色）A1586 支持移动电信联通 金色', '0.01', '1', '测试0914', '0', null, '9', '京川牦牛', '28', '吴世勋', '0', null, null, null, '0', '20150914112539', null, null), ('31', '372', '20151005151859257', '381', '43', 'Masentek S30升级版 商务通话蓝牙耳机 通用型 耳挂式 黑色', '79.00', '5', '还可以吧', '0', '1444030010530', '12', '新科数码专营店', '14', 'demo', '0', null, null, null, '1', '1444030010530', null, '颜色:黑色 '), ('32', '379', '20151006171941384', '389', '68', '11111', '11.00', '1', '', '0', '1444134654943', '19', '拓维店', '44', 'gyh97', '0', null, null, null, '0', '1444134654943', null, ''), ('33', '432', '20151019173043760', '448', '34', ' 百年纪念高跟鞋', '158.00', '5', 'dddsadsad', '0', '1445332704639', '9', '京川牦牛', '7', 'gyh98', '0', null, null, '/upload/img/evaluate//1445332698611.jpg,/upload/img/evaluate//1445332701371.jpg,', '0', '1445332704639', null, '颜色:白色 尺码:37 ');
COMMIT;

-- ----------------------------
--  Table structure for `shop_evaluate_store`
-- ----------------------------
DROP TABLE IF EXISTS `shop_evaluate_store`;
CREATE TABLE `shop_evaluate_store` (
  `seval_id` int(11) NOT NULL AUTO_INCREMENT COMMENT '评价ID',
  `seval_orderid` int(11) unsigned NOT NULL COMMENT '订单ID',
  `seval_orderno` varchar(100) NOT NULL COMMENT '订单编号',
  `seval_addtime` bigint(13) DEFAULT NULL COMMENT '评价时间',
  `seval_storeid` int(11) unsigned NOT NULL COMMENT '店铺编号',
  `seval_storename` varchar(100) NOT NULL COMMENT '店铺名称',
  `seval_memberid` int(11) unsigned NOT NULL COMMENT '买家编号',
  `seval_membername` varchar(100) NOT NULL COMMENT '买家名称',
  `seval_desccredit` double unsigned NOT NULL DEFAULT '5' COMMENT '描述相符评分',
  `seval_servicecredit` double unsigned NOT NULL DEFAULT '5' COMMENT '服务态度评分',
  `seval_deliverycredit` double unsigned NOT NULL DEFAULT '5' COMMENT '发货速度评分',
  `is_del` tinyint(1) DEFAULT NULL,
  `create_time` bigint(13) DEFAULT NULL COMMENT '创建时间',
  `update_time` bigint(13) DEFAULT NULL COMMENT '修改时间',
  PRIMARY KEY (`seval_id`)
) ENGINE=InnoDB AUTO_INCREMENT=34 DEFAULT CHARSET=utf8 COMMENT='店铺评分表';

-- ----------------------------
--  Records of `shop_evaluate_store`
-- ----------------------------
BEGIN;
INSERT INTO `shop_evaluate_store` VALUES ('1', '64', '20150804111049079', '20150819184252', '10', '西域驼铃', '5', 'gyh99', '5', '5', '5', '0', '20150914112539', '20150914112539'), ('2', '65', '20150804111132130', '20150819184754', '10', '西域驼铃', '5', 'gyh99', '5', '5', '5', '0', '20150914112539', '20150914112539'), ('3', '63', '20150804110333104', '20150819184813', '10', '西域驼铃', '5', 'gyh99', '5', '5', '5', '0', '20150914112539', '20150914112539'), ('4', '101', '20150819183047670', '20150819190120', '9', '你大爷六块', '10', '13520085712', '5', '5', '5', '0', '20150914112539', '20150914112539'), ('5', '100', '20150819182733899', '20150819190318', '9', '你大爷六块', '10', '13520085712', '5', '5', '5', '0', '20150914112539', '20150914112539'), ('6', '93', '20150819144121546', '20150819190420', '9', '你大爷六块', '10', '13520085712', '4', '4', '4', '0', '20150914112539', '20150914112539'), ('7', '92', '20150819143828576', '20150819190433', '9', '你大爷六块', '10', '13520085712', '3', '3', '3', '0', '20150914112539', '20150914112539'), ('8', '81', '20150818172518742', '20150819190446', '9', '你大爷六块', '10', '13520085712', '2', '2', '2', '0', '20150914112539', '20150914112539'), ('9', '91', '20150819122323415', '20150819190501', '9', '你大爷六块', '10', '13520085712', '1', '1', '1', '0', '20150914112539', '20150914112539'), ('10', '244', '20150831155558855', '20150831165000', '9', '京川牦牛', '28', '吴世勋', '5', '4', '5', '0', '20150914112539', '20150914112539'), ('11', '95', '20150819145733826', '20150901095749', '9', '京川牦牛', '10', '13520085712', '2', '5', '4', '0', '20150914112539', '20150914112539'), ('12', '95', '20150819145733826', '20150901180940', '9', '京川牦牛', '10', '13520085712', '1', '2', '2', '0', '20150914112539', '20150914112539'), ('13', '268', '20150901145849287', '20150901181403', '9', '京川牦牛', '5', 'gyh99', '4', '4', '3', '0', '20150914112539', '20150914112539'), ('14', '267', '20150901145401487', '20150901181721', '9', '京川牦牛', '5', 'gyh99', '4', '5', '5', '0', '20150914112539', '20150914112539'), ('15', '265', '20150901145245745', '20150901192224', '9', '京川牦牛', '5', 'gyh99', '5', '2', '5', '0', '20150914112539', '20150914112539'), ('16', '286', '20150902104210202', '20150902110235', '13', '∑SeHun°の店', '28', '吴世勋', '4', '3', '4', '0', '20150914112539', '20150914112539'), ('17', '256', '20150831171051079', '20150902111003', '10', '西域驼铃', '28', '吴世勋', '4', '4', '5', '0', '20150914112539', '20150914112539'), ('18', '276', '20150901191114040', '20150902111858', '13', '∑SeHun°の店', '5', 'gyh99', '3', '5', '2', '0', '20150914112539', '20150914112539'), ('19', '289', '20150902150201688', '20150902150756', '13', '∑SeHun°の店', '28', '吴世勋', '5', '4', '5', '0', '20150914112539', '20150914112539'), ('20', '292', '20150902151451983', '20150902151927', '13', '京川牦牛', '36', '18610810207', '5', '5', '4', '0', '20150914112539', '20150914112539'), ('21', '292', '20150902151451983', '20150902152346', '13', '京川牦牛', '36', '18610810207', '2', '5', '5', '0', '20150914112539', '20150914112539'), ('22', '287', '20150902104250907', '20150902152424', '13', '∑SeHun°の店', '28', '吴世勋', '1', '1', '2', '0', '20150914112539', '20150914112539'), ('23', '346', '20150910143439241', '20150910150542', '9', '京川牦牛', '45', '15701007212', '3', '3', '3', '0', '20150914112539', '20150914112539'), ('24', '341', '20150910110115864', '20150910161026', '9', '京川牦牛', '45', '15701007212', '1', '1', '1', '0', '20150914112539', '20150914112539'), ('25', '350', '20150910145628690', '20150910162614', '9', '京川牦牛', '45', '15701007212', '2', '4', '3', '0', '20150914112539', '20150914112539'), ('26', '356', '20150910160214394', '20150910163151', '13', '∑SeHun°の店', '45', '15701007212', '4', '4', '4', '0', '20150914112539', '20150914112539'), ('27', '355', '20150910155959806', '20150910163540', '9', '京川牦牛', '45', '15701007212', '3', '3', '2', '0', '20150914112539', '20150914112539'), ('28', '264', '20150901145201793', '20150911110152', '9', '京川牦牛', '5', 'gyh99', '5', '4', '3', '0', '20150914112539', '20150914112539'), ('29', '282', '20150902100759519', '20150914105735', '13', '∑SeHun°の店', '28', '吴世勋', '4', '4', '5', '0', '20150914112539', '20150914112539'), ('30', '243', '20150831154629846', '20150914110054', '9', '京川牦牛', '28', '吴世勋', '1', '1', '1', '0', '20150914112539', '20150914112539'), ('31', '372', '20151005151859257', '20151005152650', '12', '新科数码专营店', '14', 'demo', '5', '5', '5', '0', '20151005152650', null), ('32', '379', '20151006171941384', '20151006203054', '19', '拓维店', '44', 'gyh97', '1', '1', '1', '0', '20151006203054', null), ('33', '432', '20151019173043760', '20151020171824', '9', '京川牦牛', '7', 'gyh98', '5', '4', '4', '0', '20151020171824', null);
COMMIT;

-- ----------------------------
--  Table structure for `shop_express`
-- ----------------------------
DROP TABLE IF EXISTS `shop_express`;
CREATE TABLE `shop_express` (
  `id` int(11) unsigned NOT NULL AUTO_INCREMENT COMMENT '索引ID',
  `e_name` varchar(50) NOT NULL COMMENT '公司名称',
  `e_state` int(4) NOT NULL DEFAULT '0' COMMENT '状态',
  `e_code` varchar(50) NOT NULL COMMENT '编号',
  `e_letter` char(1) NOT NULL COMMENT '首字母',
  `e_order` int(4) NOT NULL DEFAULT '0' COMMENT '1常用0不常用',
  `e_url` varchar(100) NOT NULL COMMENT '公司网址',
  `is_del` int(4) NOT NULL DEFAULT '0' COMMENT '删除标记',
  UNIQUE KEY `id` (`id`) USING BTREE
) ENGINE=InnoDB AUTO_INCREMENT=48 DEFAULT CHARSET=utf8 COMMENT='快递公司';

-- ----------------------------
--  Records of `shop_express`
-- ----------------------------
BEGIN;
INSERT INTO `shop_express` VALUES ('1', '安信达', '0', 'anxindakuaixi', 'A', '0', 'http://www.anxinda.com', '0'), ('2', '包裹平邮', '1', 'youzhengguonei', 'B', '0', 'http://yjcx.chinapost.com.cn', '0'), ('3', 'CCES', '1', 'cces', 'C', '0', 'http://www.cces.com.cn', '0'), ('4', '传喜物流', '1', 'chuanxiwuliu', 'C', '0', 'http://www.cxcod.com', '0'), ('5', 'DHL快递', '1', 'dhl', 'D', '1', 'http://www.cn.dhl.com', '0'), ('6', '大田物流', '1', 'datianwuliu', 'D', '0', 'http://www.dtw.com.cn', '0'), ('7', '德邦物流', '1', 'debangwuliu', 'D', '1', 'http://www.deppon.com', '0'), ('8', 'EMS', '1', 'ems', 'E', '0', 'http://www.ems.com.cn', '0'), ('9', 'EMS国际', '1', 'emsguoji', 'E', '0', '###', '0'), ('10', '飞康达', '1', 'feikangda', 'F', '1', 'http://www.fkd.com.cn', '0'), ('11', 'FedEx(国际)', '1', 'fedex', 'F', '0', 'http://fedex.com/cn', '0'), ('12', '凡客如风达', '1', 'rufengda', 'F', '0', 'http://www.rufengda.com', '0'), ('13', '港中能达', '1', 'ganzhongnengda', 'G', '0', 'http://www.nd56.com', '0'), ('14', '挂号信', '1', 'youzhengguonei', 'G', '0', 'http://yjcx.chinapost.com.cn', '0'), ('15', '共速达', '1', 'gongsuda', 'G', '0', 'http://www.gongsuda.com/mall/Search.aspx', '0'), ('16', '汇通快递', '0', 'huitongkuaidi', 'H', '0', 'http://www.htky365.com', '0'), ('17', '华宇物流', '1', 'tiandihuayu', 'H', '0', 'http://www.hoau.net', '0'), ('18', '佳吉快运', '1', 'jiajiwuliu', 'J', '0', 'http://www.jiaji.com', '0'), ('19', '佳怡物流', '1', 'jiayiwuliu', 'J', '0', 'http://www.jiayi56.com', '0'), ('20', '急先达', '1', 'jixianda', 'J', '0', 'http://www.joust.cn', '0'), ('21', '快捷速递', '0', 'kuaijiesudi', 'K', '0', 'http://www.fastexpress.com.cn', '0'), ('22', '龙邦快递', '1', 'longbanwuliu', 'L', '0', 'http://www.lbex.com.cn', '0'), ('23', '联邦快递', '1', 'lianbangkuaidi', 'L', '0', 'http://cndxp.apac.fedex.com/dxp.html', '0'), ('24', '联昊通', '1', 'lianhaowuliu', 'L', '0', 'http://www.lhtex.com.cn', '0'), ('25', '全一快递', '1', 'quanyikuaidi', 'Q', '0', 'http://www.apex100.com', '0'), ('26', '全峰快递', '1', 'quanfengkuaidi', 'Q', '0', 'http://www.qfkd.com.cn', '0'), ('27', '全日通', '1', 'quanritongkuaidi', 'Q', '0', 'http://www.at-express.com', '0'), ('28', '申通快递', '1', 'shentong', 'S', '1', 'http://www.sto.cn', '0'), ('29', '顺丰快递', '1', 'shunfeng', 'S', '0', 'http://www.sf-express.com', '0'), ('30', '速尔快递', '1', 'suer', 'S', '1', 'http://www.sure56.com', '0'), ('31', 'TNT快递', '1', 'tnt', 'T', '1', 'http://www.tnt.com.cn', '0'), ('32', '天天快递', '1', 'tiantian', 'T', '1', 'http://www.ttkdex.com', '0'), ('33', '天地华宇', '1', 'tiandihuayu', 'T', '1', 'http://www.hoau.net', '0'), ('34', 'UPS快递', '1', 'ups', 'U', '1', 'http://www.ups.com/cn', '0'), ('35', 'USPS', '1', 'usps', 'U', '0', 'http://www.kuaidi100.com/all/usps.shtml', '0'), ('36', '新邦物流', '1', 'xinbangwuliu', 'X', '0', 'http://www.xbwl.cn', '0'), ('37', '信丰物流', '1', 'xinfengwuliu', 'X', '0', 'http://www.xf-express.com.cn', '0'), ('38', '希伊艾斯', '1', 'cces', 'X', '0', 'http://www.cces.com.cn', '0'), ('39', '新蛋物流', '1', 'neweggozzo', 'X', '0', 'http://www.ozzo.com.cn', '0'), ('40', '圆通快递', '1', 'yuantong', 'Y', '0', 'http://www.yto.net.cn', '0'), ('41', '韵达快递', '1', 'yunda', 'Y', '1', 'http://www.yundaex.com', '0'), ('42', '邮政包裹', '1', 'youzhengguonei', 'Y', '1', 'http://yjcx.chinapost.com.cn', '0'), ('43', '优速快递', '1', 'youshuwuliu', 'Y', '1', 'http://www.uc56.com', '0'), ('44', '中通快递', '1', 'zhongtong', 'Z', '0', 'http://www.zto.cn', '0'), ('45', '中铁快运', '1', 'zhongtiewuliu', 'Z', '0', 'http://www.cre.cn', '0'), ('46', '宅急送', '1', 'zhaijisong', 'Z', '0', 'http://www.zjs.com.cn', '0'), ('47', '中邮物流', '1', 'zhongyouwuliu', 'Z', '1', 'http://www.cnpl.com.cn', '0');
COMMIT;

-- ----------------------------
--  Table structure for `shop_favorites`
-- ----------------------------
DROP TABLE IF EXISTS `shop_favorites`;
CREATE TABLE `shop_favorites` (
  `member_id` int(10) unsigned NOT NULL COMMENT '会员ID',
  `fav_id` int(10) unsigned NOT NULL COMMENT '收藏ID',
  `fav_type` varchar(20) NOT NULL COMMENT '收藏类型',
  `fav_time` bigint(13) DEFAULT NULL COMMENT '收藏时间'
) ENGINE=InnoDB DEFAULT CHARSET=utf8 COMMENT='买家收藏表';

-- ----------------------------
--  Records of `shop_favorites`
-- ----------------------------
BEGIN;
INSERT INTO `shop_favorites` VALUES ('14', '11', 'goods', '20151010124526'), ('7', '7', 'goods', '20151010124526'), ('10', '16', 'goods', '20151010124526'), ('10', '14', 'goods', '20151010124526'), ('5', '8', 'goods', '20151010124526'), ('10', '9', 'store', '20151010124526'), ('5', '6', 'goods', '20151010124526'), ('26', '31', 'goods', '20151010124526'), ('26', '36', 'goods', '20151010124526'), ('26', '9', 'store', '20151010124526'), ('22', '30', 'goods', '20151010124526'), ('22', '15', 'goods', '20151010124526'), ('5', '16', 'goods', '20151010124526'), ('26', '16', 'goods', '20151010124526'), ('28', '27', 'goods', '20151010124526'), ('28', '9', 'store', '20151010124526'), ('5', '10', 'store', '20151010124526'), ('5', '32', 'goods', '20151010124526'), ('28', '32', 'goods', '20151010124526'), ('28', '5', 'goods', '20151010124526'), ('28', '10', 'store', '20151010124526'), ('28', '22', 'goods', '20151010124526'), ('28', '28', 'goods', '20151010124526'), ('28', '47', 'goods', '20151010124526'), ('7', '47', 'goods', '20151010124526'), ('28', '49', 'goods', '20151010124526'), ('5', '9', 'store', '20151010124526'), ('5', '47', 'goods', '20151010124526'), ('5', '49', 'goods', '20151010124526'), ('5', '48', 'goods', '20151010124526'), ('28', '13', 'store', '20151010124526'), ('5', '13', 'store', '20151010124526'), ('36', '5', 'goods', '20151010124526'), ('22', '9', 'store', '20151010124526'), ('36', '33', 'goods', '20151010124526'), ('36', '9', 'store', '20151010124526'), ('36', '19', 'goods', '20151010124526'), ('45', '30', 'goods', '20151010124526'), ('45', '6', 'goods', '20151010124526'), ('45', '9', 'store', '20151010124526'), ('45', '5', 'goods', '20151010124526'), ('45', '10', 'store', '20151010124526'), ('45', '32', 'goods', '20151010124526'), ('38', '30', 'goods', '20151010124526'), ('51', '30', 'goods', '20151010124526'), ('51', '9', 'store', '20151010124526'), ('70', '30', 'goods', '1444459560426'), ('7', '9', 'store', '1444643571763'), ('82', '9', 'store', '1444892065418'), ('82', '11', 'store', '1444892328786'), ('84', '35', 'goods', '1444959247332'), ('84', '6', 'goods', '1444959386512');
COMMIT;

-- ----------------------------
--  Table structure for `shop_feedback`
-- ----------------------------
DROP TABLE IF EXISTS `shop_feedback`;
CREATE TABLE `shop_feedback` (
  `id` int(11) NOT NULL AUTO_INCREMENT COMMENT 'ID',
  `title` varchar(100) CHARACTER SET utf8 DEFAULT NULL COMMENT '标题',
  `content` varchar(200) CHARACTER SET utf8 DEFAULT NULL COMMENT '内容',
  `email` varchar(50) CHARACTER SET utf8 DEFAULT NULL COMMENT '邮箱',
  `phone` varchar(20) CHARACTER SET utf8 DEFAULT NULL COMMENT '电话',
  `create_time` bigint(13) DEFAULT NULL COMMENT '创建时间',
  `phone_type` int(11) DEFAULT NULL COMMENT 'IOS 1,ANDROID 2,other 3',
  PRIMARY KEY (`id`)
) ENGINE=InnoDB AUTO_INCREMENT=21 DEFAULT CHARSET=latin1;

-- ----------------------------
--  Records of `shop_feedback`
-- ----------------------------
BEGIN;
INSERT INTO `shop_feedback` VALUES ('1', '11', '11', null, null, null, '1'), ('2', 'iOS意见反馈', 'lallalalalllalslalfkiojfuijasurhuwheoruybnwrhgtwergnthjnbvrtuwoogsitugnhiuthyt', null, null, null, '1'), ('3', 'Android意见反馈', '啦啦啦了', '', '', null, '2'), ('4', null, null, null, null, null, null), ('5', null, null, null, null, null, null), ('6', 'iOS意见反馈', 'ersthsy', null, null, null, '1'), ('7', 'iOS意见反馈', 'astrfae', null, null, null, '1'), ('8', 'iOS意见反馈', '凤凰公园环境\n', null, null, null, '1'), ('9', null, null, null, null, null, null), ('10', null, null, null, null, null, null), ('11', null, null, null, null, null, null), ('12', null, null, null, null, null, null), ('13', null, null, null, null, null, null), ('14', null, null, null, null, null, null), ('15', null, null, null, null, null, null), ('16', 'Android意见反馈', '很好看', '‘’‘啦啦啦了', '‘’‘啦啦啦了', null, '2'), ('17', null, null, null, null, null, null), ('18', null, null, null, null, '1444323391125', null), ('19', null, null, null, null, '1444511349468', null), ('20', null, null, null, null, '1444934026425', null);
COMMIT;

-- ----------------------------
--  Table structure for `shop_front_menu`
-- ----------------------------
DROP TABLE IF EXISTS `shop_front_menu`;
CREATE TABLE `shop_front_menu` (
  `m_id` int(10) NOT NULL AUTO_INCREMENT COMMENT '菜单ID',
  `m_name` varchar(50) NOT NULL COMMENT '菜单名',
  `m_url` varchar(255) NOT NULL COMMENT 'url路径',
  `m_parent_id` int(10) NOT NULL COMMENT '父级ID',
  `m_sort` int(10) unsigned NOT NULL DEFAULT '0' COMMENT '排序',
  `m_level` int(10) NOT NULL COMMENT '菜单等级',
  `m_path` varchar(255) NOT NULL COMMENT '菜单ID路径',
  `m_description` varchar(255) DEFAULT NULL COMMENT '描述',
  `is_Del` int(10) DEFAULT NULL COMMENT '是否能删除',
  `m_icon` varchar(20) DEFAULT NULL COMMENT '菜单显示图标',
  PRIMARY KEY (`m_id`)
) ENGINE=InnoDB AUTO_INCREMENT=125 DEFAULT CHARSET=utf8 COMMENT='前台菜单表';

-- ----------------------------
--  Records of `shop_front_menu`
-- ----------------------------
BEGIN;
INSERT INTO `shop_front_menu` VALUES ('109', '交易管理', '', '0', '0', '1', '0', '交易管理', null, 'trade'), ('110', '订单管理', '/trade/order', '109', '0', '2', '0,109', '订单管理', null, null), ('111', '评价管理', '/trade/review', '109', '1', '2', '0,109', '评价管理', null, null), ('112', '商品管理', '', '0', '1', '1', '0', '商品管理', null, 'product'), ('113', '发布商品', '/pro/sell', '112', '0', '2', '0,112', '发布商品', null, null), ('114', '出售中的商品', '/pro/sale', '112', '1', '2', '0,112', '出售中的商品', null, null), ('115', '仓库中的商品', '/pro/store', '112', '2', '2', '0,112', '仓库中的商品', null, null), ('116', '店铺管理', '', '0', '2', '1', '0', '店铺管理', null, 'shop'), ('117', '店铺设置', '/storeSetting', '116', '0', '2', '0,116', '店铺设置', null, null), ('118', '分类导航', '/storeGoodsClass/index', '116', '1', '2', '0,116', '分类导航', null, null), ('119', '品牌管理', '/storeBrand/index', '116', '2', '2', '0,116', '品牌管理', null, null), ('120', '店铺信息', '/store/info', '116', '3', '2', '0,116', '店铺信息', null, null), ('121', '品牌申请', '/storeBrand/index', '116', '4', '2', '0,116', '品牌申请', null, null), ('122', '客服服务', '', '0', '3', '1', '0', '客服服务', null, null), ('123', '客服设置', '/cusSetting/index', '122', '0', '2', '0,122', '客服设置', null, null), ('124', '咨询回复', '/consult/index', '122', '1', '2', '0,122', '咨询回复', null, null);
COMMIT;

-- ----------------------------
--  Table structure for `shop_gadmin`
-- ----------------------------
DROP TABLE IF EXISTS `shop_gadmin`;
CREATE TABLE `shop_gadmin` (
  `gid` smallint(5) unsigned NOT NULL AUTO_INCREMENT COMMENT '自增id',
  `gname` varchar(50) DEFAULT NULL COMMENT '组名',
  `limits` text COMMENT '权限内容',
  PRIMARY KEY (`gid`)
) ENGINE=InnoDB AUTO_INCREMENT=3 DEFAULT CHARSET=utf8 COMMENT='权限组';

-- ----------------------------
--  Records of `shop_gadmin`
-- ----------------------------
BEGIN;
INSERT INTO `shop_gadmin` VALUES ('1', '超级管理员', null), ('2', '管理员', null);
COMMIT;

-- ----------------------------
--  Table structure for `shop_goods`
-- ----------------------------
DROP TABLE IF EXISTS `shop_goods`;
CREATE TABLE `shop_goods` (
  `goods_id` int(10) unsigned NOT NULL AUTO_INCREMENT COMMENT '商品索引id',
  `goods_name` varchar(100) NOT NULL COMMENT '商品名称',
  `goods_subtitle` varchar(200) DEFAULT NULL COMMENT '商品副标题',
  `gc_id` int(10) unsigned NOT NULL COMMENT '商品分类id',
  `gc_name` varchar(200) NOT NULL COMMENT '商品分类名称',
  `brand_id` int(8) unsigned DEFAULT '0' COMMENT '商品品牌id',
  `brand_name` varchar(100) DEFAULT NULL,
  `type_id` int(10) unsigned NOT NULL DEFAULT '0' COMMENT '类型id',
  `store_id` int(10) unsigned NOT NULL COMMENT '店铺id',
  `store_name` varchar(100) DEFAULT NULL,
  `spec_open` int(1) NOT NULL DEFAULT '0' COMMENT '商品规格开启状态，1开启，0关闭',
  `spec_id` int(11) DEFAULT NULL COMMENT '商品默认对应的规格id',
  `spec_name` varchar(255) DEFAULT '' COMMENT '规格名称',
  `goods_image` varchar(100) DEFAULT NULL COMMENT '商品默认封面图片',
  `goods_image_more` text COMMENT '商品多图',
  `goods_store_price` decimal(10,2) NOT NULL COMMENT '商品店铺价格',
  `goods_serial` varchar(50) DEFAULT '' COMMENT '商品货号',
  `goods_show` int(1) NOT NULL COMMENT '商品上架1上架0下架2定时上架',
  `goods_click` int(11) NOT NULL DEFAULT '1' COMMENT '商品浏览数',
  `goods_state` int(1) NOT NULL DEFAULT '0' COMMENT '商品状态，0开启，1违规下架',
  `goods_commend` int(1) NOT NULL COMMENT '商品推荐',
  `create_time` bigint(13) DEFAULT NULL,
  `goods_keywords` varchar(255) DEFAULT '' COMMENT '商品关键字',
  `goods_description` varchar(255) DEFAULT '' COMMENT '商品描述',
  `goods_body` text COMMENT '商品详细内容',
  `goods_attr` text COMMENT '商品属性',
  `goods_spec` text COMMENT '商品规格',
  `goods_col_img` text COMMENT '颜色自定义图片',
  `update_time` bigint(13) DEFAULT NULL,
  `start_time` bigint(13) DEFAULT NULL,
  `end_time` bigint(13) DEFAULT NULL,
  `goods_form` int(1) unsigned NOT NULL DEFAULT '1' COMMENT '商品类型,1为全新、2为二手',
  `transport_id` int(8) unsigned DEFAULT '0' COMMENT '运费模板ID，不使用运费模板值为0',
  `py_price` decimal(10,2) DEFAULT '0.00' COMMENT '平邮',
  `kd_price` decimal(10,2) DEFAULT '0.00' COMMENT '快递',
  `es_price` decimal(10,2) DEFAULT '0.00' COMMENT 'EMS',
  `city_id` int(8) unsigned DEFAULT '0' COMMENT '商品所在地(市)',
  `city_name` varchar(30) DEFAULT NULL,
  `province_id` int(8) unsigned DEFAULT '0' COMMENT '商品所在地(省)',
  `province_name` varchar(30) DEFAULT NULL,
  `goods_close_reason` varchar(255) DEFAULT NULL COMMENT '商品违规下架原因',
  `goods_store_state` int(1) NOT NULL DEFAULT '0' COMMENT '商品所在店铺状态 0开启 1关闭',
  `commentnum` int(10) unsigned NOT NULL DEFAULT '0' COMMENT '评论次数',
  `salenum` int(10) unsigned NOT NULL DEFAULT '0' COMMENT '售出数量',
  `goods_collect` int(10) unsigned NOT NULL DEFAULT '0' COMMENT '商品收藏数量',
  `goods_transfee_charge` int(1) unsigned NOT NULL DEFAULT '0' COMMENT '商品运费承担方式 默认 0为买家承担 1为卖家承担',
  `store_class_id` int(10) DEFAULT NULL COMMENT '店铺自定义分类id',
  `is_del` int(2) NOT NULL DEFAULT '0' COMMENT '是否删除 0:未删除  1:已删除',
  PRIMARY KEY (`goods_id`),
  KEY `store_id` (`store_id`) USING BTREE,
  KEY `gc_id` (`gc_id`) USING BTREE,
  KEY `goods_starttime` (`start_time`) USING BTREE,
  KEY `brand_id` (`brand_id`) USING BTREE
) ENGINE=InnoDB AUTO_INCREMENT=95 DEFAULT CHARSET=utf8 COMMENT='商品表';

-- ----------------------------
--  Records of `shop_goods`
-- ----------------------------
BEGIN;
INSERT INTO `shop_goods` VALUES ('5', 'iphone6', 'iphone6打折促销', '24', '数码配件', '80', '苹果', '1', '10', '西域驼铃', '0', '261', '', '/upload/img/store/10/1439173254458.jpg', '/upload/img/store/10/1439173254458.jpg,/upload/img/store/10/1439349557122.jpg,/upload/img/store/10/1439349614551.jpg,', '5980.00', '1232334', '0', '1', '1', '1', '1444630085251', '', '', '              	              	<div id=\"activity_header\">\n	<table align=\"center\" border=\"0\" cellpadding=\"0\" cellspacing=\"0\" width=\"750\" class=\"ke-zeroborder\">\n		<tbody>\n			<tr>\n				<td height=\"159\">\n					<a href=\"http://sale.jd.com/act/02ZCO1Nqk7eALJw.html\" target=\"_blank\"><img class=\"\" src=\"http://img30.360buyimg.com/jgsq-productsoa/jfs/t1564/27/1356784595/51494/80921e67/55c47be9N51c581b6.jpg\" alt=\"\" height=\"150\" width=\"750\" /></a>\n				</td>\n			</tr>\n		</tbody>\n	</table>\n	<table align=\"center\" border=\"0\" cellpadding=\"0\" cellspacing=\"0\" width=\"750\" class=\"ke-zeroborder\">\n		<tbody>\n			<tr>\n				<td height=\"56\" align=\"center\">\n					<div style=\"font-family:\'微软雅黑\';font-size:18px;color:#FF0000;font-weight:bold;\">\n						售后服务说明：已激活的iPhone不支持七天无理由退换货，请确认需求后再激活使用。\n					</div>\n				</td>\n			</tr>\n		</tbody>\n	</table>\n</div>\n<div id=\"J-detail-content\">\n	<div style=\"text-align:center;\">\n		<img class=\"\" src=\"http://img30.360buyimg.com/jgsq-productsoa/jfs/t1354/51/1020183491/95892/3b689fc6/55b87e3fNd2e104b4.jpg\" alt=\"\" />\n	</div>\n</div>\n              \n              ', '', '', '', '1443066281396', '1443066281396', '1453066281396', '1', '0', '12.00', '21.00', '23.00', '36', '北京市', '1', '北京', '商家已捐款潜逃', '0', '0', '29', '3', '0', null, '0'), ('6', ' Apple iPhone 6 (A1586) 16GB 金色 移动联通电信4G手机', '尺寸更大，却愈加纤薄。堪称 iPhone 新一代至为出众的大作。选择“移动老用户4G飞享合约”，无需换号，最高共可返还3528元话费 推荐点击购机送费购买，享高额话费返还！', '24', '手机', '80', '苹果', '1', '10', '西域驼铃', '0', '262', '', '/upload/img/store/10/1439259799310.jpg', '/upload/img/store/10/1439259799310.jpg,/upload/img/store/10/1439259803911.jpg,/upload/img/store/10/1439259814994.jpg,/upload/img/store/10/1439259818907.jpg,/upload/img/store/10/1439259823147.jpg,', '4688.00', '1217499', '0', '1', '1', '1', '1444630085251', '', '', '              	              	              	<div id=\"activity_header\">\n	<table align=\"center\" border=\"0\" cellpadding=\"0\" cellspacing=\"0\" width=\"750\" class=\"ke-zeroborder\">\n		<tbody>\n			<tr>\n				<td height=\"159\">\n					<a href=\"http://sale.jd.com/act/02ZCO1Nqk7eALJw.html\" target=\"_blank\"><img class=\"\" src=\"http://img30.360buyimg.com/jgsq-productsoa/jfs/t1564/27/1356784595/51494/80921e67/55c47be9N51c581b6.jpg\" alt=\"\" height=\"150\" width=\"750\" /></a>\n				</td>\n			</tr>\n		</tbody>\n	</table>\n	<table align=\"center\" border=\"0\" cellpadding=\"0\" cellspacing=\"0\" width=\"750\" class=\"ke-zeroborder\">\n		<tbody>\n			<tr>\n				<td height=\"56\" align=\"center\">\n					<div style=\"font-family:\'微软雅黑\';font-size:18px;color:#FF0000;font-weight:bold;\">\n						售后服务说明：已激活的iPhone不支持七天无理由退换货，请确认需求后再激活使用。\n					</div>\n				</td>\n			</tr>\n		</tbody>\n	</table>\n</div>\n<div id=\"J-detail-content\">\n	<div style=\"text-align:center;\">\n		<img class=\"\" src=\"http://img30.360buyimg.com/jgsq-productsoa/jfs/t1438/235/1058050803/82886/a7abc6cb/55b87c6cN64512df4.jpg\" alt=\"\" />\n	</div>\n</div>\n              \n              \n              ', '', '', '', '1443066281396', '1443066281396', '1453066281396', '1', '0', '0.00', '0.00', '0.00', '36', '北京市', '1', '北京', '', '0', '1', '8', '3', '0', null, '0'), ('7', 'Apple iPhone 6 Plus (A1524) 16GB 金色 移动联通电信4G手机', '尺寸更大，却愈加纤薄。堪称 iPhone 新一代至为出众的大作。选择“移动老用户4G飞享合约”，无需换号，最高共可返还3528元话费 选择下方“北京移动购机赠费”推荐188元套餐，不换号码，额外得1800元话费，分24个月返还，尖叫吧，机会难得，欲购从速！', '24', '手机', '80', '苹果', '1', '9', '京川牦牛', '1', '75', '{\"1\":\"颜色\",\"3\":\"屏幕尺寸\",\"4\":\"版本\",\"5\":\"容量\",\"6\":\"购买方式\"}', '/upload/img/store/9/1439272758383.jpg', '/upload/img/store/9/1439272758383.jpg,/upload/img/store/9/1439278500368.jpg,/upload/img/store/9/1439278505797.jpg,/upload/img/store/9/1439278513076.jpg,/upload/img/store/9/1439278520035.jpg,', '5388.00', '2978787', '0', '1', '1', '1', '1444630085251', '', '', '              	              	              	              	              	              	<img class=\"\" src=\"http://img30.360buyimg.com/jgsq-productsoa/jfs/t1354/51/1020183491/95892/3b689fc6/55b87e3fNd2e104b4.jpg\" alt=\"\" />\n              \n              \n              \n              \n              \n              ', '{\"43\":\"{\\\"name\\\":\\\"屏幕尺寸\\\",\\\"72\\\":\\\"5.5英寸\\\"}\",\"44\":\"{\\\"name\\\":\\\"分辨率\\\",\\\"75\\\":\\\"1920 x 1080\\\"}\",\"45\":\"{\\\"name\\\":\\\"后置摄像头\\\",\\\"76\\\":\\\"800万像素\\\"}\",\"46\":\"{\\\"name\\\":\\\"前置摄像头\\\",\\\"77\\\":\\\"120万像素\\\"}\"}', '{\"1\":\"{\\\"21\\\":\\\"金色\\\",\\\"22\\\":\\\"银色\\\"}\",\"3\":\"{\\\"11\\\":\\\"5.5\\\"}\",\"4\":\"{\\\"47\\\":\\\"电信4G\\\"}\",\"5\":\"{\\\"38\\\":\\\"64G\\\"}\",\"6\":\"{\\\"24\\\":\\\"非合约机\\\"}\"}', '{\"21\":\"/upload/img/store/9/1439266826790.jpg\",\"22\":\"/upload/img/store/9/1439266834032.jpg\"}', '1443066281396', '1443066281396', '1453066281396', '1', '0', '0.00', '0.00', '0.00', '36', '北京市', '1', '北京', '22', '0', '0', '12', '0', '1', null, '0'), ('8', '三星 Galaxy S6 edge（G9250）32G版 铂光金 移动联通电信4G手机', '领免息券3-12期白条免息！赠三星无线充电板+原装后壳！双曲面侧屏！领取免息券 选择下方“北京移动购机赠费”推荐188元套餐，不换号码，额外得1800元话费，分24个月返还，尖叫吧，机会难得，欲购从速！', '24', '手机', '67', '三星', '1', '9', '京川牦牛', '1', '73', '{\"1\":\"颜色\",\"3\":\"屏幕尺寸\",\"4\":\"版本\",\"5\":\"容量\",\"6\":\"购买方式\"}', '/upload/img/store/9/1439279910161.jpg', '/upload/img/store/9/1439279910161.jpg,/upload/img/store/9/1439279914376.jpg,/upload/img/store/9/1439279918814.jpg,', '5288.00', '1410894', '0', '1', '1', '1', '1444630085251', '', '', '              	<div id=\"activity_header\">\n	<table align=\"center\" border=\"0\" cellpadding=\"0\" cellspacing=\"0\" width=\"750\" class=\"ke-zeroborder\">\n		<tbody>\n			<tr>\n				<td height=\"159\">\n					<a href=\"http://sale.jd.com/act/02ZCO1Nqk7eALJw.html\" target=\"_blank\"><img class=\"\" src=\"http://img30.360buyimg.com/jgsq-productsoa/jfs/t1564/27/1356784595/51494/80921e67/55c47be9N51c581b6.jpg\" alt=\"\" height=\"150\" width=\"750\" /></a>\n				</td>\n			</tr>\n		</tbody>\n	</table>\n	<table align=\"center\" border=\"0\" cellpadding=\"0\" cellspacing=\"0\" width=\"750\" class=\"ke-zeroborder\">\n		<tbody>\n			<tr>\n				<td height=\"188\">\n					<a href=\"http://sale.jd.com/act/uXDgVLnZP4t1.html\" target=\"_blank\"><img class=\"\" src=\"http://img30.360buyimg.com/jgsq-productsoa/jfs/t1099/226/1424423169/53373/29bb6b5c/559c8942N9587d87c.jpg\" alt=\"\" height=\"180\" width=\"750\" /></a>\n				</td>\n			</tr>\n		</tbody>\n	</table>\n</div>\n<div id=\"J-detail-content\">\n	<table align=\"center\" border=\"0\" cellpadding=\"0\" cellspacing=\"0\" width=\"750\" class=\"ke-zeroborder\">\n		<tbody>\n			<tr>\n				<td>\n					<iframe src=\"http://yuntv.letv.com/bcloud.swf?uu=82abd5491f&vu=81e1f533b0&auto_play=0&gpcflag=1\" frameborder=\"0\" height=\"422\" width=\"750\">\n					</iframe>\n				</td>\n			</tr>\n		</tbody>\n	</table>\n	<div style=\"text-align:center;\">\n		<img class=\"\" src=\"http://img30.360buyimg.com/jgsq-productsoa/jfs/t592/253/836071434/10674/1fab707a/548f9846N3a773d38.jpg\" id=\"detail-tag-id-23\" alt=\"\" /><br />\n	</div>\n	<div style=\"text-align:center;\">\n		<img class=\"\" src=\"http://img30.360buyimg.com/jgsq-productsoa/jfs/t1387/152/408192668/101762/39008297/558144b8Nff8b4294.jpg\" alt=\"\" /><img class=\"\" src=\"http://img30.360buyimg.com/jgsq-productsoa/jfs/t910/358/1201050362/58403/95ade0cf/558144beNc3f136a0.jpg\" alt=\"\" /><img class=\"\" src=\"http://img30.360buyimg.com/jgsq-productsoa/jfs/t1306/82/508702445/42012/112e0e37/558144c9Nc3bd25a3.jpg\" alt=\"\" /><img class=\"\" src=\"http://img30.360buyimg.com/jgsq-productsoa/jfs/t1555/316/400161511/47847/bb2e076a/558144ccN333cfde7.jpg\" alt=\"\" /><img class=\"\" src=\"http://img30.360buyimg.com/jgsq-productsoa/jfs/t976/1/1110824130/48916/9d0b878e/558144cfNc3cf4972.jpg\" alt=\"\" /><img class=\"\" src=\"http://img30.360buyimg.com/jgsq-productsoa/jfs/t1252/162/1191549875/65315/635ffdfc/558144d2Nce571530.jpg\" alt=\"\" /><img class=\"\" src=\"http://img30.360buyimg.com/jgsq-productsoa/jfs/t1051/260/1071006954/40171/1a5f3864/558144d5N5e0dca42.jpg\" alt=\"\" /><img class=\"\" src=\"http://img30.360buyimg.com/jgsq-productsoa/jfs/t1426/285/411336078/61916/de30ed0/558144d8N3f2251c6.jpg\" alt=\"\" /><img class=\"\" src=\"http://img30.360buyimg.com/jgsq-productsoa/jfs/t1198/357/1172722938/53531/6bde4293/558144dbN705332a4.jpg\" alt=\"\" /><img class=\"\" src=\"http://img30.360buyimg.com/jgsq-productsoa/jfs/t1360/217/431848053/75585/c8216bfb/558144deNd709631b.jpg\" alt=\"\" /><img class=\"\" src=\"http://img30.360buyimg.com/jgsq-productsoa/jfs/t1606/290/416626405/87227/576828ce/558144e1Nd497f276.jpg\" alt=\"\" /><img class=\"\" src=\"http://img30.360buyimg.com/jgsq-productsoa/jfs/t997/128/1221056082/84575/d77e239a/558144e3N5097009f.jpg\" alt=\"\" /><img class=\"\" src=\"http://img30.360buyimg.com/jgsq-productsoa/jfs/t1219/362/1185435123/79484/efcee5bd/558144e6N8e7cf242.jpg\" alt=\"\" /><img class=\"\" src=\"http://img30.360buyimg.com/jgsq-productsoa/jfs/t1069/353/1193345966/98163/455c23c9/558144e9N1b391bee.jpg\" alt=\"\" /><img class=\"\" src=\"http://img30.360buyimg.com/jgsq-productsoa/jfs/t1522/333/526960216/211483/a49c0a45/55925925N7564f8c0.jpg\" alt=\"\" height=\"616\" width=\"750\" /><img class=\"\" src=\"http://img30.360buyimg.com/jgsq-productsoa/jfs/t1411/351/423645527/90713/5ee713a4/558144efN9b9fa996.jpg\" alt=\"\" /><img class=\"\" src=\"http://img30.360buyimg.com/jgsq-productsoa/jfs/t850/271/1199915976/75070/cae35a1b/558144f1N07c96112.jpg\" alt=\"\" /><img class=\"\" src=\"http://img30.360buyimg.com/jgsq-productsoa/jfs/t1075/87/1137756505/36163/f27aada3/558144f4Nbf33a641.jpg\" alt=\"\" /><img class=\"\" src=\"http://img30.360buyimg.com/jgsq-productsoa/jfs/t1225/72/1116067728/56273/2b57cab6/558144f7N986dfe2a.jpg\" alt=\"\" /><img class=\"\" src=\"http://img30.360buyimg.com/jgsq-productsoa/jfs/t1051/276/1043515523/80300/93cd9e75/558144faN15d45e72.jpg\" alt=\"\" /><br />\n	</div>\n<br />\n</div>\n<div id=\"activity_footer\">\n	<table align=\"center\" border=\"0\" cellpadding=\"0\" cellspacing=\"0\" width=\"750\" class=\"ke-zeroborder\">\n		<tbody>\n			<tr>\n				<td height=\"90\">\n					<a href=\"http://jmall.jd.com/shop/S2015/index.html\" target=\"_blank\"><img class=\"\" src=\"http://img30.360buyimg.com/jgsq-productsoa/jfs/t232/31/2481381761/67988/e697eb50/541a7331Nb66ca947.jpg\" alt=\"\" height=\"83\" width=\"750\" /></a>\n				</td>\n			</tr>\n		</tbody>\n	</table>\n	<table align=\"center\" border=\"0\" cellpadding=\"0\" cellspacing=\"0\" width=\"750\" class=\"ke-zeroborder\">\n		<tbody>\n			<tr>\n				<td>\n					<img class=\"\" src=\"http://img30.360buyimg.com/jgsq-productsoa/g5/M01/00/14/rBEIDE-9oR0IAAAAAAAZHgfe-xAAAAH7gP_1qgAABk2620.gif\" alt=\"\" />\n				</td>\n			</tr>\n			<tr>\n				<td>\n					<img class=\"\" src=\"http://img30.360buyimg.com/jgsq-productsoa/jfs/t598/112/1018532235/210649/f703e152/54a3c4d3Nd73ea043.jpg\" alt=\"\" />\n				</td>\n			</tr>\n		</tbody>\n	</table>\n</div>\n              ', '{\"43\":\"{\\\"name\\\":\\\"屏幕尺寸\\\",\\\"72\\\":\\\"5.5英寸\\\"}\",\"44\":\"{\\\"name\\\":\\\"分辨率\\\",\\\"74\\\":\\\"1334 x 800\\\"}\",\"45\":\"{\\\"name\\\":\\\"后置摄像头\\\",\\\"76\\\":\\\"800万像素\\\"}\",\"46\":\"{\\\"name\\\":\\\"前置摄像头\\\",\\\"77\\\":\\\"120万像素\\\"}\"}', '{\"1\":\"{\\\"19\\\":\\\"黑色\\\",\\\"21\\\":\\\"金色\\\"}\",\"3\":\"{\\\"11\\\":\\\"5.5\\\"}\",\"4\":\"{\\\"45\\\":\\\"移动4G\\\"}\",\"5\":\"{\\\"38\\\":\\\"64G\\\"}\",\"6\":\"{\\\"24\\\":\\\"非合约机\\\"}\"}', '{\"19\":\"/upload/img/store/9/1439279340503.jpg\",\"21\":\"/upload/img/store/9/1439279346392.jpg\"}', '1443066281396', '1443066281396', '1453066281396', '1', '0', '0.00', '0.00', '0.00', '36', '北京市', '1', '北京', '22', '0', '0', '11', '0', '1', null, '0'), ('9', '三星（SAMSUNG) 移动电源 白色', '原装好品质，充足的储电量！随时为您的手机准备着，让您的智能生活充满精彩！', '62', '电池/移动电源', '208', null, '4', '9', '京川牦牛', '1', '57', '{\"4\":\"版本\",\"1\":\"颜色\"}', '/upload/img/store/9/1439281201573.jpg', '/upload/img/store/9/1439281201573.jpg,/upload/img/store/9/1439281199003.jpg,/upload/img/store/9/1439281203515.jpg,,,', '199.00', '1141093', '0', '1', '1', '0', '1444630085251', '', '', '', '{\"20\":\"{\\\"name\\\":\\\"容量\\\",\\\"36\\\":\\\"13001-16000毫安\\\"}\",\"21\":\"{\\\"name\\\":\\\"商品毛重\\\",\\\"37\\\":\\\"380.00g\\\"}\",\"22\":\"{\\\"name\\\":\\\"特性\\\",\\\"38\\\":\\\"可充笔记本\\\"}\"}', '{\"4\":\"{\\\"43\\\":\\\"5000毫安\\\",\\\"44\\\":\\\"10000毫安\\\"}\",\"1\":\"{\\\"19\\\":\\\"黑色\\\"}\"}', '{\"19\":\"/upload/img/store/9/1439281053012.jpg\"}', '1443066281396', '1443066281396', '1453066281396', '1', '0', '0.00', '0.00', '0.00', '40', '天津市', '2', '天津', '22', '0', '0', '0', '0', '1', null, '0'), ('10', '小米 （MI）16000mHh+MFI数据线', '购移动电源评价赠小米台灯更多活动猛戳', '62', '电池/移动电源', '384', null, '4', '9', '京川牦牛', '1', '63', '{\"1\":\"颜色\",\"4\":\"版本\"}', '/upload/img/store/9/1439281860833.jpg', '/upload/img/store/9/1439281860833.jpg,/upload/img/store/9/1439281864835.jpg,/upload/img/store/9/1439281868940.jpg,,,', '120.00', '1636628', '0', '1', '1', '1', '1444630085251', '', '', '<div id=\"activity_header\" style=\"margin:0px;padding:0px;color:#666666;font-family:Arial, Verdana, 宋体;background-color:#FFFFFF;\">\n	<table align=\"center\" border=\"0\" cellpadding=\"0\" cellspacing=\"0\" width=\"750\" class=\"ke-zeroborder\">\n		<tbody>\n			<tr>\n				<td>\n					<a href=\"http://xiaomi.jd.com/\" target=\"_blank\"><img alt=\"\" height=\"100\" width=\"750\" src=\"http://img30.360buyimg.com/jgsq-productsoa/jfs/t1285/184/310005434/38864/11e6df1c/5566763eNc3bd1e9e.jpg\" class=\"\" /></a>\n				</td>\n			</tr>\n		</tbody>\n	</table>\n	<table align=\"center\" border=\"0\" cellpadding=\"0\" cellspacing=\"0\" width=\"750\" class=\"ke-zeroborder\">\n		<tbody>\n			<tr>\n				<td>\n					<img alt=\"\" height=\"200\" width=\"750\" src=\"http://img30.360buyimg.com/jgsq-productsoa/jfs/t937/98/1001320682/28758/3c8b1fbd/556675ebNdf1fcf8f.jpg\" class=\"\" />\n				</td>\n			</tr>\n		</tbody>\n	</table>\n</div>\n<div id=\"J-detail-content\" style=\"margin:0px;padding:0px;color:#666666;font-family:Arial, Verdana, 宋体;background-color:#FFFFFF;\">\n	<div class=\"content_tpl\" style=\"margin:0px auto;padding:0px;\">\n		<div class=\"formwork_bt\" id=\"detail-tag-id-0\" style=\"margin:0px;padding:10px 0px;font-size:14px;font-family:Arial, Helvetica, sans-serif;\">\n			<div class=\"formwork_bt_dz\" style=\"margin:0px;padding:0px;\">\n				<span style=\"line-height:25px;font-family:微软雅黑;color:#FFFFFF;\">产品信息</span><span class=\"s2\" style=\"line-height:20px;font-family:微软雅黑;font-size:12px;color:#FFFFFF;\">Product Information</span>\n			</div>\n		</div>\n		<div class=\"formwork\" style=\"margin:0px;padding:10px 0px;font-family:Arial, Helvetica, sans-serif;font-size:14px;\">\n			<div class=\"formwork_text\" style=\"margin:0px;padding:0px;\">\n				小米移动电源，10400mAh，全铝合金金属外壳\n			</div>\n		</div>\n		<div class=\"formwork\" style=\"margin:0px;padding:10px 0px;font-family:Arial, Helvetica, sans-serif;font-size:14px;\">\n			<div class=\"formwork_img\" style=\"margin:0px auto;padding:0px;text-align:center;\">\n				<img src=\"http://img20.360buyimg.com/vc/g13/M00/0C/09/rBEhUlKu8BkIAAAAAAdNmbfEWaQAAG3SAEfRgAAB02x966.png\" class=\"\" />\n			</div>\n		</div>\n		<div class=\"formwork\" style=\"margin:0px;padding:10px 0px;font-family:Arial, Helvetica, sans-serif;font-size:14px;\">\n			<div class=\"formwork_img\" style=\"margin:0px auto;padding:0px;text-align:center;\">\n				<img src=\"http://img20.360buyimg.com/vc/jfs/t541/161/209164126/79409/b8850d43/54574437N635f02a1.jpg\" class=\"\" />\n			</div>\n		</div>\n		<div class=\"formwork\" style=\"margin:0px;padding:10px 0px;font-family:Arial, Helvetica, sans-serif;font-size:14px;\">\n			<div class=\"formwork_img\" style=\"margin:0px auto;padding:0px;text-align:center;\">\n				<img src=\"http://img20.360buyimg.com/vc/g14/M02/07/11/rBEhVlKu8DUIAAAAAAPuVG5zVVoAAG90QIEeCcAA-5s171.png\" class=\"\" />\n			</div>\n		</div>\n		<div class=\"formwork\" style=\"margin:0px;padding:10px 0px;font-family:Arial, Helvetica, sans-serif;font-size:14px;\">\n			<div class=\"formwork_img\" style=\"margin:0px auto;padding:0px;text-align:center;\">\n				<img src=\"http://img20.360buyimg.com/vc/jfs/t652/11/224024561/232980/52c8d05f/54574450N5b4dca7b.jpg\" class=\"\" />\n			</div>\n		</div>\n	</div>\n</div>', '{\"26\":\"{\\\"name\\\":\\\"容量\\\",\\\"42\\\":\\\"13001-16000毫安\\\"}\",\"27\":\"{\\\"name\\\":\\\"商品毛重\\\",\\\"45\\\":\\\"0.52kg\\\"}\",\"28\":\"{\\\"name\\\":\\\"特性\\\",\\\"46\\\":\\\"LED户外，其他\\\"}\"}', '{\"1\":\"{\\\"22\\\":\\\"银色\\\"}\",\"4\":\"{\\\"48\\\":\\\"5000毫安\\\",\\\"49\\\":\\\"10000毫安\\\"}\"}', '', '1443066281396', '1443066281396', '1453066281396', '1', '0', '0.00', '0.00', '0.00', '223', '济南市', '15', '山东省', '22', '0', '0', '0', '0', '1', null, '0'), ('11', 'Apple MacBook Air MJVE2CH/A 13.3英寸宽屏笔记本电脑 128GB 闪存', '纤薄、轻巧却又十分耐用，极为适合随身携带。而它的强劲性能，又能让你轻松应对各项事务。', '102', '笔记本', '214', null, '2', '9', '京川牦牛', '1', '61', '{\"1\":\"颜色\",\"4\":\"版本\"}', '/upload/img/store/9/1439282979048.jpg', '/upload/img/store/9/1439282979048.jpg,/upload/img/store/9/1439282983093.jpg,,,,', '5788.00', '1378536', '0', '1', '1', '0', '1444630085251', '', '', '<div id=\"activity_header\" style=\"margin:0px;padding:0px;color:#666666;font-family:Arial, Verdana, 宋体;background-color:#FFFFFF;\">\n	<br class=\"Apple-interchange-newline\" />\n	<table width=\"750\" align=\"center\" border=\"0\" cellpadding=\"0\" cellspacing=\"0\" class=\"ke-zeroborder\">\n		<tbody>\n			<tr>\n				<td height=\"127\">\n					<div align=\"center\" style=\"margin:0px;padding:0px;\">\n						<a href=\"http://sale.jd.com/act/YukI6ehL0QHiqmv.html\" target=\"_blank\"><img alt=\"\" src=\"http://img30.360buyimg.com/jgsq-productsoa/jfs/t577/312/1341187709/52619/f59a3c90/550a6338N711a420b.jpg\" class=\"\" /></a>\n					</div>\n				</td>\n			</tr>\n		</tbody>\n	</table>\n</div>\n<div id=\"J-detail-content\" style=\"margin:0px;padding:0px;color:#666666;font-family:Arial, Verdana, 宋体;background-color:#FFFFFF;\">\n	<div class=\"content_tpl\" style=\"margin:0px auto;padding:0px;\">\n		<div class=\"formwork\" style=\"margin:0px;padding:10px 0px;font-family:Arial, Helvetica, sans-serif;font-size:14px;\">\n			<div class=\"formwork_img\" style=\"margin:0px auto;padding:0px;text-align:center;\">\n				<img src=\"http://img20.360buyimg.com/vc/jfs/t862/193/1251012585/121054/92a9e927/55829eedNc6e9ecdd.jpg\" class=\"\" />\n			</div>\n		</div>\n	</div>\n<br />\n</div>\n<div id=\"activity_footer\" style=\"margin:0px;padding:0px;color:#666666;font-family:Arial, Verdana, 宋体;background-color:#FFFFFF;\">\n	<div align=\"center\" style=\"margin:0px;padding:0px;\">\n		<a href=\"http://sale.jd.com/act/5XTGcgSLlDMWN24q.html\" target=\"_blank\"><img alt=\"\" src=\"http://img30.360buyimg.com/jgsq-productsoa/jfs/t487/140/52299817/13007/5189fef2/544a1591N8595d3eb.jpg\" class=\"\" /></a>\n	</div>\n</div>', '{\"29\":\"{\\\"name\\\":\\\"处理器\\\",\\\"47\\\":\\\"Intel i5\\\"}\",\"30\":\"{\\\"name\\\":\\\"显卡\\\",\\\"48\\\":\\\"集成显卡\\\"}\",\"31\":\"{\\\"name\\\":\\\"商品毛重\\\",\\\"49\\\":\\\"3.0kg\\\"}\"}', '{\"1\":\"{\\\"22\\\":\\\"银色\\\"}\",\"4\":\"{\\\"50\\\":\\\"11.6英寸128GB\\\",\\\"51\\\":\\\"13.3英寸128GB\\\"}\"}', '', '1443066281396', '1443066281396', '1453066281396', '1', '0', '0.00', '0.00', '0.00', '36', '北京市', '1', '北京', '22', '0', '0', '10', '1', '1', null, '0'), ('12', '      戴尔（DELL）灵越 飞匣3000系列', '【手机购买更优惠！五代i5独显性价比机皇】 有钱有势不如有速度有激情！', '102', '笔记本', '179', null, '2', '9', '京川牦牛', '1', '65', '{\"1\":\"颜色\",\"4\":\"版本\"}', '/upload/img/store/9/1439283735415.jpg', '/upload/img/store/9/1439283735415.jpg,/upload/img/store/9/1439283740957.jpg,/upload/img/store/9/1439283745662.jpg,,,', '3999.00', '1322880', '0', '1', '1', '0', '1444630085251', '', '', '<div id=\"activity_header\">\n	<table align=\"center\" border=\"0\" cellpadding=\"0\" cellspacing=\"0\" width=\"750\" class=\"ke-zeroborder\">\n		<tbody>\n			<tr>\n				<td height=\"127\">\n					<div align=\"center\">\n						<a href=\"http://sale.jd.com/act/YukI6ehL0QHiqmv.html\" target=\"_blank\"><img class=\"\" src=\"http://img30.360buyimg.com/jgsq-productsoa/jfs/t577/312/1341187709/52619/f59a3c90/550a6338N711a420b.jpg\" alt=\"\" /></a>\n					</div>\n				</td>\n			</tr>\n		</tbody>\n	</table>\n</div>\n<div id=\"J-detail-content\">\n	<div align=\"center\">\n		<a target=\"_blank\" href=\"http://jmall.jd.com/shop/intel/index.html?cpdad=1DLSUE\"><img class=\"\" src=\"http://img30.360buyimg.com/jgsq-productsoa/jfs/t1390/171/543376041/126583/2eee0a13/559344fdNd3243de1.gif\" alt=\"\" /></a><br />\n	</div>\n	<div class=\"content_tpl\">\n		<div class=\"formwork\">\n			<div class=\"formwork_img\">\n				<img class=\"err-poster\" src=\"http://misc.360buyimg.com/lib/img/e/blank.gif\" alt=\"\" />\n			</div>\n		</div>\n		<div class=\"formwork\">\n			<div class=\"formwork_img\">\n				<img class=\"err-poster\" src=\"http://misc.360buyimg.com/lib/img/e/blank.gif\" alt=\"\" />\n			</div>\n		</div>\n		<div class=\"formwork\">\n			<div class=\"formwork_img\">\n				<img class=\"err-poster\" src=\"http://misc.360buyimg.com/lib/img/e/blank.gif\" alt=\"\" />\n			</div>\n		</div>\n	</div>\n<br />\n</div>\n<div id=\"activity_footer\">\n	<div style=\"text-align:center;\">\n		<br />\n	</div>\n	<div style=\"text-align:center;\">\n		<a target=\"_blank\" href=\"http://jmall.jd.com/p111861.html\"><img class=\"\" src=\"http://img30.360buyimg.com/jgsq-productsoa/jfs/t466/299/222561366/96325/c08c916e/54586e18N77dd4e37.jpg\" alt=\"\" /></a><br />\n<img class=\"\" src=\"http://img30.360buyimg.com/jgsq-productsoa/g15/M07/0A/14/rBEhWFMYF2AIAAAAAAEL5PVVcmcAAJiVwIOMjMAAQv8249.jpg\" alt=\"\" /><br />\n<a target=\"_blank\" href=\"http://wiki.jd.com/knowledge/6699.html\"><img class=\"\" src=\"http://img30.360buyimg.com/jgsq-productsoa/g12/M00/08/1E/rBEQYFGcb8QIAAAAAADPVt9SsC8AABv3QHIGGYAAM9u658.gif\" alt=\"\" border=\"0\" /></a><br />\n<a target=\"_blank\" href=\"http://sale.jd.com/act/8f0ZFRUkxV76X1q.html\"><img class=\"\" src=\"http://img30.360buyimg.com/jgsq-productsoa/g14/M09/11/0B/rBEhV1MFZQUIAAAAAAK4W-X1Yo4AAI4bwFMe60AArhz697.jpg\" alt=\"\" /></a><br />\n<a href=\"http://sale.jd.com/act/5XTGcgSLlDMWN24q.html\" target=\"_blank\"><img class=\"\" src=\"http://img30.360buyimg.com/jgsq-productsoa/jfs/t487/140/52299817/13007/5189fef2/544a1591N8595d3eb.jpg\" alt=\"\" /></a><br />\n<a target=\"_blank\" href=\"http://myjd.jd.com/afs/helper/amshomehelp.action\"><img class=\"\" src=\"http://img30.360buyimg.com/jgsq-productsoa/g14/M09/15/10/rBEhVVMYSRUIAAAAAAFxuzslXdsAAJsgAA_iF0AAXHT371.jpg\" alt=\"\" /></a><br />\n<img class=\"\" src=\"http://img30.360buyimg.com/jgsq-productsoa/jfs/t583/295/1123484710/52598/5562b820/54b47a09Nfd43a263.jpg\" alt=\"\" /><br />\n<br />\n<a href=\"http://jmall.jd.com/p2516.html\"><img class=\"\" src=\"http://img30.360buyimg.com/jgsq-productsoa/g9/M03/0E/0A/rBEHaVCjOHAIAAAAAAB45Ew9spIAACzOQJaz78AAHj8912.jpg\" alt=\"\" /></a>\n	</div>\n</div>', '{\"29\":\"{\\\"name\\\":\\\"处理器\\\",\\\"47\\\":\\\"Intel i5\\\"}\",\"30\":\"{\\\"name\\\":\\\"显卡\\\",\\\"50\\\":\\\"性能级独显\\\"}\",\"31\":\"{\\\"name\\\":\\\"商品毛重\\\",\\\"49\\\":\\\"3.0kg\\\"}\"}', '{\"1\":\"{\\\"19\\\":\\\"黑色\\\"}\",\"4\":\"{\\\"51\\\":\\\"13.3英寸128GB\\\"}\"}', '', '1443066281396', '1443066281396', '1453066281396', '1', '0', '0.00', '0.00', '0.00', '74', '唐山市', '3', '河北省', '22', '0', '0', '0', '0', '1', null, '0'), ('13', '      华硕（ASUS）猛禽STRIX-GTX960-DC2OC-2GD5 ', '【壕无人性！】5相超合金供电，金属背板！静音设计，双混合动力风扇，四热管奢华散热！支持DP1.2！', '112', '显卡', '184', null, '5', '9', '京川牦牛', '1', '67', '{\"1\":\"颜色\"}', '/upload/img/store/9/1439285154279.jpg', '/upload/img/store/9/1439285154279.jpg,/upload/img/store/9/1439285169524.jpg,/upload/img/store/9/1439285169626.jpg,', '1599.00', '1326299', '0', '1', '1', '1', '1444630085251', '', '', '<div id=\"activity_header\">\n	<div align=\"center\">\n		<a target=\"_blank\" href=\"http://sale.jd.com/act/VB4MAEueroT.html\"><img class=\"\" src=\"http://img30.360buyimg.com/jgsq-productsoa/jfs/t1609/36/1210678428/27826/1b3ace36/55c04366Nd557468a.jpg\" alt=\"\" /></a><br />\n<a target=\"_blank\" href=\"http://sale.jd.com/act/0ah5wDislkEyp6CW.html\"><img class=\"\" src=\"http://img30.360buyimg.com/jgsq-productsoa/jfs/t1693/34/1272658275/128370/22b096d8/55c9ab74N8ff58644.jpg\" alt=\"\" /></a><br />\n	</div>\n&nbsp;&nbsp;&nbsp;&nbsp;&nbsp;&nbsp; <br />\n&nbsp;&nbsp; <br />\n</div>\n<div id=\"J-detail-content\">\n	<div class=\"content_tpl\">\n		<div class=\"formwork\">\n			<div class=\"formwork_img\">\n				<img class=\"\" src=\"http://img20.360buyimg.com/vc/jfs/t1603/53/901328804/592063/5c42250e/55b19490Nf82ccdcb.jpg\" />\n			</div>\n		</div>\n		<div class=\"formwork\">\n			<div class=\"formwork_img\">\n				<img class=\"\" src=\"http://img20.360buyimg.com/vc/jfs/t1408/59/577957086/112965/d78f3ce/5599f95eNfe6c95dd.jpg\" />\n			</div>\n		</div>\n	</div>\n<br />\n</div>\n<div id=\"activity_footer\">\n	<div align=\"center\">\n		<a target=\"_blank\" href=\"http://sale.jd.com/act/IVBUgf1uK6epAck.html\"><img class=\"\" src=\"http://img30.360buyimg.com/jgsq-productsoa/g15/M00/1E/14/rBEhWlK6UR4IAAAAAAGkMLWZCwsAAHMbQCyXkMAAaRI408.jpg\" alt=\"\" /></a><br />\n<img class=\"\" src=\"http://img30.360buyimg.com/jgsq-productsoa/jfs/t700/304/383881430/57713/c6449f1f/54a8d21fNfb5ea35c.jpg\" alt=\"\" height=\"300\" width=\"750\" />\n	</div>\n</div>', '{\"32\":\"{\\\"name\\\":\\\"商品毛重\\\",\\\"51\\\":\\\"0.95kg\\\"}\",\"33\":\"{\\\"name\\\":\\\"显存容量\\\",\\\"52\\\":\\\"2G-3G\\\"}\",\"34\":\"{\\\"name\\\":\\\"NVIDIA芯片\\\",\\\"53\\\":\\\"GTX960\\\"}\"}', '{\"1\":\"{\\\"19\\\":\\\"黑色\\\"}\"}', '{\"19\":\"/upload/img/store/9/1439284966708.jpg\"}', '1443066281396', '1443066281396', '1453066281396', '1', '0', '0.00', '0.00', '0.00', '36', '北京市', '1', '北京', '22', '0', '0', '0', '0', '1', null, '0'), ('14', '小米 红米2A 白色 移动4G手机 双卡双待', '红米2A，499特价疯抢！ \\ | | / / ，这是一只手可以比划出的价格！ 选择下方“北京移动购机赠费”选88元档位套餐，不换号，额外得840元话费，分24个月返还，机会难得，欲购从速！', '24', '手机', '140', '小米', '1', '9', '京川牦牛', '1', '77', '{\"1\":\"颜色\",\"3\":\"屏幕尺寸\",\"4\":\"版本\",\"5\":\"容量\",\"6\":\"购买方式\"}', '/upload/img/store/9/1439350567269.jpg', '/upload/img/store/9/1439350567269.jpg,/upload/img/store/9/1439350567370.jpg,/upload/img/store/9/1439350567471.jpg,', '499.00', '1514831', '0', '1', '1', '0', '1444630085251', '', '', '<div id=\"activity_header\" style=\"margin:0px;padding:0px;color:#666666;font-family:Arial, Verdana, 宋体;font-size:12px;font-style:normal;font-weight:normal;text-align:start;background-color:#FFFFFF;\">\n	<table class=\"ke-zeroborder\" align=\"center\" border=\"0\" cellpadding=\"0\" cellspacing=\"0\" width=\"750\">\n		<tbody>\n			<tr>\n				<td height=\"159\">\n					<a href=\"http://sale.jd.com/act/02ZCO1Nqk7eALJw.html\" target=\"_blank\"><img alt=\"\" src=\"http://img30.360buyimg.com/jgsq-productsoa/jfs/t1564/27/1356784595/51494/80921e67/55c47be9N51c581b6.jpg\" class=\"\" style=\"border:0px;\" height=\"150\" width=\"750\" /></a>\n				</td>\n			</tr>\n		</tbody>\n	</table>\n	<div style=\"margin:0px;padding:0px;text-align:center;\">\n		<a href=\"http://sale.jd.com/act/grje2Fs5EXqQf.html\" target=\"_blank\"><img alt=\"\" src=\"http://img30.360buyimg.com/jgsq-productsoa/jfs/t1633/281/764622456/68025/1acda0/55a8d907N7196d53b.jpg\" class=\"\" style=\"border:0px;\" /></a>\n	</div>\n	<table class=\"ke-zeroborder\" align=\"center\" border=\"0\" cellpadding=\"0\" cellspacing=\"0\" width=\"750\">\n		<tbody>\n			<tr>\n				<td>\n					<a href=\"http://xiaomi.jd.com/\" target=\"_blank\"><img alt=\"\" src=\"http://img30.360buyimg.com/jgsq-productsoa/jfs/t1285/184/310005434/38864/11e6df1c/5566763eNc3bd1e9e.jpg\" class=\"\" style=\"border:0px;\" height=\"100\" width=\"750\" /></a>\n				</td>\n			</tr>\n		</tbody>\n	</table>\n	<table class=\"ke-zeroborder\" align=\"center\" border=\"0\" cellpadding=\"0\" cellspacing=\"0\" width=\"750\">\n		<tbody>\n			<tr>\n				<td>\n					<img alt=\"\" src=\"http://img30.360buyimg.com/jgsq-productsoa/jfs/t937/98/1001320682/28758/3c8b1fbd/556675ebNdf1fcf8f.jpg\" class=\"\" style=\"border:0px;\" height=\"200\" width=\"750\" />\n				</td>\n			</tr>\n		</tbody>\n	</table>\n</div>\n<div id=\"J-detail-content\" style=\"margin:0px;padding:0px;color:#666666;font-family:Arial, Verdana, 宋体;font-size:12px;font-style:normal;font-weight:normal;text-align:start;background-color:#FFFFFF;\">\n	<div style=\"margin:0px;padding:0px;text-align:center;\">\n		<br />\n	</div>\n	<div style=\"margin:0px;padding:0px;\" align=\"center\">\n		<img alt=\"\" src=\"http://img30.360buyimg.com/jgsq-productsoa/jfs/t850/233/1118858395/213894/6b393961/55750d7eN513a34b4.jpg\" class=\"\" style=\"border:0px;\" /><br />\n	</div>\n	<div style=\"margin:0px;padding:0px;\" align=\"center\">\n		<img id=\"detail-tag-id-23\" alt=\"\" src=\"http://img30.360buyimg.com/jgsq-productsoa/jfs/t592/253/836071434/10674/1fab707a/548f9846N3a773d38.jpg\" class=\"\" style=\"border:0px;\" /><br />\n<br />\n	</div>\n	<div style=\"margin:0px;padding:0px;\" align=\"center\">\n		<img alt=\"\" src=\"http://img30.360buyimg.com/jgsq-productsoa/jfs/t1495/113/673725648/223753/d4ff4590/55a4af46N2542323a.jpg\" class=\"\" style=\"border:0px;\" height=\"652\" width=\"750\" /><img alt=\"\" style=\"border:0px;\" height=\"1256\" width=\"750\" /><img alt=\"\" style=\"border:0px;\" /><img alt=\"\" src=\"http://img30.360buyimg.com/jgsq-productsoa/jfs/t1186/109/1266403902/521707/c0f93b3d/558bd246N4aef6868.jpg\" class=\"\" style=\"border:0px;\" height=\"1333\" width=\"750\" /><img alt=\"\" style=\"border:0px;\" height=\"1333\" width=\"750\" /><img alt=\"\" style=\"border:0px;\" height=\"1333\" width=\"750\" /><img alt=\"\" style=\"border:0px;\" height=\"1333\" width=\"750\" /><img alt=\"\" style=\"border:0px;\" /><img alt=\"\" src=\"http://img30.360buyimg.com/jgsq-productsoa/jfs/t1336/227/770980278/274006/707b9e0/55a4a883N05d1378f.jpg\" class=\"\" style=\"border:0px;\" height=\"1333\" width=\"750\" /><br />\n	</div>\n<br />\n</div>\n<div id=\"activity_footer\" style=\"margin:0px;padding:0px;color:#666666;font-family:Arial, Verdana, 宋体;font-size:12px;font-style:normal;font-weight:normal;text-align:start;background-color:#FFFFFF;\">\n	<div style=\"margin:0px;padding:0px;text-align:center;\">\n		<img alt=\"\" src=\"http://img30.360buyimg.com/jgsq-productsoa/jfs/t799/268/991135638/65471/5ac13a74/55656f77Nf5401375.jpg\" class=\"\" style=\"border:0px;\" />\n	</div>\n</div>', '{\"43\":\"{\\\"name\\\":\\\"屏幕尺寸\\\",\\\"70\\\":\\\"4.7英寸\\\"}\",\"44\":\"{\\\"name\\\":\\\"分辨率\\\",\\\"74\\\":\\\"1334 x 800\\\"}\",\"45\":\"{\\\"name\\\":\\\"后置摄像头\\\",\\\"76\\\":\\\"800万像素\\\"}\",\"46\":\"{\\\"name\\\":\\\"前置摄像头\\\",\\\"77\\\":\\\"120万像素\\\"}\"}', '{\"1\":\"{\\\"19\\\":\\\"黑色\\\",\\\"22\\\":\\\"银色\\\"}\",\"3\":\"{\\\"10\\\":\\\"4.7\\\"}\",\"4\":\"{\\\"46\\\":\\\"联通4G\\\"}\",\"5\":\"{\\\"36\\\":\\\"16G\\\"}\",\"6\":\"{\\\"24\\\":\\\"非合约机\\\"}\"}', '', '1443066281396', '1443066281396', '1453066281396', '1', '0', '0.00', '0.00', '0.00', '36', '北京市', '1', '北京', '22', '0', '0', '6', '0', '1', null, '0'), ('15', 'LG AKA [H778]（1.5G RAM）移动联通双4G手机 （16G ROM） 黄小帝 标配版', '【5.0英寸IPS屏 ，超萌视觉效果】买套餐版就送自拍杆+日系木质视频支架', '24', '手机', '60', 'LG', '1', '9', '京川牦牛', '1', '79', '{\"1\":\"颜色\",\"3\":\"屏幕尺寸\",\"4\":\"版本\",\"5\":\"容量\",\"6\":\"购买方式\"}', '/upload/img/store/9/1439350943180.jpg', '/upload/img/store/9/1439350943180.jpg,/upload/img/store/9/1439350943282.jpg,/upload/img/store/9/1439350943386.jpg,', '1785.00', '1627968495', '0', '1', '1', '0', '1444630085251', '', '', '<div style=\"margin:0px;padding:0px;color:#666666;font-family:Arial, Verdana, 宋体;font-size:12px;font-style:normal;font-weight:normal;text-align:center;background-color:#FFFFFF;\">\n	<img id=\"bb29f491a1ed4f9682473778dae2f4d3\" alt=\"\" src=\"http://img30.360buyimg.com/popWaterMark/jfs/t1240/93/1420029955/154480/9a62fc46/559cfcd6N26bb8a1c.jpg\" class=\"\" style=\"border:0px;\" />\n</div>\n<div style=\"margin:0px;padding:0px;color:#666666;font-family:Arial, Verdana, 宋体;font-size:12px;font-style:normal;font-weight:normal;text-align:center;background-color:#FFFFFF;\">\n	<img id=\"cc5dc8dfd00c4d05b2d708ed35b3f4ef\" alt=\"\" src=\"http://img30.360buyimg.com/popWaterMark/jfs/t883/23/1389569314/219338/d14b7db6/559cfcddN2043aab1.jpg\" class=\"\" style=\"border:0px;\" />\n</div>\n<div style=\"margin:0px;padding:0px;color:#666666;font-family:Arial, Verdana, 宋体;font-size:12px;font-style:normal;font-weight:normal;text-align:center;background-color:#FFFFFF;\">\n	<img id=\"e8961efb6cfb4164ad1065c09a6c0297\" alt=\"\" src=\"http://img30.360buyimg.com/popWaterMark/jfs/t1336/155/708654019/195050/eb8f00a1/559cfceaN662e3c5c.jpg\" class=\"\" style=\"border:0px;\" />\n</div>\n<div style=\"margin:0px;padding:0px;color:#666666;font-family:Arial, Verdana, 宋体;font-size:12px;font-style:normal;font-weight:normal;text-align:center;background-color:#FFFFFF;\">\n	<img id=\"0365f5abecbc4c4bb3c9f0c5a1b8797b\" alt=\"\" src=\"http://img30.360buyimg.com/popWaterMark/jfs/t1699/132/427051046/352878/fd99ea00/559cfd05N24faa989.jpg\" class=\"\" style=\"border:0px;\" />\n</div>\n<div style=\"margin:0px;padding:0px;color:#666666;font-family:Arial, Verdana, 宋体;font-size:12px;font-style:normal;font-weight:normal;text-align:center;background-color:#FFFFFF;\">\n	<img id=\"c9fc1be4c75840b6b6c9e92ce26110a7\" alt=\"\" src=\"http://img30.360buyimg.com/popWaterMark/jfs/t1522/286/615149826/278224/b02b2b7a/559cfd0cNf91b52f0.jpg\" class=\"\" style=\"border:0px;\" />\n</div>\n<div style=\"margin:0px;padding:0px;color:#666666;font-family:Arial, Verdana, 宋体;font-size:12px;font-style:normal;font-weight:normal;text-align:center;background-color:#FFFFFF;\">\n	<img id=\"64622f79e72f46be8db8ba25dd51d810\" alt=\"\" src=\"http://img10.360buyimg.com/imgzone/jfs/t1516/271/838214269/260143/768747fe/55adee1fNbc5bb9fd.jpg\" class=\"\" style=\"border:0px;\" />\n</div>\n<div style=\"margin:0px;padding:0px;color:#666666;font-family:Arial, Verdana, 宋体;font-size:12px;font-style:normal;font-weight:normal;text-align:center;background-color:#FFFFFF;\">\n	<img id=\"2f87beb734fa4e3c82a1a528f2a38781\" alt=\"\" src=\"http://img30.360buyimg.com/popWaterMark/jfs/t916/58/1404270327/442533/a101d866/559cfd21N03b42924.jpg\" class=\"\" style=\"border:0px;\" />\n</div>\n<div style=\"margin:0px;padding:0px;color:#666666;font-family:Arial, Verdana, 宋体;font-size:12px;font-style:normal;font-weight:normal;text-align:center;background-color:#FFFFFF;\">\n	<img id=\"dacab673fc94418abbf1a463e6105185\" alt=\"\" src=\"http://img30.360buyimg.com/popWaterMark/jfs/t841/228/1380110047/139532/9782e3ad/559cfd27N7b3c38cb.jpg\" class=\"\" style=\"border:0px;\" />\n</div>\n<br class=\"Apple-interchange-newline\" />', '{\"43\":\"{\\\"name\\\":\\\"屏幕尺寸\\\",\\\"70\\\":\\\"4.7英寸\\\"}\",\"44\":\"{\\\"name\\\":\\\"分辨率\\\",\\\"73\\\":\\\"1334 x 750\\\"}\",\"45\":\"{\\\"name\\\":\\\"后置摄像头\\\",\\\"76\\\":\\\"800万像素\\\"}\",\"46\":\"{\\\"name\\\":\\\"前置摄像头\\\",\\\"77\\\":\\\"120万像素\\\"}\"}', '{\"1\":\"{\\\"20\\\":\\\"蓝色\\\",\\\"21\\\":\\\"金色\\\"}\",\"3\":\"{\\\"10\\\":\\\"4.7\\\"}\",\"4\":\"{\\\"45\\\":\\\"移动4G\\\"}\",\"5\":\"{\\\"36\\\":\\\"16G\\\"}\",\"6\":\"{\\\"24\\\":\\\"非合约机\\\"}\"}', '{\"20\":\"/upload/img/store/9/1439350875701.jpg\",\"21\":\"/upload/img/store/9/1439350894373.jpg\"}', '1443066281396', '1443066281396', '1453066281396', '1', '0', '0.00', '0.00', '0.00', '39', '上海市', '9', '上海', '22', '0', '0', '12', '0', '1', null, '0'), ('16', 'HTC One E9+（E9pw） 公开版 银雅黑 移动联通4G手机 双卡双待', '5.5英寸2K屏幕，8核处理器，移动联通双卡双4G，1300万+2000万摄像头！', '24', '手机', '81', 'HTC', '1', '9', '京川牦牛', '1', '81', '{\"1\":\"颜色\",\"3\":\"屏幕尺寸\",\"4\":\"版本\",\"5\":\"容量\",\"6\":\"购买方式\"}', '/upload/img/store/9/1439351415439.jpg', '/upload/img/store/9/1439351415439.jpg,/upload/img/store/9/1439351415540.jpg,/upload/img/store/9/1439351415640.jpg,', '2699.00', '1462851', '0', '1', '1', '0', '1444630085251', '', '', '<div id=\"activity_header\" style=\"margin:0px;padding:0px;color:#666666;font-family:Arial, Verdana, 宋体;font-size:12px;font-style:normal;font-weight:normal;text-align:start;background-color:#FFFFFF;\">\n	<table class=\"ke-zeroborder\" align=\"center\" border=\"0\" cellpadding=\"0\" cellspacing=\"0\" width=\"750\">\n		<tbody>\n			<tr>\n				<td height=\"159\">\n					<a href=\"http://sale.jd.com/act/02ZCO1Nqk7eALJw.html\" target=\"_blank\"><img alt=\"\" src=\"http://img30.360buyimg.com/jgsq-productsoa/jfs/t1564/27/1356784595/51494/80921e67/55c47be9N51c581b6.jpg\" class=\"\" style=\"border:0px;\" height=\"150\" width=\"750\" /></a>\n				</td>\n			</tr>\n		</tbody>\n	</table>\n</div>\n<div id=\"J-detail-content\" style=\"margin:0px;padding:0px;color:#666666;font-family:Arial, Verdana, 宋体;font-size:12px;font-style:normal;font-weight:normal;text-align:start;background-color:#FFFFFF;\">\n	<div style=\"margin:0px;padding:0px;text-align:center;\">\n		<br />\n	</div>\n	<div style=\"margin:0px;padding:0px;text-align:center;\">\n		<img alt=\"\" src=\"http://img30.360buyimg.com/jgsq-productsoa/jfs/t982/175/546172621/86636/5eb4694d/552e402eN4673bedc.jpg\" class=\"\" style=\"border:0px;\" /><img id=\"detail-tag-id-23\" alt=\"\" src=\"http://img30.360buyimg.com/jgsq-productsoa/jfs/t592/253/836071434/10674/1fab707a/548f9846N3a773d38.jpg\" class=\"\" style=\"border:0px;\" /><br />\n<img alt=\"\" style=\"border:0px;\" /><img alt=\"\" style=\"border:0px;\" /><img alt=\"\" style=\"border:0px;\" /><img alt=\"\" style=\"border:0px;\" /><img alt=\"\" src=\"http://img30.360buyimg.com/jgsq-productsoa/jfs/t1606/273/72749538/69246/f88bef0b/555588d7N2837cc91.jpg\" class=\"\" style=\"border:0px;\" height=\"823\" width=\"750\" /><img alt=\"\" style=\"border:0px;\" /><img alt=\"\" style=\"border:0px;\" /><img alt=\"\" src=\"http://img30.360buyimg.com/jgsq-productsoa/jfs/t1585/268/81136753/134308/fa6f6054/555588e0Ncd4337d6.jpg\" class=\"\" style=\"border:0px;\" height=\"690\" width=\"750\" /><img alt=\"\" src=\"http://img30.360buyimg.com/jgsq-productsoa/jfs/t811/162/550125291/102757/3339b012/552e40afNa58447a4.jpg\" class=\"\" style=\"border:0px;\" /><img alt=\"\" src=\"http://img30.360buyimg.com/jgsq-productsoa/jfs/t1120/177/551773341/77839/3a06f111/552e40b4Ndcf1cb71.jpg\" class=\"\" style=\"border:0px;\" /><img alt=\"\" src=\"http://img30.360buyimg.com/jgsq-productsoa/jfs/t895/343/554086336/83211/25ecdb7f/552e40b8N8dce8c8c.jpg\" class=\"\" style=\"border:0px;\" />\n	</div>\n</div>', '{\"43\":\"{\\\"name\\\":\\\"屏幕尺寸\\\",\\\"72\\\":\\\"5.5英寸\\\"}\",\"44\":\"{\\\"name\\\":\\\"分辨率\\\",\\\"75\\\":\\\"1920 x 1080\\\"}\",\"45\":\"{\\\"name\\\":\\\"后置摄像头\\\",\\\"76\\\":\\\"800万像素\\\"}\",\"46\":\"{\\\"name\\\":\\\"前置摄像头\\\",\\\"77\\\":\\\"120万像素\\\"}\"}', '{\"1\":\"{\\\"19\\\":\\\"黑色\\\",\\\"22\\\":\\\"银色\\\"}\",\"3\":\"{\\\"11\\\":\\\"5.5\\\"}\",\"4\":\"{\\\"45\\\":\\\"移动4G\\\"}\",\"5\":\"{\\\"36\\\":\\\"16G\\\"}\",\"6\":\"{\\\"25\\\":\\\"购机入网送话费\\\"}\"}', '{\"19\":\"/upload/img/store/9/1439351247421.jpg\",\"22\":\"/upload/img/store/9/1439351252260.jpg\"}', '1443066281396', '1443066281396', '1453066281396', '1', '0', '0.00', '0.00', '0.00', '164', '徐州市', '10', '江苏省', '22', '0', '0', '3', '1', '1', null, '0'), ('17', '诺基亚(NOKIA) 1050 (RM-1120) 黑色 移动联通2G手机', '经典神器，简单实用,超长待机，更多色彩！', '24', '手机', '78', '诺基亚', '1', '9', '京川牦牛', '1', '83', '{\"1\":\"颜色\",\"3\":\"屏幕尺寸\",\"4\":\"版本\",\"5\":\"容量\",\"6\":\"购买方式\"}', '/upload/img/store/9/1439351673563.jpg', '/upload/img/store/9/1439351673563.jpg,/upload/img/store/9/1439351673664.jpg,', '129.00', '875722', '0', '1', '1', '0', '1444630085251', '', '', '<div id=\"activity_header\" style=\"margin:0px;padding:0px;color:#666666;font-family:Arial, Verdana, 宋体;font-size:12px;font-style:normal;font-weight:normal;text-align:start;background-color:#FFFFFF;\">\n	<table class=\"ke-zeroborder\" align=\"center\" border=\"0\" cellpadding=\"0\" cellspacing=\"0\" width=\"750\">\n		<tbody>\n			<tr>\n				<td height=\"159\">\n					<a href=\"http://sale.jd.com/act/02ZCO1Nqk7eALJw.html\" target=\"_blank\"><img alt=\"\" src=\"http://img30.360buyimg.com/jgsq-productsoa/jfs/t1564/27/1356784595/51494/80921e67/55c47be9N51c581b6.jpg\" class=\"\" style=\"border:0px;\" height=\"150\" width=\"750\" /></a>\n				</td>\n			</tr>\n		</tbody>\n	</table>\n	<table class=\"ke-zeroborder\" align=\"center\" border=\"0\" cellpadding=\"0\" cellspacing=\"0\" width=\"750\">\n		<tbody>\n			<tr>\n				<td height=\"159\">\n					<a href=\"http://sale.jd.com/act/ew8kBo5nKqaEcO3.html\" target=\"_blank\"><img alt=\"\" src=\"http://img30.360buyimg.com/jgsq-productsoa/jfs/t1564/225/1417636440/34804/ff1e9f22/55c85b1cN86fff5b1.jpg\" class=\"\" style=\"border:0px;\" height=\"150\" width=\"750\" /></a>\n				</td>\n			</tr>\n		</tbody>\n	</table>\n</div>\n<div id=\"J-detail-content\" style=\"margin:0px;padding:0px;color:#666666;font-family:Arial, Verdana, 宋体;font-size:12px;font-style:normal;font-weight:normal;text-align:start;background-color:#FFFFFF;\">\n	<table class=\"ke-zeroborder\" align=\"center\" border=\"0\" cellpadding=\"0\" cellspacing=\"0\" width=\"750\">\n		<tbody>\n			<tr>\n				<td>\n					<img alt=\"\" src=\"http://img30.360buyimg.com/erpWareDetail/nfda67aH5UbSj0ZR.jpg\" class=\"\" style=\"border:0px;\" height=\"44\" border=\"0\" width=\"750\" />\n					<div style=\"margin:0px;padding:0px;\" align=\"center\">\n						<img src=\"http://img20.360buyimg.com/vc/jfs/t589/90/1428356880/142239/99a82934/54e0021cNc8d6c27f.jpg\" class=\"\" style=\"border:0px;\" height=\"367\" width=\"750\" />\n					</div>\n				</td>\n			</tr>\n			<tr>\n				<td>\n					<br />\n				</td>\n			</tr>\n			<tr>\n				<td>\n					<img alt=\"\" src=\"http://img30.360buyimg.com/erpWareDetail/nQTYErDwzk5CYU4X.jpg\" class=\"\" style=\"border:0px;\" height=\"44\" border=\"0\" width=\"750\" />\n				</td>\n			</tr>\n		</tbody>\n	</table>\n	<table class=\"ke-zeroborder\" align=\"center\" border=\"0\" cellpadding=\"0\" cellspacing=\"0\" width=\"750\">\n		<tbody>\n			<tr>\n				<td>\n					<img alt=\"\" src=\"http://img30.360buyimg.com/jgsq-productsoa/jfs/t541/146/629962434/57000/c263a6e0/54785655N124bc17d.jpg\" class=\"\" style=\"border:0px;\" />\n				</td>\n			</tr>\n		</tbody>\n	</table>\n	<table class=\"ke-zeroborder\" align=\"center\" border=\"0\" cellpadding=\"0\" cellspacing=\"0\" width=\"750\">\n		<tbody>\n		</tbody>\n	</table>\n	<table class=\"ke-zeroborder\" align=\"center\" border=\"0\" cellpadding=\"0\" cellspacing=\"0\" width=\"750\">\n		<tbody>\n			<tr>\n				<td>\n					<br />\n				</td>\n			</tr>\n		</tbody>\n	</table>\n	<table class=\"ke-zeroborder\" align=\"center\" border=\"0\" cellpadding=\"0\" cellspacing=\"0\" width=\"750\">\n		<tbody>\n			<tr>\n				<td width=\"380\">\n					<div style=\"margin:0px;padding:0px;\" align=\"center\">\n						<img alt=\"\" src=\"http://img20.360buyimg.com/vc/g10/M00/1A/01/rBEQWVF7K8sIAAAAAAFLqw_AQdoAAFFqwHrzy4AAUvD340.png\" class=\"\" style=\"border:0px;\" height=\"250\" width=\"334\" />\n					</div>\n				</td>\n				<td width=\"370\">\n					<img alt=\"\" src=\"http://img20.360buyimg.com/vc/g10/M00/1A/01/rBEQWVF7K-IIAAAAAAAOCVGBRFkAAFFqgP_8coAAA42746.png\" class=\"\" style=\"border:0px;\" height=\"31\" width=\"111\" />\n					<div style=\"margin:0px;padding:15px 15px 15px 7px;font-size:15px;font-family:微软雅黑;\">\n						诺基亚1050拥有经久耐用的防尘键盘确保它能够应对生活中重重考验。\n					</div>\n				</td>\n			</tr>\n		</tbody>\n	</table>\n</div>\n<br class=\"Apple-interchange-newline\" />', '{\"43\":\"{\\\"name\\\":\\\"屏幕尺寸\\\",\\\"70\\\":\\\"4.7英寸\\\"}\",\"44\":\"{\\\"name\\\":\\\"分辨率\\\",\\\"73\\\":\\\"1334 x 750\\\"}\",\"45\":\"{\\\"name\\\":\\\"后置摄像头\\\",\\\"76\\\":\\\"800万像素\\\"}\",\"46\":\"{\\\"name\\\":\\\"前置摄像头\\\",\\\"77\\\":\\\"120万像素\\\"}\"}', '{\"1\":\"{\\\"19\\\":\\\"黑色\\\"}\",\"3\":\"{\\\"10\\\":\\\"4.7\\\"}\",\"4\":\"{\\\"45\\\":\\\"移动4G\\\"}\",\"5\":\"{\\\"36\\\":\\\"16G\\\"}\",\"6\":\"{\\\"24\\\":\\\"非合约机\\\"}\"}', '', '1443066281396', '1443066281396', '1453066281396', '1', '0', '0.00', '0.00', '0.00', '36', '北京市', '1', '北京', '22', '0', '0', '5', '0', '1', null, '0'), ('18', 'Apple iPhone 5s (A1530) 16GB 金色 移动联通4G手机', '先进的 iPhone 5s，满载出色功能和创新技术，现更值得拥有。 选择下方“北京移动购机赠费”选158元档位套餐，共得1512元话费，分24个月返还，尖叫吧，机会难得，欲购从速！', '24', '手机', '80', '苹果', '1', '9', '京川牦牛', '1', '84', '{\"1\":\"颜色\",\"3\":\"屏幕尺寸\",\"4\":\"版本\",\"5\":\"容量\",\"6\":\"购买方式\"}', '/upload/img/store/9/1439352167961.jpg', '/upload/img/store/9/1439352167961.jpg,/upload/img/store/9/1439352168062.jpg,/upload/img/store/9/1439352168164.jpg,', '3588.00', '1057746', '0', '1', '1', '0', '1444630085251', '', '', '<div id=\"activity_header\" style=\"margin:0px;padding:0px;color:#666666;font-family:Arial, Verdana, 宋体;font-size:12px;font-style:normal;font-weight:normal;text-align:start;background-color:#FFFFFF;\">\n	<table class=\"ke-zeroborder\" align=\"center\" border=\"0\" cellpadding=\"0\" cellspacing=\"0\" width=\"750\">\n		<tbody>\n			<tr>\n				<td height=\"159\">\n					<a href=\"http://sale.jd.com/act/02ZCO1Nqk7eALJw.html\" target=\"_blank\"><img alt=\"\" src=\"http://img30.360buyimg.com/jgsq-productsoa/jfs/t1564/27/1356784595/51494/80921e67/55c47be9N51c581b6.jpg\" class=\"\" style=\"border:0px;\" height=\"150\" width=\"750\" /></a>\n				</td>\n			</tr>\n		</tbody>\n	</table>\n	<table class=\"ke-zeroborder\" align=\"center\" border=\"0\" cellpadding=\"0\" cellspacing=\"0\" width=\"750\">\n		<tbody>\n			<tr>\n				<td align=\"center\" height=\"56\">\n					<div style=\"margin:0px;padding:15px;font-family:微软雅黑;font-size:18px;color:#FF0000;font-weight:bold;\">\n						售后服务说明：已激活的iPhone不支持七天无理由退换货，请确认需求后再激活使用。\n					</div>\n				</td>\n			</tr>\n		</tbody>\n	</table>\n</div>\n<div id=\"J-detail-content\" style=\"margin:0px;padding:0px;color:#666666;font-family:Arial, Verdana, 宋体;font-size:12px;font-style:normal;font-weight:normal;text-align:start;background-color:#FFFFFF;\">\n	<div class=\"_123_A_ERPFUSE_1605603\" id=\"abdis_A\" style=\"margin:0px;padding:0px;\">\n		<div style=\"margin:0px;padding:0px;text-align:center;\">\n			<img alt=\"\" src=\"http://img30.360buyimg.com/jgsq-productsoa/jfs/t1537/355/1028569114/83112/18299f30/55b87b4eN7dd26268.jpg\" class=\"\" style=\"border:0px;\" /><br />\n		</div>\n	</div>\n</div>\n<br class=\"Apple-interchange-newline\" />', '{\"43\":\"{\\\"name\\\":\\\"屏幕尺寸\\\",\\\"70\\\":\\\"4.7英寸\\\"}\",\"44\":\"{\\\"name\\\":\\\"分辨率\\\",\\\"75\\\":\\\"1920 x 1080\\\"}\",\"45\":\"{\\\"name\\\":\\\"后置摄像头\\\",\\\"76\\\":\\\"800万像素\\\"}\",\"46\":\"{\\\"name\\\":\\\"前置摄像头\\\",\\\"77\\\":\\\"120万像素\\\"}\"}', '{\"1\":\"{\\\"21\\\":\\\"金色\\\",\\\"22\\\":\\\"银色\\\",\\\"23\\\":\\\"深空灰\\\"}\",\"3\":\"{\\\"10\\\":\\\"4.7\\\"}\",\"4\":\"{\\\"45\\\":\\\"移动4G\\\"}\",\"5\":\"{\\\"36\\\":\\\"16G\\\"}\",\"6\":\"{\\\"24\\\":\\\"非合约机\\\"}\"}', '{\"21\":\"/upload/img/store/9/1439352097849.jpg\",\"22\":\"/upload/img/store/9/1439352104085.jpg\",\"23\":\"/upload/img/store/9/1439352107940.jpg\"}', '1443066281396', '1443066281396', '1453066281396', '1', '0', '0.00', '0.00', '0.00', '303', '阳江市', '19', '广东省', '22', '0', '0', '3', '0', '1', null, '0'), ('19', '美版苹果iPhone6 64G版 4G手机 4.7寸（金色）A1586 支持移动电信联通 金色', 'A1586 （移动2\\3\\4G ；联通2\\3\\4G;电信2\\3G)', '24', '手机', '80', '苹果2', '1', '9', '京川牦牛', '1', '294', '{\"6\":\"购买方式\",\"5\":\"容量\",\"4\":\"版本\",\"3\":\"屏幕尺寸\",\"1\":\"颜色\"}{\"6\":\"购买方式\",\"5\":\"容量\",\"4\":\"版本\",\"3\":\"屏幕尺寸\",\"1\":\"颜色\"}', '/upload/img/store/9/1439352673683.jpg', '/upload/img/store/9/1439352673683.jpg,/upload/img/store/9/1439352686952.jpg,', '0.01', '1951796103', '1', '1', '30', '1', '1444630085251', '', '', '              	              	              	              	              	              	              	              	<div id=\"J-detail-pop-tpl-top\" style=\"margin:0px;padding:0px;text-align:center;color:#666666;font-family:微软雅黑;font-size:12px;font-style:normal;font-weight:normal;background-color:#FFFFFF;\">\n	<div style=\"margin:0px;padding:0px;\">\n		<div style=\"margin:0px;padding:0px;text-align:center;\">\n			<a href=\"http://sale.jd.com/act/gpj5BklnfMyNv0eY.html\" target=\"_blank\"><img src=\"http://img30.360buyimg.com/popWaterMark/jfs/t1654/172/1449312500/67434/8376adba/55c966e9N4e3d007d.jpg\" alt=\"\" style=\"border:0px;\" /></a>\n		</div>\n	</div>\n	<p>\n		<img src=\"http://img30.360buyimg.com/popWaterMark/jfs/t1297/115/658413629/74194/6fd7744d/55963efbNf78882ab.gif\" alt=\"\" id=\"945154a2bcd34a88a7255fd2419ce79b \" />\n	</p>\n</div>\n<div id=\"J-detail-content\" style=\"margin:0px;padding:0px;text-align:center;color:#666666;font-family:微软雅黑;font-size:12px;font-style:normal;font-weight:normal;background-color:#FFFFFF;\">\n	<br />\n<img alt=\"\" id=\"ab0db8a45329415f946fbea5bfe79c0a \" src=\"http://img30.360buyimg.com/popWaterMark/jfs/t1666/171/881502747/314293/e42cd2d1/55b9f3c5Neb803591.jpg\" class=\"\" /><br />\n<img alt=\"\" id=\"8c0eac10c0fa4f359a40eca5fca02b6e \" src=\"http://img30.360buyimg.com/popWaterMark/jfs/t1330/13/1221657168/127794/59c57c34/55b9f3c6N48c8b3e0.jpg\" class=\"\" />\n</div>\n<br class=\"Apple-interchange-newline\" />\n              \n              \n              \n              \n              \n              \n              \n              ', '', '{\"6\":\"{\\\"24\\\":\\\"非合约机\\\"}\",\"5\":\"{\\\"38\\\":\\\"64G\\\"}\",\"4\":\"{\\\"46\\\":\\\"联通4G\\\"}\",\"3\":\"{\\\"10\\\":\\\"4.7\\\"}\",\"1\":\"{\\\"168\\\":\\\"蓝色\\\"}\"}', '', '1443066281396', '1443066281396', '1453066281396', '1', '0', '0.00', '0.00', '0.00', '39', '上海市', '9', '上海', '22', '0', '6', '257', '1', '1', null, '0'), ('20', '欧洲站2015新夏季欧货短袖大码中长款淑女连衣裙A字雪纺女装显瘦V S', '支持货到付款，7天无理由退换货！无忧购物更放心！', '135', '连衣裙', '118', '康妮雅', '6', '9', '京川牦牛', '1', '93', '{\"1\":\"颜色\",\"9\":\"尺码\"}', '/upload/img/store/9/1439361451698.jpg', '/upload/img/store/9/1439361451698.jpg,/upload/img/store/9/1439361451800.jpg,/upload/img/store/9/1439361451901.jpg,', '504.00', '1633662193', '0', '1', '1', '0', '1444630085251', '', '', '<br />\n<img alt=\"\" id=\"f4972acfd6f54be39096e322ac6d0f7a\" src=\"http://img30.360buyimg.com/popWareDetail/jfs/t844/192/1442860999/307101/a0a25fb4/55a32808N73ffcfc8.jpg\" class=\"\" style=\"border:0px;\" /><span style=\"color:#666666;font-family:Arial, Verdana, 宋体;font-size:12px;font-style:normal;font-weight:normal;line-height:18px;background-color:#FFFFFF;\"><span class=\"Apple-converted-space\">&nbsp;</span></span><br />\n<img alt=\"\" id=\"99ff5fcb8de94908927da02c7e86550c\" src=\"http://img30.360buyimg.com/popWareDetail/jfs/t1513/347/679156665/243928/d049b4de/55a32809N5e224a82.jpg\" class=\"\" style=\"border:0px;\" /><span style=\"color:#666666;font-family:Arial, Verdana, 宋体;font-size:12px;font-style:normal;font-weight:normal;line-height:18px;background-color:#FFFFFF;\"><span class=\"Apple-converted-space\">&nbsp;</span></span><br />\n<img alt=\"\" id=\"aa80c1c096694530aaa3033efab7e8e6\" src=\"http://img30.360buyimg.com/popWareDetail/jfs/t1534/345/658571845/266550/e03ef6a5/55a32809N9c50eed6.jpg\" class=\"\" style=\"border:0px;\" /><span style=\"color:#666666;font-family:Arial, Verdana, 宋体;font-size:12px;font-style:normal;font-weight:normal;line-height:18px;background-color:#FFFFFF;\"><span class=\"Apple-converted-space\">&nbsp;</span></span><br />\n<img alt=\"\" id=\"af887b7135824a06bb91892f035ca1e3\" src=\"http://img30.360buyimg.com/popWareDetail/jfs/t1453/2/659575276/224559/bdbd0553/55a3280bNd0aba5fc.jpg\" class=\"\" style=\"border:0px;\" /><span style=\"color:#666666;font-family:Arial, Verdana, 宋体;font-size:12px;font-style:normal;font-weight:normal;line-height:18px;background-color:#FFFFFF;\"><span class=\"Apple-converted-space\">&nbsp;</span></span><br />\n<img alt=\"\" id=\"dbd07b1298c84ccba9535b2b243331bd\" src=\"http://img30.360buyimg.com/popWareDetail/jfs/t1654/188/432010817/218607/52ebfed1/55a3280cNbeae26f5.jpg\" class=\"\" style=\"border:0px;\" /><span style=\"color:#666666;font-family:Arial, Verdana, 宋体;font-size:12px;font-style:normal;font-weight:normal;line-height:18px;background-color:#FFFFFF;\"><span class=\"Apple-converted-space\">&nbsp;</span></span><br />\n<img alt=\"\" id=\"0b22b1c248304ae885265064c9fa058e\" src=\"http://img30.360buyimg.com/popWareDetail/jfs/t973/72/1444976463/269034/fc7813d5/55a3280cN2af20827.jpg\" class=\"\" style=\"border:0px;\" /><span style=\"color:#666666;font-family:Arial, Verdana, 宋体;font-size:12px;font-style:normal;font-weight:normal;line-height:18px;background-color:#FFFFFF;\"><span class=\"Apple-converted-space\">&nbsp;</span></span><br />\n<img alt=\"\" id=\"4d971a7406bc4b7db405565fbc67420f\" src=\"http://img30.360buyimg.com/popWareDetail/jfs/t1630/205/651047103/238040/1676b80a/55a3280dNd1376b62.jpg\" class=\"\" style=\"border:0px;\" />', '{\"47\":\"{\\\"name\\\":\\\"风格\\\",\\\"78\\\":\\\"欧美\\\"}\",\"48\":\"{\\\"name\\\":\\\"裙长\\\",\\\"80\\\":\\\"中裙\\\"}\",\"49\":\"{\\\"name\\\":\\\"尺码\\\",\\\"83\\\":\\\"M\\\"}\",\"50\":\"{\\\"name\\\":\\\"材质\\\",\\\"85\\\":\\\"雪纺\\\"}\"}', '{\"1\":\"{\\\"68\\\":\\\"粉色\\\"}\",\"9\":\"{\\\"55\\\":\\\"L\\\",\\\"56\\\":\\\"M\\\",\\\"57\\\":\\\"S\\\"}\"}', '', '1443066281396', '1443066281396', '1453066281396', '1', '0', '0.00', '0.00', '0.00', '36', '北京市', '1', '北京', '22', '0', '0', '4', '0', '1', null, '0'), ('21', '微糖2015夏季新款韩版女装真丝连衣裙长裙重磅桑蚕丝淑女裙子短袖修身', '支持货到付款，7天无理由退换货！无忧购物更放心！', '135', '连衣裙', '121', '派丽蒙', '6', '9', '京川牦牛', '1', '96', '{\"1\":\"颜色\",\"9\":\"尺码\"}', '/upload/img/store/9/1439361892247.jpg', '/upload/img/store/9/1439361892247.jpg,/upload/img/store/9/1439361892349.jpg,/upload/img/store/9/1439361892449.jpg,', '419.00', '1572106380', '0', '1', '1', '0', '1444630085251', '', '', '<br />\n<img alt=\"\" id=\"f1449e588a0148efb38f04de6f73ee32\" src=\"http://img30.360buyimg.com/popWareDetail/jfs/t1420/114/134924897/579413/95e00f0a/555da30dNbf58efa1.jpg\" class=\"\" style=\"border:0px;\" /><span style=\"color:#666666;font-family:Arial, Verdana, 宋体;font-size:12px;font-style:normal;font-weight:normal;line-height:18px;background-color:#FFFFFF;\"><span class=\"Apple-converted-space\">&nbsp;</span></span><br />\n<img alt=\"\" id=\"363264e7ba58499cb46fbd8220e378c7\" src=\"http://img30.360buyimg.com/popWareDetail/jfs/t1405/311/149941818/300614/eba08e54/555da30eN0827b360.jpg\" class=\"\" style=\"border:0px;\" /><span style=\"color:#666666;font-family:Arial, Verdana, 宋体;font-size:12px;font-style:normal;font-weight:normal;line-height:18px;background-color:#FFFFFF;\"><span class=\"Apple-converted-space\">&nbsp;</span></span><br />\n<img alt=\"\" id=\"b8fbcbcc02334e11a3c541098c6a8da7\" src=\"http://img30.360buyimg.com/popWareDetail/jfs/t1498/172/139533481/479534/de44bb9e/555da30eN798d34bb.jpg\" class=\"\" style=\"border:0px;\" /><span style=\"color:#666666;font-family:Arial, Verdana, 宋体;font-size:12px;font-style:normal;font-weight:normal;line-height:18px;background-color:#FFFFFF;\"><span class=\"Apple-converted-space\">&nbsp;</span></span><br />\n<img alt=\"\" id=\"30fe791ced4048669d47930ff65391d0\" src=\"http://img30.360buyimg.com/popWareDetail/jfs/t1444/3/134459289/393910/a4f6be86/555da30fNda00828e.jpg\" class=\"\" style=\"border:0px;\" /><span style=\"color:#666666;font-family:Arial, Verdana, 宋体;font-size:12px;font-style:normal;font-weight:normal;line-height:18px;background-color:#FFFFFF;\"><span class=\"Apple-converted-space\">&nbsp;</span></span><br />\n<img alt=\"\" id=\"51ecf3a40c6e4f78a06e91a3d0c32ab8\" src=\"http://img30.360buyimg.com/popWareDetail/jfs/t1573/301/138976914/524142/36c5ad35/555da310N991f15b4.jpg\" class=\"\" style=\"border:0px;\" /><span style=\"color:#666666;font-family:Arial, Verdana, 宋体;font-size:12px;font-style:normal;font-weight:normal;line-height:18px;background-color:#FFFFFF;\"><span class=\"Apple-converted-space\">&nbsp;</span></span><br />\n<img alt=\"\" id=\"6f5125835e544f24be11604d4bf3e675\" src=\"http://img30.360buyimg.com/popWareDetail/jfs/t1576/240/131335388/579811/1686be3/555da310N75c39fbc.jpg\" class=\"\" style=\"border:0px;\" /><span style=\"color:#666666;font-family:Arial, Verdana, 宋体;font-size:12px;font-style:normal;font-weight:normal;line-height:18px;background-color:#FFFFFF;\"><span class=\"Apple-converted-space\">&nbsp;</span></span><br />\n<img alt=\"\" id=\"f73cb2c1108f48dcb904b5d19064965e\" src=\"http://img30.360buyimg.com/popWareDetail/jfs/t1483/340/141331607/624596/a73c1f7/555da311N1fb97dc7.jpg\" class=\"\" style=\"border:0px;\" /><span style=\"color:#666666;font-family:Arial, Verdana, 宋体;font-size:12px;font-style:normal;font-weight:normal;line-height:18px;background-color:#FFFFFF;\"><span class=\"Apple-converted-space\">&nbsp;</span></span><br />\n<img alt=\"\" id=\"e43a3f7f61b449f881bb5e1f67df7923\" src=\"http://img30.360buyimg.com/popWareDetail/jfs/t1600/271/138348708/666562/401f136d/555da312N5c44158b.jpg\" class=\"\" style=\"border:0px;\" /><span style=\"color:#666666;font-family:Arial, Verdana, 宋体;font-size:12px;font-style:normal;font-weight:normal;line-height:18px;background-color:#FFFFFF;\"><span class=\"Apple-converted-space\">&nbsp;</span></span><br />\n<img alt=\"\" id=\"0785f7621ac7484ba8801f4c8b55c33c\" src=\"http://img30.360buyimg.com/popWareDetail/jfs/t1513/356/132285624/404851/efc3cf28/555da313N6b147451.jpg\" class=\"\" style=\"border:0px;\" /><span style=\"color:#666666;font-family:Arial, Verdana, 宋体;font-size:12px;font-style:normal;font-weight:normal;line-height:18px;background-color:#FFFFFF;\"><span class=\"Apple-converted-space\">&nbsp;</span></span><br />\n<img alt=\"\" id=\"69c3921dafe540368ecb06b926230beb\" src=\"http://img30.360buyimg.com/popWareDetail/jfs/t1588/180/143064270/443311/ca99d3ef/555da314N2837d528.jpg\" class=\"\" style=\"border:0px;\" /><span style=\"color:#666666;font-family:Arial, Verdana, 宋体;font-size:12px;font-style:normal;font-weight:normal;line-height:18px;background-color:#FFFFFF;\"><span class=\"Apple-converted-space\">&nbsp;</span></span><br />\n<img alt=\"\" id=\"8a9564ab18124574955bff13a765c26e\" src=\"http://img30.360buyimg.com/popWareDetail/jfs/t1333/314/249199594/376255/4f9a10d6/555da314Nb3266857.jpg\" class=\"\" style=\"border:0px;\" /><span style=\"color:#666666;font-family:Arial, Verdana, 宋体;font-size:12px;font-style:normal;font-weight:normal;line-height:18px;background-color:#FFFFFF;\"><span class=\"Apple-converted-space\">&nbsp;</span></span><br />\n<img alt=\"\" id=\"7711897ec20d4d58ad20a2a8e1001207\" src=\"http://img30.360buyimg.com/popWareDetail/jfs/t1357/18/139395253/496286/bb54acd/555da315N0b96a393.jpg\" class=\"\" style=\"border:0px;\" /><span style=\"color:#666666;font-family:Arial, Verdana, 宋体;font-size:12px;font-style:normal;font-weight:normal;line-height:18px;background-color:#FFFFFF;\"><span class=\"Apple-converted-space\">&nbsp;</span></span><br />\n<img alt=\"\" id=\"2d7154e78af748bfa5e13d82e14816d0\" src=\"http://img30.360buyimg.com/popWareDetail/jfs/t1282/3/240824537/374511/6712b92d/555da315N359ec447.jpg\" class=\"\" style=\"border:0px;\" /><span style=\"color:#666666;font-family:Arial, Verdana, 宋体;font-size:12px;font-style:normal;font-weight:normal;line-height:18px;background-color:#FFFFFF;\"><span class=\"Apple-converted-space\">&nbsp;</span></span><br />\n<img alt=\"\" id=\"860ae4dc8d21468b9611b8a19e6171e5\" src=\"http://img30.360buyimg.com/popWareDetail/jfs/t1420/127/129697381/264549/5d13b9d3/555da316N93cb33ea.jpg\" class=\"\" style=\"border:0px;\" /><span style=\"color:#666666;font-family:Arial, Verdana, 宋体;font-size:12px;font-style:normal;font-weight:normal;line-height:18px;background-color:#FFFFFF;\"><span class=\"Apple-converted-space\">&nbsp;</span></span><br />\n<img alt=\"\" id=\"5d2ca91266f54288a6efd35d58590441\" src=\"http://img30.360buyimg.com/popWareDetail/jfs/t1483/350/134407526/636787/79459cfc/555da317N648d5b62.jpg\" class=\"\" style=\"border:0px;\" /><span style=\"color:#666666;font-family:Arial, Verdana, 宋体;font-size:12px;font-style:normal;font-weight:normal;line-height:18px;background-color:#FFFFFF;\"><span class=\"Apple-converted-space\">&nbsp;</span></span><br />\n<img alt=\"\" id=\"6b97bde666a6495393b8b3b907cabdd9\" src=\"http://img30.360buyimg.com/popWareDetail/jfs/t1474/23/145185936/332224/37c72d18/555da317N38db8b73.jpg\" class=\"\" style=\"border:0px;\" /><span style=\"color:#666666;font-family:Arial, Verdana, 宋体;font-size:12px;font-style:normal;font-weight:normal;line-height:18px;background-color:#FFFFFF;\"></span>\n<p style=\"color:#666666;font-family:Arial, Verdana, 宋体;font-size:12px;font-style:normal;font-weight:normal;text-align:start;text-indent:0px;background-color:#FFFFFF;\">\n	<img alt=\"\" src=\"http://img30.360buyimg.com/popWaterMark/g12/M00/06/02/rBEQYVNDmfEIAAAAAAA8tCS7PCAAAEA2wEBiicAADzM575.jpg\" class=\"\" style=\"border:0px;\" align=\"absMiddle\" />\n</p>\n<table style=\"color:#666666;font-family:Arial, Verdana, 宋体;font-size:12px;font-style:normal;font-weight:normal;text-align:start;\" class=\"ke-zeroborder\" height=\"600\" bgcolor=\"#404040\" border=\"0\" cellpadding=\"0\" cellspacing=\"0\" width=\"750\">\n	<tbody>\n		<tr>\n			<td width=\"450\">\n				<img alt=\"\" src=\"http://img30.360buyimg.com/popWaterMark/jfs/t1306/334/254941038/183932/5f298216/555ec0deN02cab760.jpg\" class=\"\" style=\"border:0px;\" height=\"600\" width=\"450\" />\n			</td>\n			<td width=\"300\">\n				<table class=\"ke-zeroborder\" height=\"600\" bgcolor=\"#404040\" border=\"0\" cellpadding=\"0\" cellspacing=\"0\" width=\"300\">\n					<tbody>\n						<tr>\n							<td style=\"text-align:center;\" width=\"25\">\n								&nbsp;\n							</td>\n							<td align=\"left\" width=\"300\">\n								<p style=\"text-align:left;\">\n									<span style=\"color:#CCCCCC;\"><strong><span style=\"font-size:medium;\">类&nbsp;&nbsp;&nbsp;&nbsp;&nbsp;&nbsp;&nbsp;别：连衣裙</span></strong></span>\n								</p>\n								<p style=\"text-align:left;\">\n									<span style=\"color:#CCCCCC;\"><strong><span style=\"font-size:medium;\"><br />\n</span></strong></span>\n								</p>\n								<p style=\"text-align:left;\">\n									<span style=\"color:#CCCCCC;\"><strong><span style=\"font-size:medium;\">商品货号：D9002552</span></strong></span>\n								</p>\n								<p style=\"text-align:left;\">\n									<span style=\"color:#CCCCCC;\"><strong><span style=\"font-size:medium;\"><br />\n</span></strong></span>\n								</p>\n								<p style=\"text-align:left;\">\n									<span style=\"color:#CCCCCC;\"><strong><span style=\"font-size:medium;\">颜&nbsp;&nbsp;&nbsp;&nbsp;&nbsp;&nbsp; 色：凤尾蝶舞 富贵花开</span></strong></span>\n								</p>\n								<p style=\"text-align:left;\">\n									<span style=\"color:#CCCCCC;\"><strong><span style=\"font-size:medium;\"><br />\n</span></strong></span>\n								</p>\n								<p style=\"text-align:left;\">\n									<span style=\"color:#CCCCCC;\"><strong><span style=\"font-size:medium;\">尺&nbsp;&nbsp;&nbsp;&nbsp;&nbsp;&nbsp;&nbsp;码：&nbsp;S/M/L/XL/XXL</span></strong></span>\n								</p>\n								<p style=\"text-align:left;\">\n									<span style=\"color:#CCCCCC;\"><strong><span style=\"font-size:medium;\"><br />\n</span></strong></span>\n								</p>\n								<p style=\"text-align:left;\">\n									<span style=\"font-size:medium;\"><span style=\"color:#CCCCCC;\"><strong>面料成份：100%桑蚕丝 里料：100%聚酯纤维</strong></span></span>\n								</p>\n								<p style=\"text-align:left;\">\n									<span style=\"color:#CCCCCC;\"><strong><span style=\"font-size:medium;\"><br />\n</span></strong></span>\n								</p>\n								<p style=\"text-align:left;\">\n									<span style=\"color:#CCCCCC;\"><span style=\"font-weight:bold;\"><span style=\"font-size:medium;\">弹力指数：<span style=\"color:#FF0000;\"><span style=\"color:#FF0000;\">无弹<span class=\"Apple-converted-space\">&nbsp;</span></span></span>微弹 适中 弹&nbsp;</span></span></span>\n								</p>\n								<p style=\"text-align:left;\">\n									<span style=\"color:#CCCCCC;\"><strong><span style=\"font-size:medium;\">衣长指数：<span style=\"color:#CCCCCC;\">长款<span class=\"Apple-converted-space\">&nbsp;</span></span><span style=\"color:#FF0000;\">中长<span class=\"Apple-converted-space\">&nbsp;</span></span>适中 短款&nbsp;</span></strong></span>\n								</p>\n								<p style=\"text-align:left;\">\n									<span style=\"color:#CCCCCC;\"><strong><span style=\"font-size:medium;\">柔软指数：柔软 软<span class=\"Apple-converted-space\">&nbsp;</span><span style=\"color:#FF0000;\">适中</span><span class=\"Apple-converted-space\">&nbsp;</span>偏硬</span></strong></span>\n								</p>\n								<p style=\"text-align:left;\">\n									<span style=\"color:#CCCCCC;\"><strong><span style=\"font-size:medium;\">修身指数：紧身 修身<span class=\"Apple-converted-space\">&nbsp;</span><span style=\"color:#FF0000;\">合身</span><span class=\"Apple-converted-space\">&nbsp;</span>宽松</span></strong></span>\n								</p>\n								<p style=\"text-align:left;\">\n									<span style=\"font-size:medium;\">&nbsp;</span>\n								</p>\n<span style=\"color:#CCCCCC;\"><span style=\"font-size:medium;\"></span></span>\n								<p>\n									<span style=\"color:#CCCCCC;\"><strong><span style=\"font-size:medium;\">设计亮点</span></strong></span><img alt=\"\" src=\"http://img30.360buyimg.com/popWaterMark/jfs/t1501/353/159877534/46864/f068f5e0/555ec0dfN9d3c8fac.jpg\" class=\"\" style=\"border:0px;\" height=\"180\" width=\"250\" />\n								</p>\n							</td>\n						</tr>\n					</tbody>\n				</table>\n			</td>\n		</tr>\n	</tbody>\n</table>\n<p style=\"color:#666666;font-family:Arial, Verdana, 宋体;font-size:12px;font-style:normal;font-weight:normal;text-indent:0px;background-color:#FFFFFF;\" align=\"center\">\n	&nbsp;\n</p>\n<p style=\"color:#666666;font-family:Arial, Verdana, 宋体;font-size:12px;font-style:normal;font-weight:normal;text-align:start;text-indent:0px;background-color:#FFFFFF;\">\n	<img alt=\"\" src=\"http://img30.360buyimg.com/popWaterMark/g13/M0A/03/12/rBEhVFNDmfIIAAAAAAA6oJSOipoAALaHgAaul8AADq4654.jpg\" class=\"\" style=\"border:0px;\" align=\"absMiddle\" />\n</p>\n<table style=\"color:#666666;font-family:Arial, Verdana, 宋体;font-size:12px;font-style:normal;font-weight:normal;text-align:start;background-color:#FFFFFF;\" class=\"ke-zeroborder\" align=\"left\" border=\"0\" cellpadding=\"0\" cellspacing=\"0\" width=\"762\">\n	<tbody>\n		<tr>\n			<td colspan=\"2\">\n				<span style=\"color:#FFFFFF;\"></span>\n				<table class=\"ke-zeroborder\" align=\"right\" border=\"0\" width=\"599\">\n					<tbody>\n						<tr>\n							<td align=\"center\" height=\"30\" bgcolor=\"#000\">\n								<span style=\"color:#CCCCCC;\">尺码 &nbsp;&nbsp;&nbsp;&nbsp;&nbsp;&nbsp;</span>\n							</td>\n							<td align=\"center\" bgcolor=\"#000\">\n								<span style=\"color:#CCCCCC;\">&nbsp;衣 长 &nbsp;</span>\n							</td>\n							<td align=\"center\" bgcolor=\"#000\">\n								<span style=\"color:#CCCCCC;\">&nbsp; 胸&nbsp; 围 &nbsp;</span>\n							</td>\n							<td align=\"center\" bgcolor=\"#000\">\n								<span style=\"color:#CCCCCC;\">&nbsp; 腰&nbsp; 围 &nbsp;</span>\n							</td>\n							<td align=\"center\" bgcolor=\"#000\">\n								<span style=\"color:#CCCCCC;\">&nbsp; 袖&nbsp; 长 &nbsp;</span>\n							</td>\n							<td align=\"center\" bgcolor=\"#000\">\n								<span style=\"color:#CCCCCC;\">&nbsp; 袖&nbsp; 口&nbsp;</span>\n							</td>\n							<td align=\"center\" bgcolor=\"#000\">\n								<span style=\"color:#CCCCCC;\">&nbsp; 肩&nbsp; 宽&nbsp;</span>\n							</td>\n						</tr>\n						<tr>\n							<td align=\"center\" height=\"25\" bgcolor=\"#ddd\">\n								<span style=\"color:#000000;\">S(155/80A)</span>\n							</td>\n							<td align=\"center\" height=\"25\" bgcolor=\"#ddd\">\n								<span style=\"color:#000000;\">98</span>\n							</td>\n							<td align=\"center\" height=\"25\" bgcolor=\"#ddd\">\n								<span style=\"color:#000000;\">86</span>\n							</td>\n							<td align=\"center\" height=\"25\" bgcolor=\"#ddd\">\n								<span style=\"color:#000000;\">70</span>\n							</td>\n							<td align=\"center\" height=\"25\" bgcolor=\"#ddd\">\n								<span style=\"color:#000000;\">25.5</span>\n							</td>\n							<td align=\"center\" height=\"25\" bgcolor=\"#ddd\">\n								<span style=\"color:#000000;\">27.4</span>\n							</td>\n							<td align=\"center\" height=\"25\" bgcolor=\"#ddd\">\n								<span style=\"color:#000000;\">36.5</span>\n							</td>\n						</tr>\n						<tr>\n							<td align=\"center\" height=\"25\" bgcolor=\"#ddd\">\n								<span style=\"color:#000000;\">M(160/84A)</span>\n							</td>\n							<td align=\"center\" height=\"25\" bgcolor=\"#ddd\">\n								<span style=\"color:#000000;\">100</span>\n							</td>\n							<td align=\"center\" height=\"25\" bgcolor=\"#ddd\">\n								<span style=\"color:#000000;\">88</span>\n							</td>\n							<td align=\"center\" height=\"25\" bgcolor=\"#ddd\">\n								<span style=\"color:#000000;\">72</span>\n							</td>\n							<td align=\"center\" height=\"25\" bgcolor=\"#ddd\">\n								<span style=\"color:#000000;\">26</span>\n							</td>\n							<td align=\"center\" height=\"25\" bgcolor=\"#ddd\">\n								<span style=\"color:#000000;\">28</span>\n							</td>\n							<td align=\"center\" height=\"25\" bgcolor=\"#ddd\">\n								<span style=\"color:#000000;\">37</span>\n							</td>\n						</tr>\n						<tr>\n							<td align=\"center\" height=\"25\" bgcolor=\"#ddd\">\n								<span style=\"color:#000000;\">L(165/88A)</span>\n							</td>\n							<td align=\"center\" height=\"25\" bgcolor=\"#ddd\">\n								102<span style=\"color:#000000;\"></span>\n							</td>\n							<td align=\"center\" height=\"25\" bgcolor=\"#ddd\">\n								<span style=\"color:#000000;\">92</span>\n							</td>\n							<td align=\"center\" height=\"25\" bgcolor=\"#ddd\">\n								<span style=\"color:#000000;\">76</span>\n							</td>\n							<td align=\"center\" height=\"25\" bgcolor=\"#ddd\">\n								<span style=\"color:#000000;\">26.5</span>\n							</td>\n							<td align=\"center\" height=\"25\" bgcolor=\"#ddd\">\n								<span style=\"color:#000000;\">29.2</span>\n							</td>\n							<td align=\"center\" height=\"25\" bgcolor=\"#ddd\">\n								<span style=\"color:#000000;\">38</span>\n							</td>\n						</tr>\n						<tr>\n							<td align=\"center\" height=\"25\" bgcolor=\"#ddd\">\n								<span style=\"color:#000000;\">XL(170/92A)</span>\n							</td>\n							<td align=\"center\" height=\"25\" bgcolor=\"#ddd\">\n								102.5\n							</td>\n							<td align=\"center\" height=\"25\" bgcolor=\"#ddd\">\n								<span style=\"color:#000000;\">96</span>\n							</td>\n							<td align=\"center\" height=\"25\" bgcolor=\"#ddd\">\n								<span style=\"color:#000000;\">80</span>\n							</td>\n							<td align=\"center\" height=\"25\" bgcolor=\"#ddd\">\n								27\n							</td>\n							<td align=\"center\" height=\"25\" bgcolor=\"#ddd\">\n								<span style=\"color:#000000;\">30.4</span>\n							</td>\n							<td align=\"center\" height=\"25\" bgcolor=\"#ddd\">\n								<span style=\"color:#000000;\">39</span>\n							</td>\n						</tr>\n						<tr>\n							<td align=\"center\" height=\"25\" bgcolor=\"#ddd\">\n								<span style=\"color:#000000;\">XXL(175/96A)</span>\n							</td>\n							<td align=\"center\" height=\"25\" bgcolor=\"#ddd\">\n								<span style=\"color:#000000;\">103</span>\n							</td>\n							<td align=\"center\" height=\"25\" bgcolor=\"#ddd\">\n								<span style=\"color:#000000;\">100</span>\n							</td>\n							<td align=\"center\" height=\"25\" bgcolor=\"#ddd\">\n								<span style=\"color:#000000;\">84</span>\n							</td>\n							<td align=\"center\" height=\"25\" bgcolor=\"#ddd\">\n								<span style=\"color:#000000;\">27.5</span>\n							</td>\n							<td align=\"center\" height=\"25\" bgcolor=\"#ddd\">\n								31.6\n							</td>\n							<td align=\"center\" height=\"25\" bgcolor=\"#ddd\">\n								<span style=\"color:#000000;\">40</span>\n							</td>\n						</tr>\n						<tr>\n							<td colspan=\"7\" align=\"center\" height=\"30\" bgcolor=\"#ddd\">\n								<span style=\"color:#000000;\">手工测量平铺尺寸可能与实际尺寸之间存在1-2cm的误差，还请买家理解并事先知晓，谢谢！单位/CM</span>\n							</td>\n						</tr>\n					</tbody>\n				</table>\n<span style=\"color:#FFFFFF;\"></span>\n			</td>\n			<td>\n				<img alt=\"\" src=\"http://img30.360buyimg.com/popWaterMark/g12/M00/06/02/rBEQYVNDmfIIAAAAAAAc2U4lOgUAAEA2wGCkIIAABzx589.jpg\" class=\"\" style=\"border:0px;\" height=\"196\" width=\"163\" />\n			</td>\n		</tr>\n	</tbody>\n</table>\n<br />\n<img alt=\"\" id=\"b6075a157e2e4492aff8eebdaa502500\" src=\"http://img30.360buyimg.com/popWareDetail/jfs/t1579/219/140478310/469479/6829af5d/555da318N66e0b92f.jpg\" class=\"\" style=\"border:0px;\" /><span style=\"color:#666666;font-family:Arial, Verdana, 宋体;font-size:12px;font-style:normal;font-weight:normal;line-height:18px;background-color:#FFFFFF;\"><span class=\"Apple-converted-space\">&nbsp;</span></span><br />\n<img alt=\"\" id=\"3baeb4b572af4b75bf866d111f746102\" src=\"http://img30.360buyimg.com/popWareDetail/jfs/t1414/186/129348638/505939/4346222a/555da319Ne552c788.jpg\" class=\"\" style=\"border:0px;\" /><span style=\"color:#666666;font-family:Arial, Verdana, 宋体;font-size:12px;font-style:normal;font-weight:normal;line-height:18px;background-color:#FFFFFF;\"><span class=\"Apple-converted-space\">&nbsp;</span></span><br />\n<img alt=\"\" id=\"b779bab819bf40caa2bca2e4c85a2a75\" src=\"http://img30.360buyimg.com/popWareDetail/jfs/t1582/119/146707030/486047/90a53151/555da319Nf479e270.jpg\" class=\"\" style=\"border:0px;\" /><span style=\"color:#666666;font-family:Arial, Verdana, 宋体;font-size:12px;font-style:normal;font-weight:normal;line-height:18px;background-color:#FFFFFF;\"><span class=\"Apple-converted-space\">&nbsp;</span></span><br />\n<img alt=\"\" id=\"a20189bb6d334652a2609795ae83f5ca\" src=\"http://img30.360buyimg.com/popWareDetail/jfs/t1504/254/154443149/541335/a1d93d56/555da31aN2667ca92.jpg\" class=\"\" style=\"border:0px;\" /><span style=\"color:#666666;font-family:Arial, Verdana, 宋体;font-size:12px;font-style:normal;font-weight:normal;line-height:18px;background-color:#FFFFFF;\"><span class=\"Apple-converted-space\">&nbsp;</span></span><br />\n<img alt=\"\" id=\"76a26a4c4f9546028eccfc44583ed32b\" src=\"http://img30.360buyimg.com/popWareDetail/jfs/t1366/321/137935603/536977/b7c10963/555da344N117ab992.jpg\" class=\"\" style=\"border:0px;\" /><span style=\"color:#666666;font-family:Arial, Verdana, 宋体;font-size:12px;font-style:normal;font-weight:normal;line-height:18px;background-color:#FFFFFF;\"><span class=\"Apple-converted-space\">&nbsp;</span></span><br />\n<img alt=\"\" id=\"83f957ec51ec42a0b9173bcfeb807cd7\" src=\"http://img30.360buyimg.com/popWareDetail/jfs/t1498/279/135868434/465886/70221d3b/555da345N5d269ea3.jpg\" class=\"\" style=\"border:0px;\" /><span style=\"color:#666666;font-family:Arial, Verdana, 宋体;font-size:12px;font-style:normal;font-weight:normal;line-height:18px;background-color:#FFFFFF;\"><span class=\"Apple-converted-space\">&nbsp;</span></span><br />\n<img alt=\"\" id=\"602cfa491bfb4df39437d7f0da2a79ab\" src=\"http://img30.360buyimg.com/popWareDetail/jfs/t1417/174/134822785/489659/bad69a65/555da345Nc7edf639.jpg\" class=\"\" style=\"border:0px;\" /><span style=\"color:#666666;font-family:Arial, Verdana, 宋体;font-size:12px;font-style:normal;font-weight:normal;line-height:18px;background-color:#FFFFFF;\"><span class=\"Apple-converted-space\">&nbsp;</span></span><br />\n<img alt=\"\" id=\"8bfdf5e3242b44218becd88036198dbc\" src=\"http://img30.360buyimg.com/popWareDetail/jfs/t1342/323/224270263/478927/6d72e64f/555da346N798d96f6.jpg\" class=\"\" style=\"border:0px;\" /><span style=\"color:#666666;font-family:Arial, Verdana, 宋体;font-size:12px;font-style:normal;font-weight:normal;line-height:18px;background-color:#FFFFFF;\"><span class=\"Apple-converted-space\">&nbsp;</span></span><br />\n<img alt=\"\" id=\"516bf92a95884d9d91909754792b0e61\" src=\"http://img30.360buyimg.com/popWareDetail/jfs/t1600/15/140071463/538466/eb194020/555da347N89ad4eef.jpg\" class=\"\" style=\"border:0px;\" /><span style=\"color:#666666;font-family:Arial, Verdana, 宋体;font-size:12px;font-style:normal;font-weight:normal;line-height:18px;background-color:#FFFFFF;\"><span class=\"Apple-converted-space\">&nbsp;</span></span><br />\n<img alt=\"\" id=\"7df2f6e1e5544211a42f85330fcf875f\" src=\"http://img30.360buyimg.com/popWareDetail/jfs/t1315/319/224556750/552380/f1691b06/555da348N97d2d635.jpg\" class=\"\" style=\"border:0px;\" /><span style=\"color:#666666;font-family:Arial, Verdana, 宋体;font-size:12px;font-style:normal;font-weight:normal;line-height:18px;background-color:#FFFFFF;\"><span class=\"Apple-converted-space\">&nbsp;</span></span><br />\n<img alt=\"\" id=\"77fb3f0dd62849a7890f5a5d768c796b\" src=\"http://img30.360buyimg.com/popWareDetail/jfs/t1366/330/139022452/304586/9a19d158/555da348Nfad952cf.jpg\" class=\"\" style=\"border:0px;\" /><span style=\"color:#666666;font-family:Arial, Verdana, 宋体;font-size:12px;font-style:normal;font-weight:normal;line-height:18px;background-color:#FFFFFF;\"><span class=\"Apple-converted-space\">&nbsp;</span></span><br />\n<img alt=\"\" id=\"b2e8f1eaea3a41ff84e9e18a6d0ca0c9\" src=\"http://img30.360buyimg.com/popWareDetail/jfs/t1513/101/135726603/500927/5c4ff46e/555da349Ndf508078.jpg\" class=\"\" style=\"border:0px;\" /><span style=\"color:#666666;font-family:Arial, Verdana, 宋体;font-size:12px;font-style:normal;font-weight:normal;line-height:18px;background-color:#FFFFFF;\"><span class=\"Apple-converted-space\">&nbsp;</span></span><br />\n<img alt=\"\" id=\"9e49f8a1edc44423869b9629d2e7e0c8\" src=\"http://img30.360buyimg.com/popWareDetail/jfs/t1465/134/149953325/499176/f2a11a7d/555da349N57ca14fb.jpg\" class=\"\" style=\"border:0px;\" />', '{\"47\":\"{\\\"name\\\":\\\"风格\\\",\\\"78\\\":\\\"欧美\\\"}\",\"48\":\"{\\\"name\\\":\\\"裙长\\\",\\\"80\\\":\\\"中裙\\\"}\",\"49\":\"{\\\"name\\\":\\\"尺码\\\",\\\"82\\\":\\\"S\\\"}\",\"50\":\"{\\\"name\\\":\\\"材质\\\",\\\"85\\\":\\\"雪纺\\\"}\"}', '{\"1\":\"{\\\"58\\\":\\\"红色\\\",\\\"59\\\":\\\"黑色\\\"}\",\"9\":\"{\\\"55\\\":\\\"L\\\",\\\"56\\\":\\\"M\\\"}\"}', '{\"58\":\"/upload/img/store/9/1439361700845.jpg\",\"59\":\"/upload/img/store/9/1439361709722.jpg\"}', '1443066281396', '1443066281396', '1453066281396', '1', '0', '0.00', '0.00', '0.00', '39', '上海市', '9', '上海', '22', '0', '0', '3', '0', '1', null, '0');
INSERT INTO `shop_goods` VALUES ('22', '惬曼昕连衣裙 夏 女 雪纺2015夏装女装新款短袖淑女款裙子AYFS251 绿 L', '注意此款版型偏大! 在线支付免运费。现在购买送精美项链，数量有限，送完即止！', '135', '连衣裙', '122', '茵曼（INMAN）', '6', '9', '京川牦牛', '1', '104', '{\"1\":\"颜色\",\"9\":\"尺码\"}', '/upload/img/store/9/1439362233120.jpg', '/upload/img/store/9/1439362233120.jpg,/upload/img/store/9/1439362233220.jpg,', '138.00', '1221140769', '0', '1', '1', '1', '1444630085251', '', '', '              	<div class=\"ui-switchable-panel ui-switchable-panel-selected\" style=\"margin:0px;padding:0px;color:#666666;font-family:Arial, Verdana, 宋体;font-size:12px;font-style:normal;font-weight:normal;text-align:start;background-color:#FFFFFF;\">\n	<div class=\"mc\" id=\"product-detail-1\" style=\"margin:0px;padding:0px;\">\n		<div class=\"detail-content clearfix\" style=\"margin:10px 0px;padding:0px;border:1px solid #DDDDDD;background-color:#F7F7F7;\">\n			<div class=\"detail-content-wrap\" style=\"margin:0px;padding:0px;background-color:#FFFFFF;\">\n				<div class=\"detail-content-item\" style=\"margin:0px;padding:0px;\">\n					<div id=\"J-detail-content\" style=\"margin:0px;padding:0px;\">\n						<br class=\"Apple-interchange-newline\" />\n<img alt=\"\" src=\"http://img10.360buyimg.com/imgzone/jfs/t1540/219/523613200/243870/fac8ef8f/5591636dNbd1ea471.jpg\" class=\"\" style=\"border:0px;\" /><img alt=\"\" src=\"http://img10.360buyimg.com/imgzone/jfs/t919/10/1324334445/173218/cd3d8dfc/55916481N26d735ec.jpg\" class=\"\" style=\"border:0px;\" /><img alt=\"\" src=\"http://img30.360buyimg.com/popWaterMark/jfs/t1177/59/1124269813/263836/e17df8bd/557ba5acNd15b6474.jpg\" class=\"\" style=\"border:0px;\" /><img alt=\"\" src=\"http://img30.360buyimg.com/popWaterMark/jfs/t1630/362/368254021/214758/fca9d26f/557ba5adNb207a58f.jpg\" class=\"\" style=\"border:0px;\" /><span class=\"Apple-converted-space\"> </span><br />\n<img alt=\"\" src=\"http://img30.360buyimg.com/popWaterMark/jfs/t1309/255/467965697/170220/3217bddb/557ba5adN99585a74.jpg\" class=\"\" style=\"border:0px;\" /><span class=\"Apple-converted-space\"> </span><br />\n<img alt=\"\" style=\"border:0px;\" /><span class=\"Apple-converted-space\"> </span><br />\n<img alt=\"\" style=\"border:0px;\" /><span class=\"Apple-converted-space\"> </span><br />\n<img alt=\"\" style=\"border:0px;\" /><span class=\"Apple-converted-space\"> </span><br />\n<img alt=\"\" style=\"border:0px;\" /><span class=\"Apple-converted-space\"> </span><br />\n<img alt=\"\" style=\"border:0px;\" /><span class=\"Apple-converted-space\"> </span><br />\n<img alt=\"\" style=\"border:0px;\" /><span class=\"Apple-converted-space\"> </span><br />\n<img alt=\"\" style=\"border:0px;\" /><span class=\"Apple-converted-space\"> </span><br />\n<img alt=\"\" style=\"border:0px;\" /><span class=\"Apple-converted-space\"> </span><br />\n<img alt=\"\" style=\"border:0px;\" /><span class=\"Apple-converted-space\"> </span><br />\n<img alt=\"\" style=\"border:0px;\" /><span class=\"Apple-converted-space\"> </span><br />\n<img alt=\"\" style=\"border:0px;\" /><span class=\"Apple-converted-space\"> </span><br />\n<img alt=\"\" src=\"http://img30.360buyimg.com/popWaterMark/jfs/t1561/40/374418209/175206/64d29abe/557ba5b4N283626bf.jpg\" class=\"\" style=\"border:0px;\" /><span class=\"Apple-converted-space\"> </span><br />\n<img alt=\"\" src=\"http://img30.360buyimg.com/popWaterMark/jfs/t1231/34/1147737216/138538/49dab409/557ba5b4N8f21f475.jpg\" class=\"\" style=\"border:0px;\" /><br />\n					</div>\n				</div>\n			</div>\n		</div>\n	</div>\n</div>\n<br class=\"Apple-interchange-newline\" />\n              ', '{\"47\":\"{\\\"name\\\":\\\"风格\\\",\\\"86\\\":\\\"淑女\\\"}\",\"48\":\"{\\\"name\\\":\\\"裙长\\\",\\\"79\\\":\\\"短裙\\\"}\",\"49\":\"{\\\"name\\\":\\\"尺码\\\",\\\"83\\\":\\\"M\\\"}\",\"50\":\"{\\\"name\\\":\\\"材质\\\",\\\"85\\\":\\\"雪纺\\\"}\"}', '{\"1\":\"{\\\"60\\\":\\\"蓝色\\\",\\\"64\\\":\\\"绿色\\\"}\",\"9\":\"{\\\"55\\\":\\\"L\\\",\\\"56\\\":\\\"M\\\"}\"}', '{\"60\":\"/upload/img/store/9/1439362131276.jpg\",\"64\":\"/upload/img/store/9/1439362135277.jpg\"}', '1443066281396', '1443066281396', '1453066281396', '1', '0', '0.00', '0.00', '0.00', '291', '深圳市', '19', '广东省', '22', '0', '0', '3', '1', '1', null, '0'), ('23', '朵莱依 2015夏装热卖 大码波西米亚长裙子女装显瘦短袖甜美雪纺沙滩连衣裙 白色 L', '夏装上新，日韩女装，修身显瘦，七天退换货，赠送运费险，货到付款！', '135', '连衣裙', '123', '她他/tata', '6', '9', '京川牦牛', '1', '108', '{\"1\":\"颜色\",\"9\":\"尺码\"}', '/upload/img/store/9/1439362595551.jpg', '/upload/img/store/9/1439362595551.jpg,/upload/img/store/9/1439362595653.jpg,', '189.00', '1514364864', '0', '1', '1', '0', '1444630085251', '', '', '<br class=\"Apple-interchange-newline\" />\n<img alt=\"\" src=\"http://img10.360buyimg.com/imgzone/jfs/t1582/278/20211183/169080/5a6d9bf8/554db84fN1a63779b.jpg\" class=\"\" style=\"border:0px;\" /><span style=\"color:#666666;font-family:Arial, Verdana, 宋体;font-size:12px;font-style:normal;font-weight:normal;line-height:18px;background-color:#FFFFFF;\"></span>\n<div style=\"margin:0px;padding:0px;color:#666666;font-family:Arial, Verdana, 宋体;font-size:12px;font-style:normal;font-weight:normal;text-align:center;background-color:#FFFFFF;\">\n	<br />\n</div>\n<div style=\"margin:0px;padding:0px;color:#666666;font-family:Arial, Verdana, 宋体;font-size:12px;font-style:normal;font-weight:normal;text-align:center;background-color:#FFFFFF;\">\n	<br />\n</div>\n<img alt=\"\" src=\"http://img10.360buyimg.com/imgzone/jfs/t1177/265/996533612/570986/c1a687ea/5561505dNda22d27d.jpg\" class=\"\" style=\"border:0px;\" /><span style=\"color:#666666;font-family:Arial, Verdana, 宋体;font-size:12px;font-style:normal;font-weight:normal;line-height:18px;background-color:#FFFFFF;\"></span><img alt=\"\" src=\"http://img10.360buyimg.com/imgzone/jfs/t1312/38/282473630/309209/266ac303/55615060Nb076823c.jpg\" class=\"\" style=\"border:0px;\" /><span style=\"color:#666666;font-family:Arial, Verdana, 宋体;font-size:12px;font-style:normal;font-weight:normal;line-height:18px;background-color:#FFFFFF;\"></span><img alt=\"\" src=\"http://img10.360buyimg.com/imgzone/jfs/t940/191/952089753/401657/4eeeca9/55615064Nfc7d8438.jpg\" class=\"\" style=\"border:0px;\" /><span style=\"color:#666666;font-family:Arial, Verdana, 宋体;font-size:12px;font-style:normal;font-weight:normal;line-height:18px;background-color:#FFFFFF;\"></span><img alt=\"\" src=\"http://img10.360buyimg.com/imgzone/jfs/t1114/164/954068832/342376/453bccb8/55615067N2da86de0.jpg\" class=\"\" style=\"border:0px;\" /><span style=\"color:#666666;font-family:Arial, Verdana, 宋体;font-size:12px;font-style:normal;font-weight:normal;line-height:18px;background-color:#FFFFFF;\"></span><img alt=\"\" src=\"http://img10.360buyimg.com/imgzone/jfs/t1030/155/951535986/338805/ed145b4b/5561506aNfdc6fac0.jpg\" class=\"\" style=\"border:0px;\" /><span style=\"color:#666666;font-family:Arial, Verdana, 宋体;font-size:12px;font-style:normal;font-weight:normal;line-height:18px;background-color:#FFFFFF;\"></span><img alt=\"\" src=\"http://img10.360buyimg.com/imgzone/jfs/t1075/51/871209129/252118/97ff6f03/5561506cN63373fc8.jpg\" class=\"\" style=\"border:0px;\" /><span style=\"color:#666666;font-family:Arial, Verdana, 宋体;font-size:12px;font-style:normal;font-weight:normal;line-height:18px;background-color:#FFFFFF;\"></span><img alt=\"\" src=\"http://img10.360buyimg.com/imgzone/jfs/t829/287/975466011/342390/49fcec85/5561506fNb05d2f8b.jpg\" class=\"\" style=\"border:0px;\" /><span style=\"color:#666666;font-family:Arial, Verdana, 宋体;font-size:12px;font-style:normal;font-weight:normal;line-height:18px;background-color:#FFFFFF;\"></span><img alt=\"\" src=\"http://img10.360buyimg.com/imgzone/jfs/t952/106/958779057/419534/993795ea/55615073Nbb1074be.jpg\" class=\"\" style=\"border:0px;\" /><span style=\"color:#666666;font-family:Arial, Verdana, 宋体;font-size:12px;font-style:normal;font-weight:normal;line-height:18px;background-color:#FFFFFF;\"></span><img alt=\"\" src=\"http://img10.360buyimg.com/imgzone/jfs/t988/363/991578565/415312/876cddd0/55615077N68b9efca.jpg\" class=\"\" style=\"border:0px;\" /><span style=\"color:#666666;font-family:Arial, Verdana, 宋体;font-size:12px;font-style:normal;font-weight:normal;line-height:18px;background-color:#FFFFFF;\"></span><img alt=\"\" src=\"http://img10.360buyimg.com/imgzone/jfs/t1237/162/992562129/507246/337f964b/5561507eN4aa8bdc5.jpg\" class=\"\" style=\"border:0px;\" /><span style=\"color:#666666;font-family:Arial, Verdana, 宋体;font-size:12px;font-style:normal;font-weight:normal;line-height:18px;background-color:#FFFFFF;\"></span><img alt=\"\" src=\"http://img10.360buyimg.com/imgzone/jfs/t874/326/887814082/405800/e38e3223/55615082N7aece649.jpg\" class=\"\" style=\"border:0px;\" /><span style=\"color:#666666;font-family:Arial, Verdana, 宋体;font-size:12px;font-style:normal;font-weight:normal;line-height:18px;background-color:#FFFFFF;\"></span><img alt=\"\" src=\"http://img10.360buyimg.com/imgzone/jfs/t1312/46/283141721/432873/81cee621/55615085N72f0d06d.jpg\" class=\"\" style=\"border:0px;\" /><span style=\"color:#666666;font-family:Arial, Verdana, 宋体;font-size:12px;font-style:normal;font-weight:normal;line-height:18px;background-color:#FFFFFF;\"></span><img alt=\"\" src=\"http://img10.360buyimg.com/imgzone/jfs/t994/126/972891417/416151/46aa8e8d/55615089Nb7c3c033.jpg\" class=\"\" style=\"border:0px;\" /><span style=\"color:#666666;font-family:Arial, Verdana, 宋体;font-size:12px;font-style:normal;font-weight:normal;line-height:18px;background-color:#FFFFFF;\"></span><img alt=\"\" src=\"http://img10.360buyimg.com/imgzone/jfs/t1078/38/955517462/420371/c00eb409/5561508cNff676bd8.jpg\" class=\"\" style=\"border:0px;\" /><span style=\"color:#666666;font-family:Arial, Verdana, 宋体;font-size:12px;font-style:normal;font-weight:normal;line-height:18px;background-color:#FFFFFF;\"></span><img alt=\"\" src=\"http://img10.360buyimg.com/imgzone/jfs/t1351/210/189155171/392768/9c3c79c6/55615090Nbaba249f.jpg\" class=\"\" style=\"border:0px;\" /><span style=\"color:#666666;font-family:Arial, Verdana, 宋体;font-size:12px;font-style:normal;font-weight:normal;line-height:18px;background-color:#FFFFFF;\"></span><img alt=\"\" src=\"http://img10.360buyimg.com/imgzone/jfs/t1522/97/185244983/499481/dff53f9d/55615094N88558acf.jpg\" class=\"\" style=\"border:0px;\" /><span style=\"color:#666666;font-family:Arial, Verdana, 宋体;font-size:12px;font-style:normal;font-weight:normal;line-height:18px;background-color:#FFFFFF;\"></span><img alt=\"\" src=\"http://img10.360buyimg.com/imgzone/jfs/t1117/85/964350257/365197/b2ea491d/55615097N9d0c23ca.jpg\" class=\"\" style=\"border:0px;\" /><span style=\"color:#666666;font-family:Arial, Verdana, 宋体;font-size:12px;font-style:normal;font-weight:normal;line-height:18px;background-color:#FFFFFF;\"></span><img alt=\"\" src=\"http://img10.360buyimg.com/imgzone/jfs/t1054/310/985185564/407571/75405880/5561509bN8aadcd4e.jpg\" class=\"\" style=\"border:0px;\" /><span style=\"color:#666666;font-family:Arial, Verdana, 宋体;font-size:12px;font-style:normal;font-weight:normal;line-height:18px;background-color:#FFFFFF;\"></span><img alt=\"\" src=\"http://img10.360buyimg.com/imgzone/jfs/t1363/67/184003240/413224/b9aab0d6/5561509eN3e4c4849.jpg\" class=\"\" style=\"border:0px;\" /><span style=\"color:#666666;font-family:Arial, Verdana, 宋体;font-size:12px;font-style:normal;font-weight:normal;line-height:18px;background-color:#FFFFFF;\"></span><img alt=\"\" src=\"http://img10.360buyimg.com/imgzone/jfs/t1435/194/181816898/442908/3e77ee98/556150a2N6b78c5f1.jpg\" class=\"\" style=\"border:0px;\" /><span style=\"color:#666666;font-family:Arial, Verdana, 宋体;font-size:12px;font-style:normal;font-weight:normal;line-height:18px;background-color:#FFFFFF;\"></span><img alt=\"\" src=\"http://img10.360buyimg.com/imgzone/jfs/t1549/236/183331215/428540/cdb4d63e/556150caN9a3084a4.jpg\" class=\"\" style=\"border:0px;\" /><span style=\"color:#666666;font-family:Arial, Verdana, 宋体;font-size:12px;font-style:normal;font-weight:normal;line-height:18px;background-color:#FFFFFF;\"></span><img alt=\"\" src=\"http://img10.360buyimg.com/imgzone/jfs/t1204/265/953236638/551081/8ccd837b/556150cfNf407e4a4.jpg\" class=\"\" style=\"border:0px;\" /><span style=\"color:#666666;font-family:Arial, Verdana, 宋体;font-size:12px;font-style:normal;font-weight:normal;line-height:18px;background-color:#FFFFFF;\"></span><img alt=\"\" src=\"http://img10.360buyimg.com/imgzone/jfs/t958/75/937769810/422019/643841ab/556150d3Nfcd70bb6.jpg\" class=\"\" style=\"border:0px;\" /><span style=\"color:#666666;font-family:Arial, Verdana, 宋体;font-size:12px;font-style:normal;font-weight:normal;line-height:18px;background-color:#FFFFFF;\"></span><img alt=\"\" src=\"http://img10.360buyimg.com/imgzone/jfs/t1630/146/195123131/431446/4166dc28/556150d6Nbb8235fb.jpg\" class=\"\" style=\"border:0px;\" /><span style=\"color:#666666;font-family:Arial, Verdana, 宋体;font-size:12px;font-style:normal;font-weight:normal;line-height:18px;background-color:#FFFFFF;\"></span><img alt=\"\" src=\"http://img10.360buyimg.com/imgzone/jfs/t1057/83/989155085/428628/1b1fc8ba/556150daN6bd16159.jpg\" class=\"\" style=\"border:0px;\" /><span style=\"color:#666666;font-family:Arial, Verdana, 宋体;font-size:12px;font-style:normal;font-weight:normal;line-height:18px;background-color:#FFFFFF;\"></span><img alt=\"\" src=\"http://img10.360buyimg.com/imgzone/jfs/t1333/95/280694036/478234/3f8cb138/556150deNbd412809.jpg\" class=\"\" style=\"border:0px;\" /><span style=\"color:#666666;font-family:Arial, Verdana, 宋体;font-size:12px;font-style:normal;font-weight:normal;line-height:18px;background-color:#FFFFFF;\"></span><img alt=\"\" src=\"http://img10.360buyimg.com/imgzone/jfs/t796/65/959206185/208396/6356a0d8/556150dfNf5b38290.jpg\" class=\"\" style=\"border:0px;\" /><span style=\"color:#666666;font-family:Arial, Verdana, 宋体;font-size:12px;font-style:normal;font-weight:normal;line-height:18px;background-color:#FFFFFF;\"></span><img alt=\"\" src=\"http://img10.360buyimg.com/imgzone/jfs/t916/200/967578127/263908/a2ea89b4/556150e2N29e8dc77.jpg\" class=\"\" style=\"border:0px;\" /><span style=\"color:#666666;font-family:Arial, Verdana, 宋体;font-size:12px;font-style:normal;font-weight:normal;line-height:18px;background-color:#FFFFFF;\"></span><img alt=\"\" src=\"http://img10.360buyimg.com/imgzone/jfs/t898/29/932728816/202229/de7ee45e/556150e5N0f576fa6.jpg\" class=\"\" style=\"border:0px;\" /><span style=\"color:#666666;font-family:Arial, Verdana, 宋体;font-size:12px;font-style:normal;font-weight:normal;line-height:18px;background-color:#FFFFFF;\"></span><img alt=\"\" src=\"http://img10.360buyimg.com/imgzone/jfs/t1141/212/945384877/167885/9db7bd93/556150e6N18ebd837.jpg\" class=\"\" style=\"border:0px;\" />', '{\"47\":\"{\\\"name\\\":\\\"风格\\\",\\\"88\\\":\\\"日韩\\\"}\",\"48\":\"{\\\"name\\\":\\\"裙长\\\",\\\"81\\\":\\\"长裙\\\"}\",\"49\":\"{\\\"name\\\":\\\"尺码\\\",\\\"83\\\":\\\"M\\\"}\",\"50\":\"{\\\"name\\\":\\\"材质\\\",\\\"85\\\":\\\"雪纺\\\"}\"}', '{\"1\":\"{\\\"59\\\":\\\"黑色\\\",\\\"66\\\":\\\"白色\\\"}\",\"9\":\"{\\\"55\\\":\\\"L\\\",\\\"56\\\":\\\"M\\\"}\"}', '', '1443066281396', '1443066281396', '1453066281396', '1', '0', '0.00', '0.00', '0.00', '36', '北京市', '1', '北京', '22', '0', '0', '1', '0', '1', null, '0'), ('24', '清水丽香 2015夏装新款复古文艺短袖棉麻圆领长裙C03 红色 M', '欧美大牌，爱上超模，春装爆款，高端气质，支持7天无理由退换，支持货到付款', '135', '连衣裙', '124', '缪诗', '6', '9', '京川牦牛', '1', '112', '{\"1\":\"颜色\",\"9\":\"尺码\"}', '/upload/img/store/9/1439363286945.jpg', '/upload/img/store/9/1439363286945.jpg,/upload/img/store/9/1439363287134.jpg,', '139.00', '1505984269', '0', '1', '1', '0', '1444630085251', '', '', '<br class=\"Apple-interchange-newline\" />\n<img alt=\"\" src=\"http://img10.360buyimg.com/imgzone/jfs/t1384/78/93164327/85480/950ae720/55587b35N5c650c97.jpg\" class=\"\" style=\"border:0px;\" /><span style=\"color:#666666;font-family:Arial, Verdana, 宋体;font-size:12px;font-style:normal;font-weight:normal;line-height:18px;background-color:#FFFFFF;\"></span><img alt=\"\" src=\"http://img10.360buyimg.com/imgzone/jfs/t880/192/916795676/178448/74e4866f/55587b36N54f62edc.jpg\" class=\"\" style=\"border:0px;\" /><span style=\"color:#666666;font-family:Arial, Verdana, 宋体;font-size:12px;font-style:normal;font-weight:normal;line-height:18px;background-color:#FFFFFF;\"></span><img alt=\"\" src=\"http://img10.360buyimg.com/imgzone/jfs/t1444/12/87741418/129546/3e6b23f4/55587b36Nac9c8aa2.jpg\" class=\"\" style=\"border:0px;\" /><span style=\"color:#666666;font-family:Arial, Verdana, 宋体;font-size:12px;font-style:normal;font-weight:normal;line-height:18px;background-color:#FFFFFF;\"></span><img alt=\"\" src=\"http://img10.360buyimg.com/imgzone/jfs/t1282/360/189014378/239310/e214ee73/55587b37Nfc48fbf4.jpg\" class=\"\" style=\"border:0px;\" /><span style=\"color:#666666;font-family:Arial, Verdana, 宋体;font-size:12px;font-style:normal;font-weight:normal;line-height:18px;background-color:#FFFFFF;\"></span><img alt=\"\" src=\"http://img10.360buyimg.com/imgzone/jfs/t1129/22/893428347/181575/66037012/55587b38N8de937ba.jpg\" class=\"\" style=\"border:0px;\" /><span style=\"color:#666666;font-family:Arial, Verdana, 宋体;font-size:12px;font-style:normal;font-weight:normal;line-height:18px;background-color:#FFFFFF;\"></span><img alt=\"\" src=\"http://img10.360buyimg.com/imgzone/jfs/t1279/2/185369735/212716/b942c599/55587b38Nd40b073d.jpg\" class=\"\" style=\"border:0px;\" /><span style=\"color:#666666;font-family:Arial, Verdana, 宋体;font-size:12px;font-style:normal;font-weight:normal;line-height:18px;background-color:#FFFFFF;\"></span><img alt=\"\" src=\"http://img10.360buyimg.com/imgzone/jfs/t1621/139/93519495/128237/8d29debd/55587b39N29404036.jpg\" class=\"\" style=\"border:0px;\" /><span style=\"color:#666666;font-family:Arial, Verdana, 宋体;font-size:12px;font-style:normal;font-weight:normal;line-height:18px;background-color:#FFFFFF;\"></span><img alt=\"\" src=\"http://img10.360buyimg.com/imgzone/jfs/t1501/206/87316333/124156/cec5da74/55587b39Nfc12a019.jpg\" class=\"\" style=\"border:0px;\" /><span style=\"color:#666666;font-family:Arial, Verdana, 宋体;font-size:12px;font-style:normal;font-weight:normal;line-height:18px;background-color:#FFFFFF;\"></span><img alt=\"\" src=\"http://img10.360buyimg.com/imgzone/jfs/t1201/120/930670952/76627/f538977b/55587b3aNead46bc6.jpg\" class=\"\" style=\"border:0px;\" /><span style=\"color:#666666;font-family:Arial, Verdana, 宋体;font-size:12px;font-style:normal;font-weight:normal;line-height:18px;background-color:#FFFFFF;\"></span><img alt=\"\" src=\"http://img10.360buyimg.com/imgzone/jfs/t919/89/881104775/337674/c95b1b35/55587b3bN95085923.jpg\" class=\"\" style=\"border:0px;\" /><span style=\"color:#666666;font-family:Arial, Verdana, 宋体;font-size:12px;font-style:normal;font-weight:normal;line-height:18px;background-color:#FFFFFF;\"></span><img alt=\"\" src=\"http://img10.360buyimg.com/imgzone/jfs/t1072/257/915844121/405053/19f6eb8a/55587b3dNa0f4a714.jpg\" class=\"\" style=\"border:0px;\" /><span style=\"color:#666666;font-family:Arial, Verdana, 宋体;font-size:12px;font-style:normal;font-weight:normal;line-height:18px;background-color:#FFFFFF;\"></span><img alt=\"\" src=\"http://img10.360buyimg.com/imgzone/jfs/t1243/100/921064206/303037/ffa5c6c4/55587b3eN1c664eab.jpg\" class=\"\" style=\"border:0px;\" /><span style=\"color:#666666;font-family:Arial, Verdana, 宋体;font-size:12px;font-style:normal;font-weight:normal;line-height:18px;background-color:#FFFFFF;\"></span><img alt=\"\" src=\"http://img10.360buyimg.com/imgzone/jfs/t997/79/907446154/96704/9fd8ec26/55587b3eN84de5108.jpg\" class=\"\" style=\"border:0px;\" /><span style=\"color:#666666;font-family:Arial, Verdana, 宋体;font-size:12px;font-style:normal;font-weight:normal;line-height:18px;background-color:#FFFFFF;\"></span><img alt=\"\" src=\"http://img10.360buyimg.com/imgzone/jfs/t1297/215/187127374/88250/c333a402/55587b3eN4df876f4.jpg\" class=\"\" style=\"border:0px;\" /><span style=\"color:#666666;font-family:Arial, Verdana, 宋体;font-size:12px;font-style:normal;font-weight:normal;line-height:18px;background-color:#FFFFFF;\"></span><img alt=\"\" src=\"http://img10.360buyimg.com/imgzone/jfs/t1162/9/895261156/101360/17f363bc/55587b3fN59f213c0.jpg\" class=\"\" style=\"border:0px;\" /><span style=\"color:#666666;font-family:Arial, Verdana, 宋体;font-size:12px;font-style:normal;font-weight:normal;line-height:18px;background-color:#FFFFFF;\"></span><img alt=\"\" src=\"http://img10.360buyimg.com/imgzone/jfs/t1471/195/81138507/90946/dd636de6/55587b3fN3fbb4873.jpg\" class=\"\" style=\"border:0px;\" /><span style=\"color:#666666;font-family:Arial, Verdana, 宋体;font-size:12px;font-style:normal;font-weight:normal;line-height:18px;background-color:#FFFFFF;\"></span><img alt=\"\" src=\"http://img10.360buyimg.com/imgzone/jfs/t859/346/938794398/84746/8cd57ba8/55587b3fN6ab963ad.jpg\" class=\"\" style=\"border:0px;\" /><span style=\"color:#666666;font-family:Arial, Verdana, 宋体;font-size:12px;font-style:normal;font-weight:normal;line-height:18px;background-color:#FFFFFF;\"></span><img alt=\"\" src=\"http://img10.360buyimg.com/imgzone/jfs/t1642/186/102123762/93149/9c6a3500/55587b40N76c62069.jpg\" class=\"\" style=\"border:0px;\" /><span style=\"color:#666666;font-family:Arial, Verdana, 宋体;font-size:12px;font-style:normal;font-weight:normal;line-height:18px;background-color:#FFFFFF;\"></span><img alt=\"\" src=\"http://img10.360buyimg.com/imgzone/jfs/t1204/316/890885222/109361/55b828d4/55587b40N17c200f9.jpg\" class=\"\" style=\"border:0px;\" />', '{\"47\":\"{\\\"name\\\":\\\"风格\\\",\\\"89\\\":\\\"森系\\\"}\",\"48\":\"{\\\"name\\\":\\\"裙长\\\",\\\"80\\\":\\\"中裙\\\"}\",\"49\":\"{\\\"name\\\":\\\"尺码\\\",\\\"83\\\":\\\"M\\\"}\",\"50\":\"{\\\"name\\\":\\\"材质\\\",\\\"90\\\":\\\"棉麻\\\"}\"}', '{\"1\":\"{\\\"58\\\":\\\"红色\\\",\\\"60\\\":\\\"蓝色\\\"}\",\"9\":\"{\\\"55\\\":\\\"L\\\",\\\"56\\\":\\\"M\\\"}\"}', '{\"58\":\"/upload/img/store/9/1439363295612.jpg\",\"60\":\"/upload/img/store/9/1439363299927.jpg\"}', '1443066281396', '1443066281396', '1453066281396', '1', '0', '0.00', '0.00', '0.00', '165', '常州市', '10', '江苏省', '22', '0', '0', '2', '0', '1', null, '0'), ('25', '碧月茹香 2015夏新款文艺棉麻宽松大码连衣裙 617绿色 XXL', '欧美大牌，爱上超模，夏装爆款，高端气质，支持7天无理由退换，支持货到付款', '135', '连衣裙', '121', '派丽蒙', '6', '9', '京川牦牛', '1', '271', '{\"1\":\"颜色\",\"9\":\"尺码\"}{\"1\":\"颜色\",\"9\":\"尺码\"}', '/upload/img/store/9/1439363577002.jpg', '/upload/img/store/9/1439363577002.jpg,/upload/img/store/9/1439363577103.jpg,', '11.00', '1655872638', '1', '1', '30', '1', '1444630085251', '', '', '              	              	<p style=\"color:#666666;font-family:Arial, Verdana, 宋体;font-size:12px;font-style:normal;font-weight:normal;text-align:start;text-indent:0px;background-color:#FFFFFF;\">\n	<a href=\"http://mall.jd.com/view_search-146786-810071-3-1-20-1.html\" target=\"_blank\"><img src=\"http://img10.360buyimg.com/imgzone/jfs/t1345/198/158449315/380234/53e51a85/555ec2eeN07be1ef5.jpg\" alt=\"\" style=\"border:0px;\" /></a>\n</p>\n<p style=\"color:#666666;font-family:Arial, Verdana, 宋体;font-size:12px;font-style:normal;font-weight:normal;text-align:start;text-indent:0px;background-color:#FFFFFF;\">\n	<a href=\"http://item.jd.com/1496179878.html\" target=\"_blank\"><img src=\"http://img10.360buyimg.com/imgzone/jfs/t1561/4/169038917/257893/7dfc4045/555ec1a2N5340f89e.jpg\" alt=\"\" style=\"border:0px;\" /></a>\n</p>\n<p style=\"color:#666666;font-family:Arial, Verdana, 宋体;font-size:12px;font-style:normal;font-weight:normal;text-align:start;text-indent:0px;background-color:#FFFFFF;\">\n	<a href=\"http://item.jd.com/1496551620.html\" target=\"_blank\"><img src=\"http://img10.360buyimg.com/imgzone/jfs/t1633/116/168332088/238965/a2ea9e18/555ecfdfN49e63c38.jpg\" alt=\"\" style=\"border:0px;\" /></a>\n</p>\n              \n              ', '{\"47\":\"{\\\"name\\\":\\\"风格\\\",\\\"89\\\":\\\"森系\\\"}\",\"48\":\"{\\\"name\\\":\\\"裙长\\\",\\\"81\\\":\\\"长裙\\\"}\",\"49\":\"{\\\"name\\\":\\\"尺码\\\",\\\"83\\\":\\\"M\\\"}\",\"50\":\"{\\\"name\\\":\\\"材质\\\",\\\"90\\\":\\\"棉麻\\\"}\"}', '{\"1\":\"{\\\"166\\\":\\\"红色\\\"}\",\"9\":\"{\\\"156\\\":\\\"L\\\",\\\"157\\\":\\\"M\\\"}\"}', '', '1443066281396', '1443066281396', '1453066281396', '1', '0', '0.00', '0.00', '0.00', '39', '上海市', '9', '上海', null, '0', '0', '7', '0', '1', null, '0'), ('26', ' 凡牧2015夏装新款棉麻短袖连衣裙女韩版修身', '2015夏装新品 支持货到付款 ，7天无理由退货。', '135', '连衣裙', '118', '康妮雅', '6', '9', '京川牦牛', '1', '122', '{\"1\":\"颜色\",\"9\":\"尺码\"}', '/upload/img/store/9/1439364063748.jpg', '/upload/img/store/9/1439364063748.jpg,/upload/img/store/9/1439364063849.jpg,', '158.00', '1530828874', '1', '1', '30', '0', '1444630085251', '', '', '<br />\n<img alt=\"\" id=\"bdc6e6af28184a3eba7f794e6ef4f548\" src=\"http://img30.360buyimg.com/popWareDetail/jfs/t898/71/620484853/445654/734f2fec/553602bdN95b121a0.jpg\" class=\"\" style=\"border:0px;\" /><span style=\"color:#666666;font-family:Arial, Verdana, 宋体;font-size:12px;font-style:normal;font-weight:normal;line-height:18px;background-color:#FFFFFF;\"><span class=\"Apple-converted-space\">&nbsp;</span></span><br />\n<img alt=\"\" id=\"651387984993413fa721c227096ad8d3\" src=\"http://img30.360buyimg.com/popWareDetail/jfs/t982/136/633718123/498466/36577b40/553602beNb25fcc3b.jpg\" class=\"\" style=\"border:0px;\" /><span style=\"color:#666666;font-family:Arial, Verdana, 宋体;font-size:12px;font-style:normal;font-weight:normal;line-height:18px;background-color:#FFFFFF;\"><span class=\"Apple-converted-space\">&nbsp;</span></span><br />\n<img alt=\"\" id=\"a5f79b7020c44190a8e22be66bbdd79a\" src=\"http://img30.360buyimg.com/popWareDetail/jfs/t1147/41/631650188/238908/c26c7c5c/553602bfNfb1f5848.jpg\" class=\"\" style=\"border:0px;\" /><span style=\"color:#666666;font-family:Arial, Verdana, 宋体;font-size:12px;font-style:normal;font-weight:normal;line-height:18px;background-color:#FFFFFF;\"><span class=\"Apple-converted-space\">&nbsp;</span></span><br />\n<img alt=\"\" id=\"d6d551cdf71e42b48cc27b7e80123986\" src=\"http://img30.360buyimg.com/popWareDetail/jfs/t1165/212/631815448/302297/7013cc09/553602bfN1c68939d.jpg\" class=\"\" style=\"border:0px;\" /><span style=\"color:#666666;font-family:Arial, Verdana, 宋体;font-size:12px;font-style:normal;font-weight:normal;line-height:18px;background-color:#FFFFFF;\"><span class=\"Apple-converted-space\">&nbsp;</span></span><br />\n<img alt=\"\" id=\"1879cda89e62423c8eb512af08a52a87\" src=\"http://img30.360buyimg.com/popWareDetail/jfs/t1213/317/634915062/245476/6a3f4fc3/553602c0N89dd1f8d.jpg\" class=\"\" style=\"border:0px;\" /><span style=\"color:#666666;font-family:Arial, Verdana, 宋体;font-size:12px;font-style:normal;font-weight:normal;line-height:18px;background-color:#FFFFFF;\"><span class=\"Apple-converted-space\">&nbsp;</span></span><br />\n<img alt=\"\" id=\"2bdf8501ab2d4a51965220d25530d5e0\" src=\"http://img30.360buyimg.com/popWareDetail/jfs/t883/176/620005307/523323/13ea116b/553602c0N4978c717.jpg\" class=\"\" style=\"border:0px;\" /><span style=\"color:#666666;font-family:Arial, Verdana, 宋体;font-size:12px;font-style:normal;font-weight:normal;line-height:18px;background-color:#FFFFFF;\"><span class=\"Apple-converted-space\">&nbsp;</span></span><br />\n<img alt=\"\" id=\"4601878a6a9c4c2a996d7794d119ccdd\" src=\"http://img30.360buyimg.com/popWareDetail/jfs/t994/219/613406578/263635/952f7099/553602c1N2af17140.jpg\" class=\"\" style=\"border:0px;\" /><span style=\"color:#666666;font-family:Arial, Verdana, 宋体;font-size:12px;font-style:normal;font-weight:normal;line-height:18px;background-color:#FFFFFF;\"><span class=\"Apple-converted-space\">&nbsp;</span></span><br />\n<img alt=\"\" id=\"600e97518253427581d32585e7779d9b\" src=\"http://img30.360buyimg.com/popWareDetail/jfs/t1123/14/623570733/579413/6aa6ecc6/553602c2N960ce8b2.jpg\" class=\"\" style=\"border:0px;\" /><span style=\"color:#666666;font-family:Arial, Verdana, 宋体;font-size:12px;font-style:normal;font-weight:normal;line-height:18px;background-color:#FFFFFF;\"><span class=\"Apple-converted-space\">&nbsp;</span></span><br />\n<img alt=\"\" id=\"5c64d818372f414bbf5d824d6d9f83cc\" src=\"http://img30.360buyimg.com/popWareDetail/jfs/t733/320/1357839724/365585/d27be9b8/553602c4N95a81122.jpg\" class=\"\" style=\"border:0px;\" /><span style=\"color:#666666;font-family:Arial, Verdana, 宋体;font-size:12px;font-style:normal;font-weight:normal;line-height:18px;background-color:#FFFFFF;\"><span class=\"Apple-converted-space\">&nbsp;</span></span><br />\n<img alt=\"\" id=\"e4f19dcd5ef041839bbe7b3346f625c1\" src=\"http://img30.360buyimg.com/popWareDetail/jfs/t811/184/615512442/291379/fdf97153/553602c4N3fab3dd2.jpg\" class=\"\" style=\"border:0px;\" /><span style=\"color:#666666;font-family:Arial, Verdana, 宋体;font-size:12px;font-style:normal;font-weight:normal;line-height:18px;background-color:#FFFFFF;\"><span class=\"Apple-converted-space\">&nbsp;</span></span><br />\n<img alt=\"\" id=\"ff0855bd0e894305a05ad4065554639a\" src=\"http://img30.360buyimg.com/popWareDetail/jfs/t709/308/1384792152/423839/efad7fc4/553602c5Nd63f476c.jpg\" class=\"\" style=\"border:0px;\" />', '{\"47\":\"{\\\"name\\\":\\\"风格\\\",\\\"88\\\":\\\"日韩\\\"}\",\"48\":\"{\\\"name\\\":\\\"裙长\\\",\\\"79\\\":\\\"短裙\\\"}\",\"49\":\"{\\\"name\\\":\\\"尺码\\\",\\\"83\\\":\\\"M\\\"}\",\"50\":\"{\\\"name\\\":\\\"材质\\\",\\\"90\\\":\\\"棉麻\\\"}\"}', '{\"1\":\"{\\\"139\\\":\\\"粉色\\\"}\",\"9\":\"{\\\"55\\\":\\\"L\\\",\\\"56\\\":\\\"M\\\"}\"}', '', '1443066281396', '1443066281396', '1453066281396', '1', '0', '0.00', '0.00', '0.00', '36', '北京市', '1', '北京', null, '0', '0', '3', '0', '1', null, '0'), ('27', '玫恋雅2015夏季新款韩版百搭气质女装复古文艺短袖圆领棉麻连衣裙 女88 绿 色 L', '百搭气质女装复古文艺短袖圆领棉麻连衣裙', '135', '连衣裙', '120', '享爱.', '6', '9', '京川牦牛', '1', '124', '{\"1\":\"颜色\",\"9\":\"尺码\"}', '/upload/img/store/9/1439364389117.jpg', '/upload/img/store/9/1439364389117.jpg,/upload/img/store/9/1439364389218.jpg,', '168.00', '1478516803', '1', '1', '30', '0', '1444630085251', '', '', '<br class=\"Apple-interchange-newline\" />\n<img alt=\"\" src=\"http://img10.360buyimg.com/imgzone/jfs/t1330/117/1104009849/147291/dc73d4b6/55b61dbdN21c532e9.jpg\" class=\"\" style=\"border:0px;\" />', '{\"47\":\"{\\\"name\\\":\\\"风格\\\",\\\"86\\\":\\\"淑女\\\"}\",\"48\":\"{\\\"name\\\":\\\"裙长\\\",\\\"80\\\":\\\"中裙\\\"}\",\"49\":\"{\\\"name\\\":\\\"尺码\\\",\\\"83\\\":\\\"M\\\"}\",\"50\":\"{\\\"name\\\":\\\"材质\\\",\\\"90\\\":\\\"棉麻\\\"}\"}', '{\"1\":\"{\\\"129\\\":\\\"红色\\\",\\\"135\\\":\\\"绿色\\\"}\",\"9\":\"{\\\"55\\\":\\\"L\\\",\\\"56\\\":\\\"M\\\"}\"}', '', '1443066281396', '1443066281396', '1453066281396', '1', '0', '0.00', '0.00', '0.00', '36', '北京市', '1', '北京', null, '0', '0', '0', '1', '1', null, '0'), ('28', '阁斯岚 2015夏日新款无袖长款雪纺连衣裙 夏天大码沙滩纯色长裙 G25 白色 L', '清凉一 ', '135', '连衣裙', '118', '康妮雅', '6', '9', '京川牦牛', '1', '296', '{\"1\":\"颜色\",\"9\":\"尺码\"}{\"1\":\"颜色\",\"9\":\"尺码\"}', '/upload/img/store/9/1439364590868.jpg', '/upload/img/store/9/1439364590868.jpg,/upload/img/store/9/1439364590970.jpg,', '111.00', '1475943850', '1', '1', '30', '1', '1444630085251', '', '', '              	<div style=\"margin:0px;padding:0px;color:#666666;font-family:Arial, Verdana, 宋体;font-size:12px;font-style:normal;font-weight:normal;text-align:center;background-color:#FFFFFF;\">\n	<br class=\"Apple-interchange-newline\" />\n<img alt=\"\" id=\"3cb8a49755814b22933154fb255f9795\" src=\"http://img30.360buyimg.com/popWaterMark/jfs/t889/364/609511619/285368/c22bdb0/5535a7c5N79ed395f.jpg\" class=\"\" style=\"border:0px;\" />\n</div>\n<div style=\"margin:0px;padding:0px;color:#666666;font-family:Arial, Verdana, 宋体;font-size:12px;font-style:normal;font-weight:normal;text-align:center;background-color:#FFFFFF;\">\n	<img alt=\"\" id=\"0d2951e20b63420c90bc2538ad1ec86f\" src=\"http://img30.360buyimg.com/popWaterMark/jfs/t925/193/547349496/348753/6db00b2f/5535a7c6N13922c54.jpg\" class=\"\" style=\"border:0px;\" />\n</div>\n<div style=\"margin:0px;padding:0px;color:#666666;font-family:Arial, Verdana, 宋体;font-size:12px;font-style:normal;font-weight:normal;text-align:center;background-color:#FFFFFF;\">\n	<img alt=\"\" id=\"23f028cf64ca4f2fb3eee21f23984f06\" src=\"http://img30.360buyimg.com/popWaterMark/jfs/t889/2/628731299/287073/2e59ae44/5535a7c7N8d6744ca.jpg\" class=\"\" style=\"border:0px;\" />\n</div>\n<div style=\"margin:0px;padding:0px;color:#666666;font-family:Arial, Verdana, 宋体;font-size:12px;font-style:normal;font-weight:normal;text-align:center;background-color:#FFFFFF;\">\n	<img alt=\"\" id=\"5df6590e0c284519a0f751a3f676e73a\" src=\"http://img30.360buyimg.com/popWaterMark/jfs/t1093/295/615542870/353524/c1459f1f/5535a7c8Na99a14e3.jpg\" class=\"\" style=\"border:0px;\" />\n</div>\n<div style=\"margin:0px;padding:0px;color:#666666;font-family:Arial, Verdana, 宋体;font-size:12px;font-style:normal;font-weight:normal;text-align:center;background-color:#FFFFFF;\">\n	<img alt=\"\" id=\"01a804ee119947e29f5353c73bb25a30\" src=\"http://img30.360buyimg.com/popWaterMark/jfs/t1240/78/594325663/322713/3d810e79/5535a7c9N0d241d30.jpg\" class=\"\" style=\"border:0px;\" />\n</div>\n<div style=\"margin:0px;padding:0px;color:#666666;font-family:Arial, Verdana, 宋体;font-size:12px;font-style:normal;font-weight:normal;text-align:center;background-color:#FFFFFF;\">\n	<img alt=\"\" id=\"cd280b5f3aac4816b0c8a1ad2d97ead5\" src=\"http://img30.360buyimg.com/popWaterMark/jfs/t1201/314/595369207/317450/4cc4aa15/5535a7cbN20325912.jpg\" class=\"\" style=\"border:0px;\" />\n</div>\n<div style=\"margin:0px;padding:0px;color:#666666;font-family:Arial, Verdana, 宋体;font-size:12px;font-style:normal;font-weight:normal;text-align:center;background-color:#FFFFFF;\">\n	<img alt=\"\" id=\"ce2e7242c2e84c37a9be3fe945716f44\" src=\"http://img30.360buyimg.com/popWaterMark/jfs/t808/292/598982185/306504/633f6f4e/5535a7ccN94b68f23.jpg\" class=\"\" style=\"border:0px;\" />\n</div>\n<div style=\"margin:0px;padding:0px;color:#666666;font-family:Arial, Verdana, 宋体;font-size:12px;font-style:normal;font-weight:normal;text-align:center;background-color:#FFFFFF;\">\n	<img alt=\"\" id=\"6ab411aadd8b4df895a1e523371a2765\" src=\"http://img30.360buyimg.com/popWaterMark/jfs/t1054/169/615105087/240449/25d19cfa/5535a7ccNa2e303bb.jpg\" class=\"\" style=\"border:0px;\" />\n</div>\n<div style=\"margin:0px;padding:0px;color:#666666;font-family:Arial, Verdana, 宋体;font-size:12px;font-style:normal;font-weight:normal;text-align:center;background-color:#FFFFFF;\">\n	<img alt=\"\" id=\"57705372e8d540bcb727ccb2b6b79f91\" src=\"http://img30.360buyimg.com/popWaterMark/jfs/t739/6/1379261889/307046/f08fc01a/5535a7cdN1958251b.jpg\" class=\"\" style=\"border:0px;\" />\n</div>\n<br class=\"Apple-interchange-newline\" />\n              ', '{\"47\":\"{\\\"name\\\":\\\"风格\\\",\\\"86\\\":\\\"淑女\\\"}\",\"48\":\"{\\\"name\\\":\\\"裙长\\\",\\\"81\\\":\\\"长裙\\\"}\",\"49\":\"{\\\"name\\\":\\\"尺码\\\",\\\"83\\\":\\\"M\\\"}\",\"50\":\"{\\\"name\\\":\\\"材质\\\",\\\"85\\\":\\\"雪纺\\\"}\"}', '{\"1\":\"{\\\"166\\\":\\\"红色\\\"}\",\"9\":\"{\\\"156\\\":\\\"L\\\",\\\"157\\\":\\\"M\\\"}\"}', '', '1443066281396', '1443066281396', '1453066281396', '1', '0', '0.00', '0.00', '0.00', '171', '扬州市', '10', '江苏省', null, '0', '0', '2', '1', '1', null, '0'), ('29', '欧诗黛连衣裙2015夏季新款韩版雪纺印花显瘦高腰衬衫裙子 白色款 M 累计', '欧诗黛连衣裙2015夏季新款', '135', '连衣裙', '120', '享爱.', '6', '9', '京川牦牛', '1', '131', '{\"1\":\"颜色\",\"9\":\"尺码\"}', '/upload/img/store/9/1439364798794.jpg', '/upload/img/store/9/1439364798794.jpg,/upload/img/store/9/1439364798895.jpg,', '138.00', '1559647278', '1', '1', '30', '0', '1444630085251', '', '', '<br class=\"Apple-interchange-newline\" />\n<br />\n<img alt=\"\" id=\"a00ca70ac7af46f2a96eafa3e9fee7be \" src=\"http://img30.360buyimg.com/popWaterMark/jfs/t814/218/1446191000/308489/91cc12f6/559f7403Nd2edda04.jpg\" class=\"\" style=\"border:0px;\" /><span style=\"color:#666666;font-family:Arial, Verdana, 宋体;font-size:12px;font-style:normal;font-weight:normal;line-height:18px;background-color:#FFFFFF;\"><span class=\"Apple-converted-space\">&nbsp;</span></span><br />\n<img alt=\"\" id=\"56df4f70439840078972f09271adba58 \" src=\"http://img30.360buyimg.com/popWaterMark/jfs/t1078/46/1378071538/321818/a9541a6a/559f7403N091c8898.jpg\" class=\"\" style=\"border:0px;\" /><span style=\"color:#666666;font-family:Arial, Verdana, 宋体;font-size:12px;font-style:normal;font-weight:normal;line-height:18px;background-color:#FFFFFF;\"><span class=\"Apple-converted-space\">&nbsp;</span></span><br />\n<img alt=\"\" id=\"c698856b8c834fcd8f4e19901b1f4d09 \" src=\"http://img30.360buyimg.com/popWaterMark/jfs/t865/230/1427968294/523370/2b8b150e/559f7407N69931933.jpg\" class=\"\" style=\"border:0px;\" /><span style=\"color:#666666;font-family:Arial, Verdana, 宋体;font-size:12px;font-style:normal;font-weight:normal;line-height:18px;background-color:#FFFFFF;\"><span class=\"Apple-converted-space\">&nbsp;</span></span><br />\n<img alt=\"\" id=\"151a8b44a04a4b4dab1a7c35a467acf4 \" src=\"http://img30.360buyimg.com/popWaterMark/jfs/t1252/261/1414974530/287419/d5719bd9/559f740aN6ae63eee.jpg\" class=\"\" style=\"border:0px;\" /><span style=\"color:#666666;font-family:Arial, Verdana, 宋体;font-size:12px;font-style:normal;font-weight:normal;line-height:18px;background-color:#FFFFFF;\"><span class=\"Apple-converted-space\">&nbsp;</span></span><br />\n<img alt=\"\" id=\"3a440cdca7a744c49e2f4f666cd968b9 \" src=\"http://img30.360buyimg.com/popWaterMark/jfs/t1555/57/667820736/327222/ccd18e5d/559f740dN090d2692.jpg\" class=\"\" style=\"border:0px;\" /><span style=\"color:#666666;font-family:Arial, Verdana, 宋体;font-size:12px;font-style:normal;font-weight:normal;line-height:18px;background-color:#FFFFFF;\"><span class=\"Apple-converted-space\">&nbsp;</span></span><br />\n<img alt=\"\" id=\"a834f942657449a4b3548574681f5aa7 \" src=\"http://img30.360buyimg.com/popWaterMark/jfs/t1162/355/1411482831/523394/4055ab5c/559f7415Ne15b835c.jpg\" class=\"loading-style2\" style=\"border:0px;\" /><span style=\"color:#666666;font-family:Arial, Verdana, 宋体;font-size:12px;font-style:normal;font-weight:normal;line-height:18px;background-color:#FFFFFF;\"><span class=\"Apple-converted-space\">&nbsp;</span></span><br />\n<img alt=\"\" id=\"92b431e611bc4c4c84657264f1046b36 \" src=\"http://img30.360buyimg.com/popWaterMark/jfs/t850/346/1387019177/183693/1debd169/559f7419N7f3c716e.jpg\" class=\"\" style=\"border:0px;\" /><span style=\"color:#666666;font-family:Arial, Verdana, 宋体;font-size:12px;font-style:normal;font-weight:normal;line-height:18px;background-color:#FFFFFF;\"><span class=\"Apple-converted-space\">&nbsp;</span></span><br />\n<img alt=\"\" id=\"4e01883e79f740acae643f98e8e3162f \" src=\"http://img30.360buyimg.com/popWaterMark/jfs/t988/283/1406531042/154669/910b86af/559f741aN8f63da9f.jpg\" class=\"\" style=\"border:0px;\" /><span style=\"color:#666666;font-family:Arial, Verdana, 宋体;font-size:12px;font-style:normal;font-weight:normal;line-height:18px;background-color:#FFFFFF;\"><span class=\"Apple-converted-space\">&nbsp;</span></span><br />\n<img alt=\"\" id=\"73e4528d4d374f58bbee194579c1fae8 \" src=\"http://img30.360buyimg.com/popWaterMark/jfs/t1036/259/1395961779/211491/6c1ae5ab/559f741cNec8b7828.jpg\" class=\"loading-style2\" style=\"border:0px;\" /><span style=\"color:#666666;font-family:Arial, Verdana, 宋体;font-size:12px;font-style:normal;font-weight:normal;line-height:18px;background-color:#FFFFFF;\"><span class=\"Apple-converted-space\">&nbsp;</span></span><br />\n<img alt=\"\" id=\"f69e70a4b31b4ffba3a4cfe330a71474 \" src=\"http://img30.360buyimg.com/popWaterMark/jfs/t1027/227/1413470317/149259/4231af73/559f741eN9b7b4a1c.jpg\" class=\"\" style=\"border:0px;\" /><span style=\"color:#666666;font-family:Arial, Verdana, 宋体;font-size:12px;font-style:normal;font-weight:normal;line-height:18px;background-color:#FFFFFF;\"><span class=\"Apple-converted-space\">&nbsp;</span></span><br />\n<img alt=\"\" id=\"eabd2c37c527479589c52b144aac78d3 \" src=\"http://img30.360buyimg.com/popWaterMark/jfs/t814/235/1387976976/161773/69ffdd57/559f741fN1bd4e5a4.jpg\" class=\"\" style=\"border:0px;\" /><span style=\"color:#666666;font-family:Arial, Verdana, 宋体;font-size:12px;font-style:normal;font-weight:normal;line-height:18px;background-color:#FFFFFF;\"><span class=\"Apple-converted-space\">&nbsp;</span></span><br />\n<img alt=\"\" id=\"5cc64f229f214e03b88384aaf49a41c3 \" src=\"http://img30.360buyimg.com/popWaterMark/jfs/t1657/17/431122658/286175/999174ec/559f7423N65a62a96.jpg\" class=\"\" style=\"border:0px;\" /><span style=\"color:#666666;font-family:Arial, Verdana, 宋体;font-size:12px;font-style:normal;font-weight:normal;line-height:18px;background-color:#FFFFFF;\"><span class=\"Apple-converted-space\">&nbsp;</span></span><br />\n<img alt=\"\" id=\"8bfc20e32afd4726908dfcd04efabc84 \" src=\"http://img30.360buyimg.com/popWaterMark/jfs/t919/89/1364193382/281560/12eaa95e/559f7429N81256bfd.jpg\" class=\"\" style=\"border:0px;\" /><span style=\"color:#666666;font-family:Arial, Verdana, 宋体;font-size:12px;font-style:normal;font-weight:normal;line-height:18px;background-color:#FFFFFF;\"><span class=\"Apple-converted-space\">&nbsp;</span></span><br />\n<img alt=\"\" id=\"9957a5369b0d47a6bc1c0c98e041822e \" src=\"http://img30.360buyimg.com/popWaterMark/jfs/t1360/328/619399647/482676/3537e6c0/559f7433N36b6ddc2.jpg\" class=\"\" style=\"border:0px;\" /><span style=\"color:#666666;font-family:Arial, Verdana, 宋体;font-size:12px;font-style:normal;font-weight:normal;line-height:18px;background-color:#FFFFFF;\"><span class=\"Apple-converted-space\"> <br />\n</span></span>', '{\"47\":\"{\\\"name\\\":\\\"风格\\\",\\\"78\\\":\\\"欧美\\\"}\",\"48\":\"{\\\"name\\\":\\\"裙长\\\",\\\"80\\\":\\\"中裙\\\"}\",\"49\":\"{\\\"name\\\":\\\"尺码\\\",\\\"84\\\":\\\"L\\\"}\",\"50\":\"{\\\"name\\\":\\\"材质\\\",\\\"85\\\":\\\"雪纺\\\"}\"}', '{\"1\":\"{\\\"137\\\":\\\"白色\\\"}\",\"9\":\"{\\\"55\\\":\\\"L\\\",\\\"56\\\":\\\"M\\\",\\\"57\\\":\\\"S\\\"}\"}', '', '1443066281396', '1443066281396', '1453066281396', '1', '0', '0.00', '0.00', '0.00', '121', '长春市', '7', '吉林省', null, '0', '0', '0', '0', '1', null, '0'), ('30', '可情小美 欧美范春夏款时尚OL职业女超高跟鞋 糖果色漆皮尖头夜店性感', '全场满100减10,满299减30,满499减50,全场免运费,支持货到付款', '147', '高跟鞋', '109', '宝姿', '7', '9', '京川牦牛', '1', '134', '{\"1\":\"颜色\",\"9\":\"尺码\"}', '/upload/img/store/9/1439365583162.jpg', '/upload/img/store/9/1439365583162.jpg,/upload/img/store/9/1439365583266.jpg,', '168.00', '1337852322', '1', '1', '30', '0', '1444630085251', '', '', '<br />\n<br />\n<span style=\"color:#666666;font-family:Arial, Verdana, 宋体;font-size:12px;font-style:normal;font-weight:normal;line-height:18px;background-color:#FFFFFF;\">&nbsp; &nbsp; &nbsp;<span class=\"Apple-converted-space\">&nbsp;</span></span><img alt=\"\" src=\"http://img10.360buyimg.com/imgzone/jfs/t871/293/1246219139/365500/157d18f6/5586e3a0N8e2956d3.jpg\" class=\"\" style=\"border:0px;\" />', '{\"51\":\"{\\\"name\\\":\\\"风格\\\",\\\"92\\\":\\\"OL\\\"}\",\"52\":\"{\\\"name\\\":\\\"跟高\\\",\\\"96\\\":\\\"中跟\\\"}\",\"53\":\"{\\\"name\\\":\\\"鞋跟形状\\\",\\\"98\\\":\\\"细跟\\\"}\",\"54\":\"{\\\"name\\\":\\\"鞋头\\\",\\\"100\\\":\\\"尖头\\\"}\"}', '{\"1\":\"{\\\"129\\\":\\\"红色\\\",\\\"130\\\":\\\"黑色\\\"}\",\"9\":\"{\\\"148\\\":\\\"36\\\",\\\"149\\\":\\\"37\\\"}\"}', '{\"129\":\"/upload/img/store/9/1439365536734.jpg\",\"130\":\"/upload/img/store/9/1439365542024.jpg\"}', '1443066281396', '1443066281396', '1453066281396', '1', '0', '0.00', '0.00', '0.00', '39', '上海市', '9', '上海', null, '0', '0', '37', '4', '1', null, '0'), ('31', '辣椒衣社新款高跟鞋女鞋牛皮尖头单鞋高跟职业OL单鞋女鞋通勤工作鞋细跟鞋2522 黑色 37', '2015秋季新品上市 潮流时尚 质量保证', '147', '高跟鞋', '112', '百丽', '7', '9', '京川牦牛', '1', '138', '{\"1\":\"颜色\",\"9\":\"尺码\"}', '/upload/img/store/9/1439365898682.jpg', '/upload/img/store/9/1439365898682.jpg,/upload/img/store/9/1439365898784.jpg,', '179.00', '1455515220', '1', '1', '30', '0', '1444630085251', '', '', '', '{\"51\":\"{\\\"name\\\":\\\"风格\\\",\\\"92\\\":\\\"OL\\\"}\",\"52\":\"{\\\"name\\\":\\\"跟高\\\",\\\"96\\\":\\\"中跟\\\"}\",\"53\":\"{\\\"name\\\":\\\"鞋跟形状\\\",\\\"98\\\":\\\"细跟\\\"}\",\"54\":\"{\\\"name\\\":\\\"鞋头\\\",\\\"100\\\":\\\"尖头\\\"}\"}', '{\"1\":\"{\\\"130\\\":\\\"黑色\\\",\\\"137\\\":\\\"白色\\\"}\",\"9\":\"{\\\"148\\\":\\\"36\\\",\\\"149\\\":\\\"37\\\"}\"}', '{\"130\":\"/upload/img/store/9/1439365835269.jpg\",\"137\":\"/upload/img/store/9/1439365840935.jpg\"}', '1443066281396', '1443066281396', '1453066281396', '1', '0', '0.00', '0.00', '0.00', '36', '北京市', '1', '北京', null, '0', '0', '4', '1', '1', null, '0'), ('32', '琪可朵高跟鞋尖头真皮细跟蝴蝶结2015新款女鞋 03淡紫色 40', '高端定制，部分尺码7-15天出货~', '147', '高跟鞋', '121', '派丽蒙', '7', '9', '京川牦牛', '1', '142', '{\"1\":\"颜色\",\"9\":\"尺码\"}', '/upload/img/store/9/1439366141800.jpg', '/upload/img/store/9/1439366141800.jpg,/upload/img/store/9/1439366141900.jpg,', '249.00', '1629380445', '1', '1', '30', '0', '1444630085251', '', '', '', '{\"51\":\"{\\\"name\\\":\\\"风格\\\",\\\"91\\\":\\\"甜美\\\"}\",\"52\":\"{\\\"name\\\":\\\"跟高\\\",\\\"95\\\":\\\"矮跟\\\"}\",\"53\":\"{\\\"name\\\":\\\"鞋跟形状\\\",\\\"98\\\":\\\"细跟\\\"}\",\"54\":\"{\\\"name\\\":\\\"鞋头\\\",\\\"100\\\":\\\"尖头\\\"}\"}', '{\"1\":\"{\\\"130\\\":\\\"黑色\\\",\\\"136\\\":\\\"紫色\\\"}\",\"9\":\"{\\\"149\\\":\\\"37\\\",\\\"150\\\":\\\"38\\\"}\"}', '', '1443066281396', '1443066281396', '1453066281396', '1', '0', '0.00', '0.00', '0.00', '36', '北京市', '1', '北京', null, '0', '1', '12', '3', '1', null, '0'), ('33', '琪可朵粗跟单鞋女中跟浅口真皮婚鞋2015新款女鞋 浅肉肤色 41', '台湾独家，原创款，限时直降，7天无理由退换，支持货到付款！部分预售7-15天左右出货~', '147', '高跟鞋', '109', '宝姿', '7', '9', '京川牦牛', '1', '146', '{\"1\":\"颜色\",\"9\":\"尺码\"}', '/upload/img/store/9/1439366379401.jpg', '/upload/img/store/9/1439366379401.jpg,/upload/img/store/9/1439366379502.jpg,', '259.00', '1030366489', '1', '1', '30', '0', '1444630085251', '', '', '<div style=\"margin:0px;padding:0px;color:#666666;font-family:Arial, Verdana, 宋体;font-size:12px;font-style:normal;font-weight:normal;text-align:center;background-color:#FFFFFF;\">\n	<img alt=\"\" id=\"451589ad1f53484388b25ed24b897974 \" src=\"http://img30.360buyimg.com/popWaterMark/jfs/t871/344/678135354/90604/1a24bc62/553b85e5Nd1cfba36.jpg\" class=\"loading-style2\" />\n</div>\n<div style=\"margin:0px;padding:0px;color:#666666;font-family:Arial, Verdana, 宋体;font-size:12px;font-style:normal;font-weight:normal;text-align:center;background-color:#FFFFFF;\">\n	<img alt=\"\" id=\"0edfe8f796d144da8e2575a565356452 \" src=\"http://img30.360buyimg.com/popWaterMark/jfs/t1228/55/674026969/195806/c67e5644/553b85e4Nea24b41b.jpg\" class=\"\" />\n</div>\n<div style=\"margin:0px;padding:0px;color:#666666;font-family:Arial, Verdana, 宋体;font-size:12px;font-style:normal;font-weight:normal;text-align:center;background-color:#FFFFFF;\">\n	<img alt=\"\" id=\"e9e21a0abc784ab3976cf7ffe0d72729 \" src=\"http://img30.360buyimg.com/popWaterMark/jfs/t1069/116/704038085/257442/4138a913/553b85e3N92843252.jpg\" class=\"\" />\n</div>\n<div style=\"margin:0px;padding:0px;color:#666666;font-family:Arial, Verdana, 宋体;font-size:12px;font-style:normal;font-weight:normal;text-align:center;background-color:#FFFFFF;\">\n	<img alt=\"\" id=\"e974ed0d9ac24758b1319ae60013ea53 \" src=\"http://img30.360buyimg.com/popWaterMark/jfs/t1120/296/691819582/89164/b5980c06/553b85e2Nc6a80cd2.jpg\" class=\"\" />\n</div>', '{\"51\":\"{\\\"name\\\":\\\"风格\\\",\\\"103\\\":\\\"日韩\\\"}\",\"52\":\"{\\\"name\\\":\\\"跟高\\\",\\\"95\\\":\\\"矮跟\\\"}\",\"53\":\"{\\\"name\\\":\\\"鞋跟形状\\\",\\\"99\\\":\\\"粗跟\\\"}\",\"54\":\"{\\\"name\\\":\\\"鞋头\\\",\\\"101\\\":\\\"圆头\\\"}\"}', '{\"1\":\"{\\\"131\\\":\\\"蓝色\\\",\\\"139\\\":\\\"粉色\\\"}\",\"9\":\"{\\\"149\\\":\\\"37\\\",\\\"150\\\":\\\"38\\\"}\"}', '', '1443066281396', '1443066281396', '1453066281396', '1', '0', '0.00', '0.00', '0.00', '108', '大连市', '6', '辽宁省', null, '0', '0', '7', '1', '1', null, '0'), ('34', ' 百年纪念高跟鞋', '【货到付款】【舒适脚感】【赠运费险】【快速售后响应】【购套装更优惠】', '147', '高跟鞋', '124', '缪诗', '7', '9', '京川牦牛', '1', '150', '{\"1\":\"颜色\",\"9\":\"尺码\"}', '/upload/img/store/9/1439366697081.jpg', '/upload/img/store/9/1439366697081.jpg,/upload/img/store/9/1439366697183.jpg,', '158.00', '1555636932', '1', '1', '30', '0', '1444630085251', '', '', '<br />\n<img id=\"ed5c8a1a07924f0587d293959d706c6e \" alt=\"\" src=\"http://img30.360buyimg.com/popWaterMark/jfs/t976/152/782841207/299548/b68928a8/55500405Nd8dcb6ad.jpg\" class=\"\" style=\"border:0px;\" />', '{\"51\":\"{\\\"name\\\":\\\"风格\\\",\\\"94\\\":\\\"欧美\\\"}\",\"52\":\"{\\\"name\\\":\\\"跟高\\\",\\\"97\\\":\\\"高跟\\\"}\",\"53\":\"{\\\"name\\\":\\\"鞋跟形状\\\",\\\"98\\\":\\\"细跟\\\"}\",\"54\":\"{\\\"name\\\":\\\"鞋头\\\",\\\"102\\\":\\\"鱼嘴头\\\"}\"}', '{\"1\":\"{\\\"137\\\":\\\"白色\\\",\\\"139\\\":\\\"粉色\\\"}\",\"9\":\"{\\\"149\\\":\\\"37\\\",\\\"150\\\":\\\"38\\\"}\"}', '{\"137\":\"/upload/img/store/9/1439366644808.jpg\",\"139\":\"/upload/img/store/9/1439366648625.jpg\"}', '1443066281396', '1443066281396', '1453066281396', '1', '0', '0.00', '0.00', '0.00', '40', '天津市', '2', '天津', null, '0', '1', '110', '0', '1', null, '0'), ('35', ' bubufeifei2015夏季新款高跟鞋女 水钻细跟女鞋婚鞋单鞋 珍珠白', '爆款女鞋，无线下单更优惠！', '147', '高跟鞋', '118', '康妮雅', '7', '9', '京川牦牛', '1', '154', '{\"1\":\"颜色\",\"9\":\"尺码\"}', '/upload/img/store/9/1439367117874.jpg', '/upload/img/store/9/1439367117874.jpg,/upload/img/store/9/1439367117975.jpg,', '229.00', '1589880974', '1', '1', '30', '0', '1444630085251', '', '', '<br class=\"Apple-interchange-newline\" />\n<img alt=\"\" src=\"http://img10.360buyimg.com/imgzone/jfs/t1312/255/380737625/92959/c5fdd729/556dce68N935745f5.jpg\" class=\"\" style=\"border:0px;\" /><span style=\"color:#666666;font-family:Arial, Verdana, 宋体;font-size:12px;font-style:normal;font-weight:normal;line-height:18px;background-color:#FFFFFF;\"></span><img alt=\"\" src=\"http://img10.360buyimg.com/imgzone/jfs/t1513/206/276472570/78814/e57e4299/556dce6aNa513eb22.jpg\" class=\"\" style=\"border:0px;\" /><span style=\"color:#666666;font-family:Arial, Verdana, 宋体;font-size:12px;font-style:normal;font-weight:normal;line-height:18px;background-color:#FFFFFF;\"></span><img alt=\"\" src=\"http://img10.360buyimg.com/imgzone/jfs/t1441/321/270893625/86460/2400e57a/556dce6cNf90a9c4b.jpg\" class=\"\" style=\"border:0px;\" /><span style=\"color:#666666;font-family:Arial, Verdana, 宋体;font-size:12px;font-style:normal;font-weight:normal;line-height:18px;background-color:#FFFFFF;\"></span><img alt=\"\" src=\"http://img10.360buyimg.com/imgzone/jfs/t1354/93/294259847/128102/c9dc77f0/556dce6eNf55635d5.jpg\" class=\"\" style=\"border:0px;\" /><span style=\"color:#666666;font-family:Arial, Verdana, 宋体;font-size:12px;font-style:normal;font-weight:normal;line-height:18px;background-color:#FFFFFF;\"></span><img alt=\"\" src=\"http://img10.360buyimg.com/imgzone/jfs/t1021/231/1047435927/110944/490d9a27/556dce73N8f471032.jpg\" class=\"\" style=\"border:0px;\" /><span style=\"color:#666666;font-family:Arial, Verdana, 宋体;font-size:12px;font-style:normal;font-weight:normal;line-height:18px;background-color:#FFFFFF;\"></span><img alt=\"\" src=\"http://img10.360buyimg.com/imgzone/jfs/t1639/304/264763353/112803/29048e4b/556dce75N873ff486.jpg\" class=\"\" style=\"border:0px;\" /><span style=\"color:#666666;font-family:Arial, Verdana, 宋体;font-size:12px;font-style:normal;font-weight:normal;line-height:18px;background-color:#FFFFFF;\"></span><img alt=\"\" src=\"http://img10.360buyimg.com/imgzone/jfs/t937/117/1057213060/125478/af19f083/556dce78N9229d0f7.jpg\" class=\"\" style=\"border:0px;\" /><span style=\"color:#666666;font-family:Arial, Verdana, 宋体;font-size:12px;font-style:normal;font-weight:normal;line-height:18px;background-color:#FFFFFF;\"></span><img alt=\"\" src=\"http://img10.360buyimg.com/imgzone/jfs/t1537/209/283814880/108370/f28fae95/556dce7bNbeecf947.jpg\" class=\"\" style=\"border:0px;\" /><span style=\"color:#666666;font-family:Arial, Verdana, 宋体;font-size:12px;font-style:normal;font-weight:normal;line-height:18px;background-color:#FFFFFF;\"></span><img alt=\"\" src=\"http://img10.360buyimg.com/imgzone/jfs/t1375/225/251306775/95401/e57be232/556dce7dN90b80ee1.jpg\" class=\"\" style=\"border:0px;\" /><span style=\"color:#666666;font-family:Arial, Verdana, 宋体;font-size:12px;font-style:normal;font-weight:normal;line-height:18px;background-color:#FFFFFF;\"></span><img alt=\"\" src=\"http://img10.360buyimg.com/imgzone/jfs/t1567/89/269292176/94971/b08972aa/556dce7fN6de93b55.jpg\" class=\"\" style=\"border:0px;\" /><span style=\"color:#666666;font-family:Arial, Verdana, 宋体;font-size:12px;font-style:normal;font-weight:normal;line-height:18px;background-color:#FFFFFF;\"></span><img alt=\"\" src=\"http://img10.360buyimg.com/imgzone/jfs/t1522/120/268880891/106014/9e2eea80/556dce84Nfc2bb4e4.jpg\" class=\"\" style=\"border:0px;\" /><span style=\"color:#666666;font-family:Arial, Verdana, 宋体;font-size:12px;font-style:normal;font-weight:normal;line-height:18px;background-color:#FFFFFF;\"></span><img alt=\"\" src=\"http://img10.360buyimg.com/imgzone/jfs/t835/39/1055895271/156469/aecd57db/556dce87N26c26e42.jpg\" class=\"\" style=\"border:0px;\" />', '{\"51\":\"{\\\"name\\\":\\\"风格\\\",\\\"93\\\":\\\"淑女\\\"}\",\"52\":\"{\\\"name\\\":\\\"跟高\\\",\\\"95\\\":\\\"矮跟\\\"}\",\"53\":\"{\\\"name\\\":\\\"鞋跟形状\\\",\\\"98\\\":\\\"细跟\\\"}\",\"54\":\"{\\\"name\\\":\\\"鞋头\\\",\\\"100\\\":\\\"尖头\\\"}\"}', '{\"1\":\"{\\\"137\\\":\\\"白色\\\"}\",\"9\":\"{\\\"149\\\":\\\"37\\\",\\\"150\\\":\\\"38\\\"}\"}', '', '1443066281396', '1443066281396', '1453066281396', '1', '0', '0.00', '0.00', '0.00', '36', '北京市', '1', '北京', null, '0', '0', '16', '1', '1', null, '0'), ('36', ' 琪可朵高跟鞋尖头真皮蝴蝶结2015新款婚鞋  01甜美粉色 ', '原创款，限时直降，7天无理由退换，支持货到付款！', '147', '高跟鞋', '109', '宝姿', '7', '9', '京川牦牛', '1', '156', '{\"1\":\"颜色\",\"9\":\"尺码\"}', '/upload/img/store/9/1439367364322.jpg', '/upload/img/store/9/1439367364322.jpg,/upload/img/store/9/1439367364423.jpg,', '318.00', '1136751256', '1', '1', '30', '0', '1444630085251', '', '', '<img alt=\"\" src=\"http://img10.360buyimg.com/imgzone/jfs/t301/131/1898326891/177508/209dac30/5444723aN0c5a3f1d.jpg\" class=\"\" /><span style=\"color:#666666;font-family:Arial, Verdana, 宋体;font-size:12px;font-style:normal;font-weight:normal;line-height:18px;background-color:#FFFFFF;\">&nbsp;</span>\n<div style=\"margin:0px;padding:0px;color:#666666;font-family:Arial, Verdana, 宋体;font-size:12px;font-style:normal;font-weight:normal;text-align:center;background-color:#FFFFFF;\">\n	<img id=\"717d9bdbb91a4e3b9d79ad149185c9b5\" alt=\"\" src=\"http://img10.360buyimg.com/imgzone/jfs/t349/239/1866586899/259698/4ced5d9f/5444723bN0c12ebe7.jpg\" class=\"\" />&nbsp;\n	<div style=\"margin:0px;padding:0px;text-align:center;\">\n		<img id=\"70b2e61100054d08962e372ee445ff6e\" alt=\"\" src=\"http://img30.360buyimg.com/popWaterMark/jfs/t148/171/624605603/108897/2a1d5a9e/5392a5f2N003752f1.jpg\" class=\"\" />\n	</div>\n</div>', '{\"51\":\"{\\\"name\\\":\\\"风格\\\",\\\"91\\\":\\\"甜美\\\"}\",\"52\":\"{\\\"name\\\":\\\"跟高\\\",\\\"95\\\":\\\"矮跟\\\"}\",\"53\":\"{\\\"name\\\":\\\"鞋跟形状\\\",\\\"98\\\":\\\"细跟\\\"}\",\"54\":\"{\\\"name\\\":\\\"鞋头\\\",\\\"100\\\":\\\"尖头\\\"}\"}', '{\"1\":\"{\\\"139\\\":\\\"粉色\\\"}\",\"9\":\"{\\\"148\\\":\\\"36\\\",\\\"149\\\":\\\"37\\\",\\\"150\\\":\\\"38\\\"}\"}', '', '1443066281396', '1443066281396', '1453066281396', '1', '0', '0.00', '0.00', '0.00', '36', '北京市', '1', '北京', null, '0', '0', '12', '1', '1', null, '0'), ('37', '金丝兔 高跟鞋2015夏秋季新款 时尚水钻侧空女鞋细跟单鞋子 6623-金色 37', '专柜正品，满299立减30，支持货到付款！', '147', '高跟鞋', '109', '宝姿', '7', '9', '京川牦牛', '1', '159', '{\"1\":\"颜色\",\"9\":\"尺码\"}', '/upload/img/store/9/1439367575388.jpg', '/upload/img/store/9/1439367575388.jpg,/upload/img/store/9/1439367575488.jpg,', '178.00', '1545550384', '1', '1', '30', '0', '1444630085251', '', '', '<br class=\"Apple-interchange-newline\" />\n<img alt=\"\" id=\"4951063093c049eebb9d14fa3921967d\" src=\"http://img30.360buyimg.com/popWareDetail/jfs/t1348/30/1305176570/276860/bb118deb/55c0d278N514cc026.jpg\" class=\"\" /><span style=\"color:#666666;font-family:Arial, Verdana, 宋体;font-size:12px;font-style:normal;font-weight:normal;line-height:18px;background-color:#FFFFFF;\"><span class=\"Apple-converted-space\">&nbsp;</span></span><br />\n<img alt=\"\" id=\"3d5f9f5596814a9fb3a36476a3aec8cf\" src=\"http://img30.360buyimg.com/popWareDetail/jfs/t1393/321/1229050669/230978/1b2f1abf/55c0d27aN929c987a.jpg\" class=\"\" /><span style=\"color:#666666;font-family:Arial, Verdana, 宋体;font-size:12px;font-style:normal;font-weight:normal;line-height:18px;background-color:#FFFFFF;\"><span class=\"Apple-converted-space\">&nbsp;</span></span><br />\n<img alt=\"\" id=\"cd21954df3e34c8bbff05035da7ae67b\" src=\"http://img30.360buyimg.com/popWareDetail/jfs/t1297/138/1315947133/174419/7fd0b90/55c0d27cNefeeaeaa.jpg\" class=\"\" /><span style=\"color:#666666;font-family:Arial, Verdana, 宋体;font-size:12px;font-style:normal;font-weight:normal;line-height:18px;background-color:#FFFFFF;\"><span class=\"Apple-converted-space\">&nbsp;</span></span><br />\n<img alt=\"\" id=\"596effeef208418aa98e7113bc6c56b6\" /><span style=\"color:#666666;font-family:Arial, Verdana, 宋体;font-size:12px;font-style:normal;font-weight:normal;line-height:18px;background-color:#FFFFFF;\"><span class=\"Apple-converted-space\">&nbsp;</span></span><br />\n<img alt=\"\" id=\"8e47dcaf9d1941a5b7baadd946792171\" /><span style=\"color:#666666;font-family:Arial, Verdana, 宋体;font-size:12px;font-style:normal;font-weight:normal;line-height:18px;background-color:#FFFFFF;\"><span class=\"Apple-converted-space\">&nbsp;</span></span><br />\n<img alt=\"\" id=\"18303f2548ed439083c6b4196129f4f1\" /><span style=\"color:#666666;font-family:Arial, Verdana, 宋体;font-size:12px;font-style:normal;font-weight:normal;line-height:18px;background-color:#FFFFFF;\"><span class=\"Apple-converted-space\">&nbsp;</span></span><br />\n<img alt=\"\" id=\"cf96b42767c149a68f7e5db2fe66f1df\" /><span style=\"color:#666666;font-family:Arial, Verdana, 宋体;font-size:12px;font-style:normal;font-weight:normal;line-height:18px;background-color:#FFFFFF;\"><span class=\"Apple-converted-space\">&nbsp;</span></span><br />\n<img alt=\"\" id=\"a317123549e049219fce1f74e67fea70\" /><span style=\"color:#666666;font-family:Arial, Verdana, 宋体;font-size:12px;font-style:normal;font-weight:normal;line-height:18px;background-color:#FFFFFF;\"><span class=\"Apple-converted-space\">&nbsp;</span></span><br />\n<img alt=\"\" id=\"398414ed15c94b719a0509d45af968d2\" /><span style=\"color:#666666;font-family:Arial, Verdana, 宋体;font-size:12px;font-style:normal;font-weight:normal;line-height:18px;background-color:#FFFFFF;\"><span class=\"Apple-converted-space\">&nbsp;</span></span><br />\n<img alt=\"\" id=\"913e2334f82d438f9a74de579dd78e12\" /><span style=\"color:#666666;font-family:Arial, Verdana, 宋体;font-size:12px;font-style:normal;font-weight:normal;line-height:18px;background-color:#FFFFFF;\"><span class=\"Apple-converted-space\">&nbsp;</span></span><br />\n<img alt=\"\" id=\"5f829c53c7694979b792c05cb1551a80\" /><span style=\"color:#666666;font-family:Arial, Verdana, 宋体;font-size:12px;font-style:normal;font-weight:normal;line-height:18px;background-color:#FFFFFF;\"><span class=\"Apple-converted-space\">&nbsp;</span></span><br />\n<img alt=\"\" id=\"c6145dad2320425eb76659487ae9250d\" /><span style=\"color:#666666;font-family:Arial, Verdana, 宋体;font-size:12px;font-style:normal;font-weight:normal;line-height:18px;background-color:#FFFFFF;\"><span class=\"Apple-converted-space\">&nbsp;</span></span><br />\n<img alt=\"\" id=\"62c493012e7d42718ee597809e92f4bb\" /><span style=\"color:#666666;font-family:Arial, Verdana, 宋体;font-size:12px;font-style:normal;font-weight:normal;line-height:18px;background-color:#FFFFFF;\"><span class=\"Apple-converted-space\">&nbsp;</span></span><br />\n<img alt=\"\" id=\"4ecc472fcbd54518ba54693525f0a178\" /><span style=\"color:#666666;font-family:Arial, Verdana, 宋体;font-size:12px;font-style:normal;font-weight:normal;line-height:18px;background-color:#FFFFFF;\"><span class=\"Apple-converted-space\">&nbsp;</span>&nbsp;&nbsp;<span class=\"Apple-converted-space\">&nbsp;</span></span><img alt=\"\" id=\"202a194b49d545edb386015f2e6028d4\" /><span style=\"color:#666666;font-family:Arial, Verdana, 宋体;font-size:12px;font-style:normal;font-weight:normal;line-height:18px;background-color:#FFFFFF;\"><span class=\"Apple-converted-space\">&nbsp;</span></span><br />\n<img alt=\"\" id=\"0895af472d19401faea0dd168e23691d\" /><span style=\"color:#666666;font-family:Arial, Verdana, 宋体;font-size:12px;font-style:normal;font-weight:normal;line-height:18px;background-color:#FFFFFF;\"><span class=\"Apple-converted-space\">&nbsp;</span></span><br />\n<img alt=\"\" id=\"721ece775b4c474b8ec519c5bae84363\" src=\"http://img30.360buyimg.com/popWareDetail/jfs/t751/19/779294731/195435/cf162999/54e0486fN75ba73c7.jpg\" class=\"\" />', '{\"51\":\"{\\\"name\\\":\\\"风格\\\",\\\"103\\\":\\\"日韩\\\"}\",\"52\":\"{\\\"name\\\":\\\"跟高\\\",\\\"95\\\":\\\"矮跟\\\"}\",\"53\":\"{\\\"name\\\":\\\"鞋跟形状\\\",\\\"98\\\":\\\"细跟\\\"}\",\"54\":\"{\\\"name\\\":\\\"鞋头\\\",\\\"100\\\":\\\"尖头\\\"}\"}', '{\"1\":\"{\\\"132\\\":\\\"金色\\\",\\\"133\\\":\\\"银色\\\"}\",\"9\":\"{\\\"148\\\":\\\"36\\\",\\\"149\\\":\\\"37\\\"}\"}', '', '1443066281396', '1443066281396', '1453066281396', '1', '0', '0.00', '0.00', '0.00', '39', '上海市', '9', '上海', null, '0', '0', '1', '0', '1', null, '0'), ('38', '古灵鸟 2015新品高跟鞋欧美女鞋夏季粗跟单鞋厚底防水台 粉色 ', ' 2015新品高跟鞋欧美女鞋夏季粗跟单鞋厚底防水台 ', '147', '高跟鞋', '112', '百丽', '7', '9', '京川牦牛', '1', '163', '{\"1\":\"颜色\",\"9\":\"尺码\"}', '/upload/img/store/9/1439367810878.jpg', '/upload/img/store/9/1439367810878.jpg,/upload/img/store/9/1439367810980.jpg,', '188.00', '354545654', '1', '1', '30', '0', '1444630085251', '', '', '<div style=\"margin:0px;padding:0px;color:#666666;font-family:Arial, Verdana, 宋体;font-size:12px;font-style:normal;font-weight:normal;text-align:center;background-color:#FFFFFF;\">\n	<br class=\"Apple-interchange-newline\" />\n<img id=\"03ff65cfc3a246fda238ffd23376844c \" alt=\"\" src=\"http://img30.360buyimg.com/popWaterMark/jfs/t1645/173/91484763/343796/85db92eb/55705651N62db48b5.jpg\" class=\"\" style=\"border:0px;\" />\n</div>\n<div style=\"margin:0px;padding:0px;color:#666666;font-family:Arial, Verdana, 宋体;font-size:12px;font-style:normal;font-weight:normal;text-align:center;background-color:#FFFFFF;\">\n	<img id=\"08a32dde804b4cfab81734e59fdf6721 \" alt=\"\" src=\"http://img30.360buyimg.com/popWaterMark/jfs/t1045/250/1101399234/431318/b1886f11/55705654N1eb14dba.jpg\" class=\"\" style=\"border:0px;\" />\n</div>\n<div style=\"margin:0px;padding:0px;color:#666666;font-family:Arial, Verdana, 宋体;font-size:12px;font-style:normal;font-weight:normal;text-align:center;background-color:#FFFFFF;\">\n	<img id=\"200d246bd48942cfb8f9a065bcb0aaed \" alt=\"\" src=\"http://img30.360buyimg.com/popWaterMark/jfs/t1006/286/1078023729/258397/855ef5a9/5570565aNa141c5c7.jpg\" class=\"\" style=\"border:0px;\" />\n</div>\n<div style=\"margin:0px;padding:0px;color:#666666;font-family:Arial, Verdana, 宋体;font-size:12px;font-style:normal;font-weight:normal;text-align:center;background-color:#FFFFFF;\">\n	<img id=\"e57f9b9e02cc4036919912a7e262bff5 \" alt=\"\" src=\"http://img30.360buyimg.com/popWaterMark/jfs/t952/210/1126569250/279936/acfd0afd/5570565dNc443836c.jpg\" class=\"\" style=\"border:0px;\" />\n</div>\n<div style=\"margin:0px;padding:0px;color:#666666;font-family:Arial, Verdana, 宋体;font-size:12px;font-style:normal;font-weight:normal;text-align:center;background-color:#FFFFFF;\">\n	<img id=\"629244e48aed465498c68f7110d6a6aa \" alt=\"\" src=\"http://img30.360buyimg.com/popWaterMark/jfs/t1198/46/1071052979/309476/4c30d6ba/5570565eN43991a2b.jpg\" class=\"\" style=\"border:0px;\" />\n</div>\n<div style=\"margin:0px;padding:0px;color:#666666;font-family:Arial, Verdana, 宋体;font-size:12px;font-style:normal;font-weight:normal;text-align:center;background-color:#FFFFFF;\">\n	<img id=\"340af03e97e94cc9bbb0358549d227af \" alt=\"\" src=\"http://img30.360buyimg.com/popWaterMark/jfs/t964/241/1079100420/183174/21e0179/5570565fN67daf76e.jpg\" class=\"\" style=\"border:0px;\" />\n</div>\n<div style=\"margin:0px;padding:0px;color:#666666;font-family:Arial, Verdana, 宋体;font-size:12px;font-style:normal;font-weight:normal;text-align:center;background-color:#FFFFFF;\">\n	<img id=\"2742c07ec81f4444976da6320d91c0df \" alt=\"\" src=\"http://img30.360buyimg.com/popWaterMark/jfs/t1195/220/1067108767/115998/6c311b96/55705662Nae5bd153.jpg\" class=\"\" style=\"border:0px;\" />\n</div>\n<div style=\"margin:0px;padding:0px;color:#666666;font-family:Arial, Verdana, 宋体;font-size:12px;font-style:normal;font-weight:normal;text-align:center;background-color:#FFFFFF;\">\n	<img id=\"4f4f36ed25d24796a4b64ee63264e4de \" alt=\"\" src=\"http://img30.360buyimg.com/popWaterMark/jfs/t1066/179/1088716517/154155/8e452f5b/55705663N3edf5511.jpg\" class=\"\" style=\"border:0px;\" />\n</div>\n<div style=\"margin:0px;padding:0px;color:#666666;font-family:Arial, Verdana, 宋体;font-size:12px;font-style:normal;font-weight:normal;text-align:center;background-color:#FFFFFF;\">\n	<img id=\"8ebf261cfa90459f8ee2af6ee23b8e16 \" alt=\"\" src=\"http://img30.360buyimg.com/popWaterMark/jfs/t787/122/1057429865/199540/5673320a/55705664Ne0beeb8a.jpg\" class=\"\" style=\"border:0px;\" />\n</div>', '{\"51\":\"{\\\"name\\\":\\\"风格\\\",\\\"91\\\":\\\"甜美\\\"}\",\"52\":\"{\\\"name\\\":\\\"跟高\\\",\\\"97\\\":\\\"高跟\\\"}\",\"53\":\"{\\\"name\\\":\\\"鞋跟形状\\\",\\\"98\\\":\\\"细跟\\\"}\",\"54\":\"{\\\"name\\\":\\\"鞋头\\\",\\\"102\\\":\\\"鱼嘴头\\\"}\"}', '{\"1\":\"{\\\"130\\\":\\\"黑色\\\",\\\"139\\\":\\\"粉色\\\"}\",\"9\":\"{\\\"149\\\":\\\"37\\\",\\\"150\\\":\\\"38\\\"}\"}', '', '1443066281396', '1443066281396', '1453066281396', '1', '0', '0.00', '0.00', '0.00', '290', '韶关市', '19', '广东省', null, '0', '0', '4', '0', '1', null, '0'), ('39', '珂卡芙春季新款黑色高跟浅口单鞋女水钻串珠甜美圆头高跟鞋细跟低帮鞋子防水台女鞋 杏色 35', '全场满200减10！品牌巨献！支持货到付款！全国包邮！七天无理由退换货！无忧购物！', '147', '高跟鞋', '121', '派丽蒙', '7', '9', '京川牦牛', '1', '167', '{\"1\":\"颜色\",\"9\":\"尺码\"}', '/upload/img/store/9/1439368344853.jpg', '/upload/img/store/9/1439368344853.jpg,/upload/img/store/9/1439368344956.jpg,', '188.00', '3443543534', '1', '1', '30', '0', '1444630085251', '', '', '<br />\n<img alt=\"\" id=\"5cea61db2f16476f8e3e19f929334d10 \" src=\"http://img30.360buyimg.com/popWaterMark/jfs/t697/231/972413596/111293/646d86fa/550985ecNbdca80e6.jpg\" class=\"\" style=\"border:0px;\" /><span style=\"color:#666666;font-family:Arial, Verdana, 宋体;font-size:12px;font-style:normal;font-weight:normal;line-height:18px;background-color:#FFFFFF;\"><span class=\"Apple-converted-space\">&nbsp;</span></span><br />\n<img alt=\"\" id=\"ca65e5b599214e0bb809c603c6e04c6d \" src=\"http://img30.360buyimg.com/popWaterMark/jfs/t766/220/969063735/185432/b2dbcb28/550985edN9591036f.jpg\" class=\"loading-style2\" style=\"border:0px;\" /><span style=\"color:#666666;font-family:Arial, Verdana, 宋体;font-size:12px;font-style:normal;font-weight:normal;line-height:18px;background-color:#FFFFFF;\"><span class=\"Apple-converted-space\">&nbsp;</span></span><br />\n<img alt=\"\" id=\"699d55608f234f3ca25e3633f3db7ce2 \" src=\"http://img30.360buyimg.com/popWaterMark/jfs/t1201/278/188838864/119152/27bc0f26/550985eeN8afa4f7a.jpg\" class=\"loading-style2\" style=\"border:0px;\" /><span style=\"color:#666666;font-family:Arial, Verdana, 宋体;font-size:12px;font-style:normal;font-weight:normal;line-height:18px;background-color:#FFFFFF;\"><span class=\"Apple-converted-space\">&nbsp;</span></span><br />\n<img alt=\"\" id=\"c9b4138f12fd49b3b82cf343f8ece6ac \" src=\"http://img30.360buyimg.com/popWaterMark/jfs/t793/189/193249708/126902/515d017/550985efN6d5d2471.jpg\" class=\"\" style=\"border:0px;\" /><span style=\"color:#666666;font-family:Arial, Verdana, 宋体;font-size:12px;font-style:normal;font-weight:normal;line-height:18px;background-color:#FFFFFF;\"><span class=\"Apple-converted-space\">&nbsp;</span></span><br />\n<img alt=\"\" id=\"74dcda8e3d01458b9d79f629650a0edd \" src=\"http://img30.360buyimg.com/popWaterMark/jfs/t856/299/198291776/130530/3ad0b092/550985f0N4d196084.jpg\" class=\"\" style=\"border:0px;\" /><span style=\"color:#666666;font-family:Arial, Verdana, 宋体;font-size:12px;font-style:normal;font-weight:normal;line-height:18px;background-color:#FFFFFF;\"><span class=\"Apple-converted-space\">&nbsp;</span></span><br />\n<img alt=\"\" id=\"e9d7b22b7005431b8662fe87f126e414 \" src=\"http://img30.360buyimg.com/popWaterMark/jfs/t1009/179/186385279/206912/7d17971e/550985f1Nd814c909.jpg\" class=\"\" style=\"border:0px;\" /><span style=\"color:#666666;font-family:Arial, Verdana, 宋体;font-size:12px;font-style:normal;font-weight:normal;line-height:18px;background-color:#FFFFFF;\"><span class=\"Apple-converted-space\">&nbsp;</span></span><br />\n<img alt=\"\" id=\"7ca0a257d27f490fbabb6a49276cadfc \" src=\"http://img30.360buyimg.com/popWaterMark/jfs/t961/114/189245786/175585/d850839f/550985f2N9d3c8e6b.jpg\" class=\"\" style=\"border:0px;\" /><span style=\"color:#666666;font-family:Arial, Verdana, 宋体;font-size:12px;font-style:normal;font-weight:normal;line-height:18px;background-color:#FFFFFF;\"><span class=\"Apple-converted-space\">&nbsp;</span></span><br />\n<img alt=\"\" id=\"e82e5686fba64c0caba3f9260a68f609 \" src=\"http://img30.360buyimg.com/popWaterMark/jfs/t1060/30/204188160/175585/d850839f/550985f4N250b8685.jpg\" class=\"\" style=\"border:0px;\" /><span style=\"color:#666666;font-family:Arial, Verdana, 宋体;font-size:12px;font-style:normal;font-weight:normal;line-height:18px;background-color:#FFFFFF;\"><span class=\"Apple-converted-space\">&nbsp;</span></span><br />\n<img alt=\"\" id=\"ba8fb0dc53574767b92f0ff5db8b2288 \" src=\"http://img30.360buyimg.com/popWaterMark/jfs/t922/124/198197187/150418/409212/550985f5N9c53a2e4.jpg\" class=\"\" style=\"border:0px;\" /><span style=\"color:#666666;font-family:Arial, Verdana, 宋体;font-size:12px;font-style:normal;font-weight:normal;line-height:18px;background-color:#FFFFFF;\"><span class=\"Apple-converted-space\">&nbsp;</span></span><br />\n<img alt=\"\" id=\"7eabbb4e5793434282cfac7f465ce2bd \" src=\"http://img30.360buyimg.com/popWaterMark/jfs/t676/240/1378222444/132680/b8e7954e/550985f6N1cfd9f70.jpg\" class=\"\" style=\"border:0px;\" /><span style=\"color:#666666;font-family:Arial, Verdana, 宋体;font-size:12px;font-style:normal;font-weight:normal;line-height:18px;background-color:#FFFFFF;\"><span class=\"Apple-converted-space\"> </span></span><br />', '{\"51\":\"{\\\"name\\\":\\\"风格\\\",\\\"91\\\":\\\"甜美\\\"}\",\"52\":\"{\\\"name\\\":\\\"跟高\\\",\\\"95\\\":\\\"矮跟\\\"}\",\"53\":\"{\\\"name\\\":\\\"鞋跟形状\\\",\\\"99\\\":\\\"粗跟\\\"}\",\"54\":\"{\\\"name\\\":\\\"鞋头\\\",\\\"101\\\":\\\"圆头\\\"}\"}', '{\"1\":\"{\\\"130\\\":\\\"黑色\\\",\\\"139\\\":\\\"粉色\\\"}\",\"9\":\"{\\\"148\\\":\\\"36\\\",\\\"149\\\":\\\"37\\\"}\"}', '', '1443066281396', '1443066281396', '1453066281396', '1', '0', '0.00', '0.00', '0.00', '40', '天津市', '2', '天津', null, '0', '0', '0', '0', '1', null, '0');
INSERT INTO `shop_goods` VALUES ('40', '乐视TV（Letv） X50 Air UN3016艺术版 50英寸4K超高清3DLED液晶', '安全放心。轻奢时尚，智慧之选。', '125', '平板电视', '141', '乐视', '3', '11', '乐视超级电视旗舰店', '1', '177', '{\"10\":\"选择版本\"}', '/upload/img/store/11/1440058360746.jpg', '/upload/img/store/11/1440058360746.jpg,/upload/img/store/11/1440058360846.jgp.jpg,/upload/img/store/11/1440058360951.jpg,', '1999.00', '', '0', '1', '30', '0', '1444630085251', '', '', '<div id=\"activity_header\" style=\"margin:0px;padding:0px;color:#666666;font-family:Arial, Verdana, 宋体;background-color:#FFFFFF;\">\n	<div align=\"center\" style=\"margin:0px;padding:0px;\">\n		<a target=\"_blank\" href=\"http://sale.jd.com/act/yKEBtbRT8ags4eh.html\"><img alt=\"\" src=\"http://img30.360buyimg.com/jgsq-productsoa/jfs/t1651/1/491376342/23128/dda89c23/55d56fb7Na0cabde2.gif\" class=\"\" /></a>\n	</div>\n	<table align=\"center\" height=\"33\" border=\"0\" cellpadding=\"0\" cellspacing=\"0\" width=\"750\" class=\"ke-zeroborder\">\n		<tbody>\n			<tr>\n				<td height=\"33\">\n					<div style=\"margin:0px;padding:6px 15px 6px 7px;font-family:Arial, Helvetica, sans-serif;\">\n						<span style=\"font-size:24px;\"><span style=\"color:#FF0000;\">温馨提示：</span></span>\n					</div>\n				</td>\n			</tr>\n		</tbody>\n	</table>\n	<table align=\"center\" height=\"19\" border=\"0\" cellpadding=\"0\" cellspacing=\"0\" width=\"750\" class=\"ke-zeroborder\">\n		<tbody>\n			<tr>\n				<td>\n					<div style=\"margin:0px;padding:6px 15px 6px 7px;font-family:Arial, Helvetica, sans-serif;\">\n						<span style=\"font-size:18px;color:#333333;\">建议大家电商品外包装在收货之日起保留30天或更长时间。</span>\n					</div>\n				</td>\n			</tr>\n		</tbody>\n	</table>\n</div>\n<div id=\"J-detail-content\" style=\"margin:0px;padding:0px;color:#666666;font-family:Arial, Verdana, 宋体;background-color:#FFFFFF;\">\n	<div class=\"content_tpl\" style=\"margin:0px auto;padding:0px;\">\n		<div class=\"formwork_bt\" id=\"detail-tag-id-0\" style=\"margin:0px;padding:10px 0px;font-size:14px;font-family:Arial, Helvetica, sans-serif;\">\n			<div class=\"formwork_bt_dz\" style=\"margin:0px;padding:0px;\">\n				<span style=\"line-height:25px;font-family:微软雅黑;color:#FFFFFF;\">产品特色</span><span class=\"s2\" style=\"line-height:20px;font-family:微软雅黑;font-size:12px;color:#FFFFFF;\">Selling Point</span>\n			</div>\n		</div>\n		<div class=\"formwork\" style=\"margin:0px;padding:10px 0px;font-family:Arial, Helvetica, sans-serif;font-size:14px;\">\n			<div class=\"formwork_img\" style=\"margin:0px auto;padding:0px;text-align:center;\">\n				<img src=\"http://img20.360buyimg.com/vc/jfs/t1684/292/1183868290/332214/901ac79f/55c99681N552f1fb2.jpg\" class=\"\" />\n			</div>\n		</div>\n		<div class=\"formwork_bt\" id=\"detail-tag-id-2\" style=\"margin:0px;padding:10px 0px;font-size:14px;font-family:Arial, Helvetica, sans-serif;\">\n			<div class=\"formwork_bt_dz\" style=\"margin:0px;padding:0px;\">\n				<span style=\"line-height:25px;font-family:微软雅黑;color:#FFFFFF;\">产品特色</span><span class=\"s2\" style=\"line-height:20px;font-family:微软雅黑;font-size:12px;color:#FFFFFF;\">Selling Point</span>\n			</div>\n		</div>\n		<div class=\"formwork\" style=\"margin:0px;padding:10px 0px;font-family:Arial, Helvetica, sans-serif;font-size:14px;\">\n			<div class=\"formwork_img\" style=\"margin:0px auto;padding:0px;text-align:center;\">\n				<img src=\"http://img20.360buyimg.com/vc/jfs/t1648/82/361071296/880118/d10f9442/55c99694Ncab4596e.jpg\" class=\"\" />\n			</div>\n		</div>\n		<div class=\"formwork\" style=\"margin:0px;padding:10px 0px;font-family:Arial, Helvetica, sans-serif;font-size:14px;\">\n			<div class=\"formwork_img\" style=\"margin:0px auto;padding:0px;text-align:center;\">\n				<img src=\"http://img20.360buyimg.com/vc/jfs/t1684/317/1176573202/682462/8c5d68b0/55c9969dN5c7bd695.jpg\" class=\"\" />\n			</div>\n		</div>\n		<div class=\"formwork\" style=\"margin:0px;padding:10px 0px;font-family:Arial, Helvetica, sans-serif;font-size:14px;\">\n			<div class=\"formwork_img\" style=\"margin:0px auto;padding:0px;text-align:center;\">\n				<img src=\"http://img20.360buyimg.com/vc/jfs/t1648/27/356623831/853895/dac249f0/55c996a5N646d10cb.jpg\" class=\"\" />\n			</div>\n		</div>\n		<div class=\"formwork\" style=\"margin:0px;padding:10px 0px;font-family:Arial, Helvetica, sans-serif;font-size:14px;\">\n			<div class=\"formwork_img\" style=\"margin:0px auto;padding:0px;text-align:center;\">\n				<img src=\"http://img20.360buyimg.com/vc/jfs/t1693/51/1173798360/724998/50b71042/55c996acNaa35f2e9.jpg\" class=\"\" />\n			</div>\n		</div>\n		<div class=\"formwork\" style=\"margin:0px;padding:10px 0px;font-family:Arial, Helvetica, sans-serif;font-size:14px;\">\n			<div class=\"formwork_img\" style=\"margin:0px auto;padding:0px;text-align:center;\">\n				<img src=\"http://img20.360buyimg.com/vc/jfs/t1693/312/1171132155/832140/1ba099b5/55c996b3Nfc3e3102.jpg\" class=\"\" />\n			</div>\n		</div>\n		<div class=\"formwork\" style=\"margin:0px;padding:10px 0px;font-family:Arial, Helvetica, sans-serif;font-size:14px;\">\n			<div class=\"formwork_img\" style=\"margin:0px auto;padding:0px;text-align:center;\">\n				<img src=\"http://img20.360buyimg.com/vc/jfs/t1648/325/338630364/678026/d4f01c92/55c996bdN4a3ca0a5.jpg\" class=\"\" />\n			</div>\n		</div>\n		<div class=\"formwork_bt\" id=\"detail-tag-id-9\" style=\"margin:0px;padding:10px 0px;font-size:14px;font-family:Arial, Helvetica, sans-serif;\">\n			<div class=\"formwork_bt_dz\" style=\"margin:0px;padding:0px;\">\n				<span style=\"line-height:25px;font-family:微软雅黑;color:#FFFFFF;\">产品细节</span><span class=\"s2\" style=\"line-height:20px;font-family:微软雅黑;font-size:12px;color:#FFFFFF;\">Product Details</span>\n			</div>\n		</div>\n		<div class=\"formwork\" style=\"margin:0px;padding:10px 0px;font-family:Arial, Helvetica, sans-serif;font-size:14px;\">\n			<div class=\"formwork_img\" style=\"margin:0px auto;padding:0px;text-align:center;\">\n				<img src=\"http://img20.360buyimg.com/vc/jfs/t1648/197/354064166/647615/69b9840e/55c996c4N17f66e7c.jpg\" class=\"\" />\n			</div>\n		</div>\n		<div class=\"formwork\" style=\"margin:0px;padding:10px 0px;font-family:Arial, Helvetica, sans-serif;font-size:14px;\">\n			<div class=\"formwork_img\" style=\"margin:0px auto;padding:0px;text-align:center;\">\n				<img src=\"http://img20.360buyimg.com/vc/jfs/t1675/356/1171235109/717202/12575a61/55c996cbN231132c3.jpg\" class=\"\" />\n			</div>\n		</div>\n	</div>\n</div>', '{\"55\":\"{\\\"name\\\":\\\"产品型号\\\",\\\"104\\\":\\\"X50 Air UN3016艺术版\\\"}\",\"56\":\"{\\\"name\\\":\\\"产品类型\\\",\\\"105\\\":\\\"智能电视（海量应用）\\\"}\",\"57\":\"{\\\"name\\\":\\\"颜色\\\",\\\"106\\\":\\\"黑色\\\"}\"}', '{\"10\":\"{\\\"152\\\":\\\"50英寸2.5年新版\\\",\\\"153\\\":\\\"50英寸2.5年老版\\\",\\\"154\\\":\\\"50英寸超高清\\\",\\\"155\\\":\\\"40英寸特价款\\\"}\"}', '', '1443066281396', '1443066281396', '1453066281396', '1', '0', '0.00', '0.00', '0.00', '36', '北京市', '1', '北京', null, '0', '0', '4', '0', '1', '22', '0'), ('42', '佳能（Canon） EOS 700D 单反套机', '佳能（Canon） EOS 700D 单反套机 （EF-S 18-135mm f/3.5-5.6 IS STM镜头）', '77', '数码相机', '0', '', '8', '12', '新科数码专营店', '1', '183', '{\"1\":\"颜色\",\"5\":\"容量\"}', '/upload/img/store/12/1440126999287.jpg', '/upload/img/store/12/1440126999287.jpg,/upload/img/store/12/1440127002163.jpg,/upload/img/store/12/1440127006055.jpg,/upload/img/store/12/1440127009244.jpg,', '4488.00', '', '0', '1', '30', '0', '1444630085251', 'canon', 'canon', '<span style=\"color:#E3393C;font-family:arial, \'microsoft yahei\';font-size:14px;line-height:20px;background-color:#FFFFFF;\">入门普及型单反新旗舰！搭载DIGIC5影像处理器，旋转触控屏幕，手持夜景功能！瞬间捕捉，只在你掌握！</span>', '{\"58\":\"{\\\"name\\\":\\\"相机类型\\\",\\\"107\\\":\\\"单反\\\"}\"}', '{\"1\":\"{\\\"130\\\":\\\"黑色\\\"}\",\"5\":\"{\\\"37\\\":\\\"32G\\\"}\"}', '{\"130\":\"/upload/img/store/12/1440126944841.jpg\"}', '1443066281396', '1443066281396', '1453066281396', '1', '0', '0.00', '0.00', '0.00', '36', '北京市', '1', '北京', null, '0', '0', '8', '0', '0', null, '0'), ('43', 'Masentek S30升级版 商务通话蓝牙耳机 通用型 耳挂式 黑色', '苹果风嵌入式按键设计，在沉稳中加入灵动意蕴，摆脱单调，个性出彩。', '63', '蓝牙耳机', '0', '', '9', '12', '新科数码专营店', '0', '365', '{\"1\":\"颜色\"}', '/upload/img/store/12/1440127623467.jpg', '/upload/img/store/12/1440127623467.jpg,/upload/img/store/12/1440127625651.jpg,/upload/img/store/12/1440127626756.jpg,', '90.00', '', '1', '1', '30', '1', '1444630085251', '', '', '              	              	              	\n              \n              \n              ', '{\"59\":\"{\\\"name\\\":\\\"样式\\\",\\\"111\\\":\\\"耳挂式\\\"}\"}', '', '', '1443066281396', '1443066281396', '1453066281396', '1', '0', '0.00', '0.00', '0.00', '36', '北京市', '1', '北京', null, '0', '1', '6', '0', '0', null, '0'), ('44', '1111111111111', '111', '24', '手机', '0', '', '1', '12', '新科数码专营店', '1', '193', '{\"6\":\"购买方式\",\"5\":\"容量\",\"4\":\"版本\",\"3\":\"屏幕尺寸\",\"1\":\"颜色\"}', null, '', '33.00', '555', '0', '1', '1', '0', '1444630085251', '', '', '', '', '{\"6\":\"{\\\"24\\\":\\\"非合约机\\\",\\\"25\\\":\\\"购机入网送话费\\\"}\",\"5\":\"{\\\"36\\\":\\\"16G\\\"}\",\"4\":\"{\\\"45\\\":\\\"移动4G\\\"}\",\"3\":\"{\\\"10\\\":\\\"4.7\\\",\\\"11\\\":\\\"5.5\\\"}\",\"1\":\"{\\\"129\\\":\\\"红色\\\",\\\"130\\\":\\\"黑色\\\"}\"}', '', '1443066281396', '1443066281396', '1453066281396', '1', '0', '0.00', '0.00', '0.00', '85', '大同市', '4', '山西省', ' 没上传图片', '0', '0', '0', '0', '1', null, '1'), ('45', '尿不湿', '尿不湿', '165', '母婴A', '0', null, '10', '0', '平台自营', '1', '205', '{\"1\":\"颜色\",\"2\":\"尺寸\",\"5\":\"容量\"}', '', ',,,,,', '22.00', '', '0', '1', '1', '0', '1444630085251', '', '', '特色test', '', '{\"1\":\"{\\\"129\\\":\\\"红色\\\"}\",\"2\":\"{\\\"4\\\":\\\"34\\\"}\",\"5\":\"{\\\"36\\\":\\\"16G\\\"}\"}', '', '1443066281396', '1443066281396', '1453066281396', '1', '0', '0.00', '0.00', '0.00', '130', '哈尔滨市', '8', '黑龙江省', 'f\'f', '0', '0', '0', '0', '1', null, '0'), ('46', '测试手机', '测试手机副标题', '24', '手机', '0', '', '1', '12', '新科数码专营店', '1', '209', '{\"6\":\"购买方式\",\"5\":\"容量\",\"4\":\"版本\",\"3\":\"屏幕尺寸\",\"1\":\"颜色\"}', '/upload/img/store/12/1440661564114.jpg', '/upload/img/store/12/1440661564114.jpg,/upload/img/store/12/1440661569027.jpg,', '999.00', '66556566', '1', '1', '30', '0', '1444630085251', '', '', '阿斯顿发', '{\"43\":\"{\\\"name\\\":\\\"屏幕尺寸\\\",\\\"71\\\":\\\"5.0英寸\\\"}\",\"44\":\"{\\\"name\\\":\\\"分辨率\\\",\\\"73\\\":\\\"1334 x 750\\\"}\",\"45\":\"{\\\"name\\\":\\\"后置摄像头\\\",\\\"76\\\":\\\"800万像素\\\"}\",\"46\":\"{\\\"name\\\":\\\"前置摄像头\\\",\\\"77\\\":\\\"120万像素\\\"}\"}', '{\"6\":\"{\\\"24\\\":\\\"非合约机\\\"}\",\"5\":\"{\\\"36\\\":\\\"16G\\\"}\",\"4\":\"{\\\"45\\\":\\\"移动4G\\\"}\",\"3\":\"{\\\"10\\\":\\\"4.7\\\"}\",\"1\":\"{\\\"129\\\":\\\"红色\\\"}\"}', '{\"129\":\"/upload/img/store/12/1440661554420.jpg\"}', '1443066281396', '1443066281396', '1453066281396', '1', '0', '0.00', '0.00', '0.00', '36', '北京市', '1', '北京', null, '0', '0', '2', '0', '1', null, '0'), ('47', 'exo吴世勋同款鸭舌帽子韩国帽子女夏天潮嘻哈帽平沿棒球帽男潮牌', '新品特价亏本包邮，数量有限哦！ 买2个减3元，3个减6元，上不封顶（系统自动减价）', '168', '嘻哈帽', '142', '格莱帝', '12', '13', '∑SeHun°の店', '1', '223', '{\"1\":\"颜色\",\"9\":\"尺码\"}', '/upload/img/store/13/1441081372046.jpg', '/upload/img/store/13/1441081372046.jpg,/upload/img/store/13/1441081372147.jpg_400x400.jpg,/upload/img/store/13/1441081372247.jpg_400x400.jpg,/upload/img/store/13/1441081372349.jpg_400x400.jpg,', '13.50', '432434343', '1', '1', '30', '1', '1444630085251', '', '', '              	<table width=\"100%\" style=\"color:#000000;font-family:tahoma, arial, 宋体, sans-serif;font-size:14px;background-color:#FFFFFF;\">\n	<tbody>\n		<tr>\n			<td>\n				<table cellspacing=\"0\" cellpadding=\"0\" width=\"750\">\n					<tbody>\n						<tr>\n							<td height=\"10\">\n							</td>\n						</tr>\n						<tr>\n							<td width=\"180\">\n								<a target=\"_blank\" href=\"http://item.taobao.com/item.htm?id=520611441305\"></a>\n							</td>\n							<td width=\"10\">\n							</td>\n							<td width=\"180\">\n								<a target=\"_blank\" href=\"http://item.taobao.com/item.htm?id=520596574384\"></a>\n							</td>\n							<td width=\"10\">\n							</td>\n							<td width=\"180\">\n								<a target=\"_blank\" href=\"http://item.taobao.com/item.htm?id=520269245992\"></a>\n							</td>\n							<td width=\"10\">\n							</td>\n							<td width=\"180\">\n								<a target=\"_blank\" href=\"http://item.taobao.com/item.htm?id=45635434963\"></a>\n							</td>\n						</tr>\n						<tr>\n							<td height=\"15\">\n							</td>\n						</tr>\n						<tr>\n							<td width=\"180\">\n								<a target=\"_blank\" href=\"http://item.taobao.com/item.htm?id=520327880454\"></a>\n							</td>\n							<td width=\"10\">\n							</td>\n							<td width=\"180\">\n								<a target=\"_blank\" href=\"http://item.taobao.com/item.htm?id=520596637899\"></a>\n							</td>\n							<td width=\"10\">\n							</td>\n							<td width=\"180\">\n								<a target=\"_blank\" href=\"http://item.taobao.com/item.htm?id=520594812164\"></a>\n							</td>\n							<td width=\"10\">\n							</td>\n							<td width=\"180\">\n								<a target=\"_blank\" href=\"http://item.taobao.com/item.htm?id=45736568819\"></a>\n							</td>\n						</tr>\n						<tr>\n							<td height=\"15\">\n							</td>\n						</tr>\n						<tr>\n							<td width=\"180\">\n								<a target=\"_blank\" href=\"http://item.taobao.com/item.htm?id=520186694525\"></a>\n							</td>\n							<td width=\"10\">\n							</td>\n							<td width=\"180\">\n								<a target=\"_blank\" href=\"http://item.taobao.com/item.htm?id=520408506271\"></a>\n							</td>\n							<td width=\"10\">\n							</td>\n							<td width=\"180\">\n								<a target=\"_blank\" href=\"http://item.taobao.com/item.htm?id=45225746714\"></a>\n							</td>\n							<td width=\"10\">\n							</td>\n							<td width=\"180\">\n								<a target=\"_blank\" href=\"http://item.taobao.com/item.htm?id=45779704039\"></a>\n							</td>\n						</tr>\n						<tr>\n							<td height=\"15\">\n							</td>\n						</tr>\n						<tr>\n							<td width=\"180\">\n								<a target=\"_blank\" href=\"http://item.taobao.com/item.htm?id=45536023609\"></a>\n							</td>\n							<td width=\"10\">\n							</td>\n							<td width=\"180\">\n								<a target=\"_blank\" href=\"http://item.taobao.com/item.htm?id=520104457260\"></a>\n							</td>\n							<td width=\"10\">\n							</td>\n							<td width=\"180\">\n								<a target=\"_blank\" href=\"http://item.taobao.com/item.htm?id=520346938452\"></a>\n							</td>\n							<td width=\"10\">\n							</td>\n							<td width=\"180\">\n								<a target=\"_blank\" href=\"http://item.taobao.com/item.htm?id=520422066275\"></a>\n							</td>\n						</tr>\n						<tr>\n							<td height=\"10\">\n							</td>\n						</tr>\n					</tbody>\n				</table>\n			</td>\n		</tr>\n	</tbody>\n</table>\n<p style=\"font-family:tahoma, arial, 宋体, sans-serif;font-size:14px;background-color:#FFFFFF;\">\n	<a name=\"tzs_l_1075711\"></a>\n</p>\n<table cellspacing=\"0\" cellpadding=\"0\" width=\"750\" align=\"center\" style=\"color:#000000;font-family:tahoma, arial, 宋体, sans-serif;font-size:14px;background-color:#FFFFFF;\">\n	<tbody>\n		<tr>\n			<td height=\"30\" width=\"750\" colspan=\"2\" style=\"color:#FFFFFF;text-align:center;background:#333333;\">\n				<span style=\"font-family:\'microsoft yahei\';\"><strong> welcome to mida shop!   米搭馆 !  </strong>                                                                          </span><strong>midaguan.taobao.com</strong>\n			</td>\n		</tr>\n		<tr>\n			<td height=\"5\" colspan=\"2\" style=\"font-size:0px;\">\n				 \n			</td>\n		</tr>\n		<tr>\n			<td colspan=\"2\">\n				<table cellspacing=\"0\" cellpadding=\"0\" width=\"750\" style=\"font-size:14px;text-align:center;background:#EAEAEA;\">\n					<tbody>\n						<tr>\n							<td width=\"150\" style=\"color:#FFFFFF;background:#333333;\">\n								<span style=\"font-family:\'microsoft yahei\';\">商品名称</span>\n							</td>\n							<td width=\"550\">\n								<span style=\"font-family:\'microsoft yahei\';\">字母帽子女夏天潮嘻哈帽子平沿棒球帽男</span>\n							</td>\n						</tr>\n						<tr>\n							<td width=\"150\" style=\"color:#FFFFFF;background:#333333;\">\n								<span style=\"font-family:\'microsoft yahei\';\">商品材质</span>\n							</td>\n							<td width=\"550\">\n								<span style=\"font-family:\'microsoft yahei\';\">帆布</span>\n							</td>\n						</tr>\n						<tr>\n							<td width=\"150\" style=\"color:#FFFFFF;background:#333333;\">\n								<span style=\"font-family:\'microsoft yahei\';\">商品尺寸</span>\n							</td>\n							<td width=\"550\">\n								<span style=\"font-family:\'microsoft yahei\';\">均码/ 帽檐长7cm, 帽高14cm, 头围54-60cm左右, 可调节</span>\n							</td>\n						</tr>\n						<tr>\n							<td width=\"150\" style=\"color:#FFFFFF;background:#333333;\">\n								<span style=\"font-family:\'microsoft yahei\';\">颜色选择</span>\n							</td>\n							<td width=\"550\">\n								<span style=\"font-family:\'microsoft yahei\';\">多款任选</span>\n							</td>\n						</tr>\n						<tr>\n							<td width=\"150\" style=\"color:#FFFFFF;background:#333333;\">\n								<span style=\"font-family:\'microsoft yahei\';\">洗涤建议</span>\n							</td>\n							<td width=\"550\">\n								<span style=\"font-family:\'microsoft yahei\';\">冷水轻柔手洗或干洗</span>\n							</td>\n						</tr>\n						<tr>\n							<td width=\"750\" colspan=\"2\" style=\"color:#FFFFFF;background:#333333;\">\n								<span style=\"font-family:\'microsoft yahei\';\">商品概述</span>\n							</td>\n						</tr>\n						<tr>\n							<td width=\"750\" colspan=\"2\" style=\"font-family:\'microsoft yahei\';\">\n								<p>\n									<strong>特价亏本包邮，数量有限哦！</strong>\n								</p>\n								<p>\n									<strong>买2个减3元，3个减6元，上不封顶（系统自动减价）</strong>\n								</p>\n							</td>\n						</tr>\n					</tbody>\n				</table>\n			</td>\n		</tr>\n		<tr>\n			<td width=\"40\">\n				<img src=\"https://img.alicdn.com/imgextra/i1/685744878/TB2cHSqcXXXXXbFXpXXXXXXXXXX_!!685744878.jpg\" class=\"\" width=\"40\" height=\"30\" />\n			</td>\n			<td width=\"700\">\n				<span style=\"font-size:14px;\"><span style=\"font-family:\'microsoft yahei\';\">温馨提示：产品尺寸都是手工测量，由于每个人的测量方法和量具不同，有些许误差属正常现象，但我们保证会在1-2cm之间，请放心购买！由于拍摄光线、角度和显示器参数设置不同，色差是无法避免的，接受者拍哦！</span></span>\n			</td>\n		</tr>\n	</tbody>\n</table>\n<p align=\"center\" style=\"font-family:tahoma, arial, 宋体, sans-serif;font-size:14px;background-color:#FFFFFF;\">\n	<img src=\"https://img.alicdn.com/imgextra/i3/685744878/TB2ydLGcVXXXXbjXXXXXXXXXXXX_!!685744878.jpg\" class=\"\" width=\"750\" height=\"1054\" />\n</p>\n<p align=\"center\" style=\"font-family:tahoma, arial, 宋体, sans-serif;font-size:14px;background-color:#FFFFFF;\">\n	<img src=\"https://img.alicdn.com/imgextra/i2/685744878/TB2SWG4dVXXXXcuXXXXXXXXXXXX_!!685744878.jpg\" class=\"\" width=\"750\" height=\"1026\" /><img src=\"https://img.alicdn.com/imgextra/i4/685744878/TB2BOiVdVXXXXaAXpXXXXXXXXXX_!!685744878.jpg\" class=\"\" width=\"750\" height=\"750\" /><img src=\"https://img.alicdn.com/imgextra/i3/685744878/TB2RKzadVXXXXXWXXXXXXXXXXXX_!!685744878.jpg\" class=\"\" width=\"750\" height=\"352\" />\n</p>\n<p align=\"center\" style=\"font-family:tahoma, arial, 宋体, sans-serif;font-size:14px;background-color:#FFFFFF;\">\n	<span style=\"background-color:#FF0000;\"><strong>FN款</strong></span>\n</p>\n<p align=\"center\" style=\"font-family:tahoma, arial, 宋体, sans-serif;font-size:14px;background-color:#FFFFFF;\">\n	<img src=\"https://img.alicdn.com/imgextra/i3/685744878/TB2HgvycVXXXXXxXpXXXXXXXXXX_!!685744878.jpg\" class=\"\" width=\"750\" height=\"1090\" />\n</p>\n<p align=\"center\" style=\"font-family:tahoma, arial, 宋体, sans-serif;font-size:14px;background-color:#FFFFFF;\">\n	<img src=\"https://img.alicdn.com/imgextra/i1/685744878/TB2USbDcVXXXXbYXXXXXXXXXXXX_!!685744878.jpg\" class=\"\" width=\"750\" height=\"597\" />\n</p>\n<p align=\"center\" style=\"font-family:tahoma, arial, 宋体, sans-serif;font-size:14px;background-color:#FFFFFF;\">\n	<img src=\"https://img.alicdn.com/imgextra/i2/685744878/TB2TfzycVXXXXXuXpXXXXXXXXXX_!!685744878.jpg\" class=\"\" width=\"750\" height=\"1206\" />\n</p>\n<p align=\"center\" style=\"font-family:tahoma, arial, 宋体, sans-serif;font-size:14px;background-color:#FFFFFF;\">\n	<img src=\"https://img.alicdn.com/imgextra/i2/685744878/TB2NYvDcVXXXXbRXXXXXXXXXXXX_!!685744878.jpg\" class=\"\" width=\"750\" height=\"903\" />\n</p>\n<p align=\"center\" style=\"font-family:tahoma, arial, 宋体, sans-serif;font-size:14px;background-color:#FFFFFF;\">\n	<strong><span style=\"background-color:#FF0000;\">DOPE款</span></strong>\n</p>\n<p align=\"center\" style=\"font-family:tahoma, arial, 宋体, sans-serif;font-size:14px;background-color:#FFFFFF;\">\n	<img src=\"https://img.alicdn.com/imgextra/i3/685744878/TB29JjIcVXXXXajXXXXXXXXXXXX_!!685744878.jpg\" class=\"\" width=\"750\" height=\"759\" />\n</p>\n<p align=\"center\" style=\"font-family:tahoma, arial, 宋体, sans-serif;font-size:14px;background-color:#FFFFFF;\">\n	<img src=\"https://img.alicdn.com/imgextra/i3/685744878/TB2NL_qcVXXXXcXXpXXXXXXXXXX_!!685744878.jpg\" class=\"\" width=\"750\" height=\"1039\" />\n</p>\n<p align=\"center\" style=\"font-family:tahoma, arial, 宋体, sans-serif;font-size:14px;background-color:#FFFFFF;\">\n	<img src=\"https://img.alicdn.com/imgextra/i3/685744878/TB2VDbIcVXXXXXUXXXXXXXXXXXX_!!685744878.jpg\" class=\"\" width=\"750\" height=\"455\" />\n</p>\n<p align=\"center\" style=\"font-family:tahoma, arial, 宋体, sans-serif;font-size:14px;background-color:#FFFFFF;\">\n	<img src=\"https://img.alicdn.com/imgextra/i1/685744878/TB2fiPEcVXXXXbFXXXXXXXXXXXX_!!685744878.jpg\" class=\"\" width=\"750\" height=\"1204\" />\n</p>\n<p align=\"center\" style=\"font-family:tahoma, arial, 宋体, sans-serif;font-size:14px;background-color:#FFFFFF;\">\n	<img src=\"https://img.alicdn.com/imgextra/i1/685744878/TB2hVDtcVXXXXa2XpXXXXXXXXXX_!!685744878.jpg\" class=\"\" width=\"750\" height=\"847\" />\n</p>\n<p align=\"center\" style=\"font-family:tahoma, arial, 宋体, sans-serif;font-size:14px;background-color:#FFFFFF;\">\n	<strong><span style=\"background-color:#FF0000;\">贴布款</span></strong>\n</p>\n<p align=\"center\" style=\"font-family:tahoma, arial, 宋体, sans-serif;font-size:14px;background-color:#FFFFFF;\">\n	<img src=\"https://img.alicdn.com/imgextra/i2/685744878/TB2D5HucVXXXXc9XXXXXXXXXXXX_!!685744878.jpg\" class=\"\" width=\"750\" height=\"1240\" />\n</p>\n<p align=\"center\" style=\"font-family:tahoma, arial, 宋体, sans-serif;font-size:14px;background-color:#FFFFFF;\">\n	<img src=\"https://img.alicdn.com/imgextra/i4/685744878/TB2u_6ycVXXXXXfXpXXXXXXXXXX_!!685744878.jpg\" class=\"\" width=\"750\" height=\"804\" />\n</p>\n<p align=\"center\" style=\"font-family:tahoma, arial, 宋体, sans-serif;font-size:14px;background-color:#FFFFFF;\">\n	<strong><span style=\"background-color:#FF0000;\">光身款</span></strong>\n</p>\n<p align=\"center\" style=\"font-family:tahoma, arial, 宋体, sans-serif;font-size:14px;background-color:#FFFFFF;\">\n	<img src=\"https://img.alicdn.com/imgextra/i1/685744878/TB2rP2BcVXXXXcuXXXXXXXXXXXX_!!685744878.jpg\" class=\"\" width=\"750\" height=\"1257\" />\n</p>\n<p align=\"center\" style=\"font-family:tahoma, arial, 宋体, sans-serif;font-size:14px;background-color:#FFFFFF;\">\n	 \n</p>\n<p align=\"center\" style=\"font-family:tahoma, arial, 宋体, sans-serif;font-size:14px;background-color:#FFFFFF;\">\n	<img src=\"https://img.alicdn.com/imgextra/i3/685744878/TB2JsvCcVXXXXbYXXXXXXXXXXXX_!!685744878.jpg\" class=\"\" width=\"750\" height=\"872\" />\n</p>\n<p align=\"center\" style=\"font-family:tahoma, arial, 宋体, sans-serif;font-size:14px;background-color:#FFFFFF;\">\n	<strong><span style=\"background-color:#FF0000;\">贴布花帽檐款</span></strong>\n</p>\n<p align=\"center\" style=\"font-family:tahoma, arial, 宋体, sans-serif;font-size:14px;background-color:#FFFFFF;\">\n	<img src=\"https://img.alicdn.com/imgextra/i3/685744878/TB26cHCcVXXXXccXXXXXXXXXXXX_!!685744878.jpg\" class=\"\" width=\"750\" height=\"1269\" />\n</p>\n<p align=\"center\" style=\"font-family:tahoma, arial, 宋体, sans-serif;font-size:14px;background-color:#FFFFFF;\">\n	 \n</p>\n<p style=\"font-family:tahoma, arial, 宋体, sans-serif;font-size:14px;background-color:#FFFFFF;\">\n	<img src=\"https://img.alicdn.com/imgextra/i4/685744878/TB2KCO9dVXXXXbqXXXXXXXXXXXX_!!685744878.jpg\" class=\"\" width=\"750\" height=\"794\" /><img src=\"https://img.alicdn.com/imgextra/i3/685744878/TB2Fr1_dVXXXXbqXXXXXXXXXXXX_!!685744878.jpg\" class=\"\" width=\"750\" height=\"574\" /><img src=\"https://img.alicdn.com/imgextra/i4/685744878/TB2u0GYdVXXXXXGXpXXXXXXXXXX_!!685744878.jpg\" class=\"\" width=\"750\" height=\"820\" /><img src=\"https://img.alicdn.com/imgextra/i3/685744878/TB2juOZdVXXXXXCXpXXXXXXXXXX_!!685744878.jpg\" class=\"\" width=\"750\" height=\"366\" /><img src=\"https://img.alicdn.com/imgextra/i1/685744878/TB2uam0dVXXXXXdXpXXXXXXXXXX_!!685744878.jpg\" class=\"\" width=\"750\" height=\"820\" /><img src=\"https://img.alicdn.com/imgextra/i1/685744878/TB2NwuSdVXXXXbEXpXXXXXXXXXX_!!685744878.jpg\" class=\"\" width=\"750\" height=\"344\" /><img src=\"https://img.alicdn.com/imgextra/i2/685744878/TB2k25QdVXXXXbOXpXXXXXXXXXX_!!685744878.jpg\" class=\"\" width=\"750\" height=\"816\" /><img src=\"https://img.alicdn.com/imgextra/i4/685744878/TB2oES7dVXXXXbRXXXXXXXXXXXX_!!685744878.jpg\" class=\"\" width=\"750\" height=\"804\" /><img src=\"https://img.alicdn.com/imgextra/i4/685744878/TB2ur5ZdVXXXXaXXpXXXXXXXXXX_!!685744878.jpg\" class=\"\" width=\"750\" height=\"816\" />\n</p>\n              ', '{\"60\":\"{\\\"name\\\":\\\"帽顶款式\\\",\\\"112\\\":\\\"圆顶\\\"}\",\"61\":\"{\\\"name\\\":\\\"款式\\\",\\\"113\\\":\\\"嘻哈帽\\\"}\",\"62\":\"{\\\"name\\\":\\\"风格\\\",\\\"116\\\":\\\"街头\\\"}\",\"63\":\"{\\\"name\\\":\\\"尺码\\\",\\\"118\\\":\\\"可调节（54-60cm）\\\"}\",\"64\":\"{\\\"name\\\":\\\"帽檐款式\\\",\\\"119\\\":\\\"宽檐\\\"}\",\"65\":\"{\\\"name\\\":\\\"檐形\\\",\\\"120\\\":\\\"平檐\\\"}\"}', '{\"1\":\"{\\\"167\\\":\\\"黑色\\\",\\\"174\\\":\\\"白色\\\",\\\"179\\\":\\\"宝蓝\\\",\\\"180\\\":\\\"酒红\\\"}\",\"9\":\"{\\\"164\\\":\\\"可调节大小(54-60cm)\\\"}\"}', '{\"167\":\"/upload/img/store/13/1441081267529.jpg\",\"174\":\"/upload/img/store/13/1441081264925.jpg_400x400.jpg\",\"179\":\"/upload/img/store/13/1441081273997.jpg_400x400.jpg\",\"180\":\"/upload/img/store/13/1441081265766.jpg_400x400.jpg\"}', '1443066281396', '1443066281396', '1453066281396', '1', '0', '0.00', '0.00', '0.00', '36', '北京市', '1', '北京', null, '0', '4', '31', '3', '1', null, '0'), ('48', '夏天韩版男女嘻哈平沿帽 EXO鹿晗金钟国权志龙吴世勋同款棒球帽', '2015新品 明星同款 潮人必备 时尚百搭', '169', '棒球帽', '142', '格莱帝', '12', '13', '∑SeHun°の店', '1', '220', '{\"1\":\"颜色\",\"9\":\"尺码\"}', '/upload/img/store/13/1441088401049.jpg', '/upload/img/store/13/1441088401049.jpg,/upload/img/store/13/1441088401150.jpg,/upload/img/store/13/1441088401250.jpg,', '20.00', '354353534534', '1', '1', '30', '0', '1444630085251', '', '', '<div id=\"description\" class=\"J_DetailSection tshop-psm tshop-psm-bdetaildes\" style=\"margin:0px;padding:0px;\">\n	<div class=\"content ke-post\" style=\"margin:10px 0px 0px;padding:0px;font-size:14px;font-family:tahoma, arial, 宋体, sans-serif;\">\n		<p>\n			<img src=\"https://img.alicdn.com/imgextra/i2/736785010/TB22tZEdXXXXXcHXXXXXXXXXXXX_!!736785010.jpg\" align=\"absmiddle\" /><img src=\"https://img.alicdn.com/imgextra/i2/736785010/TB2rhgudXXXXXbBXpXXXXXXXXXX_!!736785010.jpg\" align=\"absmiddle\" /><img src=\"https://img.alicdn.com/imgextra/i4/736785010/TB2N0ZydXXXXXaxXpXXXXXXXXXX_!!736785010.jpg\" align=\"absmiddle\" /><img src=\"https://img.alicdn.com/imgextra/i1/736785010/TB2pCEqdXXXXXccXpXXXXXXXXXX_!!736785010.jpg\" align=\"absmiddle\" /><img src=\"https://img.alicdn.com/imgextra/i4/736785010/TB2TY3wdXXXXXa_XpXXXXXXXXXX_!!736785010.jpg\" align=\"absmiddle\" /><img src=\"https://img.alicdn.com/imgextra/i2/736785010/TB2ncIzdXXXXXX2XpXXXXXXXXXX_!!736785010.jpg\" align=\"absmiddle\" /><img src=\"https://img.alicdn.com/imgextra/i3/736785010/TB2MW3BdXXXXXXMXpXXXXXXXXXX_!!736785010.jpg\" align=\"absmiddle\" /><img src=\"https://img.alicdn.com/imgextra/i1/736785010/TB2C8sMdXXXXXa0XXXXXXXXXXXX_!!736785010.jpg\" align=\"absmiddle\" /><img src=\"https://img.alicdn.com/imgextra/i2/736785010/TB2j8otdXXXXXbtXpXXXXXXXXXX_!!736785010.jpg\" align=\"absmiddle\" /><img src=\"https://img.alicdn.com/imgextra/i1/736785010/TB2ooUBdXXXXXXzXpXXXXXXXXXX_!!736785010.jpg\" align=\"absmiddle\" /><img src=\"https://img.alicdn.com/imgextra/i2/736785010/TB2sMZtdXXXXXbDXpXXXXXXXXXX_!!736785010.jpg\" align=\"absmiddle\" /><img src=\"https://img.alicdn.com/imgextra/i3/736785010/TB2yz3wdXXXXXaVXpXXXXXXXXXX_!!736785010.jpg\" align=\"absmiddle\" /><img src=\"https://img.alicdn.com/imgextra/i4/736785010/TB2RoQxdXXXXXaBXpXXXXXXXXXX_!!736785010.jpg\" align=\"absmiddle\" /><img src=\"https://img.alicdn.com/imgextra/i4/736785010/TB2I_MFdXXXXXcrXXXXXXXXXXXX_!!736785010.jpg\" align=\"absmiddle\" /><img src=\"https://img.alicdn.com/imgextra/i2/736785010/TB27AItdXXXXXbHXpXXXXXXXXXX_!!736785010.jpg\" align=\"absmiddle\" /><img src=\"https://img.alicdn.com/imgextra/i4/736785010/TB24CZLdXXXXXbaXXXXXXXXXXXX_!!736785010.jpg\" align=\"absmiddle\" /><img src=\"https://img.alicdn.com/imgextra/i2/736785010/TB2jusBdXXXXXXNXpXXXXXXXXXX_!!736785010.jpg\" align=\"absmiddle\" /><img src=\"https://img.alicdn.com/imgextra/i3/736785010/TB2RkwGdXXXXXcFXXXXXXXXXXXX_!!736785010.jpg\" align=\"absmiddle\" /><img src=\"https://img.alicdn.com/imgextra/i2/736785010/TB2kVoQdXXXXXaaXXXXXXXXXXXX_!!736785010.jpg\" align=\"absmiddle\" /><img src=\"https://img.alicdn.com/imgextra/i1/736785010/TB2y6.vdXXXXXa1XpXXXXXXXXXX_!!736785010.jpg\" align=\"absmiddle\" /><img src=\"https://img.alicdn.com/imgextra/i4/736785010/TB2KKwIdXXXXXbGXXXXXXXXXXXX_!!736785010.jpg\" align=\"absmiddle\" /><img src=\"https://img.alicdn.com/imgextra/i2/736785010/TB2bkIAdXXXXXXOXpXXXXXXXXXX_!!736785010.jpg\" align=\"absmiddle\" /><img src=\"https://img.alicdn.com/imgextra/i1/736785010/TB2rgUMdXXXXXa4XXXXXXXXXXXX_!!736785010.jpg\" align=\"absmiddle\" /><img src=\"https://img.alicdn.com/imgextra/i3/736785010/TB2pFIvdXXXXXbiXpXXXXXXXXXX_!!736785010.jpg\" align=\"absmiddle\" /><img src=\"https://img.alicdn.com/imgextra/i4/736785010/TB2rNUAdXXXXXXPXpXXXXXXXXXX_!!736785010.jpg\" align=\"absmiddle\" /><img src=\"https://img.alicdn.com/imgextra/i1/736785010/TB2JycwdXXXXXa6XpXXXXXXXXXX_!!736785010.jpg\" align=\"absmiddle\" /><img src=\"https://img.alicdn.com/imgextra/i1/736785010/TB23A7xdXXXXXadXpXXXXXXXXXX_!!736785010.jpg\" align=\"absmiddle\" /><img src=\"https://img.alicdn.com/imgextra/i3/736785010/TB2vtcrdXXXXXb6XpXXXXXXXXXX_!!736785010.jpg\" align=\"absmiddle\" /><img src=\"https://img.alicdn.com/imgextra/i4/736785010/TB2BxozdXXXXXX0XpXXXXXXXXXX_!!736785010.jpg\" align=\"absmiddle\" /><img src=\"https://img.alicdn.com/imgextra/i3/736785010/TB2mwkBdXXXXXXVXpXXXXXXXXXX_!!736785010.jpg\" align=\"absmiddle\" /><img src=\"https://img.alicdn.com/imgextra/i2/736785010/TB20vsodXXXXXc.XpXXXXXXXXXX_!!736785010.jpg\" align=\"absmiddle\" /><img src=\"https://img.alicdn.com/imgextra/i2/736785010/TB2FmEndXXXXXcTXpXXXXXXXXXX_!!736785010.jpg\" align=\"absmiddle\" /><img src=\"https://img.alicdn.com/imgextra/i4/736785010/TB2eAopdXXXXXbFXpXXXXXXXXXX_!!736785010.jpg\" align=\"absmiddle\" /><img src=\"https://img.alicdn.com/imgextra/i4/736785010/TB2aeIBdXXXXXXWXpXXXXXXXXXX_!!736785010.jpg\" align=\"absmiddle\" />\n		</p>\n	</div>\n</div>\n<div id=\"J_DcBottomRightWrap\" style=\"margin:0px;padding:0px;\">\n	<div id=\"J_DcBottomRight\" class=\"J_DcAsyn tb-shop\" style=\"margin:0px;padding:0px;background-color:#FFFFFF;\">\n		<div class=\"J_TModule\" id=\"shop6539165488\" style=\"margin:0px;padding:0px;\">\n			<div class=\"skin-box tb-module tshop-pbsm tshop-pbsm-other-guanliantuijian\" style=\"margin:0px;padding:0px;\">\n			</div>\n		</div>\n	</div>\n</div>\n<div id=\"J_Detail\" style=\"margin:0px;padding:0px;\">\n	<div id=\"J_Reviews\" class=\"J_DetailSection\" style=\"margin:0px;padding:0px;color:#404040;font-family:tahoma, arial, 微软雅黑, sans-serif;background-color:#FFFFFF;\">\n		<h4 class=\"hd\" style=\"color:#FFFFFF;background-color:#8E0101;\">\n			累计评价&nbsp;<span class=\"J_ReviewsCount\">35</span>\n		</h4>\n		<div class=\"tm-rate\" style=\"margin:0px;padding:0px;\">\n			<div class=\"rate-header\" style=\"margin:0px;padding:10px 0px;border:1px solid #C8C8C8;\">\n				<div class=\"rate-score\" style=\"margin:0px;padding:0px 20px;vertical-align:top;text-align:center;\">\n					<h4 style=\"font-weight:100;\">\n						与描述相符\n					</h4>\n<strong>4.6</strong>\n					<p style=\"text-align:left;\">\n						<span class=\"score-value-no score-value-4d6\" style=\"background:url(https://img.alicdn.com/tps/i1/T1HMnMXmVqXXcb2O3B-114-122.png) 0px -27px no-repeat;\"><span style=\"background:url(https://img.alicdn.com/tps/i1/T1HMnMXmVqXXcb2O3B-114-122.png) 0px -15px no-repeat;\"></span></span>\n					</p>\n				</div>\n				<div class=\"rate-graph\" style=\"margin:0px;padding:22px 0px 0px 90px;vertical-align:top;\">\n					<div class=\"graph-scroller\" style=\"margin:0px;padding:0px;background:url(https://img.alicdn.com/tps/i3/T1TAZ7Xo0gXXboGKr.-487-21.png) no-repeat;\">\n						<span><span style=\"color:#FFFFFF;line-height:19px;background:url(https://img.alicdn.com/tps/i3/T1TAZ7Xo0gXXboGKr.-487-21.png) -417px 2px no-repeat;\">4.6</span></span>\n					</div>\n					<ol class=\"graph-desc\">\n						<li style=\"text-align:center;color:gray;\">\n							非常不满\n						</li>\n						<li style=\"text-align:center;color:gray;\">\n							不满意\n						</li>\n						<li style=\"text-align:center;color:gray;\">\n							一般\n						</li>\n						<li style=\"text-align:center;color:gray;\">\n							满意\n						</li>\n						<li style=\"text-align:center;color:gray;\">\n							非常满意\n						</li>\n					</ol>\n				</div>\n			</div>\n			<div class=\"rate-compose\" style=\"margin:0px;padding:0px;\">\n			</div>\n			<div class=\"rate-charts\" style=\"margin:0px;padding:0px;background:#F4F4F4;\">\n			</div>\n			<div class=\"rate-toolbar\" style=\"margin:0px;padding:5px 10px;border:1px solid #C8C8C8;text-align:right;background:#EFEFEF;\">\n				<span class=\"rate-filter\">全部追评图片</span><span class=\"tm-toolbar-lft\"><span class=\"tm-rate-addin\"></span>有内容\n				<div class=\"rate-sort \" style=\"margin:0px;padding:0px;\">\n					<div class=\"tm-selectbtn tm-rate-sort\" style=\"margin:0px;padding:0px 5px;text-align:center;\">\n						<span class=\"tm-current\" style=\"line-height:20px;background:url(https://img.alicdn.com/tps/i1/T1SI4KFCldXXayyjnr-9-5.png) 64px 8px no-repeat;\">按默认</span>\n					</div>\n				</div>\n</span>\n			</div>\n			<div class=\"rate-grid\" style=\"margin:0px;padding:0px;\">\n			</div>\n			<div class=\"rate-page\" style=\"margin:0px;padding:0px;\">\n			</div>\n			<div class=\"rate-tryreport\" style=\"margin:0px;padding:0px;\">\n			</div>\n		</div>\n	</div>\n	<div class=\"j-mdv\" id=\"J_TmallApkRateTab\" style=\"margin:0px;padding:0px;color:#404040;font-family:tahoma, arial, 微软雅黑, sans-serif;background-color:#FFFFFF;\">\n		<a href=\"https://mobile.tmall.com/index.shtml?spm=3.7139905.a22277x.1&amp;abbucket=&amp;acm=lb-tms-1000852-67180.1003.8.336335&amp;aldid=336335&amp;abtest=&amp;scm=1003.8.lb-tms-1000852-67180.ITEM_1436923131987_336335&amp;pos=1\"><img width=\"790\" height=\"400\" src=\"https://img.alicdn.com/tps/i3/TB1byh0IFXXXXbWXXXXGEg3MXXX-790-400.jpg\" /></a>\n	</div>\n	<div>\n		<br />\n	</div>\n	<div id=\"J_DealRecord\" class=\"J_DetailSection\" style=\"margin:0px;padding:0px;color:#404040;font-family:tahoma, arial, 微软雅黑, sans-serif;background-color:#FFFFFF;\">\n	</div>\n</div>', '{\"60\":\"{\\\"name\\\":\\\"帽顶款式\\\",\\\"112\\\":\\\"圆顶\\\"}\",\"61\":\"{\\\"name\\\":\\\"款式\\\",\\\"114\\\":\\\"棒球帽\\\"}\",\"62\":\"{\\\"name\\\":\\\"风格\\\",\\\"117\\\":\\\"嘻哈\\\"}\",\"63\":\"{\\\"name\\\":\\\"尺码\\\",\\\"118\\\":\\\"可调节（54-60cm）\\\"}\",\"64\":\"{\\\"name\\\":\\\"帽檐款式\\\",\\\"119\\\":\\\"宽檐\\\"}\",\"65\":\"{\\\"name\\\":\\\"檐形\\\",\\\"120\\\":\\\"平檐\\\"}\"}', '{\"1\":\"{\\\"167\\\":\\\"黑色\\\",\\\"174\\\":\\\"白色\\\"}\",\"9\":\"{\\\"165\\\":\\\"可调节大小\\\"}\"}', '{\"167\":\"/upload/img/store/13/1441088342363.jpg\",\"174\":\"/upload/img/store/13/1441088361255.jpg_430x430q90.jpg\"}', '1443066281396', '1443066281396', '1453066281396', '1', '0', '0.00', '0.00', '0.00', '39', '上海市', '9', '上海', null, '0', '1', '19', '1', '0', null, '0'), ('49', 'KRAVITZ牛仔布料吴世勋帽子潮流棒球帽平檐帽EXO同款嘻哈平沿帽子', '同款嘻哈平沿帽子', '169', '棒球帽', '142', '格莱帝', '12', '13', '∑SeHun°の店', '1', '222', '{\"1\":\"颜色\",\"9\":\"尺码\"}', '/upload/img/store/13/1441088668273.jpg_430x430q90.jpg', '/upload/img/store/13/1441088668273.jpg_430x430q90.jpg,/upload/img/store/13/1441088668374.jpg_430x430q90.jpg,/upload/img/store/13/1441088668474.jpg_430x430q90.jpg,', '26.00', '345346765345', '1', '1', '30', '0', '1444630085251', '', '', '<div id=\"J_DcTopRightWrap\" style=\"margin:0px;padding:0px;color:#404040;font-family:tahoma, arial, 微软雅黑, sans-serif;background-color:#FFFFFF;\">\n	<div id=\"J_DcTopRight\" class=\"J_DcAsyn tb-shop\" style=\"margin:0px;padding:0px;\">\n		<div class=\"J_TModule\" id=\"shop11884683381\" style=\"margin:0px;padding:0px;\">\n			<div class=\"skin-box tb-module tshop-pbsm tshop-pbsm-shop-self-defined\" style=\"margin:0px 0px 10px;padding:0px;\">\n				<div class=\"skin-box-bd clear-fix\" style=\"margin:0px;padding:0px;border:0px solid #D5D5D5;color:#2953A6;background:none 0px 0px no-repeat transparent;\">\n					<span>\n					<p>\n						<a href=\"https://detail.tmall.com/item.htm?spm=a1z10.3-b.w4011-10740415470.91.RrJJhS&amp;id=521061680732&amp;rn=993a5cbdce0a69f88bd0b856747c6010&amp;abbucket=0&amp;scene=taobao_shop\" target=\"_blank\"><img src=\"https://gdp.alicdn.com/imgextra/i1/2030650042/TB2BvVqepXXXXcfXpXXXXXXXXXX_!!2030650042.jpg\" /></a>\n					</p>\n					<p>\n						&nbsp;\n					</p>\n					<p>\n						<a href=\"https://detail.tmall.com/item.htm?spm=a220o.1000855.1998025129.1.6fIo4k&amp;id=45338768402&amp;abbucket=_AB-M32_B17&amp;acm=03054.1003.1.291757&amp;aldid=HeIt7fxy&amp;abtest=_AB-LR32-PR32&amp;scm=1003.1.03054.13_45338768402_291757&amp;pos=1&amp;scene=taobao_shop\" target=\"_blank\"><img src=\"https://gdp.alicdn.com/imgextra/i3/2030650042/TB2ax4HepXXXXcAXXXXXXXXXXXX_!!2030650042.jpg\" /></a>\n					</p>\n					<p>\n						&nbsp;\n					</p>\n					<p>\n						<a href=\"https://detail.tmall.com/item.htm?spm=a220o.1000855.1998025129.1.2vGkqj&amp;id=43783805268&amp;abbucket=_AB-M32_B17&amp;acm=03054.1003.1.291757&amp;aldid=2NGf204v&amp;abtest=_AB-LR32-PR32&amp;scm=1003.1.03054.13_43783805268_291757&amp;pos=1&amp;skuId=84447342329&amp;scene=taobao_shop\" target=\"_blank\"><img src=\"https://gdp.alicdn.com/imgextra/i2/2030650042/TB2HYBSepXXXXX1XXXXXXXXXXXX_!!2030650042.jpg\" /></a>\n					</p>\n</span>\n				</div>\n<s class=\"skin-box-bt\"><b></b></s>\n			</div>\n		</div>\n	</div>\n</div>\n<div id=\"description\" class=\"J_DetailSection tshop-psm tshop-psm-bdetaildes\" style=\"margin:0px;padding:0px;color:#404040;font-family:tahoma, arial, 微软雅黑, sans-serif;background-color:#FFFFFF;\">\n	<div class=\"content ke-post\" style=\"margin:10px 0px 0px;padding:0px;font-size:14px;font-family:tahoma, arial, 宋体, sans-serif;\">\n		<p>\n			<img align=\"absmiddle\" src=\"https://img.alicdn.com/imgextra/i3/2030650042/TB2waiLcFXXXXboXpXXXXXXXXXX_!!2030650042.gif\" /><img align=\"absmiddle\" src=\"https://img.alicdn.com/imgextra/i4/2030650042/TB24kKQcFXXXXclXXXXXXXXXXXX_!!2030650042.jpg\" /><img align=\"absmiddle\" src=\"https://img.alicdn.com/imgextra/i1/2030650042/TB2u4iNcFXXXXaeXpXXXXXXXXXX_!!2030650042.jpg\" /><img align=\"absmiddle\" src=\"https://img.alicdn.com/imgextra/i3/2030650042/TB26l9ScFXXXXajXXXXXXXXXXXX_!!2030650042.jpg\" /><img align=\"absmiddle\" src=\"https://img.alicdn.com/imgextra/i4/2030650042/TB2fyCKcFXXXXbHXpXXXXXXXXXX_!!2030650042.jpg\" /><img align=\"absmiddle\" src=\"https://img.alicdn.com/imgextra/i3/2030650042/TB2BiItXFXXXXbCXpXXXXXXXXXX_!!2030650042.jpg\" /><img align=\"absmiddle\" src=\"https://img.alicdn.com/imgextra/i4/2030650042/TB2ovOOcFXXXXX7XpXXXXXXXXXX_!!2030650042.jpg\" /><img align=\"absmiddle\" src=\"https://img.alicdn.com/imgextra/i3/2030650042/TB2j35UcFXXXXXlXXXXXXXXXXXX_!!2030650042.jpg\" />\n		</p>\n		<p style=\"text-align:center;\">\n			<img align=\"absMiddle\" src=\"https://img.alicdn.com/imgextra/i1/2030650042/TB2gk8mbVXXXXadXXXXXXXXXXXX_!!2030650042.png\" />\n		</p>\n		<p style=\"text-align:center;\">\n			<img align=\"absmiddle\" src=\"https://img.alicdn.com/imgextra/i4/2030650042/TB2qCuTcFXXXXXFXXXXXXXXXXXX_!!2030650042.jpg\" />\n		</p>\n	</div>\n</div>', '{\"60\":\"{\\\"name\\\":\\\"帽顶款式\\\",\\\"112\\\":\\\"圆顶\\\"}\",\"61\":\"{\\\"name\\\":\\\"款式\\\",\\\"115\\\":\\\"鸭舌帽\\\"}\",\"62\":\"{\\\"name\\\":\\\"风格\\\",\\\"116\\\":\\\"街头\\\"}\",\"63\":\"{\\\"name\\\":\\\"尺码\\\",\\\"118\\\":\\\"可调节（54-60cm）\\\"}\",\"64\":\"{\\\"name\\\":\\\"帽檐款式\\\",\\\"119\\\":\\\"宽檐\\\"}\",\"65\":\"{\\\"name\\\":\\\"檐形\\\",\\\"120\\\":\\\"平檐\\\"}\"}', '{\"1\":\"{\\\"178\\\":\\\"牛仔蓝\\\"}\",\"9\":\"{\\\"164\\\":\\\"可调节大小(54-60cm)\\\"}\"}', '{\"178\":\"/upload/img/store/13/1441088743263.jpg_430x430q90.jpg\"}', '1443066281396', '1443066281396', '1453066281396', '1', '0', '0.00', '0.00', '0.00', '36', '北京市', '1', '北京', null, '0', '3', '11', '2', '0', null, '0'), ('50', 'ddddgrdhfghgjhgjhgjhgjhg', '4rdfgvxvcc', '169', '棒球帽', '142', '格莱帝', '12', '13', '∑SeHun°の店', '1', '227', '{\"1\":\"颜色\",\"9\":\"尺码\"}', null, '', '33.00', '43434324', '1', '1', '30', '0', '1444630085251', '', '', '', '{\"60\":\"{\\\"name\\\":\\\"帽顶款式\\\",\\\"112\\\":\\\"圆顶\\\"}\",\"61\":\"{\\\"name\\\":\\\"款式\\\",\\\"113\\\":\\\"嘻哈帽\\\"}\",\"62\":\"{\\\"name\\\":\\\"风格\\\",\\\"116\\\":\\\"街头\\\"}\",\"63\":\"{\\\"name\\\":\\\"尺码\\\",\\\"118\\\":\\\"可调节（54-60cm）\\\"}\",\"64\":\"{\\\"name\\\":\\\"帽檐款式\\\",\\\"119\\\":\\\"宽檐\\\"}\",\"65\":\"{\\\"name\\\":\\\"檐形\\\",\\\"120\\\":\\\"平檐\\\"}\"}', '{\"1\":\"{\\\"167\\\":\\\"黑色\\\"}\",\"9\":\"{\\\"156\\\":\\\"L\\\"}\"}', '', '1443066281396', '1443066281396', '1453066281396', '1', '0', '0.00', '0.00', '0.00', '75', '秦皇岛市', '3', '河北省', null, '0', '0', '0', '0', '1', null, '1'), ('51', 'test1', 'test1', '147', '高跟鞋', '109', '宝姿', '7', '13', '∑SeHun°の店', '1', '228', '{\"1\":\"颜色\",\"9\":\"尺码\"}', '/upload/img/store/13/1441507883252.jpg', '/upload/img/store/13/1441507883252.jpg,/upload/img/store/13/1441507883354.jpg,/upload/img/store/13/1441507883469.jpg,/upload/img/store/13/1441507883571.jpg,', '22.00', '2323232', '0', '1', '1', '0', '1444630085251', '', '', '', '{\"51\":\"{\\\"name\\\":\\\"风格\\\",\\\"91\\\":\\\"甜美\\\"}\",\"52\":\"{\\\"name\\\":\\\"跟高\\\",\\\"96\\\":\\\"中跟\\\"}\",\"53\":\"{\\\"name\\\":\\\"鞋跟形状\\\",\\\"99\\\":\\\"粗跟\\\"}\",\"54\":\"{\\\"name\\\":\\\"鞋头\\\",\\\"101\\\":\\\"圆头\\\"}\"}', '{\"1\":\"{\\\"174\\\":\\\"白色\\\"}\",\"9\":\"{\\\"156\\\":\\\"L\\\"}\"}', '', '1443066281396', '1443066281396', '1453066281396', '1', '0', '0.00', '0.00', '0.00', '85', '大同市', '4', '山西省', '不合格', '0', '0', '0', '0', '1', null, '0'), ('52', 'test2', 'test2', '169', '棒球帽', '152', '嘻哈小子', '12', '13', '∑SeHun°の店', '1', '229', '{\"9\":\"尺码\",\"1\":\"颜色\"}', null, '', '2222.00', '2323232', '0', '1', '1', '0', '1444630085251', '', '', '', '{\"66\":\"{\\\"name\\\":\\\"帽顶款式\\\",\\\"121\\\":\\\"圆顶\\\"}\",\"67\":\"{\\\"name\\\":\\\"款式\\\",\\\"122\\\":\\\"嘻哈帽\\\"}\",\"68\":\"{\\\"name\\\":\\\"风格\\\",\\\"125\\\":\\\"街头\\\"}\",\"69\":\"{\\\"name\\\":\\\"尺码\\\",\\\"127\\\":\\\"可调节（54-60cm）\\\"}\",\"70\":\"{\\\"name\\\":\\\"帽檐款式\\\",\\\"128\\\":\\\"宽檐\\\"}\",\"71\":\"{\\\"name\\\":\\\"檐形\\\",\\\"129\\\":\\\"平檐\\\"}\"}', '{\"9\":\"{\\\"160\\\":\\\"36\\\"}\",\"1\":\"{\\\"170\\\":\\\"银色\\\"}\"}', '', '1443066281396', '1443066281396', '1453066281396', '1', '0', '0.00', '0.00', '0.00', '40', '天津市', '2', '天津', '不合格', '0', '0', '0', '0', '1', null, '0'), ('53', 'test33', 'test33', '169', '棒球帽', '0', '', '12', '13', '∑SeHun°の店', '1', '231', '{\"9\":\"尺码\",\"1\":\"颜色\"}', '', ',', '33.00', '3424', '0', '1', '1', '1', '1444630085251', '', '', '              	\n              ', '', '{\"9\":\"{\\\"165\\\":\\\"可调节大小\\\"}\",\"1\":\"{\\\"167\\\":\\\"黑色\\\"}\"}', '', '1443066281396', '1443066281396', '1453066281396', '1', '0', '0.00', '0.00', '0.00', '36', '北京市', '1', '北京', 'djshkj', '0', '0', '0', '0', '1', null, '0'), ('54', 'test', 'test33', '172', 'test', '144', 'dfdsf', '13', '13', '∑SeHun°の店', '1', '232', '{\"11\":\"颜色1122\"}', null, '', '22.00', '', '1', '1', '30', '0', '1444630085251', '', '', '', '{\"72\":\"{\\\"name\\\":\\\"test\\\",\\\"130\\\":\\\"1\\\"}\"}', '{\"11\":\"{\\\"183\\\":\\\"白色\\\"}\"}', '', '1443066281396', '1443066281396', '1453066281396', '1', '0', '0.00', '0.00', '0.00', '74', '唐山市', '3', '河北省', null, '0', '0', '0', '0', '1', null, '0'), ('55', 'testtest', 'eeeeeeeeee', '173', 'test1', '0', '', '14', '13', '∑SeHun°の店', '1', '233', '{\"1\":\"颜色\",\"10\":\"选择版本\"}', null, '', '333.00', '32423', '1', '1', '30', '0', '1444630085251', '', '', '', '', '{\"1\":\"{\\\"166\\\":\\\"红色\\\"}\",\"10\":\"{\\\"153\\\":\\\"50英寸2.5年老版\\\"}\"}', '', '1443066281396', '1443066281396', '1453066281396', '1', '0', '0.00', '0.00', '0.00', '40', '天津市', '2', '天津', null, '0', '0', '0', '0', '1', null, '0'), ('56', '123123', '12312', '130', '烹饪锅具', '0', '', '0', '9', '京川牦牛', '0', '234', '', '/upload/img/store/9/1441523657103.jpg', '/upload/img/store/9/1441523657103.jpg,', '123123.00', '123', '1', '1', '30', '0', '1444630085251', '', '', 'asdfasdf', '', '', '', '1443066281396', '1443066281396', '1453066281396', '1', '0', '0.00', '0.00', '0.00', '36', '北京市', '1', '北京', null, '0', '0', '1', '0', '1', null, '0'), ('57', 'eeee', 'eeeee', '147', '高跟鞋', '109', '宝姿', '7', '13', '∑SeHun°の店', '1', '235', '{\"1\":\"颜色\",\"9\":\"尺码\"}', null, '', '22.00', '', '1', '1', '30', '0', '1444630085251', '', '', '', '{\"51\":\"{\\\"name\\\":\\\"风格\\\",\\\"91\\\":\\\"甜美\\\"}\",\"52\":\"{\\\"name\\\":\\\"跟高\\\",\\\"96\\\":\\\"中跟\\\"}\",\"53\":\"{\\\"name\\\":\\\"鞋跟形状\\\",\\\"98\\\":\\\"细跟\\\"}\",\"54\":\"{\\\"name\\\":\\\"鞋头\\\",\\\"100\\\":\\\"尖头\\\"}\"}', '{\"1\":\"{\\\"166\\\":\\\"红色\\\"}\",\"9\":\"{\\\"160\\\":\\\"36\\\"}\"}', '', '1443066281396', '1443066281396', '1453066281396', '1', '0', '0.00', '0.00', '0.00', '36', '北京市', '1', '北京', null, '0', '0', '0', '0', '1', null, '0'), ('58', '平台自营手机1', '平台自营手机1', '24', '手机', '80', null, '1', '0', '平台自营', '1', '246', '{\"6\":\"购买方式\",\"5\":\"容量\",\"4\":\"版本\",\"3\":\"屏幕尺寸\",\"1\":\"颜色\"}', '', '', '5555.00', '1111111111111', '0', '1', '30', '1', '1444630085251', '', '', '              	              	              	              	<div id=\"description\" class=\"J_DetailSection tshop-psm tshop-psm-bdetaildes\" style=\"margin:0px;padding:0px;color:#404040;font-family:tahoma, arial, 微软雅黑, sans-serif;background-color:#FFFFFF;\">\n	<div class=\"content ke-post\" style=\"margin:10px 0px 0px;padding:0px;font-size:14px;font-family:tahoma, arial, 宋体, sans-serif;\">\n		<p>\n			<br class=\"Apple-interchange-newline\" />\n<img alt=\"PC详情后4_03.jpg\" src=\"https://img.alicdn.com/imgextra/i1/2231547606/TB20Ib3dVXXXXaUXXXXXXXXXXXX_!!2231547606.jpg\" /><img alt=\"PC详情后4_04.jpg\" src=\"https://img.alicdn.com/imgextra/i1/2231547606/TB2.C6JdVXXXXbxXpXXXXXXXXXX_!!2231547606.jpg\" />\n		</p>\n		<p>\n			<img alt=\"详情实拍整_01.gif\" src=\"https://img.alicdn.com/imgextra/i2/2231547606/TB2BWIzdVXXXXaMXpXXXXXXXXXX_!!2231547606.gif\" /><img alt=\"详情实拍整_02.gif\" src=\"https://img.alicdn.com/imgextra/i4/2231547606/TB2UtQBdVXXXXabXpXXXXXXXXXX_!!2231547606.gif\" /><img alt=\"详情实拍整_03.gif\" src=\"https://img.alicdn.com/imgextra/i3/2231547606/TB2BpsSdVXXXXXvXXXXXXXXXXXX_!!2231547606.gif\" /><img alt=\"详情实拍整_04.gif\" src=\"https://img.alicdn.com/imgextra/i4/2231547606/TB21_.zdVXXXXaJXpXXXXXXXXXX_!!2231547606.gif\" /><img alt=\"详情实拍整_06.gif\" src=\"https://img.alicdn.com/imgextra/i2/2231547606/TB2hqcCdVXXXXX4XpXXXXXXXXXX_!!2231547606.gif\" /><img alt=\"详情实拍整_07.gif\" src=\"https://img.alicdn.com/imgextra/i1/2231547606/TB2SQ7udVXXXXX0XpXXXXXXXXXX_!!2231547606.gif\" /><img alt=\"详情实拍整_08.gif\" src=\"https://img.alicdn.com/imgextra/i3/2231547606/TB2TAUSdVXXXXXfXXXXXXXXXXXX_!!2231547606.gif\" /><img alt=\"详情实拍整_09.gif\" src=\"https://img.alicdn.com/imgextra/i4/2231547606/TB28_wIdVXXXXcqXXXXXXXXXXXX_!!2231547606.gif\" /><img alt=\"详情实拍整_10.gif\" src=\"https://img.alicdn.com/imgextra/i1/2231547606/TB2Bb.DdVXXXXXUXpXXXXXXXXXX_!!2231547606.gif\" /><img alt=\"详情实拍整_11.jpg\" src=\"https://img.alicdn.com/imgextra/i3/2231547606/TB23fMOdVXXXXasXXXXXXXXXXXX_!!2231547606.jpg\" />\n		</p>\n	</div>\n</div>\n<div id=\"J_DcBottomRightWrap\" style=\"margin:0px;padding:0px;color:#404040;font-family:tahoma, arial, 微软雅黑, sans-serif;background-color:#FFFFFF;\">\n	<div id=\"J_DcBottomRight\" class=\"J_DcAsyn tb-shop\" style=\"margin:0px;padding:0px;\">\n		<div class=\"J_TModule\" id=\"shop11740397893\" style=\"margin:0px;padding:0px;\">\n			<div class=\"skin-box tb-module tshop-pbsm tshop-pbsm-shop-self-defined\" style=\"margin:0px 0px 10px;padding:0px;\">\n				<s class=\"skin-box-tp\"><b></b></s>\n				<div class=\"skin-box-bd clear-fix\" style=\"margin:0px;padding:0px;border:0px solid #E5E5E5;color:#2953A6;\">\n					<span><img src=\"https://gdp.alicdn.com/imgextra/i4/2231547606/TB2PIkRdVXXXXXsXXXXXXXXXXXX_!!2231547606.jpg\" alt=\" 自助流程3.jpg\" />\n					<p>\n						<a href=\"https://lths.tmall.com/p/rd123227.htm?spm=a1z10.5-b.w5002-10852258035.9.bNaZET&scene=taobao_shop\" target=\"_blank\"><img src=\"https://gdp.alicdn.com/imgextra/i3/2231547606/TB2RKtFcVXXXXXqXXXXXXXXXXXX_!!2231547606.jpg\" alt=\" 详情招聘2.jpg\" /></a>\n					</p>\n					<table width=\"790\" height=\"1770\" border=\"0\" cellpadding=\"0\" cellspacing=\"0\" style=\"margin:0px auto;padding:0px;border-collapse:separate;\" class=\"ke-zeroborder\">\n						<tbody>\n							<tr>\n								<td>\n									<img src=\"https://gdp.alicdn.com/imgextra/i1/2231547606/TB2JgoucVXXXXbWXpXXXXXXXXXX_!!2231547606.jpg\" width=\"790\" height=\"484\" alt=\"\" />\n								</td>\n							</tr>\n							<tr>\n								<td>\n									<img src=\"https://gdp.alicdn.com/imgextra/i4/2231547606/TB2YGcYcVXXXXXEXXXXXXXXXXXX_!!2231547606.jpg\" width=\"790\" height=\"664\" alt=\"\" />\n								</td>\n							</tr>\n							<tr>\n								<td>\n									<img src=\"https://gdp.alicdn.com/imgextra/i3/2231547606/TB2ckgWcVXXXXXMXXXXXXXXXXXX_!!2231547606.jpg\" width=\"790\" height=\"622\" alt=\"\" />\n								</td>\n							</tr>\n						</tbody>\n					</table>\n</span>\n				</div>\n			</div>\n		</div>\n	</div>\n</div>\n              \n              \n              \n              ', '{\"43\":\"{\\\"name\\\":\\\"屏幕尺寸\\\",\\\"72\\\":\\\"5.5英寸\\\"}\",\"44\":\"{\\\"name\\\":\\\"分辨率\\\",\\\"75\\\":\\\"1920 x 1080\\\"}\",\"45\":\"{\\\"name\\\":\\\"后置摄像头\\\",\\\"76\\\":\\\"800万像素\\\"}\",\"46\":\"{\\\"name\\\":\\\"前置摄像头\\\",\\\"77\\\":\\\"120万像素\\\"}\"}', '{\"6\":\"{\\\"25\\\":\\\"购机入网送话费\\\"}\",\"5\":\"{\\\"37\\\":\\\"32G\\\"}\",\"4\":\"{\\\"46\\\":\\\"联通4G\\\"}\",\"3\":\"{\\\"11\\\":\\\"5.5\\\"}\",\"1\":\"{\\\"166\\\":\\\"红色\\\",\\\"174\\\":\\\"白色\\\"}\"}', '{\"166\":\"/upload/img/store/0/1441608361053.jpg\",\"174\":\"/upload/img/store/0/1441608383556.jpg\"}', '1443066281396', '1443066281396', '1453066281396', '1', '0', '0.00', '0.00', '0.00', '36', '北京市', '1', '北京', null, '0', '0', '0', '0', '0', null, '0'), ('59', '平台自营连衣裙', '平台自营连衣裙，爆款！！', '135', '连衣裙', '118', null, '6', '0', '平台自营', '1', '318', '{\"1\":\"颜色\",\"9\":\"尺码\"}', '/upload/img/store/0/1441608984283.jpg', '/upload/img/store/0/1441608984283.jpg,/upload/img/store/0/1441608984486.jpg,/upload/img/store/0/1441608984587.jpg,/upload/img/store/0/1441608984721.jpg,', '22.00', '34343434343', '1', '1', '30', '1', '1444630085251', '', '', '              	              	<div id=\"description\" class=\"J_DetailSection tshop-psm tshop-psm-bdetaildes\" style=\"margin:0px;padding:0px;\">\n	<div class=\"content ke-post\" style=\"margin:10px 0px 0px;padding:0px;font-size:14px;font-family:tahoma, arial, 宋体, sans-serif;\">\n		<div style=\"margin:0px auto;padding:0px;\">\n			<table border=\"0\" cellpadding=\"0\" cellspacing=\"0\" width=\"730\" style=\"margin:0px;padding:0px;border-collapse:separate;\" class=\"ke-zeroborder\">\n				<tbody>\n					<tr>\n						<td>\n							<img alt=\"\" height=\"85\" src=\"https://img.alicdn.com/imgextra/i3/112394247/TB274QydXXXXXbsXpXXXXXXXXXX_!!112394247.jpg\" width=\"730\" />\n						</td>\n					</tr>\n				</tbody>\n			</table>\n			<table border=\"0\" cellpadding=\"0\" cellspacing=\"0\" width=\"730\" style=\"margin:0px;padding:0px;border-collapse:separate;\" class=\"ke-zeroborder\">\n				<tbody>\n					<tr>\n						<td>\n							<img align=\"absmiddle\" src=\"https://img.alicdn.com/imgextra/i4/112394247/TB2v6TudVXXXXbcXpXXXXXXXXXX-112394247.jpg\" />\n						</td>\n						<td>\n							<img align=\"absmiddle\" src=\"https://img.alicdn.com/imgextra/i1/112394247/TB2gczGdVXXXXcEXXXXXXXXXXXX-112394247.jpg\" />\n						</td>\n						<td>\n							<img align=\"absmiddle\" src=\"https://img.alicdn.com/imgextra/i1/112394247/TB2_enMdVXXXXa_XXXXXXXXXXXX-112394247.jpg\" />\n						</td>\n					</tr>\n				</tbody>\n			</table>\n		</div>\n		<p style=\"text-align:center;\">\n			<img align=\"absmiddle\" src=\"https://img.alicdn.com/imgextra/i2/112394247/TB2LJjGdVXXXXcLXXXXXXXXXXXX-112394247.jpg\" /><img align=\"absmiddle\" src=\"https://img.alicdn.com/imgextra/i2/112394247/TB2sp_wdVXXXXaWXpXXXXXXXXXX-112394247.jpg\" /><img align=\"absmiddle\" src=\"https://img.alicdn.com/imgextra/i3/112394247/TB256YMdVXXXXa1XXXXXXXXXXXX-112394247.jpg\" /><img align=\"absmiddle\" src=\"https://img.alicdn.com/imgextra/i2/112394247/TB2AJ6zdVXXXXaxXpXXXXXXXXXX-112394247.jpg\" /><img align=\"absmiddle\" src=\"https://img.alicdn.com/imgextra/i2/112394247/TB2xkfsdVXXXXbIXpXXXXXXXXXX-112394247.jpg\" /><img align=\"absmiddle\" src=\"https://img.alicdn.com/imgextra/i3/112394247/TB25nTPdVXXXXaqXXXXXXXXXXXX-112394247.jpg\" /><a href=\"http://detail.tmall.com/item.htm?spm=0.0.0.0.MNh5kL&id=520827646840\" target=\"_blank\"><img align=\"absmiddle\" border=\"0\" src=\"https://img.alicdn.com/imgextra/i1/112394247/TB2ftjPdVXXXXawXXXXXXXXXXXX-112394247.jpg\" /></a><img align=\"absmiddle\" src=\"https://img.alicdn.com/imgextra/i2/112394247/TB2GqzFdVXXXXckXXXXXXXXXXXX-112394247.jpg\" /><img align=\"absmiddle\" src=\"https://img.alicdn.com/imgextra/i3/112394247/TB2owHAdVXXXXaaXpXXXXXXXXXX-112394247.jpg\" /><img align=\"absmiddle\" src=\"https://img.alicdn.com/imgextra/i1/112394247/TB2kRDOdVXXXXaPXXXXXXXXXXXX-112394247.jpg\" /><img align=\"absmiddle\" src=\"https://img.alicdn.com/imgextra/i4/112394247/TB2JaDIdVXXXXcdXXXXXXXXXXXX-112394247.jpg\" /><img align=\"absmiddle\" src=\"https://img.alicdn.com/imgextra/i4/112394247/TB2Z6PFdVXXXXcPXXXXXXXXXXXX-112394247.jpg\" /><img align=\"absmiddle\" src=\"https://img.alicdn.com/imgextra/i2/112394247/TB2X7bFdVXXXXcpXXXXXXXXXXXX-112394247.jpg\" /><img align=\"absmiddle\" src=\"https://img.alicdn.com/imgextra/i1/112394247/TB2QaHGdVXXXXcOXXXXXXXXXXXX-112394247.jpg\" /><img align=\"absmiddle\" src=\"https://img.alicdn.com/imgextra/i3/112394247/TB2Us6FdVXXXXc2XXXXXXXXXXXX-112394247.jpg\" /><img align=\"absmiddle\" src=\"https://img.alicdn.com/imgextra/i4/112394247/TB2mbTRdVXXXXX8XXXXXXXXXXXX-112394247.jpg\" /><img align=\"absmiddle\" src=\"https://img.alicdn.com/imgextra/i3/112394247/TB2zzbGdVXXXXcNXXXXXXXXXXXX-112394247.jpg\" />\n		</p>\n	</div>\n</div>\n<div id=\"J_DcBottomRightWrap\" style=\"margin:0px;padding:0px;\">\n	<div id=\"J_DcBottomRight\" class=\"J_DcAsyn tb-shop\" style=\"margin:0px;padding:0px;background-color:#FFFFFF;\">\n		<div class=\"J_TModule\" id=\"shop3060536310\" style=\"margin:0px;padding:0px;\">\n			<div class=\"skin-box tb-module tshop-pbsm tshop-pbsm-shop-self-defined\" style=\"margin:0px;padding:0px;\">\n				<s class=\"skin-box-tp\"><b></b></s>\n				<div class=\"skin-box-bd clear-fix\" style=\"margin:0px;padding:0px;border:0px solid #E5E5E5;color:#2953A6;\">\n					<table width=\"790\" height=\"333\" border=\"0\" cellpadding=\"0\" cellspacing=\"0\" style=\"margin:0px auto;padding:0px;border-collapse:separate;\" class=\"ke-zeroborder\">\n						<tbody>\n							<tr>\n								<td>\n									<img src=\"https://gdp.alicdn.com/imgextra/i4/112394247/TB2eLb_cpXXXXbgXXXXXXXXXXXX-112394247.jpg\" width=\"132\" height=\"167\" alt=\"\" />\n								</td>\n								<td>\n									<img src=\"https://gdp.alicdn.com/imgextra/i1/112394247/TB2uEL0cpXXXXcdXpXXXXXXXXXX-112394247.jpg\" width=\"131\" height=\"167\" alt=\"\" />\n								</td>\n								<td>\n									<img src=\"https://gdp.alicdn.com/imgextra/i3/112394247/TB23tLZcpXXXXXqXFXXXXXXXXXX-112394247.jpg\" width=\"132\" height=\"167\" alt=\"\" />\n								</td>\n								<td>\n									<img src=\"https://gdp.alicdn.com/imgextra/i1/112394247/TB27dcacpXXXXXlXXXXXXXXXXXX-112394247.jpg\" width=\"132\" height=\"167\" alt=\"\" />\n								</td>\n								<td>\n									<img src=\"https://gdp.alicdn.com/imgextra/i4/112394247/TB2f_T6cpXXXXcwXXXXXXXXXXXX-112394247.jpg\" width=\"131\" height=\"167\" alt=\"\" />\n								</td>\n								<td>\n									<img src=\"https://gdp.alicdn.com/imgextra/i4/112394247/TB2kyb4cpXXXXXTXpXXXXXXXXXX-112394247.jpg\" width=\"132\" height=\"167\" alt=\"\" />\n								</td>\n							</tr>\n							<tr>\n								<td>\n									<img src=\"https://gdp.alicdn.com/imgextra/i4/112394247/TB2Vv63cpXXXXajXpXXXXXXXXXX-112394247.jpg\" width=\"132\" height=\"166\" alt=\"\" />\n								</td>\n								<td>\n									<img src=\"https://gdp.alicdn.com/imgextra/i2/112394247/TB2p0P5cpXXXXc8XXXXXXXXXXXX-112394247.jpg\" width=\"131\" height=\"166\" alt=\"\" />\n								</td>\n								<td>\n									<img src=\"https://gdp.alicdn.com/imgextra/i2/112394247/TB2Lyf_cpXXXXa8XXXXXXXXXXXX-112394247.jpg\" width=\"132\" height=\"166\" alt=\"\" />\n								</td>\n								<td>\n									<img src=\"https://gdp.alicdn.com/imgextra/i4/112394247/TB2yRD6cpXXXXcdXXXXXXXXXXXX-112394247.jpg\" width=\"132\" height=\"166\" alt=\"\" />\n								</td>\n								<td>\n									<img src=\"https://gdp.alicdn.com/imgextra/i3/112394247/TB2vrj8cpXXXXb.XXXXXXXXXXXX-112394247.jpg\" width=\"131\" height=\"166\" alt=\"\" />\n								</td>\n								<td>\n									<img src=\"https://gdp.alicdn.com/imgextra/i3/112394247/TB2pBf2cpXXXXaHXpXXXXXXXXXX-112394247.jpg\" width=\"132\" height=\"166\" alt=\"\" />\n								</td>\n							</tr>\n						</tbody>\n					</table>\n<br class=\"Apple-interchange-newline\" />\n					<table width=\"790\" border=\"0\" cellspacing=\"0\" cellpadding=\"0\" style=\"margin:0px auto;padding:0px;border-collapse:separate;\" class=\"ke-zeroborder\">\n						<tbody>\n							<tr>\n								<td>\n									<img src=\"https://gdp.alicdn.com/imgextra/i1/112394247/TB2pK9hcXXXXXcIXXXXXXXXXXXX-112394247.jpg\" width=\"790\" height=\"525\" />\n								</td>\n							</tr>\n							<tr>\n							</tr>\n						</tbody>\n					</table>\n				</div>\n			</div>\n		</div>\n	</div>\n</div>\n              \n              ', '{\"47\":\"{\\\"name\\\":\\\"风格\\\",\\\"78\\\":\\\"欧美\\\"}\",\"48\":\"{\\\"name\\\":\\\"裙长\\\",\\\"80\\\":\\\"中裙\\\"}\",\"49\":\"{\\\"name\\\":\\\"尺码\\\",\\\"82\\\":\\\"S\\\"}\",\"50\":\"{\\\"name\\\":\\\"材质\\\",\\\"85\\\":\\\"雪纺\\\"}\"}', '{\"1\":\"{\\\"166\\\":\\\"红色\\\"}\",\"9\":\"{\\\"156\\\":\\\"L\\\"}\"}', '{\"166\":\"/upload/img/store/0/1441608904331.jpg\"}', '1443066281396', '1443066281396', '1453066281396', '1', '0', '0.00', '0.00', '0.00', '178', '嘉兴市', '11', '浙江省', null, '0', '0', '0', '0', '0', null, '0'), ('60', '分vffffff', '分vffffff', '135', '连衣裙', '120', null, '6', '0', '平台自营', '1', '248', '{\"1\":\"颜色\",\"9\":\"尺码\"}', null, '', '444.00', '', '1', '1', '30', '0', '1444630085251', '', '', '', '{\"47\":\"{\\\"name\\\":\\\"风格\\\",\\\"78\\\":\\\"欧美\\\"}\",\"48\":\"{\\\"name\\\":\\\"裙长\\\",\\\"79\\\":\\\"短裙\\\"}\",\"49\":\"{\\\"name\\\":\\\"尺码\\\",\\\"82\\\":\\\"S\\\"}\",\"50\":\"{\\\"name\\\":\\\"材质\\\",\\\"85\\\":\\\"雪纺\\\"}\"}', '{\"1\":\"{\\\"178\\\":\\\"牛仔蓝\\\"}\",\"9\":\"{\\\"156\\\":\\\"L\\\"}\"}', '', '1443066281396', '1443066281396', '1453066281396', '1', '0', '0.00', '0.00', '0.00', '85', '大同市', '4', '山西省', null, '0', '0', '0', '0', '1', null, '1'), ('61', '我不喜欢这个世界，我只喜欢你 乔一和F君的暖心故事', '新华书店正版 小说青春小说 文轩网', '176', '小说', '0', '', '15', '13', '∑SeHun°の店', '0', '249', '', '/upload/img/store/13/1441614976536.jpg_430x430q90.jpg', '/upload/img/store/13/1441614976536.jpg_430x430q90.jpg,', '19.50', '34233423432', '1', '1', '30', '0', '1444630085251', '', '', '<div id=\"J_DcTopRightWrap\" style=\"margin:0px;padding:0px;color:#404040;font-family:tahoma, arial, 微软雅黑, sans-serif;background-color:#FFFFFF;\">\n	<div id=\"J_DcTopRight\" class=\"J_DcAsyn tb-shop\" style=\"margin:0px;padding:0px;\">\n		<div class=\"J_TModule\" id=\"shop9425864542\" style=\"margin:0px;padding:0px;\">\n			<div class=\"skin-box tb-module tshop-pbsm tshop-pbsm-shop-self-defined\" style=\"margin:0px;padding:0px;color:black;\">\n				<div class=\"skin-box-bd clear-fix\" style=\"margin:0px;padding:0px;border:0px solid #FFFFFF;color:#2953A6;background:none 0px 0px no-repeat transparent;\">\n					<span>\n					<p>\n						<a href=\"https://detail.tmall.com/item.htm?spm=0.0.0.0.RMLox4&amp;id=521515032990&amp;scene=taobao_shop\" target=\"_blank\"><img src=\"https://gdp.alicdn.com/imgextra/i1/101450072/TB2kw3TeFXXXXcSXpXXXXXXXXXX-101450072.jpg\" alt=\"\" /></a><a href=\"https://detail.tmall.com/item.htm?spm=0.0.0.0.a8rW5o&amp;id=521689394272&amp;scene=taobao_shop\" target=\"_blank\"><img src=\"https://gdp.alicdn.com/imgextra/i4/101450072/TB2y6hDfXXXXXbGXXXXXXXXXXXX-101450072.jpg\" alt=\"\" /></a>\n					</p>\n					<p>\n						<a href=\"https://detail.tmall.com/item.htm?spm=0.0.0.0.AfF86w&amp;id=521369831633&amp;scene=taobao_shop\" target=\"_blank\"><img src=\"https://gdp.alicdn.com/imgextra/i3/101450072/TB2rrpDfXXXXXXtXpXXXXXXXXXX-101450072.jpg\" alt=\"\" /></a>\n					</p>\n					<p>\n						<a href=\"https://detail.tmall.com/item.htm?spm=0.0.0.0.CJlqkb&amp;id=521193877116&amp;scene=taobao_shop\" target=\"_blank\"><img src=\"https://gdp.alicdn.com/imgextra/i3/101450072/TB2FOjbepXXXXc7XXXXXXXXXXXX-101450072.jpg\" alt=\"\" /></a>\n					</p>\n					<p>\n						<a href=\"https://detail.tmall.com/item.htm?spm=0.0.0.0.apI7O7&amp;id=520954881184&amp;scene=taobao_shop\" target=\"_blank\"><img src=\"https://gdp.alicdn.com/imgextra/i2/101450072/TB2IJbFeFXXXXbRXpXXXXXXXXXX-101450072.jpg\" alt=\"\" /></a>\n					</p>\n</span>\n				</div>\n<s class=\"skin-box-bt\"><b></b></s>\n			</div>\n		</div>\n	</div>\n</div>\n<div id=\"description\" class=\"J_DetailSection tshop-psm tshop-psm-bdetaildes\" style=\"margin:0px;padding:0px;color:#404040;font-family:tahoma, arial, 微软雅黑, sans-serif;background-color:#FFFFFF;\">\n	<div class=\"content ke-post\" style=\"margin:10px 0px 0px;padding:0px;font-size:14px;font-family:tahoma, arial, 宋体, sans-serif;\">\n		<img class=\"desc_anchor\" id=\"desc-module-1\" src=\"https://assets.alicdn.com/kissy/1.0.0/build/imglazyload/spaceball.gif\" style=\"height:1px;\" />\n		<table width=\"790\" border=\"0\" cellspacing=\"0\" cellpadding=\"6\" style=\"margin:0px;padding:0px;border-collapse:separate;border:1px solid #CCCCCC;font-size:12px;\" class=\"ke-zeroborder\">\n			<tbody>\n				<tr>\n					<td colspan=\"2\" align=\"left\" style=\"font-size:15px;color:#990000;font-weight:bold;background-color:#FBFBFB;\">\n						&nbsp;&nbsp;商品基本信息,请以下列介绍为准\n					</td>\n				</tr>\n				<tr>\n					<td width=\"107\" align=\"right\" style=\"font-size:14px;color:#666666;background-color:#FBFBFB;\">\n						商品名称：\n					</td>\n					<td width=\"612\" style=\"font-size:14px;\">\n						&nbsp;&nbsp;【全店满99减10】【赠品F君情话卡4张】我不喜欢这个世界，我只喜欢你 乔一和F君的暖心故事 爱情回忆录 青春小说 正版畅销书籍&nbsp;<span style=\"color:#FF0000;\">(1.一个女孩子的真实青春成长恋爱史，温暖、萌爱、搞笑，作者文笔趣妙，令人捧腹大笑，也令人心酸落泪，是爱格图书史上最萌最暖のLove&nbsp;story；)</span>\n					</td>\n				</tr>\n				<tr>\n					<td width=\"107\" align=\"right\" style=\"font-size:14px;color:#666666;background-color:#FBFBFB;\">\n						作者：\n					</td>\n					<td width=\"612\" style=\"font-size:14px;\">\n						&nbsp;&nbsp;\n					</td>\n				</tr>\n				<tr>\n					<td width=\"107\" align=\"right\" style=\"font-size:14px;color:#666666;background-color:#FBFBFB;\">\n						市场价：\n					</td>\n					<td width=\"612\" style=\"font-size:14px;\">\n						&nbsp;&nbsp;29.8元\n					</td>\n				</tr>\n				<tr>\n					<td width=\"107\" align=\"right\" style=\"font-size:14px;color:#666666;background-color:#FBFBFB;\">\n						ISBN号：\n					</td>\n					<td width=\"612\" style=\"font-size:14px;\">\n						&nbsp;&nbsp;9787556212743\n					</td>\n				</tr>\n				<tr>\n					<td width=\"107\" align=\"right\" style=\"font-size:14px;color:#666666;background-color:#FBFBFB;\">\n						出版社：\n					</td>\n					<td width=\"612\" style=\"font-size:14px;\">\n						&nbsp;&nbsp;湖南少年儿童出版社\n					</td>\n				</tr>\n				<tr>\n					<td width=\"107\" align=\"right\" style=\"font-size:14px;color:#666666;background-color:#FBFBFB;\">\n						商品类型：\n					</td>\n					<td width=\"612\" style=\"font-size:14px;\">\n						&nbsp;&nbsp;图书\n					</td>\n				</tr>\n			</tbody>\n		</table>\n<br />\n		<table width=\"790\" border=\"0\" cellspacing=\"0\" cellpadding=\"6\" style=\"margin:0px;padding:0px;border-collapse:separate;border:1px solid #CCCCCC;font-size:12px;\" class=\"ke-zeroborder\">\n			<tbody>\n				<tr>\n					<td colspan=\"3\" align=\"left\" style=\"font-size:14px;color:#990000;font-weight:bold;background-color:#FBFBFB;\">\n						&nbsp;&nbsp;其他参考信息<span>（以实物为准）</span>\n					</td>\n				</tr>\n				<tr>\n					<td width=\"239\" align=\"left\" style=\"font-size:14px;color:#666666;\">\n						&nbsp;&nbsp;装帧：<span>精装</span>\n					</td>\n					<td width=\"239\" align=\"left\" style=\"font-size:14px;color:#666666;\">\n						&nbsp;&nbsp;开本：<span>32开</span>\n					</td>\n					<td width=\"239\" align=\"left\" style=\"font-size:14px;color:#666666;\">\n						&nbsp;&nbsp;语种：<span>中文</span>\n					</td>\n				</tr>\n				<tr>\n					<td align=\"left\" style=\"font-size:14px;color:#666666;\">\n						&nbsp;&nbsp;出版时间：<span>2015-05-01</span>\n					</td>\n					<td align=\"left\" style=\"font-size:14px;color:#666666;\">\n						&nbsp;&nbsp;版次：<span>1</span>\n					</td>\n					<td align=\"left\" style=\"font-size:14px;color:#666666;\">\n						&nbsp;&nbsp;页数：<span>201</span>\n					</td>\n				</tr>\n				<tr>\n					<td align=\"left\" style=\"font-size:14px;color:#666666;\">\n						&nbsp;&nbsp;印刷时间：<span>2015-05-01</span>\n					</td>\n					<td align=\"left\" style=\"font-size:14px;color:#666666;\">\n						&nbsp;&nbsp;印次：<span>1</span>\n					</td>\n					<td align=\"left\" style=\"font-size:14px;color:#666666;\">\n						&nbsp;&nbsp;字数：<span>130.00千字</span>\n					</td>\n				</tr>\n			</tbody>\n		</table>\n<br />\n<img class=\"desc_anchor\" id=\"desc-module-2\" src=\"https://assets.alicdn.com/kissy/1.0.0/build/imglazyload/spaceball.gif\" style=\"height:1px;\" />\n		<table width=\"790\" border=\"0\" cellspacing=\"0\" cellpadding=\"6\" style=\"margin:0px;padding:0px;border-collapse:separate;border:1px solid #CCCCCC;font-size:12px;\" class=\"ke-zeroborder\">\n			<tbody>\n				<tr>\n					<td colspan=\"2\" align=\"left\" style=\"font-size:14px;color:#990000;font-weight:bold;background-color:#FBFBFB;\">\n						&nbsp;&nbsp;目录\n					</td>\n				</tr>\n				<tr>\n					<td colspan=\"2\" align=\"left\" style=\"color:#666666;\">\n						第一章&nbsp;和摩羯男谈恋爱大概是这样的&nbsp;<br />\n第二章&nbsp;同桌的他&nbsp;<br />\n第三章&nbsp;逗比兄妹的日常&nbsp;<br />\n第四章&nbsp;眼前人是心上人&nbsp;<br />\n第五章&nbsp;我的朋友郝五一小姐&nbsp;<br />\n第七章&nbsp;三件小事&nbsp;<br />\n第八章&nbsp;和摩羯男吵架大概是这样的&nbsp;<br />\n第九章&nbsp;非法同居&nbsp;<br />\n第十二章&nbsp;人间好时节&nbsp;<br />\n第十三章&nbsp;从你生命里路过&nbsp;<br />\n第十四章&nbsp;小刀同学的去与留&nbsp;<br />\n第十五章&nbsp;浮生半日闲&nbsp;<br />\n第十六章&nbsp;杀死那些玛丽苏&nbsp;<br />\n第十七章&nbsp;提问与回答&nbsp;<br />\n第十八章&nbsp;在这什么都善变的人世间，我想看一下永远&nbsp;<br />\n附录&nbsp;F君采访&nbsp;<br />\n					</td>\n				</tr>\n			</tbody>\n		</table>\n<br />\n<img class=\"desc_anchor\" id=\"desc-module-3\" src=\"https://assets.alicdn.com/kissy/1.0.0/build/imglazyload/spaceball.gif\" style=\"height:1px;\" />\n		<table width=\"790\" border=\"0\" cellspacing=\"0\" cellpadding=\"6\" style=\"margin:0px;padding:0px;border-collapse:separate;border:1px solid #CCCCCC;font-size:12px;\" class=\"ke-zeroborder\">\n			<tbody>\n				<tr>\n					<td colspan=\"2\" align=\"left\" style=\"font-size:14px;color:#990000;font-weight:bold;background-color:#FBFBFB;\">\n						&nbsp;&nbsp;内容简介\n					</td>\n				</tr>\n				<tr>\n					<td colspan=\"2\" align=\"left\" style=\"color:#666666;\">\n						《我不喜欢这世界，我只喜欢你》原载于天涯，是天涯年度热帖之一，受到众多网友追捧。这是一对恋人的爱情回忆录，记载了两位恋人之间又温暖又萌爱的小故事。作者以轻松幽默的文笔真实记录了一个女孩在青春成长中所遭遇的一切问题，慢慢变得坚强、独立，以及一个男孩长达十年的守护。从学生时代的青涩懵懂到步入婚姻后的甜蜜趣事，平凡而不平淡。从生活点滴中汲取爱与元气，充满趣味的片段让读者会心一笑。让人明白爱情可以如此甜蜜，生活也可以如此温暖。\n					</td>\n				</tr>\n			</tbody>\n		</table>\n<br />\n<img class=\"desc_anchor\" id=\"desc-module-4\" src=\"https://assets.alicdn.com/kissy/1.0.0/build/imglazyload/spaceball.gif\" style=\"height:1px;\" />\n		<table width=\"790\" border=\"0\" cellspacing=\"0\" cellpadding=\"6\" style=\"margin:0px;padding:0px;border-collapse:separate;border:1px solid #CCCCCC;font-size:12px;\" class=\"ke-zeroborder\">\n			<tbody>\n				<tr>\n					<td colspan=\"2\" align=\"left\" style=\"font-size:14px;color:#990000;font-weight:bold;background-color:#FBFBFB;\">\n						&nbsp;&nbsp;作者简介\n					</td>\n				</tr>\n				<tr>\n					<td colspan=\"2\" align=\"left\" style=\"color:#666666;\">\n						乔一，广受网友追捧的网络红人，“爱格”签约作家。智勇双不全的巨蟹女。从事媒体业，现居北京。\n					</td>\n				</tr>\n			</tbody>\n		</table>\n<br />\n	</div>\n</div>\n<div id=\"J_DcBottomRightWrap\" style=\"margin:0px;padding:0px;color:#404040;font-family:tahoma, arial, 微软雅黑, sans-serif;background-color:#FFFFFF;\">\n	<div id=\"J_DcBottomRight\" class=\"J_DcAsyn tb-shop\" style=\"margin:0px;padding:0px;\">\n		<div class=\"J_TModule\" id=\"shop12085914306\" style=\"margin:0px;padding:0px;\">\n			<div class=\"skin-box tb-module tshop-pbsm tshop-pbsm-shop-self-defined\" style=\"margin:0px;padding:0px;color:black;\">\n				<s class=\"skin-box-tp\"><b></b></s>\n				<div class=\"skin-box-bd clear-fix\" style=\"margin:0px;padding:0px;border:0px solid #FFFFFF;color:#2953A6;background:none 0px 0px no-repeat transparent;\">\n					<span>\n					<p>\n						<img src=\"https://gdp.alicdn.com/imgextra/i3/101450072/TB2oc2neVXXXXcgXpXXXXXXXXXX-101450072.jpg\" width=\"790\" height=\"80\" border=\"0\" />\n					</p>\n					<table border=\"0\" style=\"margin:0px auto;padding:0px;border-collapse:separate;width:790px;height:10px;\" class=\"ke-zeroborder\">\n						<tbody>\n							<tr>\n								<td>\n									&nbsp;\n								</td>\n							</tr>\n						</tbody>\n					</table>\n					<p>\n						<img src=\"https://gdp.alicdn.com/imgextra/i3/101450072/TB2ZD6meVXXXXckXpXXXXXXXXXX-101450072.jpg\" width=\"790\" height=\"80\" border=\"0\" />\n					</p>\n</span>\n				</div>\n			</div>\n		</div>\n	</div>\n</div>\n<br />', '{\"73\":\"{\\\"name\\\":\\\"是否是套装\\\",\\\"134\\\":\\\"否\\\"}\",\"74\":\"{\\\"name\\\":\\\"出版社名称\\\",\\\"135\\\":\\\"湖南文艺出版社\\\"}\"}', '', '', '1443066281396', '1443066281396', '1453066281396', '1', '0', '0.00', '0.00', '0.00', '40', '天津市', '2', '天津', null, '0', '0', '1', '0', '0', null, '0');
INSERT INTO `shop_goods` VALUES ('62', 'dfg ', 'rtreterterte', '147', '高跟鞋', '118', '康妮雅', '7', '15', 'gyh97dedian', '1', '250', '{\"1\":\"颜色\",\"9\":\"尺码\"}', '/upload/img/store/15/1441678393759.jpg', '/upload/img/store/15/1441678393759.jpg,/upload/img/store/15/1441678393861.jpg,/upload/img/store/15/1441678393961.jpg,', '55.00', '43434343', '1', '1', '30', '0', '1444630085251', '', '', '', '{\"51\":\"{\\\"name\\\":\\\"风格\\\",\\\"91\\\":\\\"甜美\\\"}\",\"52\":\"{\\\"name\\\":\\\"跟高\\\",\\\"97\\\":\\\"高跟\\\"}\",\"53\":\"{\\\"name\\\":\\\"鞋跟形状\\\",\\\"99\\\":\\\"粗跟\\\"}\",\"54\":\"{\\\"name\\\":\\\"鞋头\\\",\\\"102\\\":\\\"鱼嘴头\\\"}\"}', '{\"1\":\"{\\\"166\\\":\\\"红色\\\"}\",\"9\":\"{\\\"160\\\":\\\"36\\\"}\"}', '', '1443066281396', '1443066281396', '1453066281396', '1', '0', '0.00', '0.00', '0.00', '40', '天津市', '2', '天津', null, '0', '0', '2', '0', '1', null, '0'), ('63', '我不喜欢这个世界，我只喜欢你 乔一和F君的暖心故事 爱情回忆录 青春小说 正版畅销书籍', '新华书店正版 小说青春小说 文轩网', '176', '小说', '0', '', '15', '13', 'SEHun店', '0', '251', '', '/upload/img/store/13/1441784332294.jpg_430x430q90.jpg', '/upload/img/store/13/1441784332294.jpg_430x430q90.jpg,', '19.50', '34324234', '1', '1', '30', '0', '1444630085251', '', '', '<div id=\"mall-banner\" style=\"margin:0px;padding:0px;color:#404040;font-family:tahoma, arial, 微软雅黑, sans-serif;background-color:#FFFFFF;\">\n	<div class=\"j-mdv\" style=\"margin:0px;padding:0px;\">\n		<a href=\"https://www.tmall.com/go/market/promotion-act/jinkouguan.php?acm=lb-tms-1235446-60714.1003.4.229472&amp;spm=a2156.1216302.1998062051.2.LZwWWW&amp;scm=1003.4.lb-tms-1235446-60714.ITEM_45040515550_229472\" target=\"_blank\"><img src=\"https://img.alicdn.com/imgextra/i1/1014846533/TB2lNfgeVXXXXakXXXXXXXXXXXX_!!1014846533.jpg\" alt=\"\" /></a>\n	</div>\n</div>\n<div id=\"J_TmpActBanner\" style=\"margin:0px;padding:0px;color:#404040;font-family:tahoma, arial, 微软雅黑, sans-serif;background-color:#FFFFFF;\">\n</div>\n<div id=\"J_DcTopRightWrap\" style=\"margin:0px;padding:0px;color:#404040;font-family:tahoma, arial, 微软雅黑, sans-serif;background-color:#FFFFFF;\">\n	<div id=\"J_DcTopRight\" class=\"J_DcAsyn tb-shop\" style=\"margin:0px;padding:0px;\">\n		<div class=\"J_TModule\" id=\"shop10127718399\" style=\"margin:0px;padding:0px;\">\n			<div class=\"skin-box tb-module tshop-pbsm tshop-pbsm-shop-self-defined\" style=\"margin:0px;padding:0px;color:black;\">\n				<s class=\"skin-box-tp\"><b></b></s>\n				<div class=\"skin-box-bd clear-fix\" style=\"margin:0px;padding:0px;border:0px solid #FFFFFF;color:#2953A6;background:none 0px 0px no-repeat transparent;\">\n					<span><a href=\"https://winshare.tmall.com/p/rd240544.htm?scene=taobao_shop\" target=\"_blank\"><img src=\"https://gdp.alicdn.com/imgextra/i4/101450072/TB2Ayd4fXXXXXboXpXXXXXXXXXX-101450072.jpg\" alt=\" 790-240 (2)\" /></a><br />\n</span>\n				</div>\n<s class=\"skin-box-bt\"><b></b></s>\n			</div>\n		</div>\n		<div class=\"J_TModule\" id=\"shop11720682107\" style=\"margin:0px;padding:0px;\">\n			<div class=\"skin-box tb-module tshop-pbsm tshop-pbsm-shop-self-defined\" style=\"margin:0px;padding:0px;color:black;\">\n				<s class=\"skin-box-tp\"><b></b></s>\n				<div class=\"skin-box-bd clear-fix\" style=\"margin:0px;padding:0px;border:0px solid #FFFFFF;color:#2953A6;background:none 0px 0px no-repeat transparent;\">\n					<span>\n					<div class=\"stylish-pro\" style=\"margin:0px;padding:0px;\">\n						<img class=\"stylish-title-img\" src=\"https://gdp.alicdn.com/imgextra/i3/101450072/TB2r_MrcXXXXXazXpXXXXXXXXXX-101450072.jpg\" style=\"height:70px;width:790px;\" />\n						<ul class=\"stylish-pro-list\">\n							<li style=\"background:#FFF4E4;\">\n								<div class=\"pro-img\" style=\"margin:0px;padding:0px;background:#FFFFFF;\">\n									<a href=\"https://detail.tmall.com/item.htm?spm=0.0.0.0.GDTbJ2&amp;id=39154613691&amp;scene=taobao_shop\" target=\"_blank\"><img alt=\"三体全集123全套共3册\" src=\"https://gdp.alicdn.com/bao/uploaded/i3/T1C51fFPhaXXXXXXXX_!!0-item_pic.jpg_430x430q90.jpg\" title=\"三体全集123全套共3册\" style=\"width:160px;height:160px;\" /></a>\n								</div>\n								<p class=\"name\" style=\"text-align:center;\">\n									<a href=\"https://detail.tmall.com/item.htm?spm=0.0.0.0.GDTbJ2&amp;id=39154613691&amp;scene=taobao_shop\" target=\"_blank\">三体全集123全套共3册</a>\n								</p>\n								<p class=\"desc\" style=\"text-align:center;color:#666666;\">\n									刘慈欣雨果奖获奖作品\n								</p>\n								<div class=\"opt\" style=\"margin:0px;padding:0px;\">\n									<span class=\"hotsale\" style=\"color:#FFFFFF;font-weight:700;font-family:\'microsoft yahei\';line-height:18px;background:#FF3E3E;\">热销:21096册</span><a class=\"btn-get\" href=\"https://detail.tmall.com/item.htm?spm=0.0.0.0.GDTbJ2&amp;id=39154613691&amp;scene=taobao_shop\" target=\"_blank\"><img src=\"https://gdp.alicdn.com/imgextra/i4/101450072/TB2rNgrcXXXXXbmXpXXXXXXXXXX-101450072.png\" /></a>\n								</div>\n<img class=\"mark\" src=\"https://gdp.alicdn.com/imgextra/i3/101450072/TB25OZxcXXXXXbWXXXXXXXXXXXX-101450072.png\" style=\"width:44px;height:44px;\" />\n							</li>\n							<li style=\"background:#FFF4E4;\">\n								<div class=\"pro-img\" style=\"margin:0px;padding:0px;background:#FFFFFF;\">\n									<a href=\"https://detail.tmall.com/item.htm?spm=0.0.0.0.TAwcQR&amp;id=10912235136&amp;scene=taobao_shop\" target=\"_blank\"><img alt=\"百年孤独\" src=\"https://gdp.alicdn.com/bao/uploaded/i2/T1DtiqXpxgXXXXXXXX_!!0-item_pic.jpg_180x180q90.jpg\" title=\"百年孤独\" style=\"width:160px;height:160px;\" /></a>\n								</div>\n								<p class=\"name\" style=\"text-align:center;\">\n									<a href=\"https://detail.tmall.com/item.htm?spm=0.0.0.0.TAwcQR&amp;id=10912235136&amp;scene=taobao_shop\" target=\"_blank\">百年孤独</a>\n								</p>\n								<p class=\"desc\" style=\"text-align:center;color:#666666;\">\n									缔造文坛传奇与文学奇迹\n								</p>\n								<div class=\"opt\" style=\"margin:0px;padding:0px;\">\n									<span class=\"hotsale\" style=\"color:#FFFFFF;font-weight:700;font-family:\'microsoft yahei\';line-height:18px;background:#FF3E3E;\">热销:125579册</span><a class=\"btn-get\" href=\"https://detail.tmall.com/item.htm?spm=0.0.0.0.TAwcQR&amp;id=10912235136&amp;scene=taobao_shop\" target=\"_blank\"><img src=\"https://gdp.alicdn.com/imgextra/i4/101450072/TB2rNgrcXXXXXbmXpXXXXXXXXXX-101450072.png\" /></a>\n								</div>\n<img class=\"mark\" src=\"https://gdp.alicdn.com/imgextra/i3/101450072/TB25OZxcXXXXXbWXXXXXXXXXXXX-101450072.png\" style=\"width:44px;height:44px;\" />\n							</li>\n							<li style=\"background:#FFF4E4;\">\n								<div class=\"pro-img\" style=\"margin:0px;padding:0px;background:#FFFFFF;\">\n									<a href=\"https://detail.tmall.com/item.htm?spm=0.0.0.0.BRLssq&amp;id=41249428334&amp;scene=taobao_shop\" target=\"_blank\"><img alt=\"阿弥陀佛么么哒\" src=\"https://gdp.alicdn.com/bao/uploaded/i4/TB1FN7gIFXXXXabXVXXXXXXXXXX_!!0-item_pic.jpg_430x430q90.jpg\" title=\"阿弥陀佛么么哒\" style=\"width:160px;height:160px;\" /></a>\n								</div>\n								<p class=\"name\" style=\"text-align:center;\">\n									<a href=\"https://detail.tmall.com/item.htm?spm=0.0.0.0.BRLssq&amp;id=41249428334&amp;scene=taobao_shop\" target=\"_blank\">阿弥陀佛么么哒</a>\n								</p>\n								<p class=\"desc\" style=\"text-align:center;color:#666666;\">\n									大冰2015新作，独家限量超大海报\n								</p>\n								<div class=\"opt\" style=\"margin:0px;padding:0px;\">\n									<span class=\"hotsale\" style=\"color:#FFFFFF;font-weight:700;font-family:\'microsoft yahei\';line-height:18px;background:#FF3E3E;\">热销:9725册</span><a class=\"btn-get\" href=\"https://detail.tmall.com/item.htm?spm=0.0.0.0.BRLssq&amp;id=41249428334&amp;scene=taobao_shop\" target=\"_blank\"><img src=\"https://gdp.alicdn.com/imgextra/i4/101450072/TB2rNgrcXXXXXbmXpXXXXXXXXXX-101450072.png\" /></a>\n								</div>\n<img class=\"mark\" src=\"https://gdp.alicdn.com/imgextra/i3/101450072/TB25OZxcXXXXXbWXXXXXXXXXXXX-101450072.png\" style=\"width:44px;height:44px;\" />\n							</li>\n							<li style=\"background:#FFF4E4;\">\n								<div class=\"pro-img\" style=\"margin:0px;padding:0px;background:#FFFFFF;\">\n									<a href=\"https://detail.tmall.com/item.htm?spm=0.0.0.0.TAwcQR&amp;id=2253454028&amp;scene=taobao_shop\" target=\"_blank\"><img alt=\"人性的弱点全集(新版)\" src=\"https://gdp.alicdn.com/bao/uploaded/i7/T1hRP5XhJdXXXwx9M5_060111.jpg_180x180q90.jpg\" title=\"人性的弱点全集(新版)\" style=\"width:160px;height:160px;\" /></a>\n								</div>\n								<p class=\"name\" style=\"text-align:center;\">\n									<a href=\"https://detail.tmall.com/item.htm?spm=0.0.0.0.TAwcQR&amp;id=2253454028&amp;scene=taobao_shop\" target=\"_blank\">人性的弱点全集(新版)</a>\n								</p>\n								<p class=\"desc\" style=\"text-align:center;color:#666666;\">\n									20世纪最伟大心灵导师戴尔·卡耐基生前巨作\n								</p>\n								<div class=\"opt\" style=\"margin:0px;padding:0px;\">\n									<span class=\"hotsale\" style=\"color:#FFFFFF;font-weight:700;font-family:\'microsoft yahei\';line-height:18px;background:#FF3E3E;\">热销:102976册</span><a class=\"btn-get\" href=\"https://detail.tmall.com/item.htm?spm=0.0.0.0.TAwcQR&amp;id=2253454028&amp;scene=taobao_shop\" target=\"_blank\"><img src=\"https://gdp.alicdn.com/imgextra/i4/101450072/TB2rNgrcXXXXXbmXpXXXXXXXXXX-101450072.png\" /></a>\n								</div>\n<img class=\"mark\" src=\"https://gdp.alicdn.com/imgextra/i3/101450072/TB25OZxcXXXXXbWXXXXXXXXXXXX-101450072.png\" style=\"width:44px;height:44px;\" />\n							</li>\n							<li style=\"background:#FFF4E4;\">\n								<div class=\"pro-img\" style=\"margin:0px;padding:0px;background:#FFFFFF;\">\n									<a href=\"https://detail.tmall.com/item.htm?spm=0.0.0.0.TAwcQR&amp;id=15839960304&amp;scene=taobao_shop\" target=\"_blank\"><img alt=\"平凡的世界全三册\" src=\"https://gdp.alicdn.com/bao/uploaded/i1/TB1jP2tGXXXXXabaXXXXXXXXXXX_!!0-item_pic.jpg_180x180q90.jpg\" title=\"平凡的世界全三册\" style=\"width:160px;height:160px;\" /></a>\n								</div>\n								<p class=\"name\" style=\"text-align:center;\">\n									<a href=\"https://detail.tmall.com/item.htm?spm=0.0.0.0.TAwcQR&amp;id=15839960304&amp;scene=taobao_shop\" target=\"_blank\">平凡的世界全三册</a>\n								</p>\n								<p class=\"desc\" style=\"text-align:center;color:#666666;\">\n									茅盾文学奖皇冠上的明珠\n								</p>\n								<div class=\"opt\" style=\"margin:0px;padding:0px;\">\n									<span class=\"hotsale\" style=\"color:#FFFFFF;font-weight:700;font-family:\'microsoft yahei\';line-height:18px;background:#FF3E3E;\">热销:80215册</span><a class=\"btn-get\" href=\"https://detail.tmall.com/item.htm?spm=0.0.0.0.TAwcQR&amp;id=15839960304&amp;scene=taobao_shop\" target=\"_blank\"><img src=\"https://gdp.alicdn.com/imgextra/i4/101450072/TB2rNgrcXXXXXbmXpXXXXXXXXXX-101450072.png\" /></a>\n								</div>\n<img class=\"mark\" src=\"https://gdp.alicdn.com/imgextra/i3/101450072/TB25OZxcXXXXXbWXXXXXXXXXXXX-101450072.png\" style=\"width:44px;height:44px;\" />\n							</li>\n							<li style=\"background:#FFF4E4;\">\n								<div class=\"pro-img\" style=\"margin:0px;padding:0px;background:#FFFFFF;\">\n									<a href=\"https://detail.tmall.com/item.htm?spm=0.0.0.0.TAwcQR&amp;id=6336619860&amp;scene=taobao_shop\" target=\"_blank\"><img alt=\"麦田里的守望者中文\" src=\"https://gdp.alicdn.com/bao/uploaded/i4/TB1NHcoGpXXXXc2XFXXXXXXXXXX_!!0-item_pic.jpg_180x180q90.jpg\" title=\"麦田里的守望者中文\" style=\"width:160px;height:160px;\" /></a>\n								</div>\n								<p class=\"name\" style=\"text-align:center;\">\n									<a href=\"https://detail.tmall.com/item.htm?spm=0.0.0.0.TAwcQR&amp;id=6336619860&amp;scene=taobao_shop\" target=\"_blank\">麦田里的守望者中文</a>\n								</p>\n								<p class=\"desc\" style=\"text-align:center;color:#666666;\">\n									杰罗姆塞林格唯一的长篇小说\n								</p>\n								<div class=\"opt\" style=\"margin:0px;padding:0px;\">\n									<span class=\"hotsale\" style=\"color:#FFFFFF;font-weight:700;font-family:\'microsoft yahei\';line-height:18px;background:#FF3E3E;\">热销:78543册</span><a class=\"btn-get\" href=\"https://detail.tmall.com/item.htm?spm=0.0.0.0.TAwcQR&amp;id=6336619860&amp;scene=taobao_shop\" target=\"_blank\"><img src=\"https://gdp.alicdn.com/imgextra/i4/101450072/TB2rNgrcXXXXXbmXpXXXXXXXXXX-101450072.png\" /></a>\n								</div>\n<img class=\"mark\" src=\"https://gdp.alicdn.com/imgextra/i3/101450072/TB25OZxcXXXXXbWXXXXXXXXXXXX-101450072.png\" style=\"width:44px;height:44px;\" />\n							</li>\n							<li style=\"background:#FFF4E4;\">\n								<div class=\"pro-img\" style=\"margin:0px;padding:0px;background:#FFFFFF;\">\n									<a href=\"https://detail.tmall.com/item.htm?id=520362439035&amp;spm=0.0.0.0.LiIHqc&amp;scene=taobao_shop\" target=\"_blank\"><img alt=\"秘密花园\" src=\"https://gdp.alicdn.com/bao/uploaded/i4/TB1TxB1IpXXXXbdXXXXXXXXXXXX_!!0-item_pic.jpg_430x430q90.jpg\" title=\"秘密花园\" style=\"width:160px;height:160px;\" /></a>\n								</div>\n								<p class=\"name\" style=\"text-align:center;\">\n									<a href=\"https://detail.tmall.com/item.htm?id=520362439035&amp;spm=0.0.0.0.LiIHqc&amp;scene=taobao_shop\" target=\"_blank\">秘密花园</a>\n								</p>\n								<p class=\"desc\" style=\"text-align:center;color:#666666;\">\n									全球最火探索奇境的手绘涂色书\n								</p>\n								<div class=\"opt\" style=\"margin:0px;padding:0px;\">\n									<span class=\"hotsale\" style=\"color:#FFFFFF;font-weight:700;font-family:\'microsoft yahei\';line-height:18px;background:#FF3E3E;\">热销:65399册</span><a class=\"btn-get\" href=\"https://detail.tmall.com/item.htm?id=520362439035&amp;spm=0.0.0.0.LiIHqc&amp;scene=taobao_shop\" target=\"_blank\"><img src=\"https://gdp.alicdn.com/imgextra/i4/101450072/TB2rNgrcXXXXXbmXpXXXXXXXXXX-101450072.png\" /></a>\n								</div>\n<img class=\"mark\" src=\"https://gdp.alicdn.com/imgextra/i3/101450072/TB25OZxcXXXXXbWXXXXXXXXXXXX-101450072.png\" style=\"width:44px;height:44px;\" />\n							</li>\n							<li style=\"background:#FFF4E4;\">\n								<div class=\"pro-img\" style=\"margin:0px;padding:0px;background:#FFFFFF;\">\n									<a href=\"https://detail.tmall.com/item.htm?spm=0.0.0.0.w6GCDo&amp;id=10830460172&amp;scene=taobao_shop\" target=\"_blank\"><img alt=\"窗边的小豆豆\" src=\"https://gdp.alicdn.com/bao/uploaded/i4/T1MwooXa0gXXXXXXXX_!!0-item_pic.jpg_180x180q90.jpg\" title=\"窗边的小豆豆\" style=\"width:160px;height:160px;\" /></a>\n								</div>\n								<p class=\"name\" style=\"text-align:center;\">\n									<a href=\"https://detail.tmall.com/item.htm?spm=0.0.0.0.w6GCDo&amp;id=10830460172&amp;scene=taobao_shop\" target=\"_blank\">窗边的小豆豆</a>\n								</p>\n								<p class=\"desc\" style=\"text-align:center;color:#666666;\">\n									2013年最受青少年喜爱的100本书之一\n								</p>\n								<div class=\"opt\" style=\"margin:0px;padding:0px;\">\n									<span class=\"hotsale\" style=\"color:#FFFFFF;font-weight:700;font-family:\'microsoft yahei\';line-height:18px;background:#FF3E3E;\">热销:47308册</span><a class=\"btn-get\" href=\"https://detail.tmall.com/item.htm?spm=0.0.0.0.w6GCDo&amp;id=10830460172&amp;scene=taobao_shop\" target=\"_blank\"><img src=\"https://gdp.alicdn.com/imgextra/i4/101450072/TB2rNgrcXXXXXbmXpXXXXXXXXXX-101450072.png\" /></a>\n								</div>\n<img class=\"mark\" src=\"https://gdp.alicdn.com/imgextra/i3/101450072/TB25OZxcXXXXXbWXXXXXXXXXXXX-101450072.png\" style=\"width:44px;height:44px;\" />\n							</li>\n							<li style=\"background:#FFF4E4;\">\n								<div class=\"pro-img\" style=\"margin:0px;padding:0px;background:#FFFFFF;\">\n									<a href=\"https://detail.tmall.com/item.htm?spm=0.0.0.0.w6GCDo&amp;id=36005706426&amp;scene=taobao_shop\" target=\"_blank\"><img alt=\"从你的全世界路过\" src=\"https://gdp.alicdn.com/bao/uploaded/i2/TB1fokNFVXXXXaAXVXXXXXXXXXX_!!0-item_pic.jpg_180x180q90.jpg\" title=\"从你的全世界路过\" style=\"width:160px;height:160px;\" /></a>\n								</div>\n								<p class=\"name\" style=\"text-align:center;\">\n									<a href=\"https://detail.tmall.com/item.htm?spm=0.0.0.0.w6GCDo&amp;id=36005706426&amp;scene=taobao_shop\" target=\"_blank\">从你的全世界路过</a>\n								</p>\n								<p class=\"desc\" style=\"text-align:center;color:#666666;\">\n									在张嘉佳的故事里找到自己\n								</p>\n								<div class=\"opt\" style=\"margin:0px;padding:0px;\">\n									<span class=\"hotsale\" style=\"color:#FFFFFF;font-weight:700;font-family:\'microsoft yahei\';line-height:18px;background:#FF3E3E;\">热销:41317册</span><a class=\"btn-get\" href=\"https://detail.tmall.com/item.htm?spm=0.0.0.0.w6GCDo&amp;id=36005706426&amp;scene=taobao_shop\" target=\"_blank\"><img src=\"https://gdp.alicdn.com/imgextra/i4/101450072/TB2rNgrcXXXXXbmXpXXXXXXXXXX-101450072.png\" /></a>\n								</div>\n<img class=\"mark\" src=\"https://gdp.alicdn.com/imgextra/i3/101450072/TB25OZxcXXXXXbWXXXXXXXXXXXX-101450072.png\" style=\"width:44px;height:44px;\" />\n							</li>\n							<li style=\"background:#FFF4E4;\">\n								<div class=\"pro-img\" style=\"margin:0px;padding:0px;background:#FFFFFF;\">\n									<a href=\"https://detail.tmall.com/item.htm?id=45326587735&amp;spm=0.0.0.0.LiIHqc&amp;scene=taobao_shop\" target=\"_blank\"><img alt=\"解忧杂货店\" src=\"https://gdp.alicdn.com/bao/uploaded/i4/T12iOKFJVXXXXXXXXX_!!0-item_pic.jpg_180x180q90.jpg\" title=\"解忧杂货店\" style=\"width:160px;height:160px;\" /></a>\n								</div>\n								<p class=\"name\" style=\"text-align:center;\">\n									<a href=\"https://detail.tmall.com/item.htm?id=45326587735&amp;spm=0.0.0.0.LiIHqc&amp;scene=taobao_shop\" target=\"_blank\">解忧杂货店</a>\n								</p>\n								<p class=\"desc\" style=\"text-align:center;color:#666666;\">\n									东野圭吾最受欢迎作品\n								</p>\n								<div class=\"opt\" style=\"margin:0px;padding:0px;\">\n									<span class=\"hotsale\" style=\"color:#FFFFFF;font-weight:700;font-family:\'microsoft yahei\';line-height:18px;background:#FF3E3E;\">热销:26882册</span><a class=\"btn-get\" href=\"https://detail.tmall.com/item.htm?id=45326587735&amp;spm=0.0.0.0.LiIHqc&amp;scene=taobao_shop\" target=\"_blank\"><img src=\"https://gdp.alicdn.com/imgextra/i4/101450072/TB2rNgrcXXXXXbmXpXXXXXXXXXX-101450072.png\" /></a>\n								</div>\n<img class=\"mark\" src=\"https://gdp.alicdn.com/imgextra/i3/101450072/TB25OZxcXXXXXbWXXXXXXXXXXXX-101450072.png\" style=\"width:44px;height:44px;\" />\n							</li>\n							<li style=\"background:#FFF4E4;\">\n								<div class=\"pro-img\" style=\"margin:0px;padding:0px;background:#FFFFFF;\">\n									<a href=\"https://detail.tmall.com/item.htm?spm=0.0.0.0.We2tsT&amp;id=45721055738&amp;scene=taobao_shop\" target=\"_blank\"><img alt=\"我敢在你怀里孤独\" src=\"https://gdp.alicdn.com/bao/uploaded/i4/TB1QkiPIFXXXXcSXFXXXXXXXXXX_!!0-item_pic.jpg_430x430q90.jpg\" title=\"我敢在你怀里孤独\" style=\"width:160px;height:160px;\" /></a>\n								</div>\n								<p class=\"name\" style=\"text-align:center;\">\n									<a href=\"https://detail.tmall.com/item.htm?spm=0.0.0.0.We2tsT&amp;id=45721055738&amp;scene=taobao_shop\" target=\"_blank\">我敢在你怀里孤独</a>\n								</p>\n								<p class=\"desc\" style=\"text-align:center;color:#666666;\">\n									收录刘若英与八位朋友对白以及53张精选摄影图片\n								</p>\n								<div class=\"opt\" style=\"margin:0px;padding:0px;\">\n									<span class=\"hotsale\" style=\"color:#FFFFFF;font-weight:700;font-family:\'microsoft yahei\';line-height:18px;background:#FF3E3E;\">热销:8690册</span><a class=\"btn-get\" href=\"https://detail.tmall.com/item.htm?spm=0.0.0.0.We2tsT&amp;id=45721055738&amp;scene=taobao_shop\" target=\"_blank\"><img src=\"https://gdp.alicdn.com/imgextra/i4/101450072/TB2rNgrcXXXXXbmXpXXXXXXXXXX-101450072.png\" /></a>\n								</div>\n<img class=\"mark\" src=\"https://gdp.alicdn.com/imgextra/i3/101450072/TB25OZxcXXXXXbWXXXXXXXXXXXX-101450072.png\" style=\"width:44px;height:44px;\" />\n							</li>\n							<li style=\"background:#FFF4E4;\">\n								<div class=\"pro-img\" style=\"margin:0px;padding:0px;background:#FFFFFF;\">\n									<a href=\"https://detail.tmall.com/item.htm?spm=0.0.0.0.cMfJQX&amp;id=520167658903&amp;scene=taobao_shop\" target=\"_blank\"><img alt=\"我只是敢和别人不一样\" src=\"https://gdp.alicdn.com/bao/uploaded/i3/TB1o2nyIFXXXXXbXXXXXXXXXXXX_!!0-item_pic.jpg_430x430q90.jpg\" title=\"我只是敢和别人不一样\" style=\"width:160px;height:160px;\" /></a>\n								</div>\n								<p class=\"name\" style=\"text-align:center;\">\n									<a href=\"https://detail.tmall.com/item.htm?spm=0.0.0.0.cMfJQX&amp;id=520167658903&amp;scene=taobao_shop\" target=\"_blank\">我只是敢和别人不一样</a>\n								</p>\n								<p class=\"desc\" style=\"text-align:center;color:#666666;\">\n									28个故事，超20000000次转发\n								</p>\n								<div class=\"opt\" style=\"margin:0px;padding:0px;\">\n									<span class=\"hotsale\" style=\"color:#FFFFFF;font-weight:700;font-family:\'microsoft yahei\';line-height:18px;background:#FF3E3E;\">热销:8330册</span><a class=\"btn-get\" href=\"https://detail.tmall.com/item.htm?spm=0.0.0.0.cMfJQX&amp;id=520167658903&amp;scene=taobao_shop\" target=\"_blank\"><img src=\"https://gdp.alicdn.com/imgextra/i4/101450072/TB2rNgrcXXXXXbmXpXXXXXXXXXX-101450072.png\" /></a>\n								</div>\n<img class=\"mark\" src=\"https://gdp.alicdn.com/imgextra/i3/101450072/TB25OZxcXXXXXbWXXXXXXXXXXXX-101450072.png\" style=\"width:44px;height:44px;\" />\n							</li>\n						</ul>\n					</div>\n<img src=\"https://gdp.alicdn.com/imgextra/i3/101450072/TB2SvN0dVXXXXbVXXXXXXXXXXXX-101450072.jpg\" alt=\" 790.jpg\" border=\"0\" /></span>\n				</div>\n<s class=\"skin-box-bt\"><b></b></s>\n			</div>\n		</div>\n		<div class=\"J_TModule\" id=\"shop9377846984\" style=\"margin:0px;padding:0px;\">\n			<div class=\"tb-module tshop-um tshop-um-classtab790\" style=\"margin:0px;padding:0px;color:black;\">\n				<div class=\"J_TWidget col col-tab\" style=\"margin:0px 0px 10px;padding:0px;\">\n					<div class=\"hd\" style=\"margin:0px;padding:0px 0px 0px 18px;color:#FFFFFF;font-size:14px;font-weight:bold;background-color:#A22535;\">\n						<div class=\"hd-title\" style=\"margin:0px;padding:0px;\">\n							精选推荐\n						</div>\n						<div class=\"ks-switchable-nav col-tab-tab\" style=\"margin:0px;padding:0px;\">\n							<div class=\"hd-tab-title ks-switchable-trigger-internal3155\" id=\"ks-switchable3159\" style=\"margin:0px;padding:0px 14px;font-weight:normal;\">\n								精选\n							</div>\n							<div class=\"hd-tab-title ks-switchable-trigger-internal3155\" id=\"ks-switchable3160\" style=\"margin:0px;padding:0px 14px;font-weight:normal;\">\n								文艺小说\n							</div>\n							<div class=\"hd-tab-title ks-switchable-trigger-internal3155\" id=\"ks-switchable3161\" style=\"margin:0px;padding:0px 14px;font-weight:normal;\">\n								人文社科\n							</div>\n							<div class=\"hd-tab-title ks-switchable-trigger-internal3155\" id=\"ks-switchable3162\" style=\"margin:0px;padding:0px 14px;font-weight:normal;\">\n								经管励志\n							</div>\n							<div class=\"hd-tab-title ks-switchable-trigger-internal3155\" id=\"ks-switchable3163\" style=\"margin:0px;padding:0px 14px;font-weight:normal;\">\n								科技生活\n							</div>\n							<div class=\"hd-tab-title ks-switchable-trigger-internal3155 ks-active\" id=\"ks-switchable3164\" style=\"margin:0px;padding:0px 14px;color:#A22535;font-weight:normal;background:#FFFFFF;\">\n								少儿童书\n							</div>\n							<div class=\"hd-tab-title ks-switchable-trigger-internal3155\" id=\"ks-switchable3165\" style=\"margin:0px;padding:0px 14px;font-weight:normal;\">\n								经典套装\n							</div>\n						</div>\n					</div>\n					<div class=\"ks-switchable-content bd\" style=\"margin:0px;padding:0px;\">\n						<div class=\"col-tab-content ks-switchable-panel-internal3156\" style=\"margin:0px;padding:0px;\">\n							<div class=\"list-show\" style=\"margin:0px;padding:0px;\">\n								<div class=\"main-show\" style=\"margin:0px;padding:0px;\">\n									<a href=\"https://detail.tmall.com/item.htm?id=45095925694\" target=\"_blank\"><img src=\"https://gdp.alicdn.com/bao/uploaded/i2/TB1wRPnHFXXXXXBXFXXXXXXXXXX_!!0-item_pic.jpg_180x180.jpg\" alt=\"\" /></a><a href=\"https://detail.tmall.com/item.htm?id=45095925694\" target=\"_blank\">脑洞大开第3辑 少儿科普 新华书店正版畅销书籍 文轩网</a><span class=\"now\" style=\"font-size:14px;font-weight:bold;color:#D70003;\">促销价：￥60.50</span><span class=\"num\" style=\"font-weight:bold;\">已售出:27件</span>棚车少年》原作于1942年在美国首次出版，这一故事走过七十多个春秋依然历久弥新。它是许多美国人童年的必读书目，就像我们小时候一定会读的《稻草人》和《草房子》。甚至当我们委托两位美籍外教为《棚车少年》录制原版英文时，外教们也表示这是他们最喜欢的童书之一。\n								</div>\n								<div class=\"list-show-list\" style=\"margin:0px 0px 0px 18px;padding:0px;\">\n									<ul class=\"ul-list4\">\n										<li>\n											<a href=\"https://detail.tmall.com/item.htm?id=520415180111\" target=\"_blank\"><img src=\"https://gdp.alicdn.com/bao/uploaded/i1/TB1KUgJIpXXXXb7XXXXXXXXXXXX_!!0-item_pic.jpg_130x130.jpg\" alt=\"\" /></a><a href=\"https://detail.tmall.com/item.htm?id=520415180111\" class=\"J_CartPluginTrigger\">【全店满99减10】【新书现货】 世界上最大的蛋糕 （韩）安英恩 著 博洛尼亚国际儿童书展获奖作品新华书店正版畅销书籍</a><span class=\"old\" style=\"text-decoration:line-through;color:#9F9F9F;vertical-align:middle;\">￥42</span><span class=\"now\" style=\"color:#D70003;vertical-align:middle;\">￥24.00</span><a class=\"buybtn J_CartPluginTrigger\" href=\"https://detail.tmall.com/item.htm?id=520415180111\"></a>\n										</li>\n										<li>\n											<a href=\"https://detail.tmall.com/item.htm?id=44374295819\" target=\"_blank\"><img src=\"https://gdp.alicdn.com/bao/uploaded/i4/TB1likmIFXXXXalaXXXXXXXXXXX_!!0-item_pic.jpg_130x130.jpg\" alt=\"\" /></a><a href=\"https://detail.tmall.com/item.htm?id=44374295819\" class=\"J_CartPluginTrigger\">父与子全集(彩色双语版) 大象巴巴故事全集 兔父与子全集(全3册)</a><span class=\"old chu-price\" style=\"color:#9F9F9F;vertical-align:middle;\">促销价</span><span class=\"now\" style=\"color:#D70003;vertical-align:middle;\">￥46.90</span><a class=\"buybtn J_CartPluginTrigger\" href=\"https://detail.tmall.com/item.htm?id=44374295819\"></a>\n										</li>\n										<li>\n											<a href=\"https://detail.tmall.com/item.htm?id=520693138888\" target=\"_blank\"><img src=\"https://gdp.alicdn.com/bao/uploaded/i2/TB1dBGeJXXXXXXUaXXXXXXXXXXX_!!0-item_pic.jpg_130x130.jpg\" alt=\"\" /></a><a href=\"https://detail.tmall.com/item.htm?id=520693138888\" class=\"J_CartPluginTrigger\">爱的礼物绘本馆第2辑 新华书店正版爱的礼物绘本馆·第2辑(全6册)</a><span class=\"old chu-price\" style=\"color:#9F9F9F;vertical-align:middle;\">促销价</span><span class=\"now\" style=\"color:#D70003;vertical-align:middle;\">￥130.60</span><a class=\"buybtn J_CartPluginTrigger\" href=\"https://detail.tmall.com/item.htm?id=520693138888\"></a>\n										</li>\n										<li>\n											<a href=\"https://detail.tmall.com/item.htm?id=520168095809\" target=\"_blank\"><img src=\"https://gdp.alicdn.com/bao/uploaded/i4/TB12088IpXXXXbFXXXXXXXXXXXX_!!0-item_pic.jpg_130x130.jpg\" alt=\"\" /></a><a href=\"https://detail.tmall.com/item.htm?id=520168095809\" class=\"J_CartPluginTrigger\">宝宝最爱的趣味认知书套装（独家赠送拼图）培养孩子的逻辑思维、条理性 姚朝辉 育儿 正版畅销书籍</a><span class=\"old chu-price\" style=\"color:#9F9F9F;vertical-align:middle;\">促销价</span><span class=\"now\" style=\"color:#D70003;vertical-align:middle;\">￥69.10</span><a class=\"buybtn J_CartPluginTrigger\" href=\"https://detail.tmall.com/item.htm?id=520168095809\"></a>\n										</li>\n									</ul>\n								</div>\n							</div>\n							<div class=\"list-rank\" style=\"margin:0px;padding:0px;\">\n								<div class=\"list-rank-hd\" style=\"margin:0px 8px;padding:0px;color:#A22535;font-size:14px;font-weight:bold;\">\n									童书榜<a class=\"more\" href=\"https://winshare.tmall.com/category-491562031.htm?spm=a220o.1000855.w8999428-8009223847.19.jef1Eb&amp;scene=taobao_shop\" target=\"_blank\">更多&gt;</a>\n								</div>\n								<div class=\"J_TWidget rank-box\" style=\"margin:0px;padding:0px;\">\n									<div class=\"ks-switchable-trigger top3 ks-active ks-switchable-trigger-internal3683\" id=\"ks-accordion-tab3696\" style=\"margin:0px;padding:0px 0px 0px 6px;\">\n										<span class=\"ks-icon\" style=\"line-height:16px;font-size:10px;color:#FFFFFF;\">01</span>&nbsp;<a href=\"https://detail.tmall.com/item.htm?id=2253481004\" target=\"_blank\">【全店满99减10】天...</a>\n									</div>\n									<div class=\"ks-switchable-panel ks-switchable-panel-internal3684\" id=\"ks-accordion-tab-panel3686\" style=\"margin:0px;padding:0px;\">\n										<a href=\"https://detail.tmall.com/item.htm?id=2253481004\" target=\"_blank\"><img src=\"https://gdp.alicdn.com/bao/uploaded/i4/TB1aNFfJXXXXXXcapXXXXXXXXXX_!!0-item_pic.jpg_80x80.jpg\" alt=\"【全店满99减10】天蓝色的彼岸 联合国教科文组织推荐给全球的家长和孩子们最伟大的人性启示 儿童文学 新华\" /></a>原价:￥19.8现价:<b>￥10.80</b>已售出:<span style=\"color:#000000;\">30382</span>件\n									</div>\n									<div class=\"ks-switchable-trigger top3 ks-switchable-trigger-internal3683\" id=\"ks-accordion-tab3697\" style=\"margin:0px;padding:0px 0px 0px 6px;\">\n										<span class=\"ks-icon\" style=\"line-height:16px;font-size:10px;color:#FFFFFF;\">02</span>&nbsp;<a href=\"https://detail.tmall.com/item.htm?id=8698848742\" target=\"_blank\">【全店满99减10】小...</a>\n									</div>\n									<div class=\"ks-switchable-trigger top3 ks-switchable-trigger-internal3683\" id=\"ks-accordion-tab3698\" style=\"margin:0px;padding:0px 0px 0px 6px;\">\n										<span class=\"ks-icon\" style=\"line-height:16px;font-size:10px;color:#FFFFFF;\">03</span>&nbsp;<a href=\"https://detail.tmall.com/item.htm?id=8699250576\" target=\"_blank\">【全店满99减10】妈...</a>\n									</div>\n									<div class=\"ks-switchable-trigger ks-switchable-trigger-internal3683\" id=\"ks-accordion-tab3699\" style=\"margin:0px;padding:0px 0px 0px 6px;\">\n										<span class=\"ks-icon\" style=\"line-height:16px;font-size:10px;color:#FFFFFF;\">04</span>&nbsp;<a href=\"https://detail.tmall.com/item.htm?id=36937673386\" target=\"_blank\">正版现货 笑猫日记19...</a>\n									</div>\n									<div class=\"ks-switchable-trigger ks-switchable-trigger-internal3683\" id=\"ks-accordion-tab3700\" style=\"margin:0px;padding:0px 0px 0px 6px;\">\n										<span class=\"ks-icon\" style=\"line-height:16px;font-size:10px;color:#FFFFFF;\">05</span>&nbsp;<a href=\"https://detail.tmall.com/item.htm?id=37053126372\" target=\"_blank\">正版 幼儿神奇美术手工...</a>\n									</div>\n									<div class=\"ks-switchable-trigger ks-switchable-trigger-internal3683\" id=\"ks-accordion-tab3701\" style=\"margin:0px;padding:0px 0px 0px 6px;\">\n										<span class=\"ks-icon\" style=\"line-height:16px;font-size:10px;color:#FFFFFF;\">06</span>&nbsp;<a href=\"https://detail.tmall.com/item.htm?id=12236153464\" target=\"_blank\">【全店满99减10】一...</a>\n									</div>\n									<div class=\"ks-switchable-trigger ks-switchable-trigger-internal3683\" id=\"ks-accordion-tab3702\" style=\"margin:0px;padding:0px 0px 0px 6px;\">\n										<span class=\"ks-icon\" style=\"line-height:16px;font-size:10px;color:#FFFFFF;\">07</span>&nbsp;<a href=\"https://detail.tmall.com/item.htm?id=2252925896\" target=\"_blank\">【全店满99减10】女...</a>\n									</div>\n									<div class=\"ks-switchable-trigger ks-switchable-trigger-internal3683\" id=\"ks-accordion-tab3703\" style=\"margin:0px;padding:0px 0px 0px 6px;\">\n										<span class=\"ks-icon\" style=\"line-height:16px;font-size:10px;color:#FFFFFF;\">08</span>&nbsp;<a href=\"https://detail.tmall.com/item.htm?id=38466210934\" target=\"_blank\">我的心在跳舞/冰心奖获...</a>\n									</div>\n									<div class=\"ks-switchable-trigger ks-switchable-trigger-internal3683\" id=\"ks-accordion-tab3704\" style=\"margin:0px;padding:0px 0px 0px 6px;\">\n										<span class=\"ks-icon\" style=\"line-height:16px;font-size:10px;color:#FFFFFF;\">9</span>&nbsp;<a href=\"https://detail.tmall.com/item.htm?id=37047672602\" target=\"_blank\">【全店满99减10】噼...</a>\n									</div>\n									<div class=\"ks-switchable-trigger ks-switchable-trigger-internal3683\" id=\"ks-accordion-tab3705\" style=\"margin:0px;padding:0px 0px 0px 6px;\">\n										<span class=\"ks-icon\" style=\"line-height:16px;font-size:10px;color:#FFFFFF;\">10</span>&nbsp;<a href=\"https://detail.tmall.com/item.htm?id=42651196407\" target=\"_blank\">查理日记4册套装(1)...</a>\n									</div>\n								</div>\n							</div>\n						</div>\n					</div>\n				</div>\n			</div>\n		</div>\n		<div class=\"J_TModule\" id=\"shop9425864542\" style=\"margin:0px;padding:0px;\">\n			<div class=\"skin-box tb-module tshop-pbsm tshop-pbsm-shop-self-defined\" style=\"margin:0px;padding:0px;color:black;\">\n				<s class=\"skin-box-tp\"><b></b></s>\n				<div class=\"skin-box-bd clear-fix\" style=\"margin:0px;padding:0px;border:0px solid #FFFFFF;color:#2953A6;background:none 0px 0px no-repeat transparent;\">\n					<span>\n					<p>\n						<a href=\"https://detail.tmall.com/item.htm?spm=0.0.0.0.QGc92t&amp;id=16429851870&amp;scene=taobao_shop\" target=\"_blank\"><img src=\"https://gdp.alicdn.com/imgextra/i3/101450072/TB2ZQqjfXXXXXacXXXXXXXXXXXX-101450072.jpg\" alt=\"\" /></a>\n					</p>\n					<p>\n						<a href=\"https://detail.tmall.com/item.htm?spm=0.0.0.0.ZK2Rlh&amp;id=521219626319&amp;scene=taobao_shop\" target=\"_blank\"><img src=\"https://gdp.alicdn.com/imgextra/i2/101450072/TB2a6CcfXXXXXbbXXXXXXXXXXXX-101450072.jpg\" alt=\"\" /></a>\n					</p>\n<a href=\"https://detail.tmall.com/item.htm?spm=0.0.0.0.RMLox4&amp;id=521515032990&amp;scene=taobao_shop\" target=\"_blank\"><img src=\"https://gdp.alicdn.com/imgextra/i4/101450072/TB2PmmhfXXXXXcvXpXXXXXXXXXX-101450072.jpg\" alt=\"\" /></a><a href=\"https://detail.tmall.com/item.htm?spm=0.0.0.0.a8rW5o&amp;id=521689394272&amp;scene=taobao_shop\" target=\"_blank\"><img src=\"https://gdp.alicdn.com/imgextra/i4/101450072/TB2y6hDfXXXXXbGXXXXXXXXXXXX-101450072.jpg\" alt=\"\" /></a>\n					<p>\n						&nbsp;\n					</p>\n					<p>\n						<a href=\"https://detail.tmall.com/item.htm?spm=0.0.0.0.AfF86w&amp;id=521369831633&amp;scene=taobao_shop\" target=\"_blank\"><img src=\"https://gdp.alicdn.com/imgextra/i3/101450072/TB2rrpDfXXXXXXtXpXXXXXXXXXX-101450072.jpg\" alt=\"\" /></a>\n					</p>\n</span>\n				</div>\n<s class=\"skin-box-bt\"><b></b></s>\n			</div>\n		</div>\n	</div>\n</div>\n<div id=\"description\" class=\"J_DetailSection tshop-psm tshop-psm-bdetaildes\" style=\"margin:0px;padding:0px;color:#404040;font-family:tahoma, arial, 微软雅黑, sans-serif;background-color:#FFFFFF;\">\n	<div class=\"content ke-post\" style=\"margin:10px 0px 0px;padding:0px;font-size:14px;font-family:tahoma, arial, 宋体, sans-serif;\">\n		<img class=\"desc_anchor\" id=\"desc-module-1\" src=\"https://assets.alicdn.com/kissy/1.0.0/build/imglazyload/spaceball.gif\" style=\"height:1px;\" />\n		<table width=\"790\" border=\"0\" cellspacing=\"0\" cellpadding=\"6\" style=\"margin:0px;padding:0px;border-collapse:separate;border:1px solid #CCCCCC;font-size:12px;\" class=\"ke-zeroborder\">\n			<tbody>\n				<tr>\n					<td colspan=\"2\" align=\"left\" style=\"font-size:15px;color:#990000;font-weight:bold;background-color:#FBFBFB;\">\n						&nbsp;&nbsp;商品基本信息,请以下列介绍为准\n					</td>\n				</tr>\n				<tr>\n					<td width=\"107\" align=\"right\" style=\"font-size:14px;color:#666666;background-color:#FBFBFB;\">\n						商品名称：\n					</td>\n					<td width=\"612\" style=\"font-size:14px;\">\n						&nbsp;&nbsp;【全店满99减10】【赠品F君情话卡4张】我不喜欢这个世界，我只喜欢你 乔一和F君的暖心故事 爱情回忆录 青春小说 正版畅销书籍&nbsp;<span style=\"color:#FF0000;\">(1.一个女孩子的真实青春成长恋爱史，温暖、萌爱、搞笑，作者文笔趣妙，令人捧腹大笑，也令人心酸落泪，是爱格图书史上最萌最暖のLove&nbsp;story；)</span>\n					</td>\n				</tr>\n				<tr>\n					<td width=\"107\" align=\"right\" style=\"font-size:14px;color:#666666;background-color:#FBFBFB;\">\n						作者：\n					</td>\n					<td width=\"612\" style=\"font-size:14px;\">\n						&nbsp;&nbsp;\n					</td>\n				</tr>\n				<tr>\n					<td width=\"107\" align=\"right\" style=\"font-size:14px;color:#666666;background-color:#FBFBFB;\">\n						市场价：\n					</td>\n					<td width=\"612\" style=\"font-size:14px;\">\n						&nbsp;&nbsp;29.8元\n					</td>\n				</tr>\n				<tr>\n					<td width=\"107\" align=\"right\" style=\"font-size:14px;color:#666666;background-color:#FBFBFB;\">\n						ISBN号：\n					</td>\n					<td width=\"612\" style=\"font-size:14px;\">\n						&nbsp;&nbsp;9787556212743\n					</td>\n				</tr>\n				<tr>\n					<td width=\"107\" align=\"right\" style=\"font-size:14px;color:#666666;background-color:#FBFBFB;\">\n						出版社：\n					</td>\n					<td width=\"612\" style=\"font-size:14px;\">\n						&nbsp;&nbsp;湖南少年儿童出版社\n					</td>\n				</tr>\n				<tr>\n					<td width=\"107\" align=\"right\" style=\"font-size:14px;color:#666666;background-color:#FBFBFB;\">\n						商品类型：\n					</td>\n					<td width=\"612\" style=\"font-size:14px;\">\n						&nbsp;&nbsp;图书\n					</td>\n				</tr>\n			</tbody>\n		</table>\n<br />\n		<table width=\"790\" border=\"0\" cellspacing=\"0\" cellpadding=\"6\" style=\"margin:0px;padding:0px;border-collapse:separate;border:1px solid #CCCCCC;font-size:12px;\" class=\"ke-zeroborder\">\n			<tbody>\n				<tr>\n					<td colspan=\"3\" align=\"left\" style=\"font-size:14px;color:#990000;font-weight:bold;background-color:#FBFBFB;\">\n						&nbsp;&nbsp;其他参考信息<span>（以实物为准）</span>\n					</td>\n				</tr>\n				<tr>\n					<td width=\"239\" align=\"left\" style=\"font-size:14px;color:#666666;\">\n						&nbsp;&nbsp;装帧：<span>精装</span>\n					</td>\n					<td width=\"239\" align=\"left\" style=\"font-size:14px;color:#666666;\">\n						&nbsp;&nbsp;开本：<span>32开</span>\n					</td>\n					<td width=\"239\" align=\"left\" style=\"font-size:14px;color:#666666;\">\n						&nbsp;&nbsp;语种：<span>中文</span>\n					</td>\n				</tr>\n				<tr>\n					<td align=\"left\" style=\"font-size:14px;color:#666666;\">\n						&nbsp;&nbsp;出版时间：<span>2015-05-01</span>\n					</td>\n					<td align=\"left\" style=\"font-size:14px;color:#666666;\">\n						&nbsp;&nbsp;版次：<span>1</span>\n					</td>\n					<td align=\"left\" style=\"font-size:14px;color:#666666;\">\n						&nbsp;&nbsp;页数：<span>201</span>\n					</td>\n				</tr>\n				<tr>\n					<td align=\"left\" style=\"font-size:14px;color:#666666;\">\n						&nbsp;&nbsp;印刷时间：<span>2015-05-01</span>\n					</td>\n					<td align=\"left\" style=\"font-size:14px;color:#666666;\">\n						&nbsp;&nbsp;印次：<span>1</span>\n					</td>\n					<td align=\"left\" style=\"font-size:14px;color:#666666;\">\n						&nbsp;&nbsp;字数：<span>130.00千字</span>\n					</td>\n				</tr>\n			</tbody>\n		</table>\n<br />\n<img class=\"desc_anchor\" id=\"desc-module-2\" src=\"https://assets.alicdn.com/kissy/1.0.0/build/imglazyload/spaceball.gif\" style=\"height:1px;\" />\n		<table width=\"790\" border=\"0\" cellspacing=\"0\" cellpadding=\"6\" style=\"margin:0px;padding:0px;border-collapse:separate;border:1px solid #CCCCCC;font-size:12px;\" class=\"ke-zeroborder\">\n			<tbody>\n				<tr>\n					<td colspan=\"2\" align=\"left\" style=\"font-size:14px;color:#990000;font-weight:bold;background-color:#FBFBFB;\">\n						&nbsp;&nbsp;目录\n					</td>\n				</tr>\n				<tr>\n					<td colspan=\"2\" align=\"left\" style=\"color:#666666;\">\n						第一章&nbsp;和摩羯男谈恋爱大概是这样的&nbsp;<br />\n第二章&nbsp;同桌的他&nbsp;<br />\n第三章&nbsp;逗比兄妹的日常&nbsp;<br />\n第四章&nbsp;眼前人是心上人&nbsp;<br />\n第五章&nbsp;我的朋友郝五一小姐&nbsp;<br />\n第七章&nbsp;三件小事&nbsp;<br />\n第八章&nbsp;和摩羯男吵架大概是这样的&nbsp;<br />\n第九章&nbsp;非法同居&nbsp;<br />\n第十二章&nbsp;人间好时节&nbsp;<br />\n第十三章&nbsp;从你生命里路过&nbsp;<br />\n第十四章&nbsp;小刀同学的去与留&nbsp;<br />\n第十五章&nbsp;浮生半日闲&nbsp;<br />\n第十六章&nbsp;杀死那些玛丽苏&nbsp;<br />\n第十七章&nbsp;提问与回答&nbsp;<br />\n第十八章&nbsp;在这什么都善变的人世间，我想看一下永远&nbsp;<br />\n附录&nbsp;F君采访&nbsp;<br />\n					</td>\n				</tr>\n			</tbody>\n		</table>\n<br />\n<img class=\"desc_anchor\" id=\"desc-module-3\" src=\"https://assets.alicdn.com/kissy/1.0.0/build/imglazyload/spaceball.gif\" style=\"height:1px;\" />\n		<table width=\"790\" border=\"0\" cellspacing=\"0\" cellpadding=\"6\" style=\"margin:0px;padding:0px;border-collapse:separate;border:1px solid #CCCCCC;font-size:12px;\" class=\"ke-zeroborder\">\n			<tbody>\n				<tr>\n					<td colspan=\"2\" align=\"left\" style=\"font-size:14px;color:#990000;font-weight:bold;background-color:#FBFBFB;\">\n						&nbsp;&nbsp;内容简介\n					</td>\n				</tr>\n				<tr>\n					<td colspan=\"2\" align=\"left\" style=\"color:#666666;\">\n						《我不喜欢这世界，我只喜欢你》原载于天涯，是天涯年度热帖之一，受到众多网友追捧。这是一对恋人的爱情回忆录，记载了两位恋人之间又温暖又萌爱的小故事。作者以轻松幽默的文笔真实记录了一个女孩在青春成长中所遭遇的一切问题，慢慢变得坚强、独立，以及一个男孩长达十年的守护。从学生时代的青涩懵懂到步入婚姻后的甜蜜趣事，平凡而不平淡。从生活点滴中汲取爱与元气，充满趣味的片段让读者会心一笑。让人明白爱情可以如此甜蜜，生活也可以如此温暖。\n					</td>\n				</tr>\n			</tbody>\n		</table>\n<br />\n<img class=\"desc_anchor\" id=\"desc-module-4\" src=\"https://assets.alicdn.com/kissy/1.0.0/build/imglazyload/spaceball.gif\" style=\"height:1px;\" />\n		<table width=\"790\" border=\"0\" cellspacing=\"0\" cellpadding=\"6\" style=\"margin:0px;padding:0px;border-collapse:separate;border:1px solid #CCCCCC;font-size:12px;\" class=\"ke-zeroborder\">\n			<tbody>\n				<tr>\n					<td colspan=\"2\" align=\"left\" style=\"font-size:14px;color:#990000;font-weight:bold;background-color:#FBFBFB;\">\n						&nbsp;&nbsp;作者简介\n					</td>\n				</tr>\n				<tr>\n					<td colspan=\"2\" align=\"left\" style=\"color:#666666;\">\n						乔一，广受网友追捧的网络红人，“爱格”签约作家。智勇双不全的巨蟹女。从事媒体业，现居北京。\n					</td>\n				</tr>\n			</tbody>\n		</table>\n<br />\n	</div>\n</div>\n<div id=\"J_DcBottomRightWrap\" style=\"margin:0px;padding:0px;color:#404040;font-family:tahoma, arial, 微软雅黑, sans-serif;background-color:#FFFFFF;\">\n	<div id=\"J_DcBottomRight\" class=\"J_DcAsyn tb-shop\" style=\"margin:0px;padding:0px;\">\n		<div class=\"J_TModule\" id=\"shop12085914306\" style=\"margin:0px;padding:0px;\">\n			<div class=\"skin-box tb-module tshop-pbsm tshop-pbsm-shop-self-defined\" style=\"margin:0px;padding:0px;color:black;\">\n				<s class=\"skin-box-tp\"><b></b></s>\n				<div class=\"skin-box-bd clear-fix\" style=\"margin:0px;padding:0px;border:0px solid #FFFFFF;color:#2953A6;background:none 0px 0px no-repeat transparent;\">\n					<span>\n					<p>\n						<img src=\"https://gdp.alicdn.com/imgextra/i3/101450072/TB2oc2neVXXXXcgXpXXXXXXXXXX-101450072.jpg\" width=\"790\" height=\"80\" border=\"0\" />\n					</p>\n					<table border=\"0\" style=\"margin:0px auto;padding:0px;border-collapse:separate;width:790px;height:10px;\" class=\"ke-zeroborder\">\n						<tbody>\n							<tr>\n								<td>\n									&nbsp;\n								</td>\n							</tr>\n						</tbody>\n					</table>\n					<p>\n						<img src=\"https://gdp.alicdn.com/imgextra/i3/101450072/TB2ZD6meVXXXXckXpXXXXXXXXXX-101450072.jpg\" width=\"790\" height=\"80\" border=\"0\" />\n					</p>\n&nbsp;&nbsp;<a href=\"https://detail.tmall.com/item.htm?spm=0.0.0.0.02JYxN&amp;id=521234209540&amp;scene=taobao_shop\" target=\"_blank\"><img src=\"https://gdp.alicdn.com/imgextra/i2/101450072/TB21zmhfXXXXXXzXXXXXXXXXXXX-101450072.jpg\" alt=\"\" /></a></span>\n				</div>\n			</div>\n		</div>\n	</div>\n</div>', '{\"73\":\"{\\\"name\\\":\\\"是否是套装\\\",\\\"134\\\":\\\"否\\\"}\",\"74\":\"{\\\"name\\\":\\\"出版社名称\\\",\\\"135\\\":\\\"湖南文艺出版社\\\"}\"}', '', '', '1443066281396', '1443066281396', '1453066281396', '1', '0', '0.00', '0.00', '0.00', '36', '北京市', '1', '北京', null, '0', '0', '2', '0', '0', null, '0'), ('64', '买什么啊', '买什么啊', '24', '手机', '0', '', '1', '12', '新科数码专营店', '0', '252', '', null, '', '50000.00', '', '1', '1', '30', '0', '1444630085251', '', '', '', '', '', '', '1443066281396', '1443066281396', '1453066281396', '1', '0', '0.00', '0.00', '0.00', '40', '天津市', '2', '天津', null, '0', '0', '0', '0', '1', null, '0'), ('65', 'yui', 'yui', '112', '显卡', '0', '', '5', '12', '新科数码专营店', '1', '256', '{\"1\":\"颜色\"}', '/upload/img/store/12/1443063817430.jpg', '/upload/img/store/12/1443063817430.jpg,', '11.00', '', '1', '1', '30', '1', '1444630085251', '', '', '              	sfsfds\n              ', '{\"32\":\"{\\\"name\\\":\\\"商品毛重\\\",\\\"51\\\":\\\"0.95kg\\\"}\",\"33\":\"{\\\"name\\\":\\\"显存容量\\\",\\\"52\\\":\\\"2G-3G\\\"}\",\"34\":\"{\\\"name\\\":\\\"NVIDIA芯片\\\",\\\"53\\\":\\\"GTX960\\\"}\"}', '{\"1\":\"{\\\"166\\\":\\\"红色\\\",\\\"170\\\":\\\"银色\\\",\\\"179\\\":\\\"宝蓝\\\"}\"}', '', '1443066281396', '1443066281396', '1453066281396', '1', '0', '0.00', '0.00', '0.00', '204', '厦门市', '13', '福建省', null, '0', '0', '0', '0', '1', null, '0'), ('66', '11111111', '222222', '113', '硬盘', '0', '', '2', '12', '新科数码专营店', '1', '260', '{\"4\":\"版本\",\"1\":\"颜色\"}', '', ',', '1.00', '', '1', '1', '30', '1', '1444630085251', '', '', '              	\n              ', '', '{\"4\":\"{\\\"47\\\":\\\"电信4G\\\"}\",\"1\":\"{\\\"166\\\":\\\"红色\\\"}\"}', '', '1443066281396', '1443066281396', '1453066281396', '1', '0', '0.00', '0.00', '0.00', '36', '北京市', '1', '北京', null, '0', '0', '1', '0', '1', null, '0'), ('67', '来了说得发的发', '撒旦法啊', '24', '手机', '81', 'HTC', '1', '12', '新科数码专营店', '1', '263', '{\"6\":\"购买方式\",\"5\":\"容量\",\"4\":\"版本\",\"3\":\"屏幕尺寸\",\"1\":\"颜色\"}', '/upload/img/store/12/1443097308922.jpg', '/upload/img/store/12/1443097308922.jpg,/upload/img/store/12/1443097309860.jpg,/upload/img/store/12/1443097309960.jpg,', '23.00', '', '1', '1', '30', '0', '1444630085251', '撒地方撒旦法', '撒旦法撒旦法谁', '<p>\n	萨达发生的发生的撒旦法sadfsdsfsaf\n</p>\n<p>\n	<br />\n</p>\n<p>\n	撒打发水电费\n</p>', '{\"43\":\"{\\\"name\\\":\\\"屏幕尺寸\\\",\\\"70\\\":\\\"4.7英寸\\\"}\",\"44\":\"{\\\"name\\\":\\\"分辨率\\\",\\\"73\\\":\\\"1334 x 750\\\"}\",\"45\":\"{\\\"name\\\":\\\"后置摄像头\\\",\\\"76\\\":\\\"800万像素\\\"}\",\"46\":\"{\\\"name\\\":\\\"前置摄像头\\\",\\\"77\\\":\\\"120万像素\\\"}\"}', '{\"6\":\"{\\\"24\\\":\\\"非合约机\\\"}\",\"5\":\"{\\\"36\\\":\\\"16G\\\",\\\"37\\\":\\\"32G\\\"}\",\"4\":\"{\\\"46\\\":\\\"联通4G\\\",\\\"50\\\":\\\"11.6英寸128GB\\\"}\",\"3\":\"{\\\"11\\\":\\\"5.5\\\"}\",\"1\":\"{\\\"167\\\":\\\"黑色\\\",\\\"168\\\":\\\"蓝色\\\"}\"}', '', null, null, null, '1', '0', '0.00', '0.00', '0.00', '240', '郑州市', '16', '河南省', null, '0', '0', '0', '0', '1', '28', '1'), ('68', '11111', '22222', '113', '硬盘', '0', '', '2', '19', '拓维店', '0', '273', '', null, '', '11.00', '', '1', '1', '30', '0', '1444630085251', '', '', '', '', '', '', null, null, null, '1', '0', '0.00', '0.00', '0.00', '275', '长沙市', '18', '湖南省', null, '0', '1', '7', '0', '1', null, '0'), ('69', 'test', 'test', '177', 'BB机', '0', null, '1', '0', '平台自营', '0', '274', '', null, '', '100.00', '', '1', '1', '30', '0', '1444630085251', '', '', '<img src=\"http://api.map.baidu.com/staticimage?center=121.480237%2C31.236305&zoom=11&width=558&height=360&markers=121.480237%2C31.236305&markerStyles=l%2CA\" alt=\"\" />', '', '', '', null, null, null, '1', '0', '0.00', '0.00', '0.00', '108', '大连市', '6', '辽宁省', null, '0', '0', '0', '0', '1', null, '0'), ('70', 'iphone6s', '', '24', '手机', '0', '', '1', '11', '乐视超级电视旗舰店', '0', '275', '', '/upload/img/store/11/1444285750611.jpg', '/upload/img/store/11/1444285750611.jpg,', '8999.00', '', '1', '1', '30', '0', '1444630085251', '', '', '', '', '', '', null, null, null, '1', '0', '0.00', '0.00', '0.00', '275', '长沙市', '18', '湖南省', null, '0', '0', '0', '0', '1', null, '0'), ('71', '苹果手机', '啊飒飒的', '24', '手机', '0', '', '1', '11', '乐视超级电视旗舰店', '0', '277', '', '/upload/img/store/11/1444293857315.png', '', '10000.00', '121111212', '1', '1', '30', '1', '1444630085251', '苹果手机', '好手机', '              	\n              ', '', '', '', null, null, null, '1', '0', '0.00', '0.00', '0.00', '36', '北京市', '1', '北京', null, '0', '0', '0', '0', '1', '22', '1'), ('72', '111', '111', '24', '手机', '140', '小米', '1', '9', '京川牦牛', '1', '280', '{\"6\":\"购买方式\",\"5\":\"容量\",\"4\":\"版本\",\"3\":\"屏幕尺寸\",\"1\":\"颜色\"}{\"6\":\"购买方式\",\"5\":\"容量\",\"4\":\"版本\",\"3\":\"屏幕尺寸\",\"1\":\"颜色\"}', '/upload/img/store/9/1444371566502.jpg', '/upload/img/store/9/1444371566502.jpg,/upload/img/store/9/1444371566603.jpg,/upload/img/store/9/1444371566704.png,', '110.00', '', '1', '1', '30', '1', '1444630085251', '', '', '              	<p>\n	2131231231313123123\n</p>\n<p>\n	<img src=\"http://api.map.baidu.com/staticimage?center=121.473704%2C31.230393&zoom=11&width=558&height=360&markers=121.473704%2C31.230393&markerStyles=l%2CA\" alt=\"\" />\n</p>\n              ', '{\"98\":\"{\\\"name\\\":\\\"屏幕尺寸\\\",\\\"179\\\":\\\"4.7英寸\\\"}\",\"99\":\"{\\\"name\\\":\\\"分辨率\\\",\\\"182\\\":\\\"1334 x 750\\\"}\",\"100\":\"{\\\"name\\\":\\\"后置摄像头\\\",\\\"185\\\":\\\"800万像素\\\"}\",\"101\":\"{\\\"name\\\":\\\"前置摄像头\\\",\\\"186\\\":\\\"120万像素\\\"}\"}', '{\"6\":\"{\\\"24\\\":\\\"非合约机\\\"}\",\"5\":\"{\\\"36\\\":\\\"16G\\\"}\",\"4\":\"{\\\"45\\\":\\\"移动4G\\\"}\",\"3\":\"{\\\"10\\\":\\\"4.7\\\"}\",\"1\":\"{\\\"166\\\":\\\"红色\\\",\\\"170\\\":\\\"银色\\\"}\"}', '', null, null, null, '1', '0', '0.00', '0.00', '0.00', '36', '北京市', '1', '北京', null, '0', '0', '0', '0', '1', '26', '0'), ('73', '可可西里', '可可西里', '24', '手机', '140', '小米', '1', '12', '新科数码专营店', '1', '282', '{\"6\":\"购买方式\",\"5\":\"容量\",\"4\":\"版本\",\"3\":\"屏幕尺寸\",\"1\":\"颜色\"}', '/upload/img/store/12/1444373948673.jpg', '/upload/img/store/12/1444373948673.jpg,/upload/img/store/12/1444373948786.jpg,/upload/img/store/12/1444373948887.jpg,', '12.00', '', '1', '1', '30', '0', '1444630085251', '撒的发顺丰', '撒旦法', '<p>\n	阿萨德发萨达撒旦法撒旦法\n</p>\n<p>\n	sdfadf\n</p>\n<p>\n	sdfasdfsa&nbsp;\n</p>', '{\"98\":\"{\\\"name\\\":\\\"屏幕尺寸\\\",\\\"180\\\":\\\"5.0英寸\\\"}\",\"99\":\"{\\\"name\\\":\\\"分辨率\\\",\\\"182\\\":\\\"1334 x 750\\\"}\",\"100\":\"{\\\"name\\\":\\\"后置摄像头\\\",\\\"185\\\":\\\"800万像素\\\"}\",\"101\":\"{\\\"name\\\":\\\"前置摄像头\\\",\\\"186\\\":\\\"120万像素\\\"}\"}', '{\"6\":\"{\\\"24\\\":\\\"非合约机\\\",\\\"25\\\":\\\"购机入网送话费\\\"}\",\"5\":\"{\\\"37\\\":\\\"32G\\\",\\\"38\\\":\\\"64G\\\"}\",\"4\":\"{\\\"46\\\":\\\"联通4G\\\"}\",\"3\":\"{\\\"11\\\":\\\"5.5\\\"}\",\"1\":\"{\\\"167\\\":\\\"黑色\\\",\\\"171\\\":\\\"深空灰\\\"}\"}', '', null, null, null, '1', '0', '0.00', '0.00', '0.00', '36', '北京市', '1', '北京', null, '0', '0', '0', '0', '1', '30', '0'), ('74', '手机手机', '手机手机手机手机手机手机手机手机', '24', '手机', '140', '小米', '1', '10', '西域驼铃', '1', '300', '{\"5\":\"容量\",\"4\":\"版本\",\"3\":\"屏幕尺寸\",\"1\":\"颜色\"}', '/upload/img/store/10/1444641902299.png', '/upload/img/store/10/1444641902299.png,', '1688.00', '10000', '1', '1', '30', '1', '1444630085251', '', '', '              	1312312312\n              ', '{\"98\":\"{\\\"name\\\":\\\"屏幕尺寸\\\",\\\"180\\\":\\\"5.0英寸\\\"}\",\"99\":\"{\\\"name\\\":\\\"分辨率\\\",\\\"184\\\":\\\"1920 x 1080\\\"}\",\"100\":\"{\\\"name\\\":\\\"后置摄像头\\\",\\\"185\\\":\\\"800万像素\\\"}\",\"101\":\"{\\\"name\\\":\\\"前置摄像头\\\",\\\"186\\\":\\\"120万像素\\\"}\"}', '{\"5\":\"{\\\"36\\\":\\\"16G\\\"}\",\"4\":\"{\\\"45\\\":\\\"移动4G\\\"}\",\"3\":\"{\\\"10\\\":\\\"4.7\\\"}\",\"1\":\"{\\\"167\\\":\\\"黑色\\\"}\"}', '', null, null, null, '1', '0', '0.00', '0.00', '0.00', '40', '天津市', '2', '天津', null, '0', '0', '1', '0', '1', null, '0'), ('75', '我的手机', '', '24', '手机', '0', '', '1', '11', '乐视超级电视旗舰店', '0', '293', '', '/upload/img/store/11/1444442759371.jpg', '/upload/img/store/11/1444442759371.jpg,/upload/img/store/11/1444442761993.jpg,/upload/img/store/11/1444442764360.jpg,/upload/img/store/11/1444442766651.jpg,', '6002.00', '32', '1', '1', '30', '1', '1444630085251', '', '', '              	              	\n              \n              ', '', '', '', null, null, null, '1', '0', '0.00', '0.00', '0.00', '36', '北京市', '1', '北京', null, '0', '0', '0', '0', '1', null, '0'), ('76', 'sony', 't100', '24', '手机', '0', '', '1', '12', '新科数码专营店', '0', '295', '', '/upload/img/store/12/1444444327282.jpg', '/upload/img/store/12/1444444327282.jpg,', '1200.00', '', '1', '1', '30', '0', '1444630085251', '', '', '', '', '', '', null, null, null, '1', '0', '0.00', '0.00', '0.00', '36', '北京市', '1', '北京', null, '0', '0', '0', '0', '1', null, '1'), ('77', '1010', '1010', '24', '手机', '140', '小米', '1', '9', '京川牦牛', '1', '298', '{\"6\":\"购买方式\",\"5\":\"容量\",\"4\":\"版本\",\"3\":\"屏幕尺寸\",\"1\":\"颜色\"}', '/upload/img/store/9/1444461343022.png', '/upload/img/store/9/1444461343022.png,', '1010.00', '1010', '1', '1', '30', '0', '1444630085251', '', '', '去玩儿去', '{\"98\":\"{\\\"name\\\":\\\"屏幕尺寸\\\",\\\"179\\\":\\\"4.7英寸\\\"}\",\"99\":\"{\\\"name\\\":\\\"分辨率\\\",\\\"182\\\":\\\"1334 x 750\\\"}\",\"100\":\"{\\\"name\\\":\\\"后置摄像头\\\",\\\"185\\\":\\\"800万像素\\\"}\",\"101\":\"{\\\"name\\\":\\\"前置摄像头\\\",\\\"186\\\":\\\"120万像素\\\"}\"}', '{\"6\":\"{\\\"24\\\":\\\"非合约机\\\"}\",\"5\":\"{\\\"36\\\":\\\"16G\\\"}\",\"4\":\"{\\\"45\\\":\\\"移动4G\\\"}\",\"3\":\"{\\\"10\\\":\\\"4.7\\\"}\",\"1\":\"{\\\"166\\\":\\\"红色\\\"}\"}', '', null, null, null, '1', '0', '0.00', '0.00', '0.00', '36', '北京市', '1', '北京', null, '0', '0', '0', '0', '1', null, '0'), ('78', '三益木吉他', '民谣吉他！新手吉他，绝对的好吉他！', '56', '办套餐', '80', null, '1', '0', '平台自营', '0', '299', '', null, '', '1999.00', '00011000', '1', '1', '30', '0', '1444630085251', '', '', 'zheshiyige shangpin', '{\"98\":\"{\\\"name\\\":\\\"屏幕尺寸\\\",\\\"179\\\":\\\"4.7英寸\\\"}\",\"99\":\"{\\\"name\\\":\\\"分辨率\\\",\\\"182\\\":\\\"1334 x 750\\\"}\",\"100\":\"{\\\"name\\\":\\\"后置摄像头\\\",\\\"185\\\":\\\"800万像素\\\"}\",\"101\":\"{\\\"name\\\":\\\"前置摄像头\\\",\\\"186\\\":\\\"120万像素\\\"}\"}', '', '', null, null, null, '1', '0', '0.00', '0.00', '0.00', '36', '北京市', '1', '北京', null, '0', '0', '0', '0', '1', null, '0'), ('79', 'aaaa', 'aaaa', '177', 'BB机', '0', '', '1', '11', '乐视超级电视旗舰店', '1', '301', '{\"5\":\"容量\",\"4\":\"版本\",\"3\":\"屏幕尺寸\",\"1\":\"颜色\"}', null, '', '12.00', '', '1', '1', '30', '0', '1444630085251', '', '', '', '', '{\"5\":\"{\\\"37\\\":\\\"32G\\\"}\",\"4\":\"{\\\"46\\\":\\\"联通4G\\\",\\\"50\\\":\\\"11.6英寸128GB\\\"}\",\"3\":\"{\\\"11\\\":\\\"5.5\\\"}\",\"1\":\"{\\\"176\\\":\\\"粉色\\\",\\\"180\\\":\\\"酒红\\\"}\"}', '', null, null, null, '1', '0', '0.00', '0.00', '0.00', '73', '石家庄市', '3', '河北省', null, '0', '0', '0', '0', '1', null, '0'), ('80', '诺基亚', '诺基亚', '24', '手机', '78', '诺基亚', '1', '10', '西域驼铃', '1', '305', '{\"5\":\"容量\",\"4\":\"版本\",\"3\":\"屏幕尺寸\",\"1\":\"颜色\"}{\"5\":\"容量\",\"4\":\"版本\",\"3\":\"屏幕尺寸\",\"1\":\"颜色\"}', '/upload/img/store/10/1444878481626.png', '/upload/img/store/10/1444878481626.png,/upload/img/store/10/1444878481728.png,/upload/img/store/10/1444878481828.png,', '0.20', 'njy1000', '1', '1', '30', '1', null, 'njy1000', 'njy1000', '              	njy1000njy1000njy1000njy1000njy1000njy1000\n              ', '{\"98\":\"{\\\"name\\\":\\\"屏幕尺寸\\\",\\\"180\\\":\\\"5.0英寸\\\"}\",\"99\":\"{\\\"name\\\":\\\"分辨率\\\",\\\"183\\\":\\\"1334 x 800\\\"}\",\"100\":\"{\\\"name\\\":\\\"后置摄像头\\\",\\\"185\\\":\\\"800万像素\\\"}\",\"101\":\"{\\\"name\\\":\\\"前置摄像头\\\",\\\"186\\\":\\\"120万像素\\\"}\"}', '{\"5\":\"{\\\"36\\\":\\\"16G\\\"}\",\"4\":\"{\\\"45\\\":\\\"移动4G\\\"}\",\"3\":\"{\\\"11\\\":\\\"5.5\\\"}\",\"1\":\"{\\\"167\\\":\\\"黑色\\\",\\\"168\\\":\\\"蓝色\\\",\\\"174\\\":\\\"白色\\\",\\\"179\\\":\\\"宝蓝\\\"}\"}', '{\"167\":\"/upload/img/store/10/1444878405023.png\",\"168\":\"/upload/img/store/10/1444878416525.png\",\"174\":\"/upload/img/store/10/1444878421134.png\",\"179\":\"/upload/img/store/10/1444892598539.png\"}', null, null, null, '1', '0', '0.00', '0.00', '0.00', '36', '北京市', '1', '北京', null, '0', '0', '0', '0', '1', null, '0'), ('81', '魅族6', '魅族6', '24', '手机', '81', 'HTC', '1', '10', '西域驼铃', '1', '308', '{\"5\":\"容量\",\"4\":\"版本\",\"3\":\"屏幕尺寸\",\"1\":\"颜色\"}', '/upload/img/store/10/1444890653992.png', '/upload/img/store/10/1444890653992.png,/upload/img/store/10/1444890654092.png,/upload/img/store/10/1444890654193.png,/upload/img/store/10/1444890654294.png,', '2433.00', 'meizu2433', '1', '1', '30', '1', null, 'meizu2433', 'meizu2433meizu2433', 'meizu2433meizu2433meizu2433meizu2433meizu2433meizu2433meizu2433meizu2433meizu2433', '{\"98\":\"{\\\"name\\\":\\\"屏幕尺寸\\\",\\\"181\\\":\\\"5.5英寸\\\"}\",\"99\":\"{\\\"name\\\":\\\"分辨率\\\",\\\"182\\\":\\\"1334 x 750\\\"}\",\"100\":\"{\\\"name\\\":\\\"后置摄像头\\\",\\\"185\\\":\\\"800万像素\\\"}\",\"101\":\"{\\\"name\\\":\\\"前置摄像头\\\",\\\"186\\\":\\\"120万像素\\\"}\"}', '{\"5\":\"{\\\"36\\\":\\\"16G\\\",\\\"37\\\":\\\"32G\\\"}\",\"4\":\"{\\\"45\\\":\\\"移动4G\\\"}\",\"3\":\"{\\\"10\\\":\\\"4.7\\\"}\",\"1\":\"{\\\"166\\\":\\\"红色\\\",\\\"174\\\":\\\"白色\\\"}\"}', '{\"166\":\"/upload/img/store/10/1444890605481.png\",\"174\":\"/upload/img/store/10/1444890616437.png\"}', null, null, null, '1', '0', '0.00', '0.00', '0.00', '36', '北京市', '1', '北京', null, '0', '0', '1', '0', '0', null, '0'), ('82', '荣耀6', '荣耀6', '24', '手机', '0', '', '1', '21', '每一天美一天', '1', '315', '{\"5\":\"容量\",\"4\":\"版本\",\"3\":\"屏幕尺寸\",\"1\":\"颜色\"}', '/upload/img/store/21/1444894325524.png', '/upload/img/store/21/1444894325524.png,/upload/img/store/21/1444894325628.png,/upload/img/store/21/1444894325729.png,/upload/img/store/21/1444894325831.png,/upload/img/store/21/1444894325931.png,', '3488.00', 'ry3488', '1', '1', '30', '1', null, 'ry3488', 'ry3488', 'ry3488ry3488ry3488ry3488ry3488ry3488ry3488', '{\"98\":\"{\\\"name\\\":\\\"屏幕尺寸\\\",\\\"181\\\":\\\"5.5英寸\\\"}\",\"99\":\"{\\\"name\\\":\\\"分辨率\\\",\\\"184\\\":\\\"1920 x 1080\\\"}\",\"100\":\"{\\\"name\\\":\\\"后置摄像头\\\",\\\"185\\\":\\\"800万像素\\\"}\",\"101\":\"{\\\"name\\\":\\\"前置摄像头\\\",\\\"186\\\":\\\"120万像素\\\"}\"}', '{\"5\":\"{\\\"37\\\":\\\"32G\\\"}\",\"4\":\"{\\\"45\\\":\\\"移动4G\\\"}\",\"3\":\"{\\\"10\\\":\\\"4.7\\\"}\",\"1\":\"{\\\"167\\\":\\\"黑色\\\",\\\"174\\\":\\\"白色\\\"}\"}', '{\"167\":\"/upload/img/store/21/1444894294925.png\",\"174\":\"/upload/img/store/21/1444894295032.png\"}', null, null, null, '1', '0', '0.00', '0.00', '0.00', '36', '北京市', '1', '北京', null, '0', '0', '0', '0', '1', null, '0'), ('83', '101510151015', 'tretertrtertert', '177', 'BB机', '0', '', '1', '9', '京川牦牛', '1', '319', '{\"5\":\"容量\",\"4\":\"版本\",\"3\":\"屏幕尺寸\",\"1\":\"颜色\"}', '/upload/img/store/9/1444901240085.jpg_400x400.jpg', '/upload/img/store/9/1444901240085.jpg_400x400.jpg,/upload/img/store/9/1444901240187.jpg_400x400.jpg,', '44.00', '3434324', '1', '1', '30', '0', null, '', '', '', '{\"98\":\"{\\\"name\\\":\\\"屏幕尺寸\\\",\\\"179\\\":\\\"4.7英寸\\\"}\",\"99\":\"{\\\"name\\\":\\\"分辨率\\\",\\\"183\\\":\\\"1334 x 800\\\"}\",\"100\":\"{\\\"name\\\":\\\"后置摄像头\\\",\\\"185\\\":\\\"800万像素\\\"}\",\"101\":\"{\\\"name\\\":\\\"前置摄像头\\\",\\\"186\\\":\\\"120万像素\\\"}\"}', '{\"5\":\"{\\\"36\\\":\\\"16G\\\"}\",\"4\":\"{\\\"45\\\":\\\"移动4G\\\"}\",\"3\":\"{\\\"10\\\":\\\"4.7\\\"}\",\"1\":\"{\\\"166\\\":\\\"红色\\\"}\"}', '{\"166\":\"/upload/img/store/9/1444901224965.jpg\"}', null, null, null, '1', '0', '0.00', '0.00', '0.00', '40', '天津市', '2', '天津', null, '0', '0', '0', '0', '1', null, '0'), ('84', 'aaaaaaaa', '', '176', '小说', '0', null, '15', '0', '平台自营', '0', '320', '', null, '', '10.00', '1111111', '1', '1', '30', '0', null, '', '', '41144', '', '', '', null, null, null, '1', '0', '0.00', '0.00', '0.00', '36', '北京市', '1', '北京', null, '0', '0', '0', '0', '0', null, '0'), ('85', 'find7耳机', '', '65', '手机耳机', '0', null, '1', '0', '平台自营', '0', '321', '', null, '', '100.00', '', '1', '1', '30', '0', null, '', '', 'find7的耳机，高音质', '{\"104\":\"{\\\"name\\\":\\\"屏幕尺寸\\\",\\\"194\\\":\\\"4.7英寸\\\"}\",\"105\":\"{\\\"name\\\":\\\"分辨率\\\",\\\"197\\\":\\\"1334 x 750\\\"}\",\"106\":\"{\\\"name\\\":\\\"后置摄像头\\\",\\\"200\\\":\\\"800万像素\\\"}\",\"107\":\"{\\\"name\\\":\\\"前置摄像头\\\",\\\"201\\\":\\\"120万像素\\\"}\"}', '', '', null, null, null, '1', '0', '0.00', '0.00', '0.00', '291', '深圳市', '19', '广东省', null, '0', '0', '0', '0', '1', null, '0'), ('86', '小米2s', '小米2s', '24', '手机', '140', '小米', '1', '22', '新月服饰', '1', '347', '{\"5\":\"容量\",\"4\":\"版本\",\"3\":\"屏幕尺寸\",\"1\":\"颜色\"}{\"5\":\"容量\",\"4\":\"版本\",\"3\":\"屏幕尺寸\",\"1\":\"颜色\"}{\"5\":\"容量\",\"4\":\"版本\",\"3\":\"屏幕尺寸\",\"1\":\"颜色\"}{\"5\":\"容量\",\"4\":\"版本\",\"3\":\"屏幕尺寸\",\"1\":\"颜色\"}', '/upload/img/store/22/1444976969861.png', '/upload/img/store/22/1444976969861.png,', '5688.00', 'xm56', '1', '1', '30', '1', null, '小米', '小米', '              	              	<span>小米</span>5656565656565656\n              \n              ', '{\"104\":\"{\\\"name\\\":\\\"屏幕尺寸\\\",\\\"195\\\":\\\"5.0英寸\\\"}\",\"105\":\"{\\\"name\\\":\\\"分辨率\\\",\\\"197\\\":\\\"1334 x 750\\\"}\",\"106\":\"{\\\"name\\\":\\\"后置摄像头\\\",\\\"200\\\":\\\"800万像素\\\"}\",\"107\":\"{\\\"name\\\":\\\"前置摄像头\\\",\\\"201\\\":\\\"120万像素\\\"}\"}', '{\"5\":\"{\\\"36\\\":\\\"16G\\\",\\\"37\\\":\\\"32G\\\"}\",\"4\":\"{\\\"45\\\":\\\"移动4G\\\",\\\"46\\\":\\\"联通4G\\\"}\",\"3\":\"{\\\"10\\\":\\\"4.7\\\"}\",\"1\":\"{\\\"167\\\":\\\"黑色\\\",\\\"174\\\":\\\"白色\\\"}\"}', '{\"167\":\"/upload/img/store/22/1444976757578.png\",\"174\":\"/upload/img/store/22/1444976761352.png\"}', null, null, null, '1', '0', '0.00', '0.00', '0.00', '36', '北京市', '1', '北京', null, '0', '0', '0', '0', '1', null, '0'), ('87', '22222', '222', '58', '装宽带', '0', '', '0', '9', '京川牦牛', '0', '338', '', null, '', '0.01', '10000', '1', '1', '30', '0', null, '', '', 'fffff', '', '', '', null, null, null, '1', '0', '0.00', '0.00', '0.00', '272', '潜江市', '17', '湖北省', null, '0', '0', '1', '0', '1', '26', '0'), ('88', 'NB的对讲机', 'NB的对讲机', '52', '对讲机', '0', null, '1', '0', '平台自营', '0', '355', '', '/upload/img/store/0/1444977322670.jpg', '/upload/img/store/0/1444977322670.jpg,/upload/img/store/0/1444977322815.jpg,/upload/img/store/0/1444977322915.jpg,/upload/img/store/0/1444977323017.jpg,/upload/img/store/0/1444977323117.jpg,/upload/img/store/0/1444977323219.jpg,', '0.01', '', '1', '1', '30', '0', null, '', '', '', '', '', '', null, null, null, '1', '0', '0.00', '0.00', '0.00', '36', '北京市', '1', '北京', null, '0', '0', '1', '0', '1', null, '0'), ('89', '小米4', '小米4', '24', '手机', '140', '小米', '1', '22', '新月服饰', '1', '356', '{\"5\":\"容量\",\"4\":\"版本\",\"3\":\"屏幕尺寸\",\"1\":\"颜色\"}', '/upload/img/store/22/1444977348079.png', '/upload/img/store/22/1444977348079.png,/upload/img/store/22/1444977348180.png,/upload/img/store/22/1444977348282.png,/upload/img/store/22/1444977349063.png,/upload/img/store/22/1444977349165.png,', '4444.00', '小米', '1', '1', '30', '1', null, '小米4', '小米4', '', '{\"104\":\"{\\\"name\\\":\\\"屏幕尺寸\\\",\\\"194\\\":\\\"4.7英寸\\\"}\",\"105\":\"{\\\"name\\\":\\\"分辨率\\\",\\\"197\\\":\\\"1334 x 750\\\"}\",\"106\":\"{\\\"name\\\":\\\"后置摄像头\\\",\\\"200\\\":\\\"800万像素\\\"}\",\"107\":\"{\\\"name\\\":\\\"前置摄像头\\\",\\\"201\\\":\\\"120万像素\\\"}\"}', '{\"5\":\"{\\\"36\\\":\\\"16G\\\",\\\"37\\\":\\\"32G\\\"}\",\"4\":\"{\\\"45\\\":\\\"移动4G\\\"}\",\"3\":\"{\\\"10\\\":\\\"4.7\\\"}\",\"1\":\"{\\\"167\\\":\\\"黑色\\\",\\\"174\\\":\\\"白色\\\"}\"}', '{\"167\":\"/upload/img/store/22/1444977276460.png\",\"174\":\"/upload/img/store/22/1444977281207.png\"}', null, null, null, '1', '0', '0.00', '0.00', '0.00', '36', '北京市', '1', '北京', null, '0', '0', '0', '0', '0', null, '0'), ('90', '乐乐燕麦', '乐乐燕麦', '180', '植物油', '0', '', '0', '23', '爱途贸易有限公司', '0', '360', '', '/upload/img/store/23/1444977454674.jpg', '/upload/img/store/23/1444977454674.jpg,/upload/img/store/23/1444977507744.jpg,', '33.00', '34444', '0', '1', '1', '0', null, '麦片', '麦片', '', '', '', '', null, null, null, '1', '0', '0.00', '0.00', '0.00', '36', '北京市', '1', '北京', '店铺关闭', '0', '0', '0', '0', '1', null, '0'), ('91', '荣耀6', '荣耀6', '24', '手机', '78', '诺基亚', '1', '22', '新月服饰', '1', '363', '{\"5\":\"容量\",\"4\":\"版本\",\"3\":\"屏幕尺寸\",\"1\":\"颜色\"}{\"5\":\"容量\",\"4\":\"版本\",\"3\":\"屏幕尺寸\",\"1\":\"颜色\"}', '/upload/img/store/22/1444977655841.png', '/upload/img/store/22/1444977655841.png,', '4500.00', 'ry4500', '0', '1', '30', '1', null, '荣耀', '荣耀', '              	ry45004500\n              ', '{\"104\":\"{\\\"name\\\":\\\"屏幕尺寸\\\",\\\"194\\\":\\\"4.7英寸\\\"}\",\"105\":\"{\\\"name\\\":\\\"分辨率\\\",\\\"198\\\":\\\"1334 x 800\\\"}\",\"106\":\"{\\\"name\\\":\\\"后置摄像头\\\",\\\"200\\\":\\\"800万像素\\\"}\",\"107\":\"{\\\"name\\\":\\\"前置摄像头\\\",\\\"201\\\":\\\"120万像素\\\"}\"}', '{\"5\":\"{\\\"36\\\":\\\"16G\\\"}\",\"4\":\"{\\\"45\\\":\\\"移动4G\\\",\\\"46\\\":\\\"联通4G\\\"}\",\"3\":\"{\\\"10\\\":\\\"4.7\\\"}\",\"1\":\"{\\\"166\\\":\\\"红色\\\"}\"}', '{\"166\":\"/upload/img/store/22/1444977629999.png\"}', null, null, null, '1', '0', '0.00', '0.00', '0.00', '36', '北京市', '1', '北京', null, '0', '0', '0', '0', '0', null, '0'), ('92', '新的测试手机', '新的测试手机', '24', '手机', '0', '', '1', '9', '京川牦牛', '1', '366', '{\"5\":\"容量\",\"4\":\"版本\",\"3\":\"屏幕尺寸\",\"1\":\"颜色\"}', '/upload/img/store/9/1445242168821.jpg', '/upload/img/store/9/1445242168821.jpg,/upload/img/store/9/1445242169090.jpg,/upload/img/store/9/1445242169196.jpg,/upload/img/store/9/1445242169302.jpg,', '11.00', '', '1', '1', '30', '0', null, '', '', '', '', '{\"5\":\"{\\\"36\\\":\\\"16G\\\"}\",\"4\":\"{\\\"45\\\":\\\"移动4G\\\"}\",\"3\":\"{\\\"10\\\":\\\"4.7\\\"}\",\"1\":\"{\\\"166\\\":\\\"红色\\\"}\"}', '', null, null, null, '1', '0', '0.00', '0.00', '0.00', '40', '天津市', '2', '天津', null, '0', '0', '0', '0', '1', null, '0'), ('93', 'tttttt', '123', '24', '手机', '80', null, '1', '0', '平台自营', '1', '367', '{\"5\":\"容量\",\"4\":\"版本\",\"3\":\"屏幕尺寸\",\"1\":\"颜色\"}', '/upload/img/store/0/1448083408455.png', '/upload/img/store/0/1448083408455.png,', '123.00', '', '1', '1', '30', '0', '1448083428665', '', '', 'qweqweqweqw123123', '{\"104\":\"{\\\"name\\\":\\\"屏幕尺寸\\\",\\\"194\\\":\\\"4.7英寸\\\"}\",\"105\":\"{\\\"name\\\":\\\"分辨率\\\",\\\"198\\\":\\\"1334 x 800\\\"}\",\"106\":\"{\\\"name\\\":\\\"后置摄像头\\\",\\\"200\\\":\\\"800万像素\\\"}\",\"107\":\"{\\\"name\\\":\\\"前置摄像头\\\",\\\"201\\\":\\\"120万像素\\\"}\"}', '{\"5\":\"{\\\"36\\\":\\\"16G\\\"}\",\"4\":\"{\\\"45\\\":\\\"移动4G\\\"}\",\"3\":\"{\\\"10\\\":\\\"4.7\\\"}\",\"1\":\"{\\\"166\\\":\\\"红色\\\"}\"}', '', '1448083428709', null, null, '1', '0', '0.00', '0.00', '0.00', '36', '北京市', '1', '北京', null, '0', '0', '0', '0', '1', null, '0'), ('94', 'yyyy', 'yyyy', '24', '手机', '80', '苹果2', '1', '9', '京川牦牛', '1', '368', '{\"5\":\"容量\",\"4\":\"版本\",\"3\":\"屏幕尺寸\",\"1\":\"颜色\"}', '/upload/img/store/9/1448083730518.png', '/upload/img/store/9/1448083730518.png,', '1323.00', 'qweqwe', '1', '1', '30', '0', '1448083746700', '', '', '12313', '{\"104\":\"{\\\"name\\\":\\\"屏幕尺寸\\\",\\\"194\\\":\\\"4.7英寸\\\"}\",\"105\":\"{\\\"name\\\":\\\"分辨率\\\",\\\"197\\\":\\\"1334 x 750\\\"}\",\"106\":\"{\\\"name\\\":\\\"后置摄像头\\\",\\\"200\\\":\\\"800万像素\\\"}\",\"107\":\"{\\\"name\\\":\\\"前置摄像头\\\",\\\"201\\\":\\\"120万像素\\\"}\"}', '{\"5\":\"{\\\"36\\\":\\\"16G\\\"}\",\"4\":\"{\\\"45\\\":\\\"移动4G\\\"}\",\"3\":\"{\\\"10\\\":\\\"4.7\\\"}\",\"1\":\"{\\\"166\\\":\\\"红色\\\"}\"}', '', '1448083746742', null, null, '1', '0', '0.00', '0.00', '0.00', '36', '北京市', '1', '北京', null, '0', '0', '0', '0', '1', null, '0');
COMMIT;

-- ----------------------------
--  Table structure for `shop_goods_attr_index`
-- ----------------------------
DROP TABLE IF EXISTS `shop_goods_attr_index`;
CREATE TABLE `shop_goods_attr_index` (
  `goods_id` int(10) unsigned NOT NULL COMMENT '商品id',
  `gc_id` int(10) unsigned NOT NULL COMMENT '商品分类id',
  `type_id` int(10) unsigned NOT NULL COMMENT '类型id',
  `attr_id` int(10) unsigned NOT NULL COMMENT '属性id',
  `attr_value_id` int(10) unsigned NOT NULL COMMENT '属性值id',
  PRIMARY KEY (`goods_id`,`gc_id`,`attr_value_id`)
) ENGINE=InnoDB DEFAULT CHARSET=utf8 COMMENT='商品与属性对应表';

-- ----------------------------
--  Records of `shop_goods_attr_index`
-- ----------------------------
BEGIN;
INSERT INTO `shop_goods_attr_index` VALUES ('5', '24', '1', '35', '54'), ('5', '24', '1', '36', '59'), ('5', '24', '1', '37', '60'), ('5', '24', '1', '38', '61'), ('6', '24', '1', '35', '54'), ('6', '24', '1', '36', '59'), ('6', '24', '1', '37', '60'), ('6', '24', '1', '38', '61'), ('7', '24', '1', '43', '72'), ('7', '24', '1', '44', '75'), ('7', '24', '1', '45', '76'), ('7', '24', '1', '46', '77'), ('8', '24', '1', '43', '72'), ('8', '24', '1', '44', '74'), ('8', '24', '1', '45', '76'), ('8', '24', '1', '46', '77'), ('9', '62', '4', '20', '36'), ('9', '62', '4', '21', '37'), ('9', '62', '4', '22', '38'), ('10', '62', '4', '26', '42'), ('10', '62', '4', '27', '45'), ('10', '62', '4', '28', '46'), ('11', '102', '2', '29', '47'), ('11', '102', '2', '30', '48'), ('11', '102', '2', '31', '49'), ('12', '102', '2', '29', '47'), ('12', '102', '2', '31', '49'), ('12', '102', '2', '30', '50'), ('13', '112', '5', '32', '51'), ('13', '112', '5', '33', '52'), ('13', '112', '5', '34', '53'), ('14', '24', '1', '43', '70'), ('14', '24', '1', '44', '74'), ('14', '24', '1', '45', '76'), ('14', '24', '1', '46', '77'), ('15', '24', '1', '43', '70'), ('15', '24', '1', '44', '73'), ('15', '24', '1', '45', '76'), ('15', '24', '1', '46', '77'), ('16', '24', '1', '43', '72'), ('16', '24', '1', '44', '75'), ('16', '24', '1', '45', '76'), ('16', '24', '1', '46', '77'), ('17', '24', '1', '43', '70'), ('17', '24', '1', '44', '73'), ('17', '24', '1', '45', '76'), ('17', '24', '1', '46', '77'), ('18', '24', '1', '43', '70'), ('18', '24', '1', '44', '75'), ('18', '24', '1', '45', '76'), ('18', '24', '1', '46', '77'), ('19', '24', '1', '43', '70'), ('19', '24', '1', '44', '75'), ('19', '24', '1', '45', '76'), ('19', '24', '1', '46', '77'), ('20', '135', '6', '47', '78'), ('20', '135', '6', '48', '80'), ('20', '135', '6', '49', '83'), ('20', '135', '6', '50', '85'), ('21', '135', '6', '47', '78'), ('21', '135', '6', '48', '80'), ('21', '135', '6', '49', '82'), ('21', '135', '6', '50', '85'), ('22', '135', '6', '48', '79'), ('22', '135', '6', '49', '83'), ('22', '135', '6', '50', '85'), ('22', '135', '6', '47', '86'), ('23', '135', '6', '48', '81'), ('23', '135', '6', '49', '83'), ('23', '135', '6', '50', '85'), ('23', '135', '6', '47', '88'), ('24', '135', '6', '48', '80'), ('24', '135', '6', '49', '83'), ('24', '135', '6', '47', '89'), ('24', '135', '6', '50', '90'), ('25', '135', '6', '48', '81'), ('25', '135', '6', '49', '83'), ('25', '135', '6', '47', '89'), ('25', '135', '6', '50', '90'), ('26', '135', '6', '48', '79'), ('26', '135', '6', '49', '83'), ('26', '135', '6', '47', '88'), ('26', '135', '6', '50', '90'), ('27', '135', '6', '48', '80'), ('27', '135', '6', '49', '83'), ('27', '135', '6', '47', '86'), ('27', '135', '6', '50', '90'), ('28', '135', '6', '48', '81'), ('28', '135', '6', '49', '83'), ('28', '135', '6', '50', '85'), ('28', '135', '6', '47', '86'), ('29', '135', '6', '47', '78'), ('29', '135', '6', '48', '80'), ('29', '135', '6', '49', '84'), ('29', '135', '6', '50', '85'), ('30', '147', '7', '51', '92'), ('30', '147', '7', '52', '96'), ('30', '147', '7', '53', '98'), ('30', '147', '7', '54', '100'), ('31', '147', '7', '51', '92'), ('31', '147', '7', '52', '96'), ('31', '147', '7', '53', '98'), ('31', '147', '7', '54', '100'), ('32', '147', '7', '51', '91'), ('32', '147', '7', '52', '95'), ('32', '147', '7', '53', '98'), ('32', '147', '7', '54', '100'), ('33', '147', '7', '52', '95'), ('33', '147', '7', '53', '99'), ('33', '147', '7', '54', '101'), ('33', '147', '7', '51', '103'), ('34', '147', '7', '51', '94'), ('34', '147', '7', '52', '97'), ('34', '147', '7', '53', '98'), ('34', '147', '7', '54', '102'), ('35', '147', '7', '51', '93'), ('35', '147', '7', '52', '95'), ('35', '147', '7', '53', '98'), ('35', '147', '7', '54', '100'), ('36', '147', '7', '51', '91'), ('36', '147', '7', '52', '95'), ('36', '147', '7', '53', '98'), ('36', '147', '7', '54', '100'), ('37', '147', '7', '52', '95'), ('37', '147', '7', '53', '98'), ('37', '147', '7', '54', '100'), ('37', '147', '7', '51', '103'), ('38', '147', '7', '51', '91'), ('38', '147', '7', '52', '97'), ('38', '147', '7', '53', '98'), ('38', '147', '7', '54', '102'), ('39', '147', '7', '51', '91'), ('39', '147', '7', '52', '95'), ('39', '147', '7', '53', '99'), ('39', '147', '7', '54', '101'), ('40', '125', '3', '55', '104'), ('40', '125', '3', '56', '105'), ('40', '125', '3', '57', '106'), ('43', '63', '9', '59', '111'), ('46', '24', '1', '43', '71'), ('46', '24', '1', '44', '73'), ('46', '24', '1', '45', '76'), ('46', '24', '1', '46', '77'), ('47', '168', '12', '60', '112'), ('47', '168', '12', '61', '113'), ('47', '168', '12', '62', '116'), ('47', '168', '12', '63', '118'), ('47', '168', '12', '64', '119'), ('47', '168', '12', '65', '120'), ('48', '169', '12', '60', '112'), ('48', '169', '12', '61', '114'), ('48', '169', '12', '62', '117'), ('48', '169', '12', '63', '118'), ('48', '169', '12', '64', '119'), ('48', '169', '12', '65', '120'), ('49', '169', '12', '60', '112'), ('49', '169', '12', '61', '115'), ('49', '169', '12', '62', '116'), ('49', '169', '12', '63', '118'), ('49', '169', '12', '64', '119'), ('49', '169', '12', '65', '120'), ('51', '147', '7', '51', '91'), ('51', '147', '7', '52', '96'), ('51', '147', '7', '53', '99'), ('51', '147', '7', '54', '101'), ('52', '169', '12', '66', '121'), ('52', '169', '12', '67', '122'), ('52', '169', '12', '68', '125'), ('52', '169', '12', '69', '127'), ('52', '169', '12', '70', '128'), ('52', '169', '12', '71', '129'), ('54', '172', '13', '72', '130'), ('57', '147', '7', '51', '91'), ('57', '147', '7', '52', '96'), ('57', '147', '7', '53', '98'), ('57', '147', '7', '54', '100'), ('58', '24', '1', '43', '72'), ('58', '24', '1', '44', '75'), ('58', '24', '1', '45', '76'), ('58', '24', '1', '46', '77'), ('59', '135', '6', '47', '78'), ('59', '135', '6', '48', '80'), ('59', '135', '6', '49', '82'), ('59', '135', '6', '50', '85'), ('61', '176', '15', '73', '134'), ('61', '176', '15', '74', '135'), ('62', '147', '7', '51', '91'), ('62', '147', '7', '52', '97'), ('62', '147', '7', '53', '99'), ('62', '147', '7', '54', '102'), ('63', '176', '15', '73', '134'), ('63', '176', '15', '74', '135'), ('65', '112', '5', '32', '51'), ('65', '112', '5', '33', '52'), ('65', '112', '5', '34', '53'), ('72', '24', '1', '98', '179'), ('72', '24', '1', '99', '182'), ('72', '24', '1', '100', '185'), ('72', '24', '1', '101', '186'), ('73', '24', '1', '98', '180'), ('73', '24', '1', '99', '182'), ('73', '24', '1', '100', '185'), ('73', '24', '1', '101', '186'), ('74', '24', '1', '98', '180'), ('74', '24', '1', '99', '184'), ('74', '24', '1', '100', '185'), ('74', '24', '1', '101', '186'), ('77', '24', '1', '98', '179'), ('77', '24', '1', '99', '182'), ('77', '24', '1', '100', '185'), ('77', '24', '1', '101', '186'), ('78', '56', '1', '98', '179'), ('78', '56', '1', '99', '182'), ('78', '56', '1', '100', '185'), ('78', '56', '1', '101', '186'), ('80', '24', '1', '98', '180'), ('80', '24', '1', '99', '183'), ('80', '24', '1', '100', '185'), ('80', '24', '1', '101', '186'), ('81', '24', '1', '98', '181'), ('81', '24', '1', '99', '182'), ('81', '24', '1', '100', '185'), ('81', '24', '1', '101', '186'), ('82', '24', '1', '98', '181'), ('82', '24', '1', '99', '184'), ('82', '24', '1', '100', '185'), ('82', '24', '1', '101', '186'), ('83', '177', '1', '98', '179'), ('83', '177', '1', '99', '183'), ('83', '177', '1', '100', '185'), ('83', '177', '1', '101', '186'), ('85', '65', '1', '104', '194'), ('85', '65', '1', '105', '197'), ('85', '65', '1', '106', '200'), ('85', '65', '1', '107', '201'), ('86', '24', '1', '104', '195'), ('86', '24', '1', '105', '197'), ('86', '24', '1', '106', '200'), ('86', '24', '1', '107', '201'), ('89', '24', '1', '104', '194'), ('89', '24', '1', '105', '197'), ('89', '24', '1', '106', '200'), ('89', '24', '1', '107', '201'), ('91', '24', '1', '104', '194'), ('91', '24', '1', '105', '198'), ('91', '24', '1', '106', '200'), ('91', '24', '1', '107', '201'), ('93', '24', '1', '104', '194'), ('93', '24', '1', '105', '198'), ('93', '24', '1', '106', '200'), ('93', '24', '1', '107', '201'), ('94', '24', '1', '104', '194'), ('94', '24', '1', '105', '197'), ('94', '24', '1', '106', '200'), ('94', '24', '1', '107', '201');
COMMIT;

-- ----------------------------
--  Table structure for `shop_goods_class`
-- ----------------------------
DROP TABLE IF EXISTS `shop_goods_class`;
CREATE TABLE `shop_goods_class` (
  `gc_id` int(10) unsigned NOT NULL AUTO_INCREMENT COMMENT '索引ID',
  `gc_name` varchar(100) NOT NULL COMMENT '分类名称',
  `gc_pic` varchar(255) DEFAULT NULL COMMENT '分类图片',
  `type_id` int(10) unsigned NOT NULL COMMENT '类型id',
  `type_name` varchar(100) NOT NULL COMMENT '类型名称',
  `gc_parent_id` int(10) unsigned NOT NULL DEFAULT '0' COMMENT '父ID',
  `gc_sort` tinyint(1) unsigned NOT NULL DEFAULT '0' COMMENT '排序',
  `gc_show` tinyint(1) NOT NULL DEFAULT '1' COMMENT '前台显示，0为否，1为是，默认为1',
  `gc_title` varchar(200) DEFAULT NULL COMMENT '名称',
  `gc_keywords` varchar(255) DEFAULT '' COMMENT '关键词',
  `gc_description` varchar(255) DEFAULT '' COMMENT '描述',
  `gc_idpath` varchar(255) DEFAULT '' COMMENT '层级path',
  `expen_scale` float DEFAULT NULL COMMENT '费用比例',
  `is_relate` tinyint(1) DEFAULT NULL COMMENT '是否关联子分类 0否, 1是',
  PRIMARY KEY (`gc_id`),
  KEY `store_id` (`gc_parent_id`) USING BTREE
) ENGINE=InnoDB AUTO_INCREMENT=195 DEFAULT CHARSET=utf8 COMMENT='商品分类表';

-- ----------------------------
--  Records of `shop_goods_class`
-- ----------------------------
BEGIN;
INSERT INTO `shop_goods_class` VALUES ('21', '手机、数码搞', '/upload/img/store/slide/1440226216583.png', '1', '手机', '0', '0', '1', '123', '哈哈哈', '恩恩', '21,', null, null), ('22', '手机通讯', '/upload/img/store/slide/1438419290748.png', '1', '手机', '21', '1', '1', '123', '哈哈哈', '恩恩', '21,22,', null, null), ('23', '手机配件', '/upload/img/store/slide/1438419329415.png', '1', '手机', '21', '4', '1', '123', '哈哈哈', '恩恩', '21,23,', null, null), ('24', '手机', '/upload/img/store/slide/1438568359422.jpg', '1', '手机', '22', '1', '1', '123', '哈哈哈', '恩恩', '21,22,24,', null, null), ('25', '电脑、办公', '/upload/img/store/slide/1440226260157.jpg', '2', '电脑1', '0', '0', '1', '123', '哈哈哈', '恩恩', '25,', null, null), ('26', '电脑整机', '', '2', '电脑1', '25', '0', '1', '123', '哈哈哈', '恩恩', '25,26,', null, null), ('27', '超薄本', '', '2', '电脑1', '26', '0', '1', '123', '哈哈哈', '恩恩', '25,26,27,', null, null), ('28', '家用电器', '/upload/img/store/slide/1440216107136.jpg', '3', '电视', '0', '0', '1', '123', '哈哈哈', '恩恩', '28,', null, null), ('29', '大家电', '', '3', '电视', '28', '0', '1', '123', '哈哈哈', '恩恩', '28,29,', null, null), ('30', '家居、家具、家装、厨具', '/upload/img/store/slide/1440226310201.jpg', '3', '电视', '0', '1', '1', '123', '哈哈哈', '恩恩', '30,', null, null), ('31', '厨具', '', '3', '电视', '30', '0', '1', '123', '哈哈哈', '恩恩', '30,31,', null, null), ('32', ' 男装、女装、内衣、珠宝', '/upload/img/store/slide/1440226575644.jpg', '0', '请选择...', '0', '0', '0', '123', '哈哈哈', '恩恩', '32,', null, null), ('33', '女装', '', '0', '请选择...', '32', '0', '1', '123', '哈哈哈', '恩恩', '32,33,', null, null), ('34', ' 个护化妆', '/upload/img/store/slide/1440226616417.jpg', '3', '电视', '0', '0', '1', '123', '哈哈哈', '恩恩', '34,', null, null), ('35', '面部护肤', '', '3', '电视', '34', '0', '1', '123', '哈哈哈', '恩恩', '34,35,', null, null), ('36', ' 鞋靴、箱包、钟表、奢侈品', '/upload/img/store/slide/1440226666129.jpg', '0', '请选择...', '0', '0', '0', '123', '哈哈哈', '恩恩', '36,', null, null), ('37', '时尚女鞋', '', '0', '', '36', '0', '1', '123', '哈哈哈', '恩恩', '36,37,', null, null), ('38', ' 运动户外', '/upload/img/store/slide/1440226815358.jpg', '2', '电脑1', '0', '0', '1', '123', '哈哈哈', '恩恩', '38,', null, null), ('39', '汽车、汽车用品', '/upload/img/store/slide/1440226858839.jpg', '3', '电视', '0', '0', '0', '123', '哈哈哈', '恩恩', '39,', null, null), ('42', '汽车车型', '', '2', '电脑1', '39', '0', '1', '123', '哈哈哈', '恩恩', '39,42,', null, null), ('43', '骑行运动', '', '1', '手机', '38', '0', '1', '123', '哈哈哈', '恩恩', '38,43,', null, null), ('50', '通信', '', '0', '', '21', '2', '1', '123', '哈哈哈', '恩恩', '21,50,', null, null), ('51', '运营商', '', '0', '', '21', '3', '1', '123', '哈哈哈', '恩恩', '21,51,', null, null), ('52', '对讲机', '', '1', '手机', '22', '2', '1', '123', '哈哈哈', '恩恩', '21,22,52,', null, null), ('53', '选号中心', '', '1', '手机', '50', '1', '1', '123', '哈哈哈', '恩恩', '21,50,53,', null, null), ('54', '自助服务', '', '1', '手机', '50', '2', '1', '123', '哈哈哈', '恩恩', '21,50,54,', null, null), ('55', '合约机', '', '1', '手机', '51', '1', '1', '123', '哈哈哈', '恩恩', '21,51,55,', null, null), ('56', '办套餐', '', '1', '手机', '51', '2', '1', '123', '哈哈哈', '恩恩', '21,51,56,', null, null), ('57', '选号码', '', '1', '手机', '51', '3', '1', '123', '哈哈哈', '恩恩', '21,51,57,', null, null), ('58', '装宽带', '', '0', '', '51', '4', '1', '123', '哈哈哈', '恩恩', '21,51,58,', null, null), ('59', '中国移动', '', '1', '手机', '51', '5', '1', '123', '哈哈哈', '恩恩', '21,51,59,', null, null), ('60', '中国联通', '', '0', '', '51', '6', '1', '123', '哈哈哈', '恩恩', '21,51,60,', null, null), ('61', '中国电信', '', '1', '手机', '51', '7', '1', '123', '哈哈哈', '恩恩', '21,51,61,', null, null), ('62', '电池/移动电源', '', '4', '电池/移动电源', '23', '0', '1', '123', '哈哈哈', '恩恩', '21,23,62,', null, null), ('63', '蓝牙耳机', '', '9', '耳机', '23', '0', '1', '123', '哈哈哈', '恩恩', '21,23,63,', null, null), ('64', '充电器/数据线', '', '0', '', '23', '0', '1', '123', '哈哈哈', '恩恩', '21,23,64,', null, null), ('65', '手机耳机', '', '1', '手机', '23', '0', '1', '123', '哈哈哈', '恩恩', '21,23,65,', null, null), ('66', '手机支架', '', '1', '手机', '23', '0', '1', '123', '哈哈哈', '恩恩', '21,23,66,', null, null), ('67', '贴膜', '', '1', '手机', '23', '0', '1', '123', '哈哈哈', '恩恩', '21,23,67,', null, null), ('68', '存储卡', '', '1', '手机', '23', '0', '1', '123', '哈哈哈', '恩恩', '21,23,68,', null, null), ('69', '保护套', '', '1', '手机', '23', '0', '1', '123', '哈哈哈', '恩恩', '21,23,69,', null, null), ('70', '车载', '', '1', '手机', '23', '0', '1', '123', '哈哈哈', '恩恩', '21,23,70,', null, null), ('71', 'iPhone配件', '', '1', '手机', '23', '0', '1', '123', '哈哈哈', '恩恩', '21,23,71,', null, null), ('72', '创意配件', '', '1', '手机', '23', '0', '1', '123', '哈哈哈', '恩恩', '21,23,72,', null, null), ('73', '便携/无线音箱', '', '1', '手机', '23', '0', '1', '123', '哈哈哈', '恩恩', '21,23,73,', null, null), ('74', '手机饰品', '', '1', '手机', '23', '0', '1', '123', '哈哈哈', '恩恩', '21,23,74,', null, null), ('75', '拍照配件', '', '1', '手机', '23', '0', '1', '123', '哈哈哈', '恩恩', '21,23,75,', null, null), ('76', '摄影摄像', '', '1', '手机', '21', '5', '1', '123', '哈哈哈', '恩恩', '21,76,', null, null), ('77', '数码相机', '', '8', '数码相机', '76', '0', '1', '123', '哈哈哈', '恩恩', '21,76,77,', null, null), ('78', '单电/微电相机', '', '0', '', '76', '0', '1', '123', '哈哈哈', '恩恩', '21,76,78,', null, null), ('79', '单反相机', '', '1', '手机', '76', '0', '1', '123', '哈哈哈', '恩恩', '21,76,79,', null, null), ('80', '拍立得', '', '1', '手机', '76', '0', '1', '123', '哈哈哈', '恩恩', '21,76,80,', null, null), ('81', '运动相机', '', '1', '手机', '76', '0', '1', '123', '哈哈哈', '恩恩', '21,76,81,', null, null), ('82', '摄像机', '', '1', '手机', '76', '0', '1', '123', '哈哈哈', '恩恩', '21,76,82,', null, null), ('83', '镜头', '', '1', '手机', '76', '0', '1', '123', '哈哈哈', '恩恩', '21,76,83,', null, null), ('84', '户外器材', '', '1', '手机', '76', '0', '1', '123', '哈哈哈', '恩恩', '21,76,84,', null, null), ('85', '影棚器材', '', '0', '', '76', '0', '1', '123', '哈哈哈', '恩恩', '21,76,85,', null, null), ('86', '冲印服务', '', '1', '手机', '76', '0', '1', '123', '哈哈哈', '恩恩', '21,76,86,', null, null), ('87', '数码相框', '', '1', '手机', '76', '0', '1', '123', '哈哈哈', '恩恩', '21,76,87,', null, null), ('88', '数码配件', '', '0', '', '21', '6', '1', '123', '哈哈哈', '恩恩', '21,88,', null, null), ('89', '存储卡', '', '0', '', '88', '0', '1', '123', '哈哈哈', '恩恩', '21,88,89,', null, null), ('90', '读卡器', '', '0', '', '88', '0', '1', '123', '哈哈哈', '恩恩', '21,88,90,', null, null), ('91', '支架', '', '0', '', '88', '0', '1', '123', '哈哈哈', '恩恩', '21,88,91,', null, null), ('92', '滤镜', '', '0', '', '88', '0', '1', '123', '哈哈哈', '恩恩', '21,88,92,', null, null), ('93', '闪光灯/手柄', '', '0', '', '88', '0', '1', '123', '哈哈哈', '恩恩', '21,88,93,', null, null), ('94', '相机包', '', '0', '', '88', '0', '1', '123', '哈哈哈', '恩恩', '21,88,94,', null, null), ('95', '三脚架/云台', '', '0', '', '88', '0', '1', '123', '哈哈哈', '恩恩', '21,88,95,', null, null), ('96', '相机清洁/贴膜', '', '0', '', '88', '0', '1', '123', '哈哈哈', '恩恩', '21,88,96,', null, null), ('97', '机身附件', '', '0', '', '88', '0', '1', '123', '哈哈哈', '恩恩', '21,88,97,', null, null), ('98', '镜头附件', '', '0', '', '88', '0', '1', '123', '哈哈哈', '恩恩', '21,88,98,', null, null), ('99', '电池/充电器', '', '0', '', '88', '0', '1', '123', '哈哈哈', '恩恩', '21,88,99,', null, null), ('100', '移动电源', '', '0', '', '88', '0', '1', '123', '哈哈哈', '恩恩', '21,88,100,', null, null), ('101', '电脑配件', '', '0', '', '25', '1', '1', '123', '哈哈哈', '恩恩', '25,101,', null, null), ('102', '笔记本', '', '2', '电脑1', '26', '0', '1', '123', '哈哈哈', '恩恩', '25,26,102,', null, null), ('103', '超极本', '', '2', '电脑1', '26', '0', '1', '123', '哈哈哈', '恩恩', '25,26,103,', null, null), ('104', '平板电脑', '', '2', '电脑1', '26', '0', '1', '123', '哈哈哈', '恩恩', '25,26,104,', null, null), ('105', '平板电脑配件', '', '2', '电脑1', '26', '0', '1', '123', '哈哈哈', '恩恩', '25,26,105,', null, null), ('106', '台式机', '', '2', '电脑1', '26', '0', '1', '123', '哈哈哈', '恩恩', '25,26,106,', null, null), ('107', '一体机', '', '2', '电脑1', '26', '0', '1', '123', '哈哈哈', '恩恩', '25,26,107,', null, null), ('108', '服务器/工作站', '', '2', '电脑1', '26', '0', '1', '123', '哈哈哈', '恩恩', '25,26,108,', null, null), ('109', '笔记本配件', '', '2', '电脑1', '26', '0', '1', '123', '哈哈哈', '恩恩', '25,26,109,', null, null), ('110', 'CPU', '', '2', '电脑1', '101', '0', '1', '123', '哈哈哈', '恩恩', '25,101,110,', null, null), ('111', '主板', '', '2', '电脑1', '101', '0', '1', '123', '哈哈哈', '恩恩', '25,101,111,', null, null), ('112', '显卡', '', '5', '显卡', '101', '0', '1', '123', '哈哈哈', '恩恩', '25,101,112,', null, null), ('113', '硬盘', '', '2', '电脑1', '101', '0', '1', '123', '哈哈哈', '恩恩', '25,101,113,', null, null), ('114', 'SSD固态硬盘', '', '2', '电脑1', '101', '0', '1', '123', '哈哈哈', '恩恩', '25,101,114,', null, null), ('115', '内存', '', '2', '电脑1', '101', '0', '1', '123', '哈哈哈', '恩恩', '25,101,115,', null, null), ('116', '机箱', '', '2', '电脑1', '101', '0', '1', '123', '哈哈哈', '恩恩', '25,101,116,', null, null), ('117', '电源', '', '2', '电脑1', '101', '0', '1', '123', '哈哈哈', '恩恩', '25,101,117,', null, null), ('118', '显示器', '', '2', '电脑1', '101', '0', '1', '123', '哈哈哈', '恩恩', '25,101,118,', null, null), ('119', '刻录机/光驱', '', '2', '电脑1', '101', '0', '1', '123', '哈哈哈', '恩恩', '25,101,119,', null, null), ('120', '声卡/扩展卡', '', '2', '电脑1', '101', '0', '1', '123', '哈哈哈', '恩恩', '25,101,120,', null, null), ('121', '散热器', '', '2', '电脑1', '101', '0', '1', '123', '哈哈哈', '恩恩', '25,101,121,', null, null), ('122', '装机配件', '', '2', '电脑1', '101', '0', '1', '123', '哈哈哈', '恩恩', '25,101,122,', null, null), ('123', '组装电脑', '', '2', '电脑1', '101', '0', '1', '123', '哈哈哈', '恩恩', '25,101,123,', null, null), ('125', '平板电视', '', '3', '电视', '29', '0', '1', '123', '哈哈哈', '恩恩', '28,29,125,', null, null), ('126', '空调', '', '1', '手机', '29', '0', '1', '123', '哈哈哈', '恩恩', '28,29,126,', null, null), ('127', '冰箱', '', '0', '', '29', '0', '1', '123', '哈哈哈', '恩恩', '28,29,127,', null, null), ('128', '生活电器', '', '0', '', '28', '0', '1', '123', '哈哈哈', '恩恩', '28,128,', null, null), ('129', '电风扇', '', '0', '', '128', '0', '1', '123', '哈哈哈', '恩恩', '28,128,129,', null, null), ('130', '烹饪锅具', '', '0', '', '31', '0', '1', '123', '哈哈哈', '恩恩', '30,31,130,', null, null), ('131', '刀剪菜板', '', '0', '', '31', '0', '1', '123', '哈哈哈', '恩恩', '30,31,131,', null, null), ('132', '家装建材', '', '0', '', '30', '0', '1', '123', '哈哈哈', '恩恩', '30,132,', null, null), ('133', '灯饰照明', '', '0', '', '132', '0', '1', '123', '哈哈哈', '恩恩', '30,132,133,', null, null), ('134', '厨房卫浴', '', '0', '', '132', '0', '1', '123', '哈哈哈', '恩恩', '30,132,134,', null, null), ('135', '连衣裙', '', '6', '连衣裙', '33', '0', '1', '123', '哈哈哈', '恩恩', '32,33,135,', null, null), ('136', 'T恤', '', '0', '', '33', '0', '1', '123', '哈哈哈', '恩恩', '32,33,136,', null, null), ('137', '男装', '', '0', '', '32', '0', '1', '123', '哈哈哈', '恩恩', '32,137,', null, null), ('138', 'T恤', '', '0', '', '137', '0', '1', '123', '哈哈哈', '恩恩', '32,137,138,', null, null), ('139', '衬衫', '', '0', '', '137', '0', '1', '123', '哈哈哈', '恩恩', '32,137,139,', null, null), ('140', '洗发护发', '', '0', '', '34', '0', '1', '123', '哈哈哈', '恩恩', '34,140,', null, null), ('141', '清洁', '', '0', '', '35', '0', '1', '123', '哈哈哈', '恩恩', '34,35,141,', null, null), ('142', '护肤', '', '0', '', '35', '0', '1', '123', '哈哈哈', '恩恩', '34,35,142,', null, null), ('143', '洗发', '', '0', '', '140', '0', '1', '123', '哈哈哈', '恩恩', '34,140,143,', null, null), ('144', '护发', '', '0', '', '140', '0', '1', '123', '哈哈哈', '恩恩', '34,140,144,', null, null), ('145', '流行男鞋', '', '0', '', '36', '0', '1', '123', '哈哈哈', '恩恩', '36,145,', null, null), ('146', '单鞋', '', '0', '', '37', '0', '1', '123', '哈哈哈', '恩恩', '36,37,146,', null, null), ('147', '高跟鞋', '', '7', '高跟鞋', '37', '0', '1', '123', '哈哈哈', '恩恩', '36,37,147,', null, null), ('148', '休闲鞋', '', '0', '', '145', '0', '1', '123', '哈哈哈', '恩恩', '36,145,148,', null, null), ('149', '商务休闲鞋', '', '0', '', '145', '0', '1', '123', '哈哈哈', '恩恩', '36,145,149,', null, null), ('150', '冷风扇', '', '0', '', '128', '0', '1', '123', '哈哈哈', '恩恩', '28,128,150,', null, null), ('151', '运动鞋包', '', '0', '', '38', '0', '1', '123', '哈哈哈', '恩恩', '38,151,', null, null), ('152', '跑步鞋', '', '0', '', '151', '0', '1', '123', '哈哈哈', '恩恩', '38,151,152,', null, null), ('153', '休闲鞋', '', '0', '', '151', '0', '1', '123', '哈哈哈', '恩恩', '38,151,153,', null, null), ('154', '山地车/公路车', '', '0', '', '43', '0', '1', '123', '哈哈哈', '恩恩', '38,43,154,', null, null), ('155', '折叠车', '', '0', '', '43', '0', '1', '123', '哈哈哈', '恩恩', '38,43,155,', null, null), ('156', '微型车', '', '0', '', '42', '0', '1', '123', '哈哈哈', '恩恩', '39,42,156,', null, null), ('157', '小型车', '', '0', '', '42', '0', '1', '123', '哈哈哈', '恩恩', '39,42,157,', null, null), ('158', '紧凑型车', '', '0', '', '42', '0', '1', '123', '哈哈哈', '恩恩', '39,42,158,', null, null), ('159', '汽车价格', '', '0', '', '39', '0', '1', '123', '哈哈哈', '恩恩', '39,159,', null, null), ('160', '5万以下', '', '0', '', '159', '0', '1', '123', '哈哈哈', '恩恩', '39,159,160,', null, null), ('161', '5-8万', '', '0', '', '159', '0', '1', '123', '哈哈哈', '恩恩', '39,159,161,', null, null), ('162', '8-10万', '', '0', '', '159', '0', '0', '123', '哈哈哈', '恩恩', '39,159,162,', null, null), ('166', '篮球', '', '11', '篮球类', '38', '0', '1', '123', '哈哈哈', '恩恩', '38,166,', null, null), ('167', '配饰', '', '0', '', '32', '0', '1', '123', '哈哈哈', '恩恩', '32,167,', null, null), ('168', '嘻哈帽', '', '12', '帽子', '167', '0', '1', '123', '哈哈哈', '恩恩', '32,167,168,', null, null), ('169', '棒球帽', '', '12', '帽子', '167', '0', '1', '123', '哈哈哈', '恩恩', '32,167,169,', null, null), ('174', '图书音像', '', '0', '', '0', '0', '1', '123', '哈哈哈', '恩恩', '174,', null, null), ('175', '书城', '', '15', '图书', '174', '0', '0', '123', '哈哈哈', '恩恩', '174,175,', null, null), ('176', '小说', '', '15', '图书', '175', '0', '1', '123', '哈哈哈', '恩恩', '174,175,176,', null, null), ('177', 'BB机', '', '1', '手机', '22', '0', '1', '123', '', '', '21,22,177,', null, null), ('178', 'DVD', '', '15', '图书', '174', '0', '1', '123', '', '', '174,178,', null, null), ('179', '粮油米面', '', '0', '', '0', '1', '1', '123', '', '', '179,', null, null), ('180', '植物油', '', '0', '', '179', '0', '1', '123', '', '', '179,180,', null, null), ('186', '美白保湿', '', '0', '', '34', '3', '1', '123', '', '', '34,186,', null, null), ('187', '面膜', '', '0', '', '186', '0', '1', '123', '', '', '34,186,187,', null, null), ('188', '洁面乳', '', '0', '', '186', '0', '1', '123', '', '', '34,186,188,', null, null), ('189', '保湿霜', '', '0', '', '186', '0', '1', '123', '', '', '34,186,189,', null, null), ('190', '胶粘篮球', '', '0', '', '166', '0', '1', '123', '', '', '38,166,190,', null, null);
COMMIT;

-- ----------------------------
--  Table structure for `shop_goods_class_staple`
-- ----------------------------
DROP TABLE IF EXISTS `shop_goods_class_staple`;
CREATE TABLE `shop_goods_class_staple` (
  `staple_id` int(10) unsigned NOT NULL AUTO_INCREMENT COMMENT '常用分类id',
  `staple_name` varchar(255) NOT NULL COMMENT '常用分类名称',
  `gc_id_1` int(10) unsigned NOT NULL COMMENT '一级分类id',
  `gc_id_2` int(10) unsigned NOT NULL COMMENT '二级商品分类',
  `gc_id_3` int(10) unsigned NOT NULL COMMENT '三级商品分类',
  `type_id` int(10) unsigned NOT NULL COMMENT '类型id',
  `member_id` int(10) unsigned NOT NULL COMMENT '会员id',
  `counter` int(10) unsigned NOT NULL DEFAULT '1' COMMENT '计数器',
  PRIMARY KEY (`staple_id`),
  KEY `store_id` (`member_id`) USING BTREE
) ENGINE=InnoDB DEFAULT CHARSET=utf8 COMMENT='店铺常用分类表';

-- ----------------------------
--  Table structure for `shop_goods_class_tag`
-- ----------------------------
DROP TABLE IF EXISTS `shop_goods_class_tag`;
CREATE TABLE `shop_goods_class_tag` (
  `gc_tag_id` int(10) unsigned NOT NULL AUTO_INCREMENT COMMENT 'TAGid',
  `gc_id_1` int(10) unsigned NOT NULL COMMENT '一级分类id',
  `gc_id_2` int(10) unsigned NOT NULL COMMENT '二级分类id',
  `gc_id_3` int(10) unsigned NOT NULL COMMENT '三级分类id',
  `gc_tag_name` varchar(255) NOT NULL COMMENT '分类TAG名称',
  `gc_tag_value` text NOT NULL COMMENT '分类TAG值',
  `gc_id` int(10) unsigned NOT NULL COMMENT '商品分类id',
  `type_id` int(10) unsigned NOT NULL COMMENT '类型id',
  PRIMARY KEY (`gc_tag_id`)
) ENGINE=InnoDB DEFAULT CHARSET=utf8 COMMENT='商品分类TAG表';

-- ----------------------------
--  Table structure for `shop_goods_combination`
-- ----------------------------
DROP TABLE IF EXISTS `shop_goods_combination`;
CREATE TABLE `shop_goods_combination` (
  `goods_id` int(11) NOT NULL COMMENT '商品id',
  `combination_goods_id` int(11) NOT NULL COMMENT '被组合商品的id',
  PRIMARY KEY (`goods_id`,`combination_goods_id`)
) ENGINE=InnoDB DEFAULT CHARSET=latin1 COMMENT='组合商品表';

-- ----------------------------
--  Records of `shop_goods_combination`
-- ----------------------------
BEGIN;
INSERT INTO `shop_goods_combination` VALUES ('25', '26'), ('65', '42'), ('66', '42'), ('72', '25'), ('72', '26'), ('72', '27');
COMMIT;

-- ----------------------------
--  Table structure for `shop_goods_common`
-- ----------------------------
DROP TABLE IF EXISTS `shop_goods_common`;
CREATE TABLE `shop_goods_common` (
  `goods_commonid` int(10) unsigned NOT NULL AUTO_INCREMENT COMMENT '商品公共表id',
  `goods_name` varchar(50) NOT NULL COMMENT '商品名称',
  `goods_jingle` varchar(50) NOT NULL COMMENT '商品广告词',
  `gc_id` int(10) unsigned NOT NULL COMMENT '商品分类',
  `gc_name` varchar(200) NOT NULL COMMENT '商品分类',
  `store_id` int(10) unsigned NOT NULL COMMENT '店铺id',
  `store_name` varchar(50) NOT NULL COMMENT '店铺名称',
  `spec_name` varchar(255) NOT NULL COMMENT '规格名称',
  `spec_value` text NOT NULL COMMENT '规格值',
  `brand_id` int(10) unsigned NOT NULL COMMENT '品牌id',
  `brand_name` varchar(100) NOT NULL COMMENT '品牌名称',
  `type_id` int(10) unsigned NOT NULL DEFAULT '0' COMMENT '类型id',
  `goods_image` varchar(100) NOT NULL COMMENT '商品主图',
  `goods_attr` text NOT NULL COMMENT '商品属性',
  `goods_body` text NOT NULL COMMENT '商品内容',
  `goods_state` tinyint(3) unsigned NOT NULL COMMENT '商品状态 0下架，1正常，10违规（禁售）',
  `goods_stateremark` varchar(255) DEFAULT NULL COMMENT '违规原因',
  `goods_verify` tinyint(3) unsigned NOT NULL COMMENT '商品审核 1通过，0未通过，10审核中',
  `goods_verifyremark` varchar(255) DEFAULT NULL COMMENT '审核失败原因',
  `goods_lock` tinyint(3) unsigned NOT NULL DEFAULT '0' COMMENT '商品锁定 0未锁，1已锁',
  `goods_addtime` bigint(13) DEFAULT NULL COMMENT '商品添加时间',
  `goods_selltime` bigint(13) DEFAULT NULL COMMENT '上架时间',
  `goods_specname` text NOT NULL COMMENT '规格名称序列化（下标为规格id）',
  `goods_price` decimal(10,2) NOT NULL COMMENT '商品价格',
  `goods_marketprice` decimal(10,2) NOT NULL COMMENT '市场价',
  `goods_costprice` decimal(10,2) NOT NULL COMMENT '成本价',
  `goods_discount` float unsigned NOT NULL COMMENT '折扣',
  `goods_serial` varchar(50) NOT NULL COMMENT '商家编号',
  `transport_id` mediumint(8) unsigned NOT NULL DEFAULT '0' COMMENT '运费模板',
  `transport_title` varchar(60) NOT NULL DEFAULT '' COMMENT '运费模板名称',
  `goods_commend` tinyint(3) unsigned NOT NULL DEFAULT '0' COMMENT '商品推荐 1是，0否，默认为0',
  `goods_freight` decimal(10,2) unsigned NOT NULL DEFAULT '0.00' COMMENT '运费 0为免运费',
  `goods_vat` tinyint(3) unsigned NOT NULL DEFAULT '0' COMMENT '是否开具增值税发票 1是，0否',
  `areaid_1` int(10) unsigned NOT NULL COMMENT '一级地区id',
  `areaid_2` int(10) unsigned NOT NULL COMMENT '二级地区id',
  `goods_stcids` varchar(255) NOT NULL DEFAULT '' COMMENT '店铺分类id 首尾用,隔开',
  `plateid_top` int(10) unsigned DEFAULT NULL COMMENT '顶部关联板式',
  `plateid_bottom` int(10) unsigned DEFAULT NULL COMMENT '底部关联板式',
  `is_del` tinyint(4) DEFAULT '0' COMMENT '是否删除0:未删除;1:已删除',
  `create_time` bigint(13) DEFAULT NULL COMMENT '创建时间',
  `update_time` bigint(13) DEFAULT NULL COMMENT '修改时间',
  PRIMARY KEY (`goods_commonid`)
) ENGINE=InnoDB DEFAULT CHARSET=utf8 COMMENT='商品公共内容表';

-- ----------------------------
--  Table structure for `shop_goods_images`
-- ----------------------------
DROP TABLE IF EXISTS `shop_goods_images`;
CREATE TABLE `shop_goods_images` (
  `goods_image_id` int(10) unsigned NOT NULL AUTO_INCREMENT COMMENT '商品图片id',
  `goods_commonid` int(10) unsigned NOT NULL COMMENT '商品公共内容id',
  `store_id` int(10) unsigned NOT NULL COMMENT '店铺id',
  `color_id` int(10) unsigned NOT NULL COMMENT '颜色规格值id',
  `goods_image` varchar(1000) NOT NULL COMMENT '商品图片',
  `goods_image_sort` tinyint(3) unsigned NOT NULL COMMENT '排序',
  `is_default` tinyint(3) unsigned NOT NULL DEFAULT '0' COMMENT '默认主题，1是，0否',
  PRIMARY KEY (`goods_image_id`)
) ENGINE=InnoDB DEFAULT CHARSET=utf8 COMMENT='商品图片';

-- ----------------------------
--  Table structure for `shop_goods_recommend`
-- ----------------------------
DROP TABLE IF EXISTS `shop_goods_recommend`;
CREATE TABLE `shop_goods_recommend` (
  `recommend_id` int(11) NOT NULL AUTO_INCREMENT COMMENT 'id',
  `recommend_name` varchar(50) CHARACTER SET utf8 DEFAULT NULL COMMENT '名字',
  `recommend_info` varchar(100) CHARACTER SET utf8 DEFAULT NULL COMMENT '描述',
  `recommend_use` tinyint(1) DEFAULT NULL COMMENT '是否启用0启用,1停用',
  `create_time` bigint(13) DEFAULT NULL COMMENT '创建时间',
  PRIMARY KEY (`recommend_id`)
) ENGINE=InnoDB AUTO_INCREMENT=4 DEFAULT CHARSET=latin1;

-- ----------------------------
--  Records of `shop_goods_recommend`
-- ----------------------------
BEGIN;
INSERT INTO `shop_goods_recommend` VALUES ('1', 'youlike', '猜你喜欢', '1', null), ('2', 'recommend', '推荐商品', '1', null), ('3', 'newgoods', '新品上市', '1', null);
COMMIT;

-- ----------------------------
--  Table structure for `shop_goods_spec`
-- ----------------------------
DROP TABLE IF EXISTS `shop_goods_spec`;
CREATE TABLE `shop_goods_spec` (
  `goods_spec_id` int(11) NOT NULL AUTO_INCREMENT COMMENT '商品规格索引id',
  `goods_id` int(11) NOT NULL COMMENT '商品id',
  `spec_name` varchar(255) DEFAULT NULL COMMENT '规格名称',
  `spec_goods_price` decimal(10,2) NOT NULL COMMENT '规格商品价格',
  `spec_goods_storage` int(11) NOT NULL COMMENT '规格商品库存',
  `spec_salenum` int(11) NOT NULL DEFAULT '0' COMMENT '售出数量',
  `spec_goods_color` varchar(20) DEFAULT NULL COMMENT '规格商品颜色',
  `spec_goods_serial` varchar(50) DEFAULT NULL COMMENT '规格商品编号',
  `spec_goods_spec` text COMMENT '商品规格序列化',
  `spec_isopen` int(1) DEFAULT '1' COMMENT '是否开启规格,1:开启，0:关闭',
  PRIMARY KEY (`goods_spec_id`),
  KEY `goods_id` (`goods_id`) USING BTREE
) ENGINE=InnoDB AUTO_INCREMENT=369 DEFAULT CHARSET=utf8 COMMENT='商品规格表';

-- ----------------------------
--  Records of `shop_goods_spec`
-- ----------------------------
BEGIN;
INSERT INTO `shop_goods_spec` VALUES ('57', '9', '{\"4\":\"版本\",\"1\":\"颜色\"}', '199.00', '10000', '0', null, '', '{\"43\":\"5000毫安\",\"19\":\"黑色\"}', '1'), ('58', '9', '{\"4\":\"版本\",\"1\":\"颜色\"}', '259.00', '20000', '0', null, '', '{\"44\":\"10000毫安\",\"19\":\"黑色\"}', '1'), ('61', '11', '{\"1\":\"颜色\",\"4\":\"版本\"}', '5788.00', '1219', '3', null, '', '{\"22\":\"银色\",\"50\":\"11.6英寸128GB\"}', '1'), ('62', '11', '{\"1\":\"颜色\",\"4\":\"版本\"}', '6588.00', '3326', '7', null, '', '{\"22\":\"银色\",\"51\":\"13.3英寸128GB\"}', '1'), ('63', '10', '{\"1\":\"颜色\",\"4\":\"版本\"}', '79.00', '1999', '0', null, '', '{\"22\":\"银色\",\"48\":\"5000毫安\"}', '1'), ('64', '10', '{\"1\":\"颜色\",\"4\":\"版本\"}', '120.00', '2222', '0', null, '', '{\"22\":\"银色\",\"49\":\"10000毫安\"}', '1'), ('65', '12', '{\"1\":\"颜色\",\"4\":\"版本\"}', '3999.00', '12444', '0', null, '', '{\"19\":\"黑色\",\"51\":\"13.3英寸128GB\"}', '1'), ('67', '13', '{\"1\":\"颜色\"}', '1599.00', '12222', '0', null, '', '{\"19\":\"黑色\"}', '1'), ('73', '8', '{\"1\":\"颜色\",\"3\":\"屏幕尺寸\",\"4\":\"版本\",\"5\":\"容量\",\"6\":\"购买方式\"}', '5288.00', '1991', '8', null, '', '{\"19\":\"黑色\",\"11\":\"5.5\",\"45\":\"移动4G\",\"38\":\"64G\",\"24\":\"非合约机\"}', '1'), ('74', '8', '{\"1\":\"颜色\",\"3\":\"屏幕尺寸\",\"4\":\"版本\",\"5\":\"容量\",\"6\":\"购买方式\"}', '5288.00', '3330', '3', null, '', '{\"21\":\"金色\",\"11\":\"5.5\",\"45\":\"移动4G\",\"38\":\"64G\",\"24\":\"非合约机\"}', '1'), ('75', '7', '{\"1\":\"颜色\",\"3\":\"屏幕尺寸\",\"4\":\"版本\",\"5\":\"容量\",\"6\":\"购买方式\"}', '5688.00', '9988', '12', null, '', '{\"21\":\"金色\",\"11\":\"5.5\",\"47\":\"电信4G\",\"38\":\"64G\",\"24\":\"非合约机\"}', '1'), ('76', '7', '{\"1\":\"颜色\",\"3\":\"屏幕尺寸\",\"4\":\"版本\",\"5\":\"容量\",\"6\":\"购买方式\"}', '5388.00', '20000', '0', null, '', '{\"22\":\"银色\",\"11\":\"5.5\",\"47\":\"电信4G\",\"38\":\"64G\",\"24\":\"非合约机\"}', '1'), ('77', '14', '{\"1\":\"颜色\",\"3\":\"屏幕尺寸\",\"4\":\"版本\",\"5\":\"容量\",\"6\":\"购买方式\"}', '499.00', '9994', '6', null, '', '{\"19\":\"黑色\",\"10\":\"4.7\",\"46\":\"联通4G\",\"36\":\"16G\",\"24\":\"非合约机\"}', '1'), ('78', '14', '{\"1\":\"颜色\",\"3\":\"屏幕尺寸\",\"4\":\"版本\",\"5\":\"容量\",\"6\":\"购买方式\"}', '499.00', '10000', '0', null, '', '{\"22\":\"银色\",\"10\":\"4.7\",\"46\":\"联通4G\",\"36\":\"16G\",\"24\":\"非合约机\"}', '1'), ('79', '15', '{\"1\":\"颜色\",\"3\":\"屏幕尺寸\",\"4\":\"版本\",\"5\":\"容量\",\"6\":\"购买方式\"}', '1785.00', '9988', '12', null, '', '{\"20\":\"蓝色\",\"10\":\"4.7\",\"45\":\"移动4G\",\"36\":\"16G\",\"24\":\"非合约机\"}', '1'), ('80', '15', '{\"1\":\"颜色\",\"3\":\"屏幕尺寸\",\"4\":\"版本\",\"5\":\"容量\",\"6\":\"购买方式\"}', '1785.00', '20000', '0', null, '', '{\"21\":\"金色\",\"10\":\"4.7\",\"45\":\"移动4G\",\"36\":\"16G\",\"24\":\"非合约机\"}', '1'), ('81', '16', '{\"1\":\"颜色\",\"3\":\"屏幕尺寸\",\"4\":\"版本\",\"5\":\"容量\",\"6\":\"购买方式\"}', '2699.00', '9997', '3', null, '', '{\"19\":\"黑色\",\"11\":\"5.5\",\"45\":\"移动4G\",\"36\":\"16G\",\"25\":\"购机入网送话费\"}', '1'), ('82', '16', '{\"1\":\"颜色\",\"3\":\"屏幕尺寸\",\"4\":\"版本\",\"5\":\"容量\",\"6\":\"购买方式\"}', '2699.00', '10000', '0', null, '', '{\"22\":\"银色\",\"11\":\"5.5\",\"45\":\"移动4G\",\"36\":\"16G\",\"25\":\"购机入网送话费\"}', '1'), ('83', '17', '{\"1\":\"颜色\",\"3\":\"屏幕尺寸\",\"4\":\"版本\",\"5\":\"容量\",\"6\":\"购买方式\"}', '129.00', '11995', '5', null, '', '{\"19\":\"黑色\",\"10\":\"4.7\",\"45\":\"移动4G\",\"36\":\"16G\",\"24\":\"非合约机\"}', '1'), ('84', '18', '{\"1\":\"颜色\",\"3\":\"屏幕尺寸\",\"4\":\"版本\",\"5\":\"容量\",\"6\":\"购买方式\"}', '3588.00', '997', '3', null, '', '{\"21\":\"金色\",\"10\":\"4.7\",\"45\":\"移动4G\",\"36\":\"16G\",\"24\":\"非合约机\"}', '1'), ('85', '18', '{\"1\":\"颜色\",\"3\":\"屏幕尺寸\",\"4\":\"版本\",\"5\":\"容量\",\"6\":\"购买方式\"}', '3588.00', '1000', '0', null, '', '{\"22\":\"银色\",\"10\":\"4.7\",\"45\":\"移动4G\",\"36\":\"16G\",\"24\":\"非合约机\"}', '1'), ('86', '18', '{\"1\":\"颜色\",\"3\":\"屏幕尺寸\",\"4\":\"版本\",\"5\":\"容量\",\"6\":\"购买方式\"}', '3588.00', '1000', '0', null, '', '{\"23\":\"深空灰\",\"10\":\"4.7\",\"45\":\"移动4G\",\"36\":\"16G\",\"24\":\"非合约机\"}', '1'), ('93', '20', '{\"1\":\"颜色\",\"9\":\"尺码\"}', '504.00', '9998', '2', null, '', '{\"68\":\"粉色\",\"55\":\"L\"}', '1'), ('94', '20', '{\"1\":\"颜色\",\"9\":\"尺码\"}', '504.00', '9999', '1', null, '', '{\"68\":\"粉色\",\"56\":\"M\"}', '1'), ('95', '20', '{\"1\":\"颜色\",\"9\":\"尺码\"}', '504.00', '9999', '1', null, '', '{\"68\":\"粉色\",\"57\":\"S\"}', '1'), ('96', '21', '{\"1\":\"颜色\",\"9\":\"尺码\"}', '419.00', '998', '2', null, '', '{\"58\":\"红色\",\"55\":\"L\"}', '1'), ('97', '21', '{\"1\":\"颜色\",\"9\":\"尺码\"}', '419.00', '1000', '0', null, '', '{\"58\":\"红色\",\"56\":\"M\"}', '1'), ('98', '21', '{\"1\":\"颜色\",\"9\":\"尺码\"}', '419.00', '999', '1', null, '', '{\"59\":\"黑色\",\"55\":\"L\"}', '1'), ('99', '21', '{\"1\":\"颜色\",\"9\":\"尺码\"}', '419.00', '1000', '0', null, '', '{\"59\":\"黑色\",\"56\":\"M\"}', '1'), ('104', '22', '{\"1\":\"颜色\",\"9\":\"尺码\"}', '138.00', '997', '3', null, '', '{\"60\":\"蓝色\",\"55\":\"L\"}', '1'), ('105', '22', '{\"1\":\"颜色\",\"9\":\"尺码\"}', '138.00', '1000', '0', null, '', '{\"60\":\"蓝色\",\"56\":\"M\"}', '1'), ('106', '22', '{\"1\":\"颜色\",\"9\":\"尺码\"}', '138.00', '1000', '0', null, '', '{\"64\":\"绿色\",\"55\":\"L\"}', '1'), ('107', '22', '{\"1\":\"颜色\",\"9\":\"尺码\"}', '138.00', '1000', '0', null, '', '{\"64\":\"绿色\",\"56\":\"M\"}', '1'), ('108', '23', '{\"1\":\"颜色\",\"9\":\"尺码\"}', '189.00', '999', '1', null, '', '{\"59\":\"黑色\",\"55\":\"L\"}', '1'), ('109', '23', '{\"1\":\"颜色\",\"9\":\"尺码\"}', '189.00', '1000', '0', null, '', '{\"59\":\"黑色\",\"56\":\"M\"}', '1'), ('110', '23', '{\"1\":\"颜色\",\"9\":\"尺码\"}', '189.00', '1000', '0', null, '', '{\"66\":\"白色\",\"55\":\"L\"}', '1'), ('111', '23', '{\"1\":\"颜色\",\"9\":\"尺码\"}', '189.00', '1000', '0', null, '', '{\"66\":\"白色\",\"56\":\"M\"}', '1'), ('112', '24', '{\"1\":\"颜色\",\"9\":\"尺码\"}', '139.00', '999', '1', null, '', '{\"58\":\"红色\",\"55\":\"L\"}', '1'), ('113', '24', '{\"1\":\"颜色\",\"9\":\"尺码\"}', '139.00', '1000', '0', null, '', '{\"58\":\"红色\",\"56\":\"M\"}', '1'), ('114', '24', '{\"1\":\"颜色\",\"9\":\"尺码\"}', '139.00', '1000', '0', null, '', '{\"60\":\"蓝色\",\"55\":\"L\"}', '1'), ('115', '24', '{\"1\":\"颜色\",\"9\":\"尺码\"}', '139.00', '999', '1', null, '', '{\"60\":\"蓝色\",\"56\":\"M\"}', '1'), ('122', '26', '{\"1\":\"颜色\",\"9\":\"尺码\"}', '158.00', '997', '3', null, '', '{\"139\":\"粉色\",\"55\":\"L\"}', '1'), ('123', '26', '{\"1\":\"颜色\",\"9\":\"尺码\"}', '158.00', '1000', '0', null, '', '{\"139\":\"粉色\",\"56\":\"M\"}', '1'), ('124', '27', '{\"1\":\"颜色\",\"9\":\"尺码\"}', '168.00', '100', '0', null, '', '{\"129\":\"红色\",\"55\":\"L\"}', '1'), ('125', '27', '{\"1\":\"颜色\",\"9\":\"尺码\"}', '168.00', '100', '0', null, '', '{\"129\":\"红色\",\"56\":\"M\"}', '1'), ('126', '27', '{\"1\":\"颜色\",\"9\":\"尺码\"}', '168.00', '100', '0', null, '', '{\"135\":\"绿色\",\"55\":\"L\"}', '1'), ('127', '27', '{\"1\":\"颜色\",\"9\":\"尺码\"}', '168.00', '100', '0', null, '', '{\"135\":\"绿色\",\"56\":\"M\"}', '1'), ('131', '29', '{\"1\":\"颜色\",\"9\":\"尺码\"}', '138.00', '1000', '0', null, '', '{\"137\":\"白色\",\"55\":\"L\"}', '1'), ('132', '29', '{\"1\":\"颜色\",\"9\":\"尺码\"}', '138.00', '1000', '0', null, '', '{\"137\":\"白色\",\"56\":\"M\"}', '1'), ('133', '29', '{\"1\":\"颜色\",\"9\":\"尺码\"}', '138.00', '1000', '0', null, '', '{\"137\":\"白色\",\"57\":\"S\"}', '1'), ('134', '30', '{\"1\":\"颜色\",\"9\":\"尺码\"}', '168.00', '973', '27', null, '', '{\"129\":\"红色\",\"148\":\"36\"}', '1'), ('135', '30', '{\"1\":\"颜色\",\"9\":\"尺码\"}', '168.00', '993', '7', null, '', '{\"129\":\"红色\",\"149\":\"37\"}', '1'), ('136', '30', '{\"1\":\"颜色\",\"9\":\"尺码\"}', '168.00', '999', '1', null, '', '{\"130\":\"黑色\",\"148\":\"36\"}', '1'), ('137', '30', '{\"1\":\"颜色\",\"9\":\"尺码\"}', '168.00', '998', '2', null, '', '{\"130\":\"黑色\",\"149\":\"37\"}', '1'), ('138', '31', '{\"1\":\"颜色\",\"9\":\"尺码\"}', '179.00', '997', '3', null, '', '{\"130\":\"黑色\",\"148\":\"36\"}', '1'), ('139', '31', '{\"1\":\"颜色\",\"9\":\"尺码\"}', '179.00', '1000', '0', null, '', '{\"130\":\"黑色\",\"149\":\"37\"}', '1'), ('140', '31', '{\"1\":\"颜色\",\"9\":\"尺码\"}', '179.00', '999', '1', null, '', '{\"137\":\"白色\",\"148\":\"36\"}', '1'), ('141', '31', '{\"1\":\"颜色\",\"9\":\"尺码\"}', '179.00', '1000', '0', null, '', '{\"137\":\"白色\",\"149\":\"37\"}', '1'), ('142', '32', '{\"1\":\"颜色\",\"9\":\"尺码\"}', '249.00', '988', '12', null, '', '{\"130\":\"黑色\",\"149\":\"37\"}', '1'), ('143', '32', '{\"1\":\"颜色\",\"9\":\"尺码\"}', '249.00', '1000', '0', null, '', '{\"130\":\"黑色\",\"150\":\"38\"}', '1'), ('144', '32', '{\"1\":\"颜色\",\"9\":\"尺码\"}', '249.00', '1000', '0', null, '', '{\"136\":\"紫色\",\"149\":\"37\"}', '1'), ('145', '32', '{\"1\":\"颜色\",\"9\":\"尺码\"}', '249.00', '1000', '0', null, '', '{\"136\":\"紫色\",\"150\":\"38\"}', '1'), ('146', '33', '{\"1\":\"颜色\",\"9\":\"尺码\"}', '259.00', '1105', '6', null, '', '{\"131\":\"蓝色\",\"149\":\"37\"}', '1'), ('147', '33', '{\"1\":\"颜色\",\"9\":\"尺码\"}', '259.00', '111', '0', null, '', '{\"131\":\"蓝色\",\"150\":\"38\"}', '1'), ('148', '33', '{\"1\":\"颜色\",\"9\":\"尺码\"}', '259.00', '22', '0', null, '', '{\"139\":\"粉色\",\"149\":\"37\"}', '1'), ('149', '33', '{\"1\":\"颜色\",\"9\":\"尺码\"}', '259.00', '554', '1', null, '', '{\"139\":\"粉色\",\"150\":\"38\"}', '1'), ('150', '34', '{\"1\":\"颜色\",\"9\":\"尺码\"}', '158.00', '341', '-8', null, '', '{\"137\":\"白色\",\"149\":\"37\"}', '1'), ('151', '34', '{\"1\":\"颜色\",\"9\":\"尺码\"}', '158.00', '553', '2', null, '', '{\"137\":\"白色\",\"150\":\"38\"}', '1'), ('152', '34', '{\"1\":\"颜色\",\"9\":\"尺码\"}', '158.00', '549', '1', null, '', '{\"139\":\"粉色\",\"149\":\"37\"}', '1'), ('153', '34', '{\"1\":\"颜色\",\"9\":\"尺码\"}', '158.00', '665', '1', null, '', '{\"139\":\"粉色\",\"150\":\"38\"}', '1'), ('154', '35', '{\"1\":\"颜色\",\"9\":\"尺码\"}', '229.00', '323', '10', null, '', '{\"137\":\"白色\",\"149\":\"37\"}', '1'), ('155', '35', '{\"1\":\"颜色\",\"9\":\"尺码\"}', '229.00', '438', '6', null, '', '{\"137\":\"白色\",\"150\":\"38\"}', '1'), ('156', '36', '{\"1\":\"颜色\",\"9\":\"尺码\"}', '318.00', '215', '7', null, '', '{\"139\":\"粉色\",\"148\":\"36\"}', '1'), ('157', '36', '{\"1\":\"颜色\",\"9\":\"尺码\"}', '318.00', '218', '4', null, '', '{\"139\":\"粉色\",\"149\":\"37\"}', '1'), ('158', '36', '{\"1\":\"颜色\",\"9\":\"尺码\"}', '318.00', '3332', '1', null, '', '{\"139\":\"粉色\",\"150\":\"38\"}', '1'), ('159', '37', '{\"1\":\"颜色\",\"9\":\"尺码\"}', '178.00', '221', '1', null, '', '{\"132\":\"金色\",\"148\":\"36\"}', '1'), ('160', '37', '{\"1\":\"颜色\",\"9\":\"尺码\"}', '178.00', '333', '0', null, '', '{\"132\":\"金色\",\"149\":\"37\"}', '1'), ('161', '37', '{\"1\":\"颜色\",\"9\":\"尺码\"}', '178.00', '555', '0', null, '', '{\"133\":\"银色\",\"148\":\"36\"}', '1'), ('162', '37', '{\"1\":\"颜色\",\"9\":\"尺码\"}', '178.00', '333', '0', null, '', '{\"133\":\"银色\",\"149\":\"37\"}', '1'), ('163', '38', '{\"1\":\"颜色\",\"9\":\"尺码\"}', '188.00', '218', '4', null, '', '{\"130\":\"黑色\",\"149\":\"37\"}', '1'), ('164', '38', '{\"1\":\"颜色\",\"9\":\"尺码\"}', '188.00', '455', '0', null, '', '{\"130\":\"黑色\",\"150\":\"38\"}', '1'), ('165', '38', '{\"1\":\"颜色\",\"9\":\"尺码\"}', '188.00', '455', '0', null, '', '{\"139\":\"粉色\",\"149\":\"37\"}', '1'), ('166', '38', '{\"1\":\"颜色\",\"9\":\"尺码\"}', '188.00', '666', '0', null, '', '{\"139\":\"粉色\",\"150\":\"38\"}', '1'), ('167', '39', '{\"1\":\"颜色\",\"9\":\"尺码\"}', '188.00', '223', '0', null, '', '{\"130\":\"黑色\",\"148\":\"36\"}', '1'), ('168', '39', '{\"1\":\"颜色\",\"9\":\"尺码\"}', '188.00', '3333', '0', null, '', '{\"130\":\"黑色\",\"149\":\"37\"}', '1'), ('169', '39', '{\"1\":\"颜色\",\"9\":\"尺码\"}', '188.00', '555', '0', null, '', '{\"139\":\"粉色\",\"148\":\"36\"}', '1'), ('170', '39', '{\"1\":\"颜色\",\"9\":\"尺码\"}', '188.00', '5555', '0', null, '', '{\"139\":\"粉色\",\"149\":\"37\"}', '1'), ('177', '40', '{\"10\":\"选择版本\"}', '2999.00', '999', '1', null, '', '{\"152\":\"50英寸2.5年新版\"}', '1'), ('178', '40', '{\"10\":\"选择版本\"}', '3269.00', '1000', '0', null, '', '{\"153\":\"50英寸2.5年老版\"}', '1'), ('179', '40', '{\"10\":\"选择版本\"}', '3999.00', '1000', '0', null, '', '{\"154\":\"50英寸超高清\"}', '1'), ('180', '40', '{\"10\":\"选择版本\"}', '1999.00', '997', '3', null, '', '{\"155\":\"40英寸特价款\"}', '1'), ('183', '42', '{\"1\":\"颜色\",\"5\":\"容量\"}', '4488.00', '992', '8', null, '', '{\"130\":\"黑色\",\"37\":\"32G\"}', '1'), ('205', '45', '{\"1\":\"颜色\",\"2\":\"尺寸\",\"5\":\"容量\"}', '22.00', '2', '0', null, '', '{\"129\":\"红色\",\"4\":\"34\",\"36\":\"16G\"}', '1'), ('209', '46', '{\"6\":\"购买方式\",\"5\":\"容量\",\"4\":\"版本\",\"3\":\"屏幕尺寸\",\"1\":\"颜色\"}', '999.00', '998', '2', null, '', '{\"24\":\"非合约机\",\"36\":\"16G\",\"45\":\"移动4G\",\"10\":\"4.7\",\"129\":\"红色\"}', '1'), ('220', '48', '{\"1\":\"颜色\",\"9\":\"尺码\"}', '25.00', '984', '16', null, '', '{\"167\":\"黑色\",\"165\":\"可调节大小\"}', '1'), ('221', '48', '{\"1\":\"颜色\",\"9\":\"尺码\"}', '20.00', '1497', '3', null, '', '{\"174\":\"白色\",\"165\":\"可调节大小\"}', '1'), ('222', '49', '{\"1\":\"颜色\",\"9\":\"尺码\"}', '26.00', '1989', '11', null, '', '{\"178\":\"牛仔蓝\",\"164\":\"可调节大小(54-60cm)\"}', '1'), ('223', '47', '{\"1\":\"颜色\",\"9\":\"尺码\"}', '13.50', '995', '5', null, '', '{\"167\":\"黑色\",\"164\":\"可调节大小(54-60cm)\"}', '1'), ('224', '47', '{\"1\":\"颜色\",\"9\":\"尺码\"}', '18.00', '1485', '15', null, '', '{\"174\":\"白色\",\"164\":\"可调节大小(54-60cm)\"}', '1'), ('225', '47', '{\"1\":\"颜色\",\"9\":\"尺码\"}', '20.00', '1989', '11', null, '', '{\"179\":\"宝蓝\",\"164\":\"可调节大小(54-60cm)\"}', '1'), ('226', '47', '{\"1\":\"颜色\",\"9\":\"尺码\"}', '20.00', '2500', '0', null, '', '{\"180\":\"酒红\",\"164\":\"可调节大小(54-60cm)\"}', '1'), ('228', '51', '{\"1\":\"颜色\",\"9\":\"尺码\"}', '22.00', '222', '0', null, '', '{\"174\":\"白色\",\"156\":\"L\"}', '1'), ('229', '52', '{\"9\":\"尺码\",\"1\":\"颜色\"}', '2222.00', '233232', '0', null, '', '{\"160\":\"36\",\"170\":\"银色\"}', '1'), ('231', '53', '{\"9\":\"尺码\",\"1\":\"颜色\"}', '33.00', '3333', '0', null, '', '{\"165\":\"可调节大小\",\"167\":\"黑色\"}', '1'), ('232', '54', '{\"11\":\"颜色1122\"}', '22.00', '2222', '0', null, '434343', '{\"183\":\"白色\"}', '1'), ('233', '55', '{\"1\":\"颜色\",\"10\":\"选择版本\"}', '333.00', '33333', '0', null, '', '{\"166\":\"红色\",\"153\":\"50英寸2.5年老版\"}', '1'), ('234', '56', null, '123123.00', '999', '1', null, '123', null, '1'), ('235', '57', '{\"1\":\"颜色\",\"9\":\"尺码\"}', '22.00', '2222', '0', null, '', '{\"166\":\"红色\",\"160\":\"36\"}', '1'), ('246', '58', '{\"6\":\"购买方式\",\"5\":\"容量\",\"4\":\"版本\",\"3\":\"屏幕尺寸\",\"1\":\"颜色\"}', '5555.00', '3335', '0', null, '', '{\"25\":\"购机入网送话费\",\"37\":\"32G\",\"46\":\"联通4G\",\"11\":\"5.5\",\"166\":\"红色\"}', '1'), ('247', '58', '{\"6\":\"购买方式\",\"5\":\"容量\",\"4\":\"版本\",\"3\":\"屏幕尺寸\",\"1\":\"颜色\"}', '6666.00', '5555', '0', null, '', '{\"25\":\"购机入网送话费\",\"37\":\"32G\",\"46\":\"联通4G\",\"11\":\"5.5\",\"174\":\"白色\"}', '1'), ('249', '61', null, '19.50', '999', '1', null, '34233423432', null, '1'), ('250', '62', '{\"1\":\"颜色\",\"9\":\"尺码\"}', '55.00', '998', '2', null, '43434343', '{\"166\":\"红色\",\"160\":\"36\"}', '1'), ('251', '63', null, '19.50', '1998', '2', null, '34324234', null, '1'), ('252', '64', null, '50000.00', '1000', '0', null, '', null, '1'), ('256', '65', '{\"1\":\"颜色\"}', '11.00', '1', '0', null, '', '{\"166\":\"红色\"}', '1'), ('257', '65', '{\"1\":\"颜色\"}', '12.00', '2', '0', null, '', '{\"170\":\"银色\"}', '1'), ('258', '65', '{\"1\":\"颜色\"}', '13.00', '3', '0', null, '', '{\"179\":\"宝蓝\"}', '1'), ('260', '66', '{\"4\":\"版本\",\"1\":\"颜色\"}', '1.00', '132', '1', null, '11111111111', '{\"47\":\"电信4G\",\"166\":\"红色\"}', '1'), ('261', '5', null, '5980.00', '111', '0', null, '1232334', null, '1'), ('262', '6', null, '4688.00', '100', '0', null, '1217499', null, '1'), ('271', '25', '{\"1\":\"颜色\",\"9\":\"尺码\"}', '111.00', '9', '2', null, '11', '{\"166\":\"红色\",\"156\":\"L\"}', '1'), ('272', '25', '{\"1\":\"颜色\",\"9\":\"尺码\"}', '11.00', '18', '4', null, '22', '{\"166\":\"红色\",\"157\":\"M\"}', '1'), ('273', '68', null, '11.00', '93', '7', null, '', null, '1'), ('274', '69', null, '100.00', '144', '0', null, '', null, '1'), ('275', '70', null, '8999.00', '999', '0', null, '', null, '1'), ('280', '72', '{\"6\":\"购买方式\",\"5\":\"容量\",\"4\":\"版本\",\"3\":\"屏幕尺寸\",\"1\":\"颜色\"}', '110.00', '200', '0', null, '12313', '{\"24\":\"非合约机\",\"36\":\"16G\",\"45\":\"移动4G\",\"10\":\"4.7\",\"166\":\"红色\"}', '1'), ('281', '72', '{\"6\":\"购买方式\",\"5\":\"容量\",\"4\":\"版本\",\"3\":\"屏幕尺寸\",\"1\":\"颜色\"}', '220.00', '100', '0', null, '321321', '{\"24\":\"非合约机\",\"36\":\"16G\",\"45\":\"移动4G\",\"10\":\"4.7\",\"170\":\"银色\"}', '1'), ('282', '73', '{\"6\":\"购买方式\",\"5\":\"容量\",\"4\":\"版本\",\"3\":\"屏幕尺寸\",\"1\":\"颜色\"}', '12.00', '22', '0', null, '', '{\"24\":\"非合约机\",\"37\":\"32G\",\"46\":\"联通4G\",\"11\":\"5.5\",\"167\":\"黑色\"}', '1'), ('283', '73', '{\"6\":\"购买方式\",\"5\":\"容量\",\"4\":\"版本\",\"3\":\"屏幕尺寸\",\"1\":\"颜色\"}', '12.00', '22', '0', null, '', '{\"24\":\"非合约机\",\"37\":\"32G\",\"46\":\"联通4G\",\"11\":\"5.5\",\"171\":\"深空灰\"}', '1'), ('284', '73', '{\"6\":\"购买方式\",\"5\":\"容量\",\"4\":\"版本\",\"3\":\"屏幕尺寸\",\"1\":\"颜色\"}', '12.00', '22', '0', null, '', '{\"24\":\"非合约机\",\"38\":\"64G\",\"46\":\"联通4G\",\"11\":\"5.5\",\"167\":\"黑色\"}', '1'), ('285', '73', '{\"6\":\"购买方式\",\"5\":\"容量\",\"4\":\"版本\",\"3\":\"屏幕尺寸\",\"1\":\"颜色\"}', '12.00', '2', '0', null, '', '{\"24\":\"非合约机\",\"38\":\"64G\",\"46\":\"联通4G\",\"11\":\"5.5\",\"171\":\"深空灰\"}', '1'), ('286', '73', '{\"6\":\"购买方式\",\"5\":\"容量\",\"4\":\"版本\",\"3\":\"屏幕尺寸\",\"1\":\"颜色\"}', '122.00', '22', '0', null, '', '{\"25\":\"购机入网送话费\",\"37\":\"32G\",\"46\":\"联通4G\",\"11\":\"5.5\",\"167\":\"黑色\"}', '1'), ('287', '73', '{\"6\":\"购买方式\",\"5\":\"容量\",\"4\":\"版本\",\"3\":\"屏幕尺寸\",\"1\":\"颜色\"}', '12.00', '2', '0', null, '', '{\"25\":\"购机入网送话费\",\"37\":\"32G\",\"46\":\"联通4G\",\"11\":\"5.5\",\"171\":\"深空灰\"}', '1'), ('288', '73', '{\"6\":\"购买方式\",\"5\":\"容量\",\"4\":\"版本\",\"3\":\"屏幕尺寸\",\"1\":\"颜色\"}', '12.00', '2', '0', null, '', '{\"25\":\"购机入网送话费\",\"38\":\"64G\",\"46\":\"联通4G\",\"11\":\"5.5\",\"167\":\"黑色\"}', '1'), ('289', '73', '{\"6\":\"购买方式\",\"5\":\"容量\",\"4\":\"版本\",\"3\":\"屏幕尺寸\",\"1\":\"颜色\"}', '12.00', '2', '0', null, '', '{\"25\":\"购机入网送话费\",\"38\":\"64G\",\"46\":\"联通4G\",\"11\":\"5.5\",\"171\":\"深空灰\"}', '1'), ('293', '75', null, '6002.00', '32', '0', null, '32', null, '1'), ('294', '19', '{\"6\":\"购买方式\",\"5\":\"容量\",\"4\":\"版本\",\"3\":\"屏幕尺寸\",\"1\":\"颜色\"}', '0.01', '992', '8', null, '', '{\"24\":\"非合约机\",\"38\":\"64G\",\"46\":\"联通4G\",\"10\":\"4.7\",\"168\":\"蓝色\"}', '1'), ('296', '28', '{\"1\":\"颜色\",\"9\":\"尺码\"}', '111.00', '10', '1', null, '111', '{\"166\":\"红色\",\"156\":\"L\"}', '1'), ('297', '28', '{\"1\":\"颜色\",\"9\":\"尺码\"}', '222.00', '22', '0', null, '22', '{\"166\":\"红色\",\"157\":\"M\"}', '1'), ('298', '77', '{\"6\":\"购买方式\",\"5\":\"容量\",\"4\":\"版本\",\"3\":\"屏幕尺寸\",\"1\":\"颜色\"}', '1010.00', '1010', '0', null, '1010', '{\"24\":\"非合约机\",\"36\":\"16G\",\"45\":\"移动4G\",\"10\":\"4.7\",\"166\":\"红色\"}', '1'), ('299', '78', null, '1999.00', '1000', '0', null, '00011000', null, '1'), ('300', '74', '{\"5\":\"容量\",\"4\":\"版本\",\"3\":\"屏幕尺寸\",\"1\":\"颜色\"}', '1688.00', '1000', '0', null, '', '{\"36\":\"16G\",\"45\":\"移动4G\",\"10\":\"4.7\",\"167\":\"黑色\"}', '1'), ('301', '79', '{\"5\":\"容量\",\"4\":\"版本\",\"3\":\"屏幕尺寸\",\"1\":\"颜色\"}', '12.00', '10', '0', null, '', '{\"37\":\"32G\",\"46\":\"联通4G\",\"11\":\"5.5\",\"176\":\"粉色\"}', '1'), ('302', '79', '{\"5\":\"容量\",\"4\":\"版本\",\"3\":\"屏幕尺寸\",\"1\":\"颜色\"}', '12.00', '2', '0', null, '', '{\"37\":\"32G\",\"46\":\"联通4G\",\"11\":\"5.5\",\"180\":\"酒红\"}', '1'), ('303', '79', '{\"5\":\"容量\",\"4\":\"版本\",\"3\":\"屏幕尺寸\",\"1\":\"颜色\"}', '12.00', '3', '0', null, '', '{\"37\":\"32G\",\"50\":\"11.6英寸128GB\",\"11\":\"5.5\",\"176\":\"粉色\"}', '1'), ('304', '79', '{\"5\":\"容量\",\"4\":\"版本\",\"3\":\"屏幕尺寸\",\"1\":\"颜色\"}', '12.00', '4', '0', null, '', '{\"37\":\"32G\",\"50\":\"11.6英寸128GB\",\"11\":\"5.5\",\"180\":\"酒红\"}', '1'), ('308', '81', '{\"5\":\"容量\",\"4\":\"版本\",\"3\":\"屏幕尺寸\",\"1\":\"颜色\"}', '2433.00', '2433', '0', null, 'meizu2433', '{\"36\":\"16G\",\"45\":\"移动4G\",\"10\":\"4.7\",\"166\":\"红色\"}', '1'), ('309', '81', '{\"5\":\"容量\",\"4\":\"版本\",\"3\":\"屏幕尺寸\",\"1\":\"颜色\"}', '2433.00', '2433', '0', null, 'meizu2433', '{\"36\":\"16G\",\"45\":\"移动4G\",\"10\":\"4.7\",\"174\":\"白色\"}', '1'), ('310', '81', '{\"5\":\"容量\",\"4\":\"版本\",\"3\":\"屏幕尺寸\",\"1\":\"颜色\"}', '2433.00', '2432', '1', null, 'meizu2433', '{\"37\":\"32G\",\"45\":\"移动4G\",\"10\":\"4.7\",\"166\":\"红色\"}', '1'), ('311', '81', '{\"5\":\"容量\",\"4\":\"版本\",\"3\":\"屏幕尺寸\",\"1\":\"颜色\"}', '2433.00', '2433', '0', null, 'meizu2433', '{\"37\":\"32G\",\"45\":\"移动4G\",\"10\":\"4.7\",\"174\":\"白色\"}', '1'), ('312', '80', '{\"5\":\"容量\",\"4\":\"版本\",\"3\":\"屏幕尺寸\",\"1\":\"颜色\"}', '0.20', '1000', '0', null, 'njy1000', '{\"36\":\"16G\",\"45\":\"移动4G\",\"11\":\"5.5\",\"167\":\"黑色\"}', '1'), ('313', '80', '{\"5\":\"容量\",\"4\":\"版本\",\"3\":\"屏幕尺寸\",\"1\":\"颜色\"}', '0.20', '1000', '0', null, 'njy1000', '{\"36\":\"16G\",\"45\":\"移动4G\",\"11\":\"5.5\",\"168\":\"蓝色\"}', '1'), ('314', '80', '{\"5\":\"容量\",\"4\":\"版本\",\"3\":\"屏幕尺寸\",\"1\":\"颜色\"}', '0.20', '1000', '0', null, 'njy1000', '{\"36\":\"16G\",\"45\":\"移动4G\",\"11\":\"5.5\",\"174\":\"白色\"}', '1'), ('315', '82', '{\"5\":\"容量\",\"4\":\"版本\",\"3\":\"屏幕尺寸\",\"1\":\"颜色\"}', '3488.00', '3488', '0', null, 'ry3488', '{\"37\":\"32G\",\"45\":\"移动4G\",\"10\":\"4.7\",\"167\":\"黑色\"}', '1'), ('316', '82', '{\"5\":\"容量\",\"4\":\"版本\",\"3\":\"屏幕尺寸\",\"1\":\"颜色\"}', '3488.00', '3488', '0', null, 'ry3488', '{\"37\":\"32G\",\"45\":\"移动4G\",\"10\":\"4.7\",\"174\":\"白色\"}', '1'), ('318', '59', '{\"1\":\"颜色\",\"9\":\"尺码\"}', '22.00', '1000', '0', null, '', '{\"166\":\"红色\",\"156\":\"L\"}', '1'), ('319', '83', '{\"5\":\"容量\",\"4\":\"版本\",\"3\":\"屏幕尺寸\",\"1\":\"颜色\"}', '44.00', '444', '0', null, '', '{\"36\":\"16G\",\"45\":\"移动4G\",\"10\":\"4.7\",\"166\":\"红色\"}', '1'), ('320', '84', null, '10.00', '1', '0', null, '1111111', null, '1'), ('321', '85', null, '100.00', '10', '0', null, '', null, '1'), ('338', '87', null, '0.01', '99', '1', null, '10000', null, '1'), ('347', '86', '{\"5\":\"容量\",\"4\":\"版本\",\"3\":\"屏幕尺寸\",\"1\":\"颜色\"}', '5688.00', '56', '0', null, '', '{\"36\":\"16G\",\"45\":\"移动4G\",\"10\":\"4.7\",\"167\":\"黑色\"}', '1'), ('348', '86', '{\"5\":\"容量\",\"4\":\"版本\",\"3\":\"屏幕尺寸\",\"1\":\"颜色\"}', '5688.00', '56', '0', null, '', '{\"36\":\"16G\",\"45\":\"移动4G\",\"10\":\"4.7\",\"174\":\"白色\"}', '1'), ('349', '86', '{\"5\":\"容量\",\"4\":\"版本\",\"3\":\"屏幕尺寸\",\"1\":\"颜色\"}', '5688.00', '56', '0', null, '', '{\"36\":\"16G\",\"46\":\"联通4G\",\"10\":\"4.7\",\"167\":\"黑色\"}', '1'), ('350', '86', '{\"5\":\"容量\",\"4\":\"版本\",\"3\":\"屏幕尺寸\",\"1\":\"颜色\"}', '5688.00', '56', '0', null, '', '{\"36\":\"16G\",\"46\":\"联通4G\",\"10\":\"4.7\",\"174\":\"白色\"}', '1'), ('351', '86', '{\"5\":\"容量\",\"4\":\"版本\",\"3\":\"屏幕尺寸\",\"1\":\"颜色\"}', '5688.00', '56', '0', null, '', '{\"37\":\"32G\",\"45\":\"移动4G\",\"10\":\"4.7\",\"167\":\"黑色\"}', '1'), ('352', '86', '{\"5\":\"容量\",\"4\":\"版本\",\"3\":\"屏幕尺寸\",\"1\":\"颜色\"}', '5688.00', '56', '0', null, '', '{\"37\":\"32G\",\"45\":\"移动4G\",\"10\":\"4.7\",\"174\":\"白色\"}', '1'), ('353', '86', '{\"5\":\"容量\",\"4\":\"版本\",\"3\":\"屏幕尺寸\",\"1\":\"颜色\"}', '5688.00', '56', '0', null, '', '{\"37\":\"32G\",\"46\":\"联通4G\",\"10\":\"4.7\",\"167\":\"黑色\"}', '1'), ('354', '86', '{\"5\":\"容量\",\"4\":\"版本\",\"3\":\"屏幕尺寸\",\"1\":\"颜色\"}', '5688.00', '56', '0', null, '', '{\"37\":\"32G\",\"46\":\"联通4G\",\"10\":\"4.7\",\"174\":\"白色\"}', '1'), ('355', '88', null, '0.01', '99', '1', null, '', null, '1'), ('356', '89', '{\"5\":\"容量\",\"4\":\"版本\",\"3\":\"屏幕尺寸\",\"1\":\"颜色\"}', '4444.00', '4444', '0', null, '', '{\"36\":\"16G\",\"45\":\"移动4G\",\"10\":\"4.7\",\"167\":\"黑色\"}', '1'), ('357', '89', '{\"5\":\"容量\",\"4\":\"版本\",\"3\":\"屏幕尺寸\",\"1\":\"颜色\"}', '4444.00', '4444', '0', null, '', '{\"36\":\"16G\",\"45\":\"移动4G\",\"10\":\"4.7\",\"174\":\"白色\"}', '1'), ('358', '89', '{\"5\":\"容量\",\"4\":\"版本\",\"3\":\"屏幕尺寸\",\"1\":\"颜色\"}', '4444.00', '4444', '0', null, '', '{\"37\":\"32G\",\"45\":\"移动4G\",\"10\":\"4.7\",\"167\":\"黑色\"}', '1'), ('359', '89', '{\"5\":\"容量\",\"4\":\"版本\",\"3\":\"屏幕尺寸\",\"1\":\"颜色\"}', '4444.00', '4444', '0', null, '', '{\"37\":\"32G\",\"45\":\"移动4G\",\"10\":\"4.7\",\"174\":\"白色\"}', '1'), ('360', '90', null, '33.00', '99', '0', null, '34444', null, '1'), ('363', '91', '{\"5\":\"容量\",\"4\":\"版本\",\"3\":\"屏幕尺寸\",\"1\":\"颜色\"}', '4500.00', '4500', '0', null, '', '{\"36\":\"16G\",\"45\":\"移动4G\",\"10\":\"4.7\",\"166\":\"红色\"}', '1'), ('364', '91', '{\"5\":\"容量\",\"4\":\"版本\",\"3\":\"屏幕尺寸\",\"1\":\"颜色\"}', '4500.00', '4500', '0', null, '', '{\"36\":\"16G\",\"46\":\"联通4G\",\"10\":\"4.7\",\"166\":\"红色\"}', '1'), ('365', '43', null, '90.00', '90', '0', null, '', null, '1'), ('366', '92', '{\"5\":\"容量\",\"4\":\"版本\",\"3\":\"屏幕尺寸\",\"1\":\"颜色\"}', '11.00', '122', '0', null, '', '{\"36\":\"16G\",\"45\":\"移动4G\",\"10\":\"4.7\",\"166\":\"红色\"}', '1'), ('367', '93', '{\"5\":\"容量\",\"4\":\"版本\",\"3\":\"屏幕尺寸\",\"1\":\"颜色\"}', '123.00', '123', '0', null, '123', '{\"36\":\"16G\",\"45\":\"移动4G\",\"10\":\"4.7\",\"166\":\"红色\"}', '1'), ('368', '94', '{\"5\":\"容量\",\"4\":\"版本\",\"3\":\"屏幕尺寸\",\"1\":\"颜色\"}', '1323.00', '11', '0', null, '1231', '{\"36\":\"16G\",\"45\":\"移动4G\",\"10\":\"4.7\",\"166\":\"红色\"}', '0');
COMMIT;

-- ----------------------------
--  Table structure for `shop_goods_spec_index`
-- ----------------------------
DROP TABLE IF EXISTS `shop_goods_spec_index`;
CREATE TABLE `shop_goods_spec_index` (
  `goods_id` int(10) unsigned NOT NULL COMMENT '商品id',
  `gc_id` int(10) unsigned NOT NULL COMMENT '商品分类id',
  `type_id` int(10) unsigned NOT NULL COMMENT '类型id',
  `sp_id` int(10) unsigned NOT NULL COMMENT '规格id',
  `sp_value_id` int(10) unsigned NOT NULL COMMENT '规格值id',
  `sp_value_name` varchar(100) DEFAULT NULL COMMENT '规格值名称',
  PRIMARY KEY (`goods_id`,`gc_id`,`sp_value_id`)
) ENGINE=InnoDB DEFAULT CHARSET=utf8 COMMENT='商品与规格对应表';

-- ----------------------------
--  Records of `shop_goods_spec_index`
-- ----------------------------
BEGIN;
INSERT INTO `shop_goods_spec_index` VALUES ('5', '24', '1', '3', '10', '4.7'), ('5', '24', '1', '1', '21', '金色'), ('5', '24', '1', '1', '22', '银色'), ('5', '24', '1', '6', '26', '北京移动购机赠费'), ('5', '24', '1', '5', '37', '32G'), ('5', '24', '1', '4', '46', '联通4G'), ('6', '24', '1', '3', '10', '4.7'), ('6', '24', '1', '6', '24', '非合约机'), ('6', '24', '1', '5', '38', '64G'), ('6', '24', '1', '4', '45', '移动4G'), ('6', '24', '1', '1', '129', '红色'), ('7', '24', '1', '3', '11', '5.5'), ('7', '24', '1', '1', '21', '金色'), ('7', '24', '1', '1', '22', '银色'), ('7', '24', '1', '6', '24', '非合约机'), ('7', '24', '1', '5', '38', '64G'), ('7', '24', '1', '4', '47', '电信4G'), ('8', '24', '1', '3', '11', '5.5'), ('8', '24', '1', '1', '19', '黑色'), ('8', '24', '1', '1', '21', '金色'), ('8', '24', '1', '6', '24', '非合约机'), ('8', '24', '1', '5', '38', '64G'), ('8', '24', '1', '4', '45', '移动4G'), ('9', '62', '4', '1', '19', '黑色'), ('9', '62', '4', '4', '43', '5000毫安'), ('9', '62', '4', '4', '44', '10000毫安'), ('10', '62', '4', '1', '22', '银色'), ('10', '62', '4', '4', '48', '5000毫安'), ('10', '62', '4', '4', '49', '10000毫安'), ('11', '102', '2', '1', '22', '银色'), ('11', '102', '2', '4', '50', '11.6英寸128GB'), ('11', '102', '2', '4', '51', '13.3英寸128GB'), ('12', '102', '2', '1', '19', '黑色'), ('12', '102', '2', '4', '51', '13.3英寸128GB'), ('13', '112', '5', '1', '19', '黑色'), ('14', '24', '1', '3', '10', '4.7'), ('14', '24', '1', '1', '19', '黑色'), ('14', '24', '1', '1', '22', '银色'), ('14', '24', '1', '6', '24', '非合约机'), ('14', '24', '1', '5', '36', '16G'), ('14', '24', '1', '4', '46', '联通4G'), ('15', '24', '1', '3', '10', '4.7'), ('15', '24', '1', '1', '20', '蓝色'), ('15', '24', '1', '1', '21', '金色'), ('15', '24', '1', '6', '24', '非合约机'), ('15', '24', '1', '5', '36', '16G'), ('15', '24', '1', '4', '45', '移动4G'), ('16', '24', '1', '3', '11', '5.5'), ('16', '24', '1', '1', '19', '黑色'), ('16', '24', '1', '1', '22', '银色'), ('16', '24', '1', '6', '25', '购机入网送话费'), ('16', '24', '1', '5', '36', '16G'), ('16', '24', '1', '4', '45', '移动4G'), ('17', '24', '1', '3', '10', '4.7'), ('17', '24', '1', '1', '19', '黑色'), ('17', '24', '1', '6', '24', '非合约机'), ('17', '24', '1', '5', '36', '16G'), ('17', '24', '1', '4', '45', '移动4G'), ('18', '24', '1', '3', '10', '4.7'), ('18', '24', '1', '1', '21', '金色'), ('18', '24', '1', '1', '22', '银色'), ('18', '24', '1', '1', '23', '深空灰'), ('18', '24', '1', '6', '24', '非合约机'), ('18', '24', '1', '5', '36', '16G'), ('18', '24', '1', '4', '45', '移动4G'), ('19', '24', '1', '3', '10', '4.7'), ('19', '24', '1', '6', '24', '非合约机'), ('19', '24', '1', '5', '38', '64G'), ('19', '24', '1', '4', '46', '联通4G'), ('19', '24', '1', '1', '168', '蓝色'), ('20', '135', '6', '9', '55', 'L'), ('20', '135', '6', '9', '56', 'M'), ('20', '135', '6', '9', '57', 'S'), ('20', '135', '6', '1', '68', '粉色'), ('21', '135', '6', '9', '55', 'L'), ('21', '135', '6', '9', '56', 'M'), ('21', '135', '6', '1', '58', '红色'), ('21', '135', '6', '1', '59', '黑色'), ('22', '135', '6', '9', '55', 'L'), ('22', '135', '6', '9', '56', 'M'), ('22', '135', '6', '1', '60', '蓝色'), ('22', '135', '6', '1', '64', '绿色'), ('23', '135', '6', '9', '55', 'L'), ('23', '135', '6', '9', '56', 'M'), ('23', '135', '6', '1', '59', '黑色'), ('23', '135', '6', '1', '66', '白色'), ('24', '135', '6', '9', '55', 'L'), ('24', '135', '6', '9', '56', 'M'), ('24', '135', '6', '1', '58', '红色'), ('24', '135', '6', '1', '60', '蓝色'), ('25', '135', '6', '9', '156', 'L'), ('25', '135', '6', '9', '157', 'M'), ('25', '135', '6', '1', '166', '红色'), ('26', '135', '6', '9', '55', 'L'), ('26', '135', '6', '9', '56', 'M'), ('26', '135', '6', '1', '139', '粉色'), ('27', '135', '6', '9', '55', 'L'), ('27', '135', '6', '9', '56', 'M'), ('27', '135', '6', '1', '129', '红色'), ('27', '135', '6', '1', '135', '绿色'), ('28', '135', '6', '9', '156', 'L'), ('28', '135', '6', '9', '157', 'M'), ('28', '135', '6', '1', '166', '红色'), ('29', '135', '6', '9', '55', 'L'), ('29', '135', '6', '9', '56', 'M'), ('29', '135', '6', '9', '57', 'S'), ('29', '135', '6', '1', '137', '白色'), ('30', '147', '7', '1', '129', '红色'), ('30', '147', '7', '1', '130', '黑色'), ('30', '147', '7', '9', '148', '36'), ('30', '147', '7', '9', '149', '37'), ('31', '147', '7', '1', '130', '黑色'), ('31', '147', '7', '1', '137', '白色'), ('31', '147', '7', '9', '148', '36'), ('31', '147', '7', '9', '149', '37'), ('32', '147', '7', '1', '130', '黑色'), ('32', '147', '7', '1', '136', '紫色'), ('32', '147', '7', '9', '149', '37'), ('32', '147', '7', '9', '150', '38'), ('33', '147', '7', '1', '131', '蓝色'), ('33', '147', '7', '1', '139', '粉色'), ('33', '147', '7', '9', '149', '37'), ('33', '147', '7', '9', '150', '38'), ('34', '147', '7', '1', '137', '白色'), ('34', '147', '7', '1', '139', '粉色'), ('34', '147', '7', '9', '149', '37'), ('34', '147', '7', '9', '150', '38'), ('35', '147', '7', '1', '137', '白色'), ('35', '147', '7', '9', '149', '37'), ('35', '147', '7', '9', '150', '38'), ('36', '147', '7', '1', '139', '粉色'), ('36', '147', '7', '9', '148', '36'), ('36', '147', '7', '9', '149', '37'), ('36', '147', '7', '9', '150', '38'), ('37', '147', '7', '1', '132', '金色'), ('37', '147', '7', '1', '133', '银色'), ('37', '147', '7', '9', '148', '36'), ('37', '147', '7', '9', '149', '37'), ('38', '147', '7', '1', '130', '黑色'), ('38', '147', '7', '1', '139', '粉色'), ('38', '147', '7', '9', '149', '37'), ('38', '147', '7', '9', '150', '38'), ('39', '147', '7', '1', '130', '黑色'), ('39', '147', '7', '1', '139', '粉色'), ('39', '147', '7', '9', '148', '36'), ('39', '147', '7', '9', '149', '37'), ('40', '125', '3', '10', '152', '50英寸2.5年新版'), ('40', '125', '3', '10', '153', '50英寸2.5年老版'), ('40', '125', '3', '10', '154', '50英寸超高清'), ('40', '125', '3', '10', '155', '40英寸特价款'), ('43', '63', '9', '1', '130', '黑色'), ('43', '63', '9', '1', '132', '金色'), ('43', '63', '9', '1', '137', '白色'), ('45', '165', '10', '2', '4', '34'), ('45', '165', '10', '5', '36', '16G'), ('45', '165', '10', '1', '129', '红色'), ('46', '24', '1', '3', '10', '4.7'), ('46', '24', '1', '6', '24', '非合约机'), ('46', '24', '1', '5', '36', '16G'), ('46', '24', '1', '4', '45', '移动4G'), ('46', '24', '1', '1', '129', '红色'), ('47', '168', '12', '9', '164', '可调节大小(54-60cm)'), ('47', '168', '12', '1', '167', '黑色'), ('47', '168', '12', '1', '174', '白色'), ('47', '168', '12', '1', '179', '宝蓝'), ('47', '168', '12', '1', '180', '酒红'), ('48', '169', '12', '9', '165', '可调节大小'), ('48', '169', '12', '1', '167', '黑色'), ('48', '169', '12', '1', '174', '白色'), ('49', '169', '12', '9', '164', '可调节大小(54-60cm)'), ('49', '169', '12', '1', '178', '牛仔蓝'), ('51', '147', '7', '9', '156', 'L'), ('51', '147', '7', '1', '174', '白色'), ('52', '169', '12', '9', '160', '36'), ('52', '169', '12', '1', '170', '银色'), ('53', '169', '12', '9', '165', '可调节大小'), ('53', '169', '12', '1', '167', '黑色'), ('54', '172', '13', '11', '183', '白色'), ('55', '173', '14', '10', '153', '50英寸2.5年老版'), ('55', '173', '14', '1', '166', '红色'), ('57', '147', '7', '9', '160', '36'), ('57', '147', '7', '1', '166', '红色'), ('58', '24', '1', '3', '11', '5.5'), ('58', '24', '1', '6', '25', '购机入网送话费'), ('58', '24', '1', '5', '37', '32G'), ('58', '24', '1', '4', '46', '联通4G'), ('58', '24', '1', '1', '166', '红色'), ('58', '24', '1', '1', '174', '白色'), ('59', '135', '6', '9', '156', 'L'), ('59', '135', '6', '1', '166', '红色'), ('62', '147', '7', '9', '160', '36'), ('62', '147', '7', '1', '166', '红色'), ('65', '112', '5', '1', '166', '红色'), ('65', '112', '5', '1', '170', '银色'), ('65', '112', '5', '1', '179', '宝蓝'), ('66', '113', '2', '4', '47', '电信4G'), ('66', '113', '2', '1', '166', '红色'), ('72', '24', '1', '3', '10', '4.7'), ('72', '24', '1', '6', '24', '非合约机'), ('72', '24', '1', '5', '36', '16G'), ('72', '24', '1', '4', '45', '移动4G'), ('72', '24', '1', '1', '166', '红色'), ('72', '24', '1', '1', '170', '银色'), ('73', '24', '1', '3', '11', '5.5'), ('73', '24', '1', '6', '24', '非合约机'), ('73', '24', '1', '6', '25', '购机入网送话费'), ('73', '24', '1', '5', '37', '32G'), ('73', '24', '1', '5', '38', '64G'), ('73', '24', '1', '4', '46', '联通4G'), ('73', '24', '1', '1', '167', '黑色'), ('73', '24', '1', '1', '171', '深空灰'), ('74', '24', '1', '3', '10', '4.7'), ('74', '24', '1', '5', '36', '16G'), ('74', '24', '1', '4', '45', '移动4G'), ('74', '24', '1', '1', '167', '黑色'), ('77', '24', '1', '3', '10', '4.7'), ('77', '24', '1', '6', '24', '非合约机'), ('77', '24', '1', '5', '36', '16G'), ('77', '24', '1', '4', '45', '移动4G'), ('77', '24', '1', '1', '166', '红色'), ('79', '177', '1', '3', '11', '5.5'), ('79', '177', '1', '5', '37', '32G'), ('79', '177', '1', '4', '46', '联通4G'), ('79', '177', '1', '4', '50', '11.6英寸128GB'), ('79', '177', '1', '1', '176', '粉色'), ('79', '177', '1', '1', '180', '酒红'), ('80', '24', '1', '3', '11', '5.5'), ('80', '24', '1', '5', '36', '16G'), ('80', '24', '1', '4', '45', '移动4G'), ('80', '24', '1', '1', '167', '黑色'), ('80', '24', '1', '1', '168', '蓝色'), ('80', '24', '1', '1', '174', '白色'), ('81', '24', '1', '3', '10', '4.7'), ('81', '24', '1', '5', '36', '16G'), ('81', '24', '1', '5', '37', '32G'), ('81', '24', '1', '4', '45', '移动4G'), ('81', '24', '1', '1', '166', '红色'), ('81', '24', '1', '1', '174', '白色'), ('82', '24', '1', '3', '10', '4.7'), ('82', '24', '1', '5', '37', '32G'), ('82', '24', '1', '4', '45', '移动4G'), ('82', '24', '1', '1', '167', '黑色'), ('82', '24', '1', '1', '174', '白色'), ('83', '177', '1', '3', '10', '4.7'), ('83', '177', '1', '5', '36', '16G'), ('83', '177', '1', '4', '45', '移动4G'), ('83', '177', '1', '1', '166', '红色'), ('86', '24', '1', '3', '10', '4.7'), ('86', '24', '1', '5', '36', '16G'), ('86', '24', '1', '5', '37', '32G'), ('86', '24', '1', '4', '45', '移动4G'), ('86', '24', '1', '4', '46', '联通4G'), ('86', '24', '1', '1', '167', '黑色'), ('86', '24', '1', '1', '174', '白色'), ('89', '24', '1', '3', '10', '4.7'), ('89', '24', '1', '5', '36', '16G'), ('89', '24', '1', '5', '37', '32G'), ('89', '24', '1', '4', '45', '移动4G'), ('89', '24', '1', '1', '167', '黑色'), ('89', '24', '1', '1', '174', '白色'), ('91', '24', '1', '3', '10', '4.7'), ('91', '24', '1', '5', '36', '16G'), ('91', '24', '1', '4', '45', '移动4G'), ('91', '24', '1', '4', '46', '联通4G'), ('91', '24', '1', '1', '166', '红色'), ('92', '24', '1', '3', '10', '4.7'), ('92', '24', '1', '5', '36', '16G'), ('92', '24', '1', '4', '45', '移动4G'), ('92', '24', '1', '1', '166', '红色'), ('93', '24', '1', '3', '10', '4.7'), ('93', '24', '1', '5', '36', '16G'), ('93', '24', '1', '4', '45', '移动4G'), ('93', '24', '1', '1', '166', '红色'), ('94', '24', '1', '3', '10', '4.7'), ('94', '24', '1', '5', '36', '16G'), ('94', '24', '1', '4', '45', '移动4G'), ('94', '24', '1', '1', '166', '红色');
COMMIT;

-- ----------------------------
--  Table structure for `shop_goods_words`
-- ----------------------------
DROP TABLE IF EXISTS `shop_goods_words`;
CREATE TABLE `shop_goods_words` (
  `words_id` int(11) NOT NULL AUTO_INCREMENT COMMENT '主键',
  `keyword` varchar(20) DEFAULT NULL COMMENT '关键词',
  `quanping` varchar(50) CHARACTER SET latin1 DEFAULT NULL COMMENT '全拼',
  `shouzimu` varchar(20) CHARACTER SET latin1 DEFAULT NULL COMMENT '关键词首字母',
  `words_num` int(11) DEFAULT NULL COMMENT '关键词出现次数',
  `update_time` bigint(13) DEFAULT NULL COMMENT '修改时间',
  PRIMARY KEY (`words_id`)
) ENGINE=InnoDB AUTO_INCREMENT=271 DEFAULT CHARSET=utf8 COMMENT='商品关键词表';

-- ----------------------------
--  Records of `shop_goods_words`
-- ----------------------------
BEGIN;
INSERT INTO `shop_goods_words` VALUES ('1', '美', 'mei', 'm', '2', '20151019153541'), ('2', '版', 'ban', 'b', '6', '20151019153541'), ('3', '苹果', 'pingguo', 'pg', '1', '20151019153540'), ('4', 'iphone6', 'iphone6', 'iphone6', '1', '20151019153540'), ('5', '64g', '64g', '64g', '1', '20151019153540'), ('6', '4g', '4g', '4g', '1', '20151019153540'), ('7', '手机', 'shouji', 'sj', '5', '20151019153542'), ('8', '4', '4', '4', '2', '20151019153542'), ('9', '7', '7', '7', '1', '20151019153540'), ('10', '寸', 'cun', 'c', '1', '20151019153540'), ('11', '金色', 'jinse', 'js', '3', '20151019153541'), ('12', 'a1586', 'a1586', 'a1586', '1', '20151019153540'), ('13', '支持', 'zhichi', 'zc', '1', '20151019153540'), ('14', '移动', 'yidong', 'yd', '1', '20151019153540'), ('15', '电信', 'dianxin', 'dx', '1', '20151019153540'), ('16', '联', 'lian', 'l', '1', '20151019153540'), ('17', '通', 'tong', 't', '1', '20151019153540'), ('18', '碧', 'bi', 'b', '1', '20151019153540'), ('19', '月', 'yue', 'y', '1', '20151019153540'), ('20', '茹', 'ru', 'r', '1', '20151019153540'), ('21', '香', 'xiang', 'x', '1', '20151019153540'), ('22', '2015', '2015', '2015', '10', '20151019153541'), ('23', '夏', 'xia', 'x', '2', '20151019153541'), ('24', '新款', 'xinkuan', 'xk', '12', '20151019153541'), ('25', '文艺', 'wenyi', 'wy', '2', '20151019153540'), ('26', '棉麻', 'mianma', 'mm', '3', '20151019153540'), ('27', '宽松', 'kuansong', 'ks', '1', '20151019153540'), ('28', '大', 'da', 'd', '2', '20151019153540'), ('29', '码', 'ma', 'm', '2', '20151019153540'), ('30', '连衣裙', 'lianyiqun', 'lyq', '6', '20151019153541'), ('31', '617', '617', '617', '1', '20151019153540'), ('32', '绿色', 'lu:se', 'ls', '1', '20151019153540'), ('33', 'xxl', 'xxl', 'xxl', '1', '20151019153540'), ('34', '凡', 'fan', 'f', '1', '20151019153540'), ('35', '牧', 'mu', 'm', '1', '20151019153540'), ('36', '夏装', 'xiazhuang', 'xz', '1', '20151019153540'), ('37', '短袖', 'duanxiu', 'dx', '2', '20151019153540'), ('38', '女', 'nu:', 'n', '6', '20151019153541'), ('39', '韩', 'han', 'h', '4', '20151019153541'), ('40', '修身', 'xiushen', 'xs', '1', '20151019153540'), ('41', '玫', 'mei', 'm', '1', '20151019153540'), ('42', '恋', 'lian', 'l', '1', '20151019153540'), ('43', '雅', 'ya', 'y', '1', '20151019153540'), ('44', '夏季', 'xiaji', 'xj', '4', '20151019153541'), ('45', '百', 'bai', 'b', '1', '20151019153540'), ('46', '搭', 'da', 'd', '1', '20151019153540'), ('47', '气质', 'qizhi', 'qz', '1', '20151019153540'), ('48', '女装', 'nu:zhuang', 'nz', '1', '20151019153540'), ('49', '复古', 'fugu', 'fg', '1', '20151019153540'), ('50', '圆领', 'yuanling', 'yl', '1', '20151019153540'), ('51', '88', '88', '88', '1', '20151019153540'), ('52', '绿', 'lu:', 'l', '1', '20151019153540'), ('53', '色', 'se', 's', '2', '20151019153541'), ('54', 'l', 'l', 'l', '2', '20151019153541'), ('55', '阁', 'ge', 'g', '1', '20151019153540'), ('56', '斯', 'si', 's', '1', '20151019153540'), ('57', '岚', 'lan', 'l', '1', '20151019153540'), ('58', '夏日', 'xiari', 'xr', '1', '20151019153540'), ('59', '无袖', 'wuxiu', 'wx', '1', '20151019153540'), ('60', '长', 'zhang', 'z', '1', '20151019153540'), ('61', '款', 'kuan', 'k', '6', '20151019153541'), ('62', '雪', 'xue', 'x', '2', '20151019153541'), ('63', '纺', 'fang', 'f', '2', '20151019153541'), ('64', '夏天', 'xiatian', 'xt', '3', '20151019153541'), ('65', '沙滩', 'shatan', 'st', '1', '20151019153541'), ('66', '纯色', 'chunse', 'cs', '1', '20151019153541'), ('67', '长裙', 'zhangqun', 'zq', '1', '20151019153541'), ('68', 'g25', 'g25', 'g25', '1', '20151019153541'), ('69', '白色', 'baise', 'bs', '2', '20151019153541'), ('70', '欧', 'ou', 'o', '1', '20151019153541'), ('71', '诗', 'shi', 's', '1', '20151019153541'), ('72', '黛', 'dai', 'd', '1', '20151019153541'), ('73', '印花', 'yinhua', 'yh', '1', '20151019153541'), ('74', '显', 'xian', 'x', '1', '20151019153541'), ('75', '瘦', 'shou', 's', '1', '20151019153541'), ('76', '高腰', 'gaoyao', 'gy', '1', '20151019153541'), ('77', '衬衫', 'chenshan', 'cs', '1', '20151019153541'), ('78', '裙子', 'qunzi', 'qz', '1', '20151019153541'), ('79', 'm', 'm', 'm', '1', '20151019153541'), ('80', '累计', 'leiji', 'lj', '1', '20151019153541'), ('81', '可', 'ke', 'k', '4', '20151019153541'), ('82', '情', 'qing', 'q', '1', '20151019153541'), ('83', '小', 'xiao', 'x', '1', '20151019153541'), ('84', '欧美', 'oumei', 'om', '2', '20151019153541'), ('85', '范', 'fan', 'f', '1', '20151019153541'), ('86', '春夏', 'chunxia', 'cx', '1', '20151019153541'), ('87', '时尚', 'shishang', 'ss', '2', '20151019153541'), ('88', 'ol', 'ol', 'ol', '2', '20151019153541'), ('89', '职业', 'zhiye', 'zy', '2', '20151019153541'), ('90', '超高', 'chaogao', 'cg', '1', '20151019153541'), ('91', '跟鞋', 'genxie', 'gx', '2', '20151019153541'), ('92', '糖果', 'tangguo', 'tg', '1', '20151019153541'), ('93', '漆皮', 'qipi', 'qp', '1', '20151019153541'), ('94', '尖头', 'jiantou', 'jt', '4', '20151019153541'), ('95', '夜', 'ye', 'y', '1', '20151019153541'), ('96', '店', 'dian', 'd', '1', '20151019153541'), ('97', '性感', 'xinggan', 'xg', '1', '20151019153541'), ('98', '辣椒', 'lajiao', 'lj', '1', '20151019153541'), ('99', '衣', 'yi', 'y', '1', '20151019153541'), ('100', '社', 'she', 's', '1', '20151019153541'), ('101', '高跟鞋', 'gaogenxie', 'ggx', '8', '20151019153541'), ('102', '女鞋', 'nu:xie', 'nx', '8', '20151019153541'), ('103', '牛皮', 'niupi', 'np', '1', '20151019153541'), ('104', '单', 'dan', 'd', '4', '20151019153541'), ('105', '鞋', 'xie', 'x', '9', '20151019153541'), ('106', '高跟', 'gaogen', 'gg', '2', '20151019153541'), ('107', '通勤', 'tongqin', 'tq', '1', '20151019153541'), ('108', '工作鞋', 'gongzuoxie', 'gzx', '1', '20151019153541'), ('109', '细', 'xi', 'x', '5', '20151019153541'), ('110', '2522', '2522', '2522', '1', '20151019153541'), ('111', '黑色', 'heise', 'hs', '3', '20151019153541'), ('112', '37', '37', '37', '2', '20151019153541'), ('113', '琪', 'qi', 'q', '3', '20151019153541'), ('114', '朵', 'duo', 'd', '3', '20151019153541'), ('115', '真皮', 'zhenpi', 'zp', '3', '20151019153541'), ('116', '跟', 'gen', 'g', '4', '20151019153541'), ('117', '蝴蝶结', 'hudiejie', 'hdj', '2', '20151019153541'), ('118', '03', '03', '03', '1', '20151019153541'), ('119', '淡紫色', 'danzise', 'dzs', '1', '20151019153541'), ('120', '40', '40', '40', '1', '20151019153541'), ('121', '粗', 'cu', 'c', '2', '20151019153541'), ('122', '跟单', 'gendan', 'gd', '3', '20151019153541'), ('123', '女中', 'nu:zhong', 'nz', '1', '20151019153541'), ('124', '浅', 'qian', 'q', '3', '20151019153541'), ('125', '口', 'kou', 'k', '2', '20151019153541'), ('126', '婚', 'hun', 'h', '3', '20151019153541'), ('127', '肉', 'rou', 'r', '1', '20151019153541'), ('128', '肤色', 'fuse', 'fs', '1', '20151019153541'), ('129', '41', '41', '41', '1', '20151019153541'), ('130', '百年', 'bainian', 'bn', '1', '20151019153541'), ('131', '纪念', 'jinian', 'jn', '1', '20151019153541'), ('132', 'bubufeifei2015', 'bubufeifei2015', 'bubufeifei2015', '1', '20151019153541'), ('133', '水', 'shui', 's', '3', '20151019153541'), ('134', '钻', 'zuan', 'z', '3', '20151019153541'), ('135', '珍珠', 'zhenzhu', 'zz', '1', '20151019153541'), ('136', '白', 'bai', 'b', '1', '20151019153541'), ('137', '01', '01', '01', '1', '20151019153541'), ('138', '甜美', 'tianmei', 'tm', '2', '20151019153541'), ('139', '粉色', 'fense', 'fs', '2', '20151019153541'), ('140', '金丝', 'jinsi', 'js', '1', '20151019153541'), ('141', '兔', 'tu', 't', '1', '20151019153541'), ('142', '秋季', 'qiuji', 'qj', '1', '20151019153541'), ('143', '侧', 'ce', 'c', '1', '20151019153541'), ('144', '空', 'kong', 'k', '1', '20151019153541'), ('145', '鞋子', 'xiezi', 'xz', '2', '20151019153541'), ('146', '6623', '6623', '6623', '1', '20151019153541'), ('147', '古', 'gu', 'g', '1', '20151019153541'), ('148', '灵鸟', 'lingniao', 'ln', '1', '20151019153541'), ('149', '新品', 'xinpin', 'xp', '1', '20151019153541'), ('150', '厚底', 'houdi', 'hd', '1', '20151019153541'), ('151', '防水', 'fangshui', 'fs', '2', '20151019153541'), ('152', '台', 'tai', 't', '2', '20151019153541'), ('153', '珂', 'ke', 'k', '1', '20151019153541'), ('154', '卡', 'ka', 'k', '1', '20151019153541'), ('155', '芙', 'fu', 'f', '1', '20151019153541'), ('156', '春季', 'chunji', 'cj', '1', '20151019153541'), ('157', '串珠', 'chuanzhu', 'cz', '1', '20151019153541'), ('158', '圆', 'yuan', 'y', '1', '20151019153541'), ('159', '头', 'tou', 't', '1', '20151019153541'), ('160', '低', 'di', 'd', '1', '20151019153541'), ('161', '帮', 'bang', 'b', '1', '20151019153541'), ('162', '杏色', 'xingse', 'xs', '1', '20151019153541'), ('163', '35', '35', '35', '1', '20151019153541'), ('164', 'masentek', 'masentek', 'masentek', '1', '20151019153541'), ('165', 's30', 's30', 's30', '1', '20151019153541'), ('166', '升级版', 'shengjiban', 'sjb', '1', '20151019153541'), ('167', '商务通', 'shangwutong', 'swt', '1', '20151019153541'), ('168', '话', 'hua', 'h', '1', '20151019153541'), ('169', '蓝', 'lan', 'l', '1', '20151019153541'), ('170', '牙', 'ya', 'y', '1', '20151019153541'), ('171', '耳机', 'erji', 'ej', '2', '20151019153542'), ('172', '通用型', 'tongyongxing', 'tyx', '1', '20151019153541'), ('173', '耳', 'er', 'e', '1', '20151019153541'), ('174', '挂', 'gua', 'g', '1', '20151019153541'), ('175', '式', 'shi', 's', '1', '20151019153541'), ('176', '测试', 'ceshi', 'cs', '1', '20151019153541'), ('177', 'exo', 'exo', 'exo', '3', '20151019153541'), ('178', '吴', 'wu', 'w', '3', '20151019153541'), ('179', '世', 'shi', 's', '3', '20151019153541'), ('180', '勋', 'xun', 'x', '3', '20151019153541'), ('181', '同', 'tong', 't', '3', '20151019153541'), ('182', '鸭舌帽', 'yashemao', 'ysm', '1', '20151019153541'), ('183', '子', 'zi', 'z', '2', '20151019153541'), ('184', '韩国', 'hanguo', 'hg', '1', '20151019153541'), ('185', '帽子', 'maozi', 'mz', '2', '20151019153541'), ('186', '潮', 'chao', 'c', '2', '20151019153541'), ('187', '嘻', 'xi', 'x', '3', '20151019153541'), ('188', '哈', 'ha', 'h', '3', '20151019153541'), ('189', '帽', 'mao', 'm', '2', '20151019153541'), ('190', '平', 'ping', 'p', '4', '20151019153541'), ('191', '沿', 'yan', 'y', '1', '20151019153541'), ('192', '棒球帽', 'bangqiumao', 'bqm', '3', '20151019153541'), ('193', '男', 'nan', 'n', '1', '20151019153541'), ('194', '牌', 'pai', 'p', '1', '20151019153541'), ('195', '男女', 'nannu:', 'nn', '1', '20151019153541'), ('196', '沿帽', 'yanmao', 'ym', '2', '20151019153541'), ('197', '鹿', 'lu', 'l', '1', '20151019153541'), ('198', '晗', 'han', 'h', '1', '20151019153541'), ('199', '金钟', 'jinzhong', 'jz', '1', '20151019153541'), ('200', '国', 'guo', 'g', '1', '20151019153541'), ('201', '权', 'quan', 'q', '1', '20151019153541'), ('202', '志', 'zhi', 'z', '1', '20151019153541'), ('203', '龙', 'long', 'l', '1', '20151019153541'), ('204', 'kravitz', 'kravitz', 'kravitz', '1', '20151019153541'), ('205', '牛仔布', 'niuzibu', 'nzb', '1', '20151019153541'), ('206', '料', 'liao', 'l', '1', '20151019153541'), ('207', '潮流', 'chaoliu', 'cl', '1', '20151019153541'), ('208', '檐', 'yan', 'y', '1', '20151019153541'), ('209', 'test', 'test', 'test', '2', '20151019153542'), ('210', 'testtest', 'testtest', 'testtest', '1', '20151019153541'), ('211', '123123', '123123', '123123', '1', '20151019153541'), ('212', 'eeee', 'eeee', 'eeee', '1', '20151019153541'), ('213', '平台', 'pingtai', 'pt', '1', '20151019153541'), ('214', '自营', 'ziying', 'zy', '1', '20151019153541'), ('215', '我不', 'wobu', 'wb', '2', '20151019153541'), ('216', '喜欢', 'xihuan', 'xh', '4', '20151019153541'), ('217', '这个世界', 'zheigeshijie', 'zgsj', '2', '20151019153541'), ('218', '我', 'wo', 'w', '2', '20151019153541'), ('219', '只', 'zhi', 'z', '2', '20151019153541'), ('220', '你', 'ni', 'n', '2', '20151019153541'), ('221', '乔', 'qiao', 'q', '2', '20151019153541'), ('222', '一', 'yi', 'y', '2', '20151019153541'), ('223', '和', 'he', 'h', '2', '20151019153541'), ('224', 'f', 'f', 'f', '2', '20151019153541'), ('225', '君', 'jun', 'j', '2', '20151019153541'), ('226', '的', 'de', 'd', '3', '20151019153542'), ('227', '暖', 'nuan', 'n', '2', '20151019153542'), ('228', '心', 'xin', 'x', '2', '20151019153542'), ('229', '故事', 'gushi', 'gs', '2', '20151019153542'), ('230', 'dfg', 'dfg', 'dfg', '1', '20151019153541'), ('231', '爱情', 'aiqing', 'aq', '1', '20151019153542'), ('232', '回忆录', 'huiyilu', 'hyl', '1', '20151019153542'), ('233', '青春', 'qingchun', 'qc', '1', '20151019153542'), ('234', '小说', 'xiaoshuo', 'xs', '1', '20151019153542'), ('235', '正版', 'zhengban', 'zb', '1', '20151019153542'), ('236', '畅销书', 'changxiaoshu', 'cxs', '1', '20151019153542'), ('237', '籍', 'ji', 'j', '1', '20151019153542'), ('238', '买', 'mai', 'm', '1', '20151019153542'), ('239', '什么', 'shenme', 'sm', '1', '20151019153542'), ('240', '啊', 'a', 'a', '1', '20151019153542'), ('241', 'yui', 'yui', 'yui', '1', '20151019153542'), ('242', '11111111', '11111111', '11111111', '1', '20151019153542'), ('243', '11111', '11111', '11111', '1', '20151019153542'), ('244', 'iphone6s', 'iphone6s', 'iphone6s', '1', '20151019153542'), ('245', '111', '111', '111', '1', '20151019153542'), ('246', '可可', 'keke', 'kk', '1', '20151019153542'), ('247', '西', 'xi', 'x', '1', '20151019153542'), ('248', '里', 'li', 'l', '1', '20151019153542'), ('249', '我的', 'wode', 'wd', '1', '20151019153542'), ('250', '1010', '1010', '1010', '1', '20151019153542'), ('251', '三', 'san', 's', '1', '20151019153542'), ('252', '益', 'yi', 'y', '1', '20151019153542'), ('253', '木', 'mu', 'm', '1', '20151019153542'), ('254', '吉他', 'jita', 'jt', '1', '20151019153542'), ('255', 'aaaa', 'aaaa', 'aaaa', '1', '20151019153542'), ('256', '诺', 'nuo', 'n', '1', '20151019153542'), ('257', '基', 'ji', 'j', '1', '20151019153542'), ('258', '亚', 'ya', 'y', '1', '20151019153542'), ('259', '魅', 'mei', 'm', '1', '20151019153542'), ('260', '族', 'zu', 'z', '1', '20151019153542'), ('261', '6', '6', '6', '2', '20151019153542'), ('262', '荣耀', 'rongyao', 'ry', '1', '20151019153542'), ('263', '101510151015', '101510151015', '101510151015', '1', '20151019153542'), ('264', 'aaaaaaaa', 'aaaaaaaa', 'aaaaaaaa', '1', '20151019153542'), ('265', 'find7', 'find7', 'find7', '1', '20151019153542'), ('266', '小米', 'xiaomi', 'xm', '2', '20151019153542'), ('267', '2s', '2s', '2s', '1', '20151019153542'), ('268', '22222', '22222', '22222', '1', '20151019153542'), ('269', 'nb', 'nb', 'nb', '1', '20151019153542'), ('270', '对讲机', 'duijiangji', 'djj', '1', '20151019153542');
COMMIT;

-- ----------------------------
--  Table structure for `shop_invoice`
-- ----------------------------
DROP TABLE IF EXISTS `shop_invoice`;
CREATE TABLE `shop_invoice` (
  `inv_id` int(11) NOT NULL AUTO_INCREMENT COMMENT '索引id',
  `member_id` int(10) unsigned NOT NULL COMMENT '会员ID',
  `inv_state` enum('1','2') DEFAULT NULL COMMENT '1普通发票2增值税发票',
  `inv_title` varchar(50) DEFAULT '' COMMENT '发票抬头[普通发票]',
  `inv_content` varchar(10) DEFAULT '' COMMENT '发票内容[普通发票]',
  `inv_company` varchar(50) DEFAULT '' COMMENT '单位名称',
  `inv_code` varchar(50) DEFAULT '' COMMENT '纳税人识别号',
  `inv_reg_addr` varchar(50) DEFAULT '' COMMENT '注册地址',
  `inv_reg_phone` varchar(30) DEFAULT '' COMMENT '注册电话',
  `inv_reg_bname` varchar(30) DEFAULT '' COMMENT '开户银行',
  `inv_reg_baccount` varchar(30) DEFAULT '' COMMENT '银行帐户',
  `inv_rec_name` varchar(20) DEFAULT '' COMMENT '收票人姓名',
  `inv_rec_mobphone` varchar(15) DEFAULT '' COMMENT '收票人手机号',
  `inv_rec_province` varchar(30) DEFAULT '' COMMENT '收票人省份',
  `inv_goto_addr` varchar(50) DEFAULT '' COMMENT '送票地址',
  `is_default` int(2) DEFAULT '0' COMMENT '是否是默认的',
  PRIMARY KEY (`inv_id`)
) ENGINE=InnoDB AUTO_INCREMENT=68 DEFAULT CHARSET=utf8 COMMENT='买家发票信息表';

-- ----------------------------
--  Records of `shop_invoice`
-- ----------------------------
BEGIN;
INSERT INTO `shop_invoice` VALUES ('35', '5', '2', '', '', '123', '123', '123', '12', '3123', '123123', '123123', '312', '312312', '1231', '0'), ('36', '5', '1', '3333', '', '', '', '', '', '', '', '', '', '', '', '0'), ('39', '10', '1', 'leimingtech', '2', '', '', '', '', '', '', '', '', '', '', '0'), ('40', '10', '1', 'leimingtech', '1', '', '', '', '', '', '', '', '', '', '', '0'), ('41', '10', '1', '个人', '1', '', '', '', '', '', '', '', '', '', '', '0'), ('42', '10', '1', '个人', '1', '', '', '', '', '', '', '', '', '', '', '0'), ('43', '10', '1', '个人', '1', '', '', '', '', '', '', '', '', '', '', '1'), ('44', '22', '1', '个人', '1', '', '', '', '', '', '', '', '', '', '', '0'), ('45', '22', '1', '个人', '2', '', '', '', '', '', '', '', '', '', '', '0'), ('46', '22', '1', '个人', '1', '', '', '', '', '', '', '', '', '', '', '1'), ('50', '36', '1', '个人', '2', '', '', '', '', '', '', '', '', '', '', '1'), ('51', '45', '1', '个人', '1', '', '', '', '', '', '', '', '', '', '', '0'), ('52', '45', '1', '个人', '2', '', '', '', '', '', '', '', '', '', '', '0'), ('53', '45', '1', '个人', '1', '', '', '', '', '', '', '', '', '', '', '0'), ('54', '45', '1', '个人', '2', '', '', '', '', '', '', '', '', '', '', '0'), ('55', '45', '1', '公司', '2', '', '', '', '', '', '', '', '', '', '', '0'), ('56', '45', '1', '测试技术', '2', '', '', '', '', '', '', '', '', '', '', '0'), ('57', '45', '1', '个人', '1', '', '', '', '', '', '', '', '', '', '', '1'), ('59', '49', '1', '个人', '2', '', '', '', '', '', '', '', '', '', '', '0'), ('60', '49', '1', '来咯啦咯啦咯啦咯啦咯啦咯啦咯啦咯啦咯', '2', '', '', '', '', '', '', '', '', '', '', '1'), ('63', '60', '1', '个人', '1', '', '', '', '', '', '', '', '', '', '', '1'), ('64', '14', '1', '发票抬头', '2', '', '', '', '', '', '', '', '', '', '', '0'), ('65', '70', '1', '3123', '2', '', '', '', '', '', '', '', '', '', '', '0'), ('66', '70', '1', '333333', '2', '', '', '', '', '', '', '', '', '', '', '1'), ('67', '7', '1', '北京雷铭智信科技有限公司', '1', '', '', '', '', '', '', '', '', '', '', '1');
COMMIT;

-- ----------------------------
--  Table structure for `shop_mail_msg_temlates`
-- ----------------------------
DROP TABLE IF EXISTS `shop_mail_msg_temlates`;
CREATE TABLE `shop_mail_msg_temlates` (
  `name` varchar(100) NOT NULL COMMENT '模板名称',
  `title` varchar(100) DEFAULT NULL COMMENT '模板标题',
  `code` varchar(100) NOT NULL COMMENT '模板调用代码',
  `content` text NOT NULL COMMENT '模板内容',
  `type` tinyint(1) NOT NULL COMMENT '模板类别，0为邮件，1为短信息，默认为0',
  `mail_switch` tinyint(1) unsigned NOT NULL DEFAULT '0' COMMENT '是否开启',
  PRIMARY KEY (`code`)
) ENGINE=InnoDB DEFAULT CHARSET=utf8 COMMENT='邮件模板表';

-- ----------------------------
--  Table structure for `shop_member`
-- ----------------------------
DROP TABLE IF EXISTS `shop_member`;
CREATE TABLE `shop_member` (
  `member_id` int(11) NOT NULL AUTO_INCREMENT COMMENT '会员id',
  `member_name` varchar(50) NOT NULL COMMENT '会员名称',
  `member_truename` varchar(20) DEFAULT NULL COMMENT '真实姓名',
  `member_avatar` varchar(300) DEFAULT NULL,
  `member_sex` int(4) DEFAULT '1' COMMENT '会员性别',
  `member_birthday` bigint(13) DEFAULT NULL COMMENT '生日',
  `member_passwd` varchar(300) DEFAULT NULL,
  `member_email` varchar(100) DEFAULT NULL COMMENT '会员邮箱',
  `member_qq` varchar(100) DEFAULT NULL COMMENT 'qq',
  `member_ww` varchar(100) DEFAULT NULL COMMENT '阿里旺旺',
  `member_login_num` int(11) DEFAULT '1' COMMENT '登录次数',
  `create_time` bigint(13) DEFAULT NULL COMMENT '会员注册时间',
  `member_login_time` bigint(13) DEFAULT NULL COMMENT '当前登录时间',
  `member_old_login_time` bigint(13) DEFAULT NULL COMMENT '上次登录时间',
  `member_login_ip` varchar(20) DEFAULT NULL COMMENT '当前登录ip',
  `member_old_login_ip` varchar(20) DEFAULT NULL COMMENT '上次登录ip',
  `member_openid` varchar(100) DEFAULT NULL,
  `member_info` text,
  `member_consume_points` int(11) DEFAULT NULL COMMENT '会员消费积分',
  `member_rank_points` int(11) DEFAULT NULL COMMENT '会员等级积分',
  `available_predeposit` decimal(10,2) unsigned DEFAULT '0.00' COMMENT '预存款可用金额',
  `freeze_predeposit` decimal(10,2) unsigned DEFAULT '0.00' COMMENT '预存款冻结金额',
  `inform_allow` tinyint(1) DEFAULT '1' COMMENT '是否允许举报(1可以/2不可以)',
  `is_buy` tinyint(1) DEFAULT '1' COMMENT '会员是否有购买权限 1为开启 0为关闭',
  `is_allowtalk` tinyint(1) DEFAULT '1' COMMENT '会员是否有咨询和发送站内信的权限 1为开启 0为关闭',
  `member_state` tinyint(1) DEFAULT '1' COMMENT '会员的开启状态 1为开启 0为关闭',
  `member_credit` int(11) DEFAULT '0' COMMENT '会员信用',
  `member_snsvisitnum` int(11) DEFAULT '0' COMMENT 'sns空间访问次数',
  `member_areaid` int(11) DEFAULT NULL COMMENT '地区ID',
  `member_cityid` int(11) DEFAULT NULL COMMENT '城市ID',
  `member_provinceid` int(11) DEFAULT NULL COMMENT '省份ID',
  `member_areainfo` varchar(255) DEFAULT NULL COMMENT '地区内容',
  `member_privacy` text COMMENT '隐私设定',
  `is_del` tinyint(1) DEFAULT '0' COMMENT '删除标志',
  `sign_code` varchar(100) DEFAULT NULL,
  `sign_code_state` varchar(100) DEFAULT NULL,
  `member_mobile` varchar(11) DEFAULT NULL COMMENT '手机号',
  `member_gradeid` int(11) DEFAULT NULL COMMENT '会员等级id',
  `member_type` varchar(11) DEFAULT NULL COMMENT '用户类型',
  PRIMARY KEY (`member_id`),
  KEY `member_name` (`member_name`) USING BTREE
) ENGINE=InnoDB AUTO_INCREMENT=96 DEFAULT CHARSET=utf8 COMMENT='会员表';

-- ----------------------------
--  Records of `shop_member`
-- ----------------------------
BEGIN;
INSERT INTO `shop_member` VALUES ('5', 'gyh99', '哦哦哦', '/upload/img/avatar/1441105387080.png', '1', null, '4abe528433bcb14295d006cffd0e83257bed9dc51fb2cf6da914be4e', 'gyh@11.com', '344443333', null, '129', null, '1448082634335', '1448082062458', null, null, null, null, '50', '25', '0.00', '123.01', '1', '1', '1', '1', '0', '0', null, null, null, '河北省石家庄恒大金币天下', null, '0', '1o88bkn1', '0', '13456776556', '12', null), ('6', 'cgl', null, null, '1', null, '809490bc9c25819daa02569a3d5d3b8e4c85ca9cabec333808278bf4', '168794446@qq.com', null, null, '2', null, '1445177781297', null, null, null, null, null, '50', '0', '0.00', '0.00', '1', '1', '1', '1', '0', '0', null, null, null, null, null, '0', '193bnmbp', '0', '18401691404', '13', null), ('7', 'gyh98', null, null, '1', null, 'b5a3c6a0aea10e2566073c9476862b7e4c4e381ce415eb1469f77b6a', 'gyh@98.com', null, null, '80', null, '1448083022627', '1446712751970', null, null, null, null, '50', '336', '0.00', '0.00', '1', '1', '1', '1', '0', '0', null, null, null, null, null, '0', '5pnf6jp2', '0', '13456776567', '13', null), ('8', 'huangkeyuan', null, null, '1', null, 'b5a3c6a0aea10e2566073c9476862b7e4c4e381ce415eb1469f77b6a', '2314986476@qq.com', null, null, '2', null, null, null, null, null, null, null, '50', '0', '0.00', '0.00', '1', '1', '1', '0', '0', '0', null, null, null, null, null, '0', 'daldr0i3', '0', '18601320411', null, null), ('9', 'admin1', '待填写', '/upload/img/avatar/01.jpg', '1', null, 'b5a3c6a0aea10e2566073c9476862b7e4c4e381ce415eb1469f77b6a', '123123456@qq.com', null, null, '1', null, null, null, null, null, null, null, '50', '0', '0.00', '0.00', '1', '1', '1', '0', '0', '0', null, null, null, null, null, '0', 'ki7urxmf', '0', '18799999999', null, null), ('10', '13520085712', '13520085712', '/upload/img/avatar/1441104077761.jpg', '1', null, 'a93f6b320d766bca98d23dfd599fbf1b557e07e6690d6a761f9f2733', '1243547@qq.com', null, null, '28', null, '1445091769646', '1444292642317', null, null, null, null, '50', '5788', '99.99', '0.00', '1', '1', '1', '1', '0', '0', null, null, null, '1111111111fcghjctrehryu', null, '0', 'ux3x7rpt', '0', '13520085712', '13', null), ('11', 'kviuff', '待填写', '/upload/img/avatar/01.jpg', '1', null, 'b5a3c6a0aea10e2566073c9476862b7e4c4e381ce415eb1469f77b6a', 'kviuff@qq.com', null, null, '1', null, null, null, null, null, null, null, '50', '0', '0.00', '0.00', '1', '1', '1', '0', '0', '0', null, null, null, null, null, '0', '9zsok82f', '0', '13422222222', null, null), ('12', 'a544328206', '待填写', '/upload/img/avatar/01.jpg', '1', null, 'b5a3c6a0aea10e2566073c9476862b7e4c4e381ce415eb1469f77b6a', '544328206@qq.com', null, null, '1', null, null, null, null, null, null, null, '50', '0', '0.00', '0.00', '1', '1', '1', '0', '0', '0', null, null, null, null, null, '0', 'dpw2pl50', '0', '18610984906', null, null), ('13', 'xiejinwei', '待填写', '/upload/img/avatar/01.jpg', '1', null, 'b5a3c6a0aea10e2566073c9476862b7e4c4e381ce415eb1469f77b6a', 'xie_jin_wei@163.com', null, null, '1', null, null, null, null, null, null, null, '50', '0', '0.00', '0.00', '1', '1', '1', '1', '0', '0', null, null, null, null, null, '0', 'j72h2txz', '1', '13520085713', null, null), ('14', 'demo', '待填写', '/upload/img/avatar/1444199514411jpg', '1', null, 'b5a3c6a0aea10e2566073c9476862b7e4c4e381ce415eb1469f77b6a', 'demo@163.com', null, null, '60', null, '1445042109865', '1444977351221', null, null, null, null, '50', '0', '0.00', '0.00', '1', '1', '1', '1', '0', '0', null, null, null, null, null, '0', 'gefu8ga0', '0', '13422222244', '13', null), ('15', 'test', '待填写', '/upload/img/avatar/01.jpg', '1', null, 'b5a3c6a0aea10e2566073c9476862b7e4c4e381ce415eb1469f77b6a', 'lkdyxsyhj@163.com', null, null, '5', null, '1444205858379', '1444088360480', null, null, null, null, '50', '0', '0.00', '0.00', '1', '1', '1', '0', '0', '0', null, null, null, null, null, '0', 'rct3oq51', '0', '13181470521', null, null), ('16', 'zrh', '待填写', '/upload/img/avatar/01.jpg', '1', null, 'b5a3c6a0aea10e2566073c9476862b7e4c4e381ce415eb1469f77b6a', '407644836@qq.com', null, null, '3', null, null, null, null, null, null, null, '50', '0', '0.00', '0.00', '1', '1', '1', '0', '0', '0', null, null, null, null, null, '0', 'zijql5on', '0', '11111111111', null, null), ('17', '18733198989', '待填写', '/upload/img/avatar/01.jpg', '1', null, 'b5a3c6a0aea10e2566073c9476862b7e4c4e381ce415eb1469f77b6a', null, null, null, '1', null, null, null, null, null, null, null, '50', '0', '0.00', '0.00', '1', '1', '1', '0', '0', '0', null, null, null, null, null, '0', 'zs3zmz1y', '0', null, null, null), ('18', '13567876765', '待填写', '/upload/img/avatar/01.jpg', '1', null, 'b5a3c6a0aea10e2566073c9476862b7e4c4e381ce415eb1469f77b6a', null, null, null, '1', null, null, null, null, null, null, null, '50', '0', '0.00', '0.00', '1', '1', '1', '0', '0', '0', null, null, null, null, null, '0', 'sz7g7a9s', '0', null, null, null), ('19', 'admin', '待填写', '/upload/img/avatar/01.jpg', '1', null, '31e88f8ebf890b7fc35df35e82f60b06222cc29faaf876e06c7b1a63', 'sgcuihijian@163.com', null, null, '13', null, '1445869700501', '1444037647018', null, null, null, null, '50', '158', '0.00', '0.00', '1', '1', '1', '1', '0', '0', null, null, null, null, null, '0', '7fsbipb5', '0', '15809558376', '13', null), ('22', '18601320411', '待填写', '/upload/img/avatar/1444362041082jpg', '1', '1444320000000', 'b5a3c6a0aea10e2566073c9476862b7e4c4e381ce415eb1469f77b6a', null, null, null, '56', null, '1446538152004', '1444959718817', null, null, null, null, '50', '5', '0.40', '0.00', '1', '1', '1', '0', '0', '0', null, null, null, 'jame', null, '0', '4fkiin9b', '0', null, null, null), ('23', '11111111111', '待填写', '/upload/img/avatar/01.jpg', '1', null, 'b5a3c6a0aea10e2566073c9476862b7e4c4e381ce415eb1469f77b6a', null, null, null, '1', null, null, null, null, null, null, null, '50', '0', '0.00', '0.00', '1', '1', '1', '0', '0', '0', null, null, null, null, null, '0', 'h773yosm', '0', null, null, null), ('24', 'yanghaoqing', '待填写', '/upload/img/avatar/1444619033716.png', '1', null, '9990caf9d1322d1c13ebbf0cf83dbe4d42dea7fdb5ca17085668c957', '2534870801@qq.com', null, null, '2', null, '1443669608205', null, null, null, null, null, '50', '0', '0.00', '0.00', '1', '1', '1', '1', '0', '0', null, null, null, null, null, '0', 'j0tu2a3d', '1', '17768216875', '13', null), ('25', 'Lucky5s', '待填写', '/upload/img/avatar/01.jpg', '1', null, 'b5a3c6a0aea10e2566073c9476862b7e4c4e381ce415eb1469f77b6a', '1308866946@qq.com', null, null, '1', null, null, null, null, null, null, null, '50', '0', '0.00', '0.00', '1', '1', '1', '1', '0', '0', null, null, null, null, null, '0', 'ye0t7tp8', '1', '18257132125', null, null), ('26', 'qiaohui', '待填写', '/upload/img/avatar/01.jpg', '1', null, 'b5a3c6a0aea10e2566073c9476862b7e4c4e381ce415eb1469f77b6a', 'gyh@123.com', null, null, '1', null, null, null, null, null, null, null, '50', '0', '0.00', '0.00', '1', '1', '1', '0', '0', '0', null, null, null, null, null, '0', 'fvgka1q7', '0', '13699247674', null, null), ('27', 'zkool', '待填写', '/upload/img/avatar/01.jpg', '1', null, 'b5a3c6a0aea10e2566073c9476862b7e4c4e381ce415eb1469f77b6a', 'zha0ku1@163.com', null, null, '1', null, null, null, null, null, null, null, '50', '0', '0.00', '0.00', '1', '1', '1', '0', '0', '0', null, null, null, null, null, '0', 'cxp5pzas', '0', '18210994401', null, null), ('28', '吴世勋', '待填写', '/upload/img/avatar/1441072692589.jpg', '1', null, 'cabfff1a66791eaf7a1bc6d086ea1e2f36f6e2e47f23fb42c8c3f7a8', '905669187@qq.com', null, null, '61', null, '1444895135947', null, null, null, null, null, '50', '0', '0.02', '0.00', '1', '1', '1', '1', '0', '0', null, null, null, null, null, '0', '9xfck51x', '0', '18656567776', '13', null), ('29', 'piaocanlie', '待填写', '/upload/img/avatar/01.jpg', '1', null, '42f0dbd913db0e551eea89a7b8fb76c8c9a29172d79fe62ae3514f53', '334160190@qq.com', null, null, '3', null, '1444327663456', null, null, null, null, null, '50', '0', '0.00', '0.00', '1', '1', '1', '1', '0', '0', null, null, null, null, null, '0', 'qizw2f0o', '0', '13455454545', '11', null), ('30', '13021806368', '待填写', '/upload/img/avatar/01.jpg', '1', null, 'b5a3c6a0aea10e2566073c9476862b7e4c4e381ce415eb1469f77b6a', null, null, null, '3', null, null, null, null, null, null, null, '50', '0', '0.00', '0.00', '1', '1', '1', '0', '0', '0', null, null, null, null, null, '0', 'ytvvuxnb', '0', '13021806368', null, null), ('31', '18518369213', '待填写', '/upload/img/avatar/01.jpg', '1', null, 'b5a3c6a0aea10e2566073c9476862b7e4c4e381ce415eb1469f77b6a', null, null, null, '2', null, null, null, null, null, null, null, '50', '0', '0.00', '0.00', '1', '1', '1', '0', '0', '0', null, null, null, null, null, '0', 'ng0dcnzp', '0', null, null, null), ('32', 'brick', '待填写', '/upload/img/avatar/01.jpg', '1', null, 'b5a3c6a0aea10e2566073c9476862b7e4c4e381ce415eb1469f77b6a', 'xiemingmei999@163.com', null, null, '1', null, null, null, null, null, null, null, '50', '0', '0.00', '0.00', '1', '1', '1', '0', '0', '0', null, null, null, null, null, '0', 'jbz97t4y', '0', '13428981004', null, null), ('33', 'gyh91', '待填写', '/upload/img/avatar/01.jpg', '1', null, 'b5a3c6a0aea10e2566073c9476862b7e4c4e381ce415eb1469f77b6a', 'gyh@21.com', null, null, '1', null, null, null, null, null, null, null, '50', '0', '0.00', '0.00', '1', '1', '1', '0', '0', '0', null, null, null, null, null, '0', 'papnarxl', '0', '13546564564', null, null), ('34', 'haha', '待填写', '/upload/img/avatar/01.jpg', '1', null, 'b5a3c6a0aea10e2566073c9476862b7e4c4e381ce415eb1469f77b6a', '814613862@qq.com', null, null, '1', null, null, null, null, null, null, null, '50', '0', '0.00', '0.00', '1', '1', '1', '0', '0', '0', null, null, null, null, null, '0', 'xgyaqk7g', '0', '13433333333', null, null), ('35', 'yangfeng', '待填写', '/upload/img/avatar/01.jpg', '1', null, 'b5a3c6a0aea10e2566073c9476862b7e4c4e381ce415eb1469f77b6a', '171650786@qq.com', null, null, '3', null, null, null, null, null, null, null, '50', '0', '0.00', '0.00', '1', '1', '1', '1', '0', '0', null, null, null, null, null, '0', 'dh31v2vq', '1', '13767767277', null, null), ('36', '18610810207', '待填写', '/upload/img/avatar/01.jpg', '1', null, 'b5a3c6a0aea10e2566073c9476862b7e4c4e381ce415eb1469f77b6a', null, null, null, '11', null, null, null, null, null, null, null, '50', '5', '0.00', '0.00', '1', '1', '1', '0', '0', '0', null, null, null, null, null, '0', '7n5f4zfh', '0', null, null, null), ('37', 'liwenbin', '待填写', '/upload/img/avatar/01.jpg', '1', null, 'b5a3c6a0aea10e2566073c9476862b7e4c4e381ce415eb1469f77b6a', 'liwenbin@qq.com', null, null, '4', null, null, null, null, null, null, null, '50', '0', '0.00', '0.00', '1', '1', '1', '1', '0', '0', null, null, null, null, null, '0', '2xx31593', '0', null, null, null), ('38', '15932110597', '待填写', '/upload/img/avatar/01.jpg', '1', null, 'b5a3c6a0aea10e2566073c9476862b7e4c4e381ce415eb1469f77b6a', null, null, null, '3', null, null, null, null, null, null, null, '50', '0', '0.00', '0.00', '1', '1', '1', '0', '0', '0', null, null, null, null, null, '0', 'bqplrwx4', '0', null, null, null), ('39', 'juhnpen', '待填写', '/upload/img/avatar/01.jpg', '1', null, 'b5a3c6a0aea10e2566073c9476862b7e4c4e381ce415eb1469f77b6a', 'juhnpen@qq.com', null, null, '1', null, null, null, null, null, null, null, '50', '0', '0.00', '0.00', '1', '1', '1', '0', '0', '0', null, null, null, null, null, '0', 'w8fpl66i', '0', '18295016361', null, null), ('40', 'testzrh', '待填写', '/upload/img/avatar/01.jpg', '1', null, 'b5a3c6a0aea10e2566073c9476862b7e4c4e381ce415eb1469f77b6a', '253964689@qq.com', null, null, '1', null, null, null, null, null, null, null, '50', '0', '0.00', '0.00', '1', '1', '1', '0', '0', '0', null, null, null, null, null, '0', 'dl3xq8tc', '0', '18688866666', null, null), ('41', 'testw', '待填写', '/upload/img/avatar/01.jpg', '1', null, 'b5a3c6a0aea10e2566073c9476862b7e4c4e381ce415eb1469f77b6a', '898822332@qq.com', null, null, '2', null, null, null, null, null, null, null, '50', '0', '0.00', '0.00', '0', '0', '0', '0', '0', '0', null, null, null, null, null, '0', 'o9oddf4b', '0', null, null, null), ('42', 'test33', '待填写', '/upload/img/avatar/1441524931217.jpg', '1', null, 'b5a3c6a0aea10e2566073c9476862b7e4c4e381ce415eb1469f77b6a', '477777777@qq.com', '333333333', 'rtgfgfg', '2', null, null, null, null, null, null, null, '50', '0', '0.00', '0.00', '1', '1', '1', '1', '0', '0', null, null, null, null, null, '0', '3w6qnp07', '0', null, null, null), ('43', 'test11', '待填写', '/upload/img/avatar/01.jpg', '1', null, '93e59d457f34621ce5254c1482444877dcafe60b0e4f3e3a721f95be', '222222222@qq.com', null, null, '2', null, '1444996753408', null, null, null, null, null, '50', '0', '0.00', '0.00', '1', '1', '1', '1', '0', '0', null, null, null, null, null, '0', '9zap72q5', '0', null, '13', null), ('44', 'gyh97', '', '/upload/img/avatar/01.jpg', '1', null, 'b5a3c6a0aea10e2566073c9476862b7e4c4e381ce415eb1469f77b6a', '3737373777@qq.com', null, null, '2', null, '1444123114116', null, null, null, null, null, '50', '0', '0.00', '0.00', '1', '1', '1', '1', '0', '0', null, null, null, null, null, '0', 'cl5hc473', '0', '12766666666', '13', null), ('45', '15701007212', '15701007212', '/upload/img/avatar/1441781697507.jpg', '1', null, 'b5a3c6a0aea10e2566073c9476862b7e4c4e381ce415eb1469f77b6a', null, null, null, '35', null, null, null, null, null, null, null, '50', '10', '982835.00', '0.00', '1', '1', '1', '1', '0', '0', null, null, null, '北京朝阳春节快乐看看', null, '0', 'yzcxid9u', '0', '15701007212', '13', 'wzzc'), ('48', 'jiangege', '', '/upload/img/avatar/01.jpg', '1', null, 'b5a3c6a0aea10e2566073c9476862b7e4c4e381ce415eb1469f77b6a', 'zsjfeel@163.com', null, null, '2', null, null, null, null, null, null, null, '50', '0', '0.00', '0.00', '1', '1', '1', '1', '0', '0', null, null, null, null, null, '0', '9aktf5sy', '0', '15190086591', '13', 'wzzc'), ('49', 'start丶将军灬', '', '/upload/img/avatar/01.jpg', '1', null, 'b5a3c6a0aea10e2566073c9476862b7e4c4e381ce415eb1469f77b6a', null, null, null, '2', null, null, null, null, null, null, null, '50', '0', '0.00', '0.00', '1', '1', '1', '1', '0', '0', null, null, null, null, null, '0', '8r3zp0sp', '0', null, '13', 'wzzc'), ('50', '123', '', '/upload/img/avatar/01.jpg', '1', null, 'b5a3c6a0aea10e2566073c9476862b7e4c4e381ce415eb1469f77b6a', 'dfkdjfdkf@qq.com', null, null, '2', null, null, null, null, null, null, null, '50', '0', '0.00', '0.00', '1', '1', '1', '1', '0', '0', null, null, null, null, null, '0', 'mdshd07u', '0', '12345678911', '13', 'wzzc'), ('51', '禽兽放开我', '禽兽放开我', '/upload/img/avatar/1441868688367.jpg', '0', null, 'b5a3c6a0aea10e2566073c9476862b7e4c4e381ce415eb1469f77b6a', null, null, null, '3', null, null, null, null, null, null, null, '50', '0', '0.00', '0.00', '1', '1', '1', '1', '0', '0', null, null, null, '啦啦啦了哦', null, '0', 'u0tpi2cj', '0', null, '13', 'QQ'), ('52', 'Android开发爱好者', 'Android开发爱好者', '/upload/img/avatar/1441869024143.jpg', '1', null, 'b5a3c6a0aea10e2566073c9476862b7e4c4e381ce415eb1469f77b6a', null, null, null, '4', null, null, null, null, null, null, null, '50', '0', '0.00', '0.00', '1', '1', '1', '1', '0', '0', null, null, null, '尽可能', null, '0', 'ugynsdz4', '0', null, '13', 'SinaWeibo'), ('56', 'Mr_黄先生', 'Mr_黄先生', 'http://wx.qlogo.cn/mmopen/DdhhtQ9qKnsMRMf8rHZLvibRNQic2GwtfaH4YMk0GPNAKNzEXDmVpVZGLnfm8IypWicv9V9vqIibBzKaq7oWPcicRkicQgCVLrD1my/0', '1', null, 'b5a3c6a0aea10e2566073c9476862b7e4c4e381ce415eb1469f77b6a', null, null, null, '6', null, null, null, null, null, 'obe-fw1xOgwET3dBFCaXTcOX0l6c', null, '50', '0', '0.00', '0.00', '1', '1', '1', '1', '0', '0', null, null, null, null, null, '0', 's22f1d0x', '0', null, '13', 'weixin'), ('57', 'lkang', 'lkang', 'http://wx.qlogo.cn/mmopen/Q3auHgzwzM6fwW226TibcVsTQDBHx2Ha5bOvlpFa5LZCIPOSsAdZ1XDKrTofEKKOfPiaYjPcOib0BPeAVTy3VMGEw/0', '1', null, 'b5a3c6a0aea10e2566073c9476862b7e4c4e381ce415eb1469f77b6a', null, null, null, '8', null, null, null, null, null, 'obe-fw3DJw9fVTwWS5z0gm96oJ60', null, '50', '0', '0.00', '0.00', '1', '1', '1', '1', '0', '0', null, null, null, null, null, '0', 'd2ih1dfw', '0', null, '13', 'weixin'), ('58', 'ˉ    明天。', 'ˉ    明天。', 'http://q.qlogo.cn/qqapp/1104852858/84B5FA11BB3685D2C414425178951043/100', '1', null, 'b5a3c6a0aea10e2566073c9476862b7e4c4e381ce415eb1469f77b6a', null, null, null, '4', null, null, null, null, null, '84B5FA11BB3685D2C414425178951043', null, '50', '0', '0.00', '0.00', '1', '1', '1', '1', '0', '0', null, null, null, null, null, '0', 'yjw1kofb', '0', null, '13', 'qq'), ('59', 'QF康康', 'QF康康', 'http://tp1.sinaimg.cn/2305197340/180/5659056046/1', '1', null, 'b5a3c6a0aea10e2566073c9476862b7e4c4e381ce415eb1469f77b6a', null, null, null, '2', null, null, null, null, null, '2305197340', null, '50', '0', '0.00', '0.00', '1', '1', '1', '1', '0', '0', null, null, null, null, null, '0', 'ktq6ve11', '0', null, '13', 'sina'), ('60', 'Android开发爱好者', 'Android开发爱好者', null, '1', null, 'b5a3c6a0aea10e2566073c9476862b7e4c4e381ce415eb1469f77b6a', null, null, null, '2', null, null, null, null, null, '2609834757', null, '50', '0', '0.00', '0.00', '1', '1', '1', '1', '0', '0', null, null, null, null, null, '0', 'u5v91702', '0', null, '13', 'SinaWeibo'), ('61', '_源大叔', '_源大叔', 'http://tp1.sinaimg.cn/3470815400/180/5719702569/1', '1', null, 'b5a3c6a0aea10e2566073c9476862b7e4c4e381ce415eb1469f77b6a', null, null, null, '2', null, null, null, null, null, '3470815400', null, '50', '0', '0.00', '0.00', '1', '1', '1', '1', '0', '0', null, null, null, null, null, '0', '4l01po5g', '0', null, '13', 'sina'), ('62', 'Mr_黄先生', 'Mr_黄先生', 'http://q.qlogo.cn/qqapp/1104852858/A41AC377961CDA2FBFD3EA25D0042989/100', '1', null, 'b5a3c6a0aea10e2566073c9476862b7e4c4e381ce415eb1469f77b6a', null, null, null, '2', null, null, null, null, null, 'A41AC377961CDA2FBFD3EA25D0042989', null, '50', '0', '0.00', '0.00', '1', '1', '1', '1', '0', '0', null, null, null, null, null, '0', 'yzf2imot', '0', null, '13', 'qq'), ('63', 'mantou', 'mantou', '/upload/img/avatar/01.jpg', '1', null, 'b5a3c6a0aea10e2566073c9476862b7e4c4e381ce415eb1469f77b6a', 'mantou@outlook.com', null, null, '1', null, null, null, null, null, null, null, '50', '0', '0.00', '0.00', '1', '1', '1', '1', '0', '0', null, null, null, null, null, '0', 'y37dfh24', '0', '15834681258', '13', 'wzzc'), ('64', 'dangdang', 'dangdang', '/upload/img/avatar/01.jpg', '1', null, 'b5a3c6a0aea10e2566073c9476862b7e4c4e381ce415eb1469f77b6a', 'jjhlife@foxmail.com', null, null, '3', null, null, null, null, null, null, null, '50', '0', '0.00', '0.00', '1', '1', '1', '1', '0', '0', null, null, null, null, null, '0', 'dkbmt7hr', '1', '13355129891', '13', 'wzzc'), ('65', 'baijinwen', 'baijinwen', '/upload/img/avatar/01.jpg', '1', null, '89c68dc8a81a7c7129387d7361fcc247c0a55074c3de5271bfc6eb82', 'baijinwen126@126.com', null, null, '2', '1443044698935', '1443044740332', null, null, null, null, null, '50', null, '0.00', '0.00', '1', '1', '1', '1', '0', '0', null, null, null, null, null, '0', 'og6e0z8z', '0', '13631390449', '13', null), ('66', '烛光微彩', '烛光微彩', 'http://wx.qlogo.cn/mmopen/tWd49EVFUrGhxicnpN5NsVQJo9fpry5JgDlRcEtWvibSUue8icCUWajlicHVTxRj5jtSVBtjP6kRnAVSPC5CJUA0eWEFdP6Beb7b/0', '1', null, 'ba229e45688799d291ca78cb8dcc5880e4fec46e185c2db56e344158', null, null, null, '3', '1443067065529', '1444982285282', null, '58.132.170.171', null, null, null, '50', null, '0.00', '0.00', '1', '1', '1', '1', '0', '0', null, null, null, null, null, '0', 'mkvhjt0j', '0', null, '13', null), ('67', '18601320422', null, '/upload/img/avatar/01.jpg', '1', null, '2a1aeb04acbaa71a3bd922d3d9306542cc7d0bb0d8a2a62ec2ba84bf', null, null, null, '10', '1443067449824', '1444362716882', '1443075681458', null, null, null, null, '50', null, '0.00', '0.00', '1', '1', '1', '1', '0', '0', null, null, null, null, null, '0', 'hi6nnjt4', '0', '18601320422', '13', null), ('68', '15010033670', '15010033670', '/upload/img/avatar/01.jpg', '1', null, '4ce932d6ff0ee33647aa6fad813cf398a4e2a035b3b0f014f6e13373', '1941562508@qq.com', null, null, '4', '1443088204136', '1444880897548', '1443088226867', null, null, null, null, '50', null, '0.00', '0.00', '1', '1', '1', '1', '0', '0', null, null, null, null, null, '0', 'wfw2q6v5', '0', '15010033670', '13', null), ('69', 'badwormworm', 'badwormworm', '/upload/img/avatar/01.jpg', '1', null, 'f8c15d9db2952a92c827fda4f8ddbfebb82775e24f0c13cb46b123e7', 'sccd_cqh@163.com', null, null, '1', '1443584484690', null, null, null, null, null, null, '50', '50', '0.00', '0.00', '1', '1', '1', '1', '0', '0', null, null, null, null, null, '0', '0b5wjaz2', '0', '13811169060', '13', null), ('70', '123123', '123123', '/upload/img/avatar/01.jpg', '1', null, '4048d4fa478546b6b231e009c64dad3d4c31873fb42f68cb5623e6a0', '123123@qq.com', null, null, '8', '1444353010431', '1444615590845', '1444459007040', null, null, null, null, '50', '50', '0.00', '0.00', '1', '1', '1', '1', '0', '0', null, null, null, null, null, '0', 'g4xoel1r', '0', '15910576548', '13', null), ('71', '111111', '111111', '/upload/img/avatar/01.jpg', '1', null, '9447f063684ea5005f6fd36570e70526ad5d3be9fd688c0a2e1eee25', '111111@qq.com', null, null, '1', '1444353083039', null, null, null, null, null, null, '50', '50', '0.00', '0.00', '1', '1', '1', '1', '0', '0', null, null, null, null, null, '0', 'b6lrh13d', '0', '13311111111', '13', null), ('72', 'qweqwe', 'qweqwe', '/upload/img/avatar/01.jpg', '1', null, '48b13e66b4d15e91f0587c0cf58929f373c5abf5428b38942cd1a553', 'qweqwe@qq.com', null, null, '4', '1444436154538', '1444459647517', '1444457008092', null, null, null, null, '50', '50', '0.00', '0.00', '1', '1', '1', '1', '0', '0', null, null, null, null, null, '0', 's7px1p7w', '0', '15999999999', '13', null), ('73', 'test123', 'test123', '/upload/img/avatar/01.jpg', '1', null, 'a6766b45c2a68d04ef152fac12a59cc3c76c7eaa52e84d2efff00ba3', '37588778@qq.com', null, null, '3', '1444446823008', '1444459562740', '1444446854149', null, null, null, null, '50', '50', '0.00', '0.00', '1', '1', '1', '1', '0', '0', null, null, null, null, null, '0', 'qhvwuecs', '0', '18719992212', '13', null), ('74', '奥特曼', '奥特曼', 'http://wx.qlogo.cn/mmopen/sy64DKlBTjrdEiaViaiaagTFDOdEgKOCzGv2bwPSeaPvgG6g1icPO9LJiclNXVQMPotbuMl2Uc5BMiaGDo09poeYLhX7PFAs0XsMD9/0', '1', null, 'e495b91ecd7ca4deee00879c982db096e1b77cfa9e1a9853a2106cd8', null, null, null, '1', '1444456587891', null, null, null, null, null, null, '50', '50', '0.00', '0.00', '1', '1', '1', '1', '0', '0', null, null, null, null, null, '0', 'pl65xble', '0', null, '13', null), ('75', 'zhyx1979', 'zhyx1979', '/upload/img/avatar/01.jpg', '1', null, '9905e20d548d4a0b53d823fd16b7065b26d7f1f41146b5594d579526', 'zhyxforreg@163.com', null, null, '2', '1444465656547', '1444465671426', null, null, null, null, null, '50', '50', '0.00', '0.00', '1', '1', '1', '1', '0', '0', null, null, null, null, null, '0', 'pg7wnm4x', '0', '18633170077', '13', null), ('76', '12344321', '12344321', '/upload/img/avatar/01.jpg', '1', null, '33056cb49828d1eed85bb42798316bd7963b575ec3f9eac2eb30ca76', 'adfa@qq.com', null, null, '1', '1444471812248', null, null, null, null, null, null, '50', '50', '0.00', '0.00', '1', '1', '1', '1', '0', '0', null, null, null, null, null, '0', '4hd3xlc1', '0', '18923456728', '13', null), ('77', '123456789', '123456789', '/upload/img/avatar/01.jpg', '1', null, '26e1f1a6099ce1d90d0ca8d0e1fae3c97fcf9c264f0bc077115cc7da', '89555@qq.com', null, null, '2', '1444546645459', '1444546679300', null, null, null, null, null, '50', '50', '0.00', '0.00', '1', '1', '1', '1', '0', '0', null, null, null, null, null, '0', 'of6u52yx', '0', '12345678988', '13', null), ('78', '18523231005', '18523231005', '/upload/img/avatar/01.jpg', '1', null, '745f3b628b0510f437ceb0e15ea46e93e771088ac0cf8d83dffa780e', '310516359@qq.com', null, null, '1', '1444553628939', null, null, null, null, null, null, '50', '50', '0.00', '0.00', '1', '1', '1', '1', '0', '0', null, null, null, null, null, '0', 'c72qlezc', '0', '18523231005', '13', null), ('79', 'xgwang', 'xgwang', '/upload/img/avatar/01.jpg', '1', null, '5b89d4f7080b727aaefbd19545de6e508b79cb5c1d19bbaaf41444f6', 'xiaoguangwang@hotmail.com', null, null, '2', '1444556572231', '1444556661876', null, null, null, null, null, '50', '50', '0.00', '0.00', '1', '1', '1', '1', '0', '0', null, null, null, null, null, '0', 'wt8lu52m', '0', '18057792996', '13', null), ('80', 'testshop', 'testshop', '/upload/img/avatar/01.jpg', '1', null, 'fb02558adabd9ae048fff23d4e4d3c97b85f360a557ebd61b12ec8f5', 'alanzyy@foxmail.com', null, null, '1', '1444616800651', null, null, null, null, null, null, '50', '50', '0.00', '0.00', '1', '1', '1', '1', '0', '0', null, null, null, null, null, '0', 'y6usy72s', '0', '18688163698', '13', null), ('81', 'kwg', 'kwg', '/upload/img/avatar/01.jpg', '1', null, '17cbb566e7f8aff7657c7294e8c0dc49dd73cf76b9a14693e658be10', '376404302@qq.com', null, null, '6', '1444878784367', '1444903537553', '1444903343842', null, null, null, null, '50', '50', '0.00', '0.00', '1', '1', '1', '1', '0', '0', null, null, null, null, null, '0', '36ly2a63', '0', '18500974432', '13', null), ('82', 'ZAQWE123', 'ZAQWE123', '/upload/img/avatar/1444889020208.png', '2', null, '00c6699c7b69e9958ff079db606bb5b0187a03e0d84057e854caa965', '891471934@QQ.COM', '891471934', null, '8', '1444888084935', '1444891973093', '1444891567916', null, null, null, null, '50', '50', '0.00', '0.00', '1', '1', '1', '1', '0', '0', null, '36', '1', '北京北京市', null, '0', 'pq2q9k5c', '0', '15904614478', '13', null), ('83', 'longzhizu', 'longzhizu', '/upload/img/avatar/01.jpg', '1', null, '0d4cab99e19e84f8e82fac9e7cf795507e779e261e58bcf0419ffa56', 'aaa@qq.com', null, null, '2', '1444892714020', '1444892731864', null, null, null, null, null, '50', '50', '0.00', '0.00', '1', '1', '1', '1', '0', '0', null, null, null, null, null, '0', 'ddktsejz', '0', '13466787654', '13', null), ('84', 'guan2015', 'guan2015', '/upload/img/avatar/01.jpg', '1', null, 'f79c6f4ca3b5e19b341dddca9ab0544d2b132fe99011f4d5372dc182', 'guanqingfang@leimingtech.com', null, null, '6', '1444893526815', '1444986674032', '1444979075536', null, null, null, null, '50', '50', '0.00', '0.00', '1', '1', '1', '1', '0', '0', null, null, null, null, null, '0', 'y0k1d5l6', '0', '18311340545', '13', null), ('85', 'gqf2015', 'gqf2015', '/upload/img/avatar/01.jpg', '1', null, '469130832d7712759a480387fc161f22d5eebd2c42d5e4694bb61c14', '9825@qq.com', null, null, '3', '1444896430299', '1444896707910', '1444896458601', null, null, null, null, '50', '50', '0.00', '0.00', '1', '1', '1', '1', '0', '0', null, null, null, null, null, '0', 'u200h1dm', '0', '18933892543', '13', null), ('86', 'gd2015', 'gd2015', '/upload/img/avatar/01.jpg', '1', null, '4583fd9c16bc7821a9efbf24088873a37d3b1ff8152417563e13e10d', 'gd2015@qq.com', null, null, '2', '1444896837031', '1444896879578', null, null, null, null, null, '50', '50', '0.00', '0.00', '1', '1', '1', '1', '0', '0', null, null, null, null, null, '0', 'kzolttjq', '0', '18388383983', '13', null), ('87', 'my3bit', 'my3bit', '/upload/img/avatar/01.jpg', '1', null, 'b5ac3beeac19d68b3b9fb2a7351ed29255803525ece0b95fd7e214db', '1985282265@qq.com', null, null, '3', '1444897118444', '1444897651088', '1444897542912', null, null, null, null, '50', '50', '0.00', '0.00', '1', '1', '1', '1', '0', '0', null, null, null, null, null, '0', 'dlyvml9b', '0', '15680026819', '13', null), ('88', 'jiuqi', 'jiuqi', '/upload/img/avatar/01.jpg', '1', null, 'f3606fcffebd3e7480f8bbdc58d3bb432014312e38a2ed3076d01042', '490797685@qq.com', null, null, '2', '1444897347322', '1444897457569', null, null, null, null, null, '50', '50', '0.00', '0.00', '1', '1', '1', '1', '0', '0', null, null, null, null, null, '0', '8qtynftv', '0', '18538263378', '13', null), ('89', 'dzj2015', 'dzj2015', '/upload/img/avatar/01.jpg', '1', null, 'c18d0a56601b4de754ef17f0ff9d8e670df344fa83ecc76f51423fb0', 'dzj2015@22.com', null, null, '2', '1444897466678', '1444897514452', null, null, null, null, null, '50', '50', '0.00', '0.00', '1', '1', '1', '1', '0', '0', null, null, null, null, null, '0', '8k17dlh9', '0', '18288382979', '13', null), ('91', 'guan072015', 'guan072015', '/upload/img/avatar/01.jpg', '1', null, '0a24eb93137af58c6ddd70e9811180d0612f4c203dab825ad646f45a', 'guanqingfang@qq.com', null, null, '1', '1444968643351', null, null, null, null, null, null, '50', '50', '0.00', '0.00', '1', '1', '1', '1', '0', '0', null, null, null, null, null, '0', 'htk03g29', '0', '18988398989', '13', null), ('92', 'guanqf072015', 'guanqf072015', '/upload/img/avatar/01.jpg', '1', null, 'cace4270050ebc2e4db61a516c6d4a719186adfc4c188edd38108461', 'guanqf072015@qq.com', null, null, '2', '1444968864712', '1444968888389', null, null, null, null, null, '50', '50', '0.00', '0.00', '1', '1', '1', '1', '0', '0', null, null, null, null, null, '0', 'jjx15lv8', '0', '13199389803', '13', null), ('93', 'gaopeng', 'gaopeng', '/upload/img/avatar/01.jpg', '1', null, '89215de1a5cda7ae33ceb772f442311bcd74764e68f896fcf266175f', 'gavengao@126.com', null, null, '2', '1444973165629', '1444973185419', null, null, null, null, null, '50', '50', '0.00', '0.00', '1', '1', '1', '1', '0', '0', null, null, null, null, null, '0', 'xv0wqmb7', '0', '13898826242', '13', null), ('94', 'hui99', 'hui99', '/upload/img/avatar/01.jpg', '1', null, '6ddf30c28b6924242b207588307ee5a052f94908595833267c5f3fe5', 'gyh99@98.com', null, null, '1', '1444976828146', null, null, null, null, null, null, '50', '50', '0.00', '0.00', '1', '1', '1', '1', '0', '0', null, null, null, null, null, '0', 'a1nkg4x6', '0', '13456776552', '13', null), ('95', '123462352', '123462352', '/upload/img/avatar/01.jpg', '1', null, '8428a886e0156bf8352cac7b90d417e382438e3e6d9b42d459a089d0', '123462352@qq.com', null, null, '3', '1445186356343', '1445188663238', '1445186408466', null, null, null, null, '50', '50', '0.00', '0.00', '1', '1', '1', '1', '0', '0', null, null, null, null, null, '0', 'j8orwvhz', '0', '13202059988', '13', null);
COMMIT;

-- ----------------------------
--  Table structure for `shop_member_grade`
-- ----------------------------
DROP TABLE IF EXISTS `shop_member_grade`;
CREATE TABLE `shop_member_grade` (
  `grade_id` int(10) NOT NULL AUTO_INCREMENT COMMENT '索引id',
  `grade_name` varchar(10) CHARACTER SET utf8 DEFAULT NULL COMMENT '等级名称',
  `integration` int(11) DEFAULT NULL COMMENT '所需积分',
  `grade_img` varchar(100) CHARACTER SET utf8 DEFAULT NULL COMMENT '等级所对应的图片',
  `preferential` int(11) DEFAULT NULL COMMENT '优惠百分比',
  `is_default` int(1) DEFAULT NULL COMMENT '是否是默认',
  PRIMARY KEY (`grade_id`)
) ENGINE=InnoDB AUTO_INCREMENT=14 DEFAULT CHARSET=latin1;

-- ----------------------------
--  Records of `shop_member_grade`
-- ----------------------------
BEGIN;
INSERT INTO `shop_member_grade` VALUES ('11', '钻石会员', '10000', '/upload/img/membergrade/1444619090385.png', null, '0'), ('12', '青铜会员', '500', '', null, '0'), ('13', '普通会员', '0', '', null, '1');
COMMIT;

-- ----------------------------
--  Table structure for `shop_menu`
-- ----------------------------
DROP TABLE IF EXISTS `shop_menu`;
CREATE TABLE `shop_menu` (
  `m_id` int(10) NOT NULL AUTO_INCREMENT COMMENT '主键ID',
  `m_name` varchar(50) NOT NULL COMMENT '菜单名',
  `m_url` varchar(255) NOT NULL COMMENT 'url路径',
  `m_parent_id` int(10) NOT NULL COMMENT '父级ID',
  `m_sort` tinyint(1) unsigned NOT NULL DEFAULT '0' COMMENT '排序',
  `m_level` int(10) NOT NULL COMMENT '菜单等级',
  `m_path` varchar(255) NOT NULL COMMENT '菜单ID路径',
  `m_description` varchar(255) DEFAULT NULL COMMENT '描述',
  `m_permission` varchar(500) DEFAULT NULL COMMENT '权限标识',
  `m_isshow` int(3) DEFAULT '0' COMMENT '是否显示：0,否;1,是',
  PRIMARY KEY (`m_id`)
) ENGINE=InnoDB AUTO_INCREMENT=232 DEFAULT CHARSET=utf8 ROW_FORMAT=COMPACT COMMENT='后台菜单表';

-- ----------------------------
--  Records of `shop_menu`
-- ----------------------------
BEGIN;
INSERT INTO `shop_menu` VALUES ('15', '首页', '/firstsy', '0', '0', '1', '0,', '常用操作', 'sys:admin', '1'), ('16', '设置', '/setting', '0', '7', '1', '0,', '设置相关', '', '1'), ('17', '商品', '/goods', '0', '1', '2', '0,17,', '商品相关', '', '1'), ('18', '店铺', '/srore', '0', '2', '1', '0,', '店铺相关', '', '1'), ('19', '会员', '/members', '0', '3', '1', '0,', '会员相关', '', '1'), ('20', '交易', '/buyandsell', '0', '4', '1', '0,', '交易相关', '', '1'), ('21', '网站', '/wz', '0', '5', '1', '0,', '网站相关', '', '1'), ('22', '权限', '/power', '0', '6', '1', '0,', '权限相关', '', '1'), ('27', '欢迎页', '/welcome', '15', '0', '2', '0,15,', '欢迎页', 'sys:admin', '1'), ('28', '关于我们', '/about', '15', '0', '2', '0,15,', '关于我们', '', '1'), ('30', '配送地区', '/setting/area/list', '16', '0', '2', '0,16,', '配送地区', '', '1'), ('31', '快递公司', '/setting/express/list', '16', '0', '2', '0,16,', '快递公司', '', '1'), ('32', '支付方式', '/setting/payment/list', '16', '0', '2', '0,16,', '支付方式', '', '1'), ('35', '分类管理', '/goods/class/list', '17', '0', '2', '0,17,', '分类管理', '', '1'), ('36', '品牌管理', '/goods/brand/list', '17', '0', '2', '0,17,', '品牌管理', '', '1'), ('37', '商品管理', '/goods/goodsCommon/list', '17', '0', '2', '0,17,', '商品管理', '', '1'), ('38', '规格管理', '/goods/spec/list', '17', '0', '2', '0,17,', '规格管理', '', '1'), ('39', '店铺管理', '/store/manager/list', '18', '0', '2', '0,18,', '店铺管理', '', '1'), ('40', '店铺分类', '/store/classs/list', '18', '0', '2', '0,18,', '店铺分类', '', '1'), ('41', '店铺等级', '/store/grade/list', '18', '2', '2', '0,18,', '店铺等级', '', '1'), ('44', '会员管理', '/member/list', '19', '0', '2', '0,19,', '会员管理', '', '1'), ('45', '订单管理', '/orders/list', '20', '3', '2', '0,20,', '订单管理', '', '1'), ('46', '咨询管理', '/trade/consult/list', '20', '0', '2', '0,20,', '咨询管理', '', '1'), ('47', '评价管理', '/trade/evalGoods/list', '20', '0', '2', '0,20,', '评价管理', '', '1'), ('48', '文章分类', '/website/class/list', '21', '0', '2', '0,21,', '文章分类', '', '1'), ('49', '文章管理', '/website/article/index', '21', '0', '2', '0,21,', '文章管理', '', '1'), ('50', '系统文章', '/website/document/list', '21', '0', '2', '0,21,', '系统文章', '', '1'), ('51', '页面导航', '/website/navigation/list', '21', '0', '2', '0,21,', '页面导航', '', '1'), ('52', '首页管理', '/website/index/list', '21', '0', '2', '0,21,', '首页管理', '', '1'), ('53', '菜单管理', '/menu/class/list', '22', '0', '2', '0,22,', '权限管理', '', '1'), ('60', '管理员管理', '/setting/admin/list', '22', '0', '2', '0,22,', '管理员管理', '', '1'), ('62', '角色管理', '/role/list', '22', '0', '2', '0,22,', '角色管理', '', '1'), ('67', '菜单管理', '/frontMenu/list', '66', '2', '2', '0,66,', '菜单管理', '', '1'), ('68', '角色管理', '/frontRole/list', '66', '3', '2', '0,66,', '角色管理', '', '1'), ('72', '数据字典', '/group/dictionaryGroup/list', '16', '1', '2', '0,16,', '', '', '1'), ('77', '日志管理', '/syslog/list', '16', '0', '2', '0,16,', '', '', '1'), ('79', '实体管理', '/doc/api/docentity/list', '16', '0', '2', '0,16,', '', '', '1'), ('80', 'API管理', '/doc/api/list?typeid=1', '16', '0', '2', '0,16,', '', '', '1'), ('81', '类型管理', '/goods/type/list', '17', '0', '2', '0,17,', '', '', '1'), ('83', '广告管理', '/adv/list', '87', '8', '2', '0,87,', '广告管理', '', '1'), ('84', '广告位管理', '/advPosition/list', '87', '1', '2', '0,87,', '广告位管理', '', '1'), ('85', '促销管理', '/promotion/index', '87', '4', '2', '0,87,', '促销管理', '', '1'), ('86', '促销分类管理', '/promotionClass/index', '87', '3', '2', '0,87,', '促销分类管理', '', '1'), ('87', '运营', '/operators', '0', '8', '1', '0,', '运营', '', '1'), ('88', '平台自营', '/platform', '0', '9', '1', '0,', '平台自营', '', '1'), ('89', '商品发布', '/platform/sellIndex', '88', '0', '2', '0,88,', '商品发布', '', '1'), ('90', '平台商品', '/platform/sellList', '88', '0', '2', '0,88,', '平台商品', '', '1'), ('92', '店铺分类', '/storeGoodsClass/index', '88', '0', '2', '0,88,', '店铺分类', '', '1'), ('93', '发货', '/platformOrder/shipments', '88', '0', '2', '0,88,', '发货', '', '1'), ('94', '发货设置', '/platformOrder/shipmentSetting', '88', '0', '2', '0,88,', '发货设置', '', '1'), ('95', '物流工具', '/platform/transport/index', '88', '0', '2', '0,88,', '物流工具', '', '1'), ('96', '评价管理', '/platform/trade/reviewIndex', '88', '0', '2', '0,88,', '评价管理', '', '1'), ('97', '咨询管理', '/consult/index', '88', '0', '2', '0,88,', '咨询管理', '', '1'), ('98', '退款纪录', '/platformOrder/refundOrderList', '88', '0', '2', '0,88,', '退款纪录', '', '1'), ('99', '退货记录', '/platformOrder/returnOrderList', '88', '0', '2', '0,88,', '退货记录', '', '1'), ('100', '流量统计', '/platform/report/goodsClick', '88', '0', '2', '0,88,', '流量统计', '', '1'), ('101', '订单统计', '/platform/report/goodsSell', '88', '0', '2', '0,88,', '订单统计', '', '1'), ('104', '优惠分类', '/couponclass/list', '87', '0', '2', '0,87,', '优惠分类', '', '1'), ('105', '优惠券管理', '/coupon/list', '87', '0', '2', '0,87,', '优惠券管理', '', '1'), ('106', '标签管理', '/goodsGroup/list', '87', '9', '2', '0,87,', '新品／推荐／狂购／喜欢', '', '1'), ('107', '平台订单', '/platformOrder/list', '88', '0', '2', '0,88,', '平台订单', '', '1'), ('108', '静态页面管理', '/toStatic/staticView', '16', '0', '2', '0,16,', '', '', '1'), ('109', '移动端意见反馈', '/feedback/list', '21', '0', '2', '0,21,', '移动端意见反馈', '', '1'), ('110', '会员等级', '/member/grade/list', '19', '0', '2', '0,19,', '', '', '1'), ('112', '积分商城', '/points', '0', '10', '1', '0,', '', '', '1'), ('113', '积分商品管理', '/points/all/list', '112', '0', '2', '0,112,', '', '', '1'), ('114', '发布积分商品', '/points/pro/index', '112', '0', '2', '0,112,', '', '', '1'), ('115', '搜索管理', '/search/creteIndexView', '16', '0', '2', '0,16,', '', '', '1'), ('116', '系统设置', '/setting/points/index', '16', '0', '2', '0,16,', '积分设置', '', '1'), ('117', '缓存设置', '/dev/cache/setting', '16', '0', '2', '0,16,', 'redis缓存设置', '', '1'), ('119', '订单结算', '/orders/balanceList', '87', '0', '2', '0,87,', '订单结算', '', '1'), ('120', '数据监控', '/druid/', '16', '9', '2', '0,16,', 'Druid连接池监控', '', '1'), ('121', '优惠券管理', '/platform/coupon/list', '88', '0', '2', '0,88,', '优惠券管理', '', '1'), ('122', '敏感词上传', '/setting/sensitive/add', '16', '0', '2', '0,16,', '敏感词上传', '', '1'), ('123', '查看', '', '35', '0', '3', '0,17,35,', '查看', 'sys:class:view', '0'), ('124', '修改', '', '35', '0', '3', '0,17,35,', '修改', 'sys:class:edit', '0'), ('125', '查看', '', '36', '0', '3', '0,17,36,', '查看', 'sys:brand:view', '0'), ('126', '修改', '', '36', '0', '3', '0,17,36,', '修改', 'sys:brand:edit', '0'), ('127', '查看', '', '37', '0', '3', '0,17,37,', '查看', 'sys:goods:view', '0'), ('128', '修改', '', '37', '0', '3', '0,17,37,', '修改', 'sys:goods:edit', '0'), ('129', '查看', '', '38', '0', '3', '0,17,38,', '查看', 'sys:spec:view', '0'), ('130', '修改', '', '38', '0', '3', '0,17,38,', '修改', 'sys:spec:edit', '0'), ('131', '查看', '', '81', '0', '3', '0,17,81,', '查看', 'sys:type:view', '0'), ('132', '修改', '', '81', '0', '3', '0,17,81,', '修改', 'sys:type:edit', '0'), ('133', '查看', '', '39', '0', '3', '0,18,39,', '查看', 'sys:store:view', '0'), ('134', '修改', '', '39', '0', '3', '0,18,39,', '修改', 'sys:store:edit', '0'), ('135', '查看', '', '40', '0', '3', '0,18,40,', '查看', 'sys:storeclass:view', '0'), ('136', '修改', '', '40', '0', '3', '0,18,40,', '修改', 'sys:storeclass:edit', '0'), ('137', '查看', '', '41', '0', '3', '0,18,41,', '查看', 'sys:storegrade:view', '0'), ('138', '修改', '', '41', '0', '3', '0,18,41,', '修改', 'sys:storegrade:edit', '0'), ('143', '查看', '', '44', '0', '3', '0,19,44,', '查看', 'sys:member:view', '0'), ('144', '修改', '', '44', '0', '3', '0,19,44,', '修改', 'sys:member:edit', '0'), ('145', '查看', '', '110', '0', '3', '0,19,110,', '查看', 'sys:membergrade:view', '0'), ('146', '修改', '', '110', '0', '3', '0,19,110,', '修改', 'sys:membergrade:edit', '0'), ('147', '查看', '', '45', '0', '3', '0,20,45,', '查看', 'sys:order:view', '0'), ('148', '修改', '', '45', '0', '3', '0,20,45,', '修改', 'sys:order:edit', '0'), ('149', '查看', '', '46', '0', '3', '0,20,46,', '查看', 'sys:consultative:view', '0'), ('150', '修改', '', '46', '0', '3', '0,20,46,', '修改', 'sys:consultative:edit', '0'), ('151', '查看', '', '47', '0', '3', '0,20,47,', '查看', 'sys:evaluation:view', '0'), ('152', '修改', '', '47', '0', '3', '0,20,47,', '修改', 'sys:evaluation:edit', '0'), ('153', '查看', '', '48', '0', '3', '0,21,48,', '查看', 'sys:articleclass:view', '0'), ('154', '修改', '', '48', '0', '3', '0,21,48,', '修改', 'sys:articleclass:edit', '0'), ('155', '查看', '', '49', '0', '3', '0,21,49,', '查看', 'sys:article:view', '0'), ('156', '修改', '', '49', '0', '3', '0,21,49,', '修改', 'sys:article:edit', '0'), ('157', '查看', '', '51', '0', '3', '0,21,51,', '查看', 'sys:pagenavigation:view', '0'), ('158', '修改', '', '51', '0', '3', '0,21,51,', '修改', 'sys:pagenavigation:edit', '0'), ('159', '查看', '', '52', '0', '3', '0,21,52,', '查看', 'sys:indexmanager:view', '0'), ('160', '修改', '', '52', '0', '3', '0,21,52,', '修改', 'sys:indexmanager:edit', '0'), ('161', '查看', '', '109', '0', '3', '0,21,109,', '查看', 'sys:feedback:view', '0'), ('162', '修改', '', '109', '0', '3', '0,21,109,', '修改', 'sys:feedback:edit', '0'), ('163', '查看', '', '53', '0', '3', '0,22,53,', '查看', 'sys:menu:view', '0'), ('164', '修改', '', '53', '0', '3', '0,22,53,', '修改', 'sys:menu:edit', '0'), ('165', '查看', '', '60', '0', '3', '0,22,60,', '查看', 'sys:admin:view', '0'), ('166', '修改', '', '60', '0', '3', '0,22,60,', '修改', 'sys:admin:edit', '0'), ('167', '查看', '', '62', '0', '3', '0,22,62,', '查看', 'sys:role:view', '0'), ('168', '修改', '', '62', '0', '3', '0,22,62,', '修改', 'sys:role:edit', '0'), ('169', '查看', '', '30', '0', '3', '0,16,30,', '查看', 'sys:area:view', '0'), ('170', '修改', '', '30', '0', '3', '0,16,30,', '修改', 'sys:area:edit', '0'), ('171', '查看', '', '31', '0', '3', '0,16,31,', '查看', 'sys:express:view', '0'), ('172', '修改', '', '31', '0', '3', '0,16,31,', '修改', 'sys:express:edit', '0'), ('173', '查看', '', '32', '0', '3', '0,16,32,', '查看', 'sys:payment:view', '0'), ('174', '修改', '', '32', '0', '3', '0,16,32,', '修改', 'sys:payment:edit', '0'), ('175', '查看', '', '72', '0', '3', '0,16,72,', '查看', 'sys:dictionary:view', '0'), ('176', '修改', '', '72', '0', '3', '0,16,72,', '修改', 'sys:dictionary:edit', '0'), ('177', '查看', '', '77', '0', '3', '0,16,77,', '查看', 'sys:log:view', '0'), ('178', '修改', '', '77', '0', '3', '0,16,77,', '修改', 'sys:log:edit', '0'), ('179', '查看', '', '79', '0', '3', '0,16,79,', '查看', 'sys:entity:view', '0'), ('180', '修改', '', '79', '0', '3', '0,16,79,', '修改', 'sys:entity:edit', '0'), ('181', '查看', '', '80', '0', '3', '0,16,80,', '查看', 'sys:api:view', '0'), ('182', '修改', '', '80', '0', '3', '0,16,80,', '修改', 'sys:api:edit', '0'), ('183', '查看', '', '116', '0', '3', '0,16,116,', '查看', 'sys:setting:view', '0'), ('184', '修改', '', '116', '0', '3', '0,16,116,', '修改', 'sys:setting:edit', '0'), ('185', '查看', '', '117', '0', '3', '0,16,117,', '查看', 'sys:cache:view', '0'), ('186', '修改', '', '117', '0', '3', '0,16,117,', '修改', 'sys:cache:edit', '0'), ('187', '查看', '', '120', '0', '3', '0,16,120,', '查看', 'sys:druid:view', '0'), ('188', '修改', '', '120', '0', '3', '0,16,120,', '修改', 'sys:druid:edit', '0'), ('189', '查看', '', '122', '0', '3', '0,16,122,', '查看', 'sys:sensitive:view', '0'), ('190', '修改', '', '122', '0', '3', '0,16,122,', '修改', 'sys:sensitive:edit', '0'), ('191', '查看', '', '83', '0', '3', '0,87,83,', '查看', 'sys:adv:view', '0'), ('192', '修改', '', '83', '0', '3', '0,87,83,', '修改', 'sys:adv:edit', '0'), ('193', '查看', '', '84', '0', '3', '0,87,84,', '查看', 'sys:advposition:view', '0'), ('194', '修改', '', '84', '0', '3', '0,87,84,', '修改', 'sys:advposition:edit', '0'), ('195', '查看', '', '85', '0', '3', '0,87,85,', '查看', 'sys:promotion:view', '0'), ('196', '修改', '', '85', '0', '3', '0,87,85,', '修改', 'sys:promotion:edit', '0'), ('197', '查看', '', '86', '0', '3', '0,87,86,', '查看', 'sys:promotionclass:view', '0'), ('198', '修改', '', '86', '0', '3', '0,87,86,', '修改', 'sys:promotionclass:edit', '0'), ('199', '查看', '', '104', '0', '3', '0,87,104,', '查看', 'sys:couponclass:view', '0'), ('200', '修改', '', '104', '0', '3', '0,87,104,', '修改', 'sys:couponclass:edit', '0'), ('201', '查看', '', '105', '0', '3', '0,87,105,', '查看', 'sys:coupon:view', '0'), ('202', '修改', '', '105', '0', '3', '0,87,105,', '修改', 'sys:coupon:edit', '0'), ('203', '查看', '', '106', '0', '3', '0,87,106,', '查看', 'sys:tag:view', '0'), ('204', '修改', '', '106', '0', '3', '0,87,106,', '修改', 'sys:tag:edit', '0'), ('205', '查看', '', '119', '0', '3', '0,87,119,', '查看', 'sys:settlement:view', '0'), ('206', '修改', '', '119', '0', '3', '0,87,119,', '修改', 'sys:settlement:edit', '0'), ('207', '查看', '', '113', '0', '3', '0,112,113,', '查看', 'sys:pointgoods:view', '0'), ('208', '修改', '', '113', '0', '3', '0,112,113,', '修改', 'sys:pointgoods:edit', '0'), ('209', '查看', '', '89', '0', '3', '0,88,89,', '查看', 'sys:platformgoods:view', '0'), ('210', '查看', '', '90', '0', '3', '0,88,90,', '查看', 'sys:platformgoods:view', '0'), ('211', '修改', '', '90', '0', '3', '0,88,90,', '修改', 'sys:platformgoods:edit', '0'), ('212', '查看', '', '92', '0', '3', '0,88,92,', '查看', 'sys:platformclass:view', '0'), ('213', '修改', '', '92', '0', '3', '0,88,92,', '修改', 'sys:platformclass:edit', '0'), ('214', '修改', '', '93', '0', '3', '0,88,93,', '修改', 'sys:platformdeliver:edit', '0'), ('215', '查看', '', '94', '0', '3', '0,88,94,', '查看', 'sys:platformdeliversetting:view', '0'), ('216', '查看', '', '95', '0', '3', '0,88,95,', '查看', 'sys:platformtransport:view', '0'), ('217', '修改', '', '95', '0', '3', '0,88,95,', '修改', 'sys:platformtransport:edit', '0'), ('218', '查看', '', '96', '0', '3', '0,88,96,', '查看', 'sys:platformevaluation:view', '0'), ('219', '修改', '', '96', '0', '3', '0,88,96,', '修改', 'sys:platformevaluation:edit', '0'), ('220', '查看', '', '97', '0', '3', '0,88,97,', '查看', 'sys:platformconsult:view', '0'), ('221', '修改', '', '97', '0', '3', '0,88,97,', '修改', 'sys:platformconsult:edit', '0'), ('222', '查看', '', '98', '0', '3', '0,88,98,', '查看', 'sys:platformrefund:view', '0'), ('223', '修改', '', '98', '0', '3', '0,88,98,', '修改', 'sys:platformrefund:edit', '0'), ('224', '查看', '', '99', '0', '3', '0,88,99,', '查看', 'sys:platformreturngoods:view', '0'), ('225', '修改', '', '99', '0', '3', '0,88,99,', '修改', 'sys:platformreturngoods:edit', '0'), ('226', '查看', '', '100', '0', '3', '0,88,100,', '查看', 'sys:platformflow:view', '0'), ('227', '修改', '', '100', '0', '3', '0,88,100,', '修改', 'sys:platformflow:edit', '0'), ('228', '查看', '', '121', '0', '3', '0,88,121,', '查看', 'sys:platformcoupon:view', '0'), ('229', '修改', '', '121', '0', '3', '0,88,121,', '修改', 'sys:platformcoupon:edit', '0'), ('230', '查看', '', '93', '0', '3', '0,88,93,', '', 'sys:platformdeliver:view', '1'), ('231', '修改', '', '94', '0', '3', '0,88,94,', '', 'sys:platformdeliversetting:edit', '1');
COMMIT;

-- ----------------------------
--  Table structure for `shop_message`
-- ----------------------------
DROP TABLE IF EXISTS `shop_message`;
CREATE TABLE `shop_message` (
  `message_id` int(11) NOT NULL AUTO_INCREMENT COMMENT '短消息索引id',
  `message_parent_id` int(11) NOT NULL COMMENT '回复短消息message_id',
  `from_member_id` int(11) NOT NULL COMMENT '短消息发送人',
  `to_member_id` varchar(1000) NOT NULL COMMENT '短消息接收人',
  `message_title` varchar(50) DEFAULT NULL COMMENT '短消息标题',
  `message_body` varchar(255) NOT NULL COMMENT '短消息内容',
  `message_time` bigint(13) DEFAULT NULL COMMENT '短消息发送时间',
  `update_time` bigint(13) DEFAULT NULL COMMENT '短消息回复更新时间',
  `message_open` tinyint(1) NOT NULL DEFAULT '0' COMMENT '短消息打开状态',
  `message_state` tinyint(1) NOT NULL DEFAULT '0' COMMENT '短消息状态，0为正常状态，1为发送人删除状态，2为接收人删除状态',
  `message_type` tinyint(1) NOT NULL DEFAULT '0' COMMENT '0为私信、1为系统消息、2为留言',
  `read_member_id` varchar(1000) DEFAULT NULL COMMENT '已经读过该消息的会员id',
  `del_member_id` varchar(1000) DEFAULT NULL COMMENT '已经删除该消息的会员id',
  `message_ismore` tinyint(1) NOT NULL DEFAULT '0' COMMENT '站内信是否为一条发给多个用户 0为否 1为多条 ',
  `from_member_name` varchar(100) DEFAULT NULL COMMENT '发信息人用户名',
  `to_member_name` varchar(100) DEFAULT NULL COMMENT '接收人用户名',
  PRIMARY KEY (`message_id`),
  KEY `from_member_id` (`from_member_id`) USING BTREE,
  KEY `to_member_id` (`to_member_id`(255)) USING BTREE,
  KEY `message_ismore` (`message_ismore`) USING BTREE
) ENGINE=InnoDB DEFAULT CHARSET=utf8 COMMENT='短消息';

-- ----------------------------
--  Table structure for `shop_navigation`
-- ----------------------------
DROP TABLE IF EXISTS `shop_navigation`;
CREATE TABLE `shop_navigation` (
  `nav_id` int(11) NOT NULL AUTO_INCREMENT COMMENT '索引ID',
  `nav_type` tinyint(1) NOT NULL DEFAULT '0' COMMENT '类别，0自定义导航，1商品分类，2文章导航，3活动导航，默认为0',
  `nav_title` varchar(100) DEFAULT NULL COMMENT '导航标题',
  `nav_url` varchar(255) DEFAULT NULL COMMENT '导航链接',
  `nav_location` tinyint(1) NOT NULL DEFAULT '0' COMMENT '导航位置，0头部，1中部，2底部，默认为0',
  `nav_new_open` tinyint(1) unsigned zerofill NOT NULL DEFAULT '0' COMMENT '是否以新窗口打开，0为否，1为是，默认为0',
  `nav_sort` tinyint(3) unsigned NOT NULL DEFAULT '255' COMMENT '排序',
  `item_id` int(10) unsigned NOT NULL DEFAULT '0' COMMENT '类别ID，对应着nav_type中的内容，默认为0',
  `is_del` tinyint(1) DEFAULT NULL,
  `create_time` bigint(13) DEFAULT NULL COMMENT '创建时间',
  `update_time` bigint(13) DEFAULT NULL COMMENT '修改时间',
  PRIMARY KEY (`nav_id`)
) ENGINE=InnoDB AUTO_INCREMENT=11 DEFAULT CHARSET=utf8 COMMENT='页面导航表';

-- ----------------------------
--  Records of `shop_navigation`
-- ----------------------------
BEGIN;
INSERT INTO `shop_navigation` VALUES ('1', '2', 'test', '', '1', '0', '3', '1', '1', '20150914112515', '20150914112516'), ('2', '2', 'test1', null, '1', '0', '20', '21', '1', '20150914112515', '20150914112516'), ('3', '0', '首页', 'http://b2b2c.leimingtech.com/leimingtech-front/', '2', '1', '255', '0', '0', '20150914112515', '20150914112516'), ('4', '0', '招聘英才', '', '2', '1', '1', '0', '0', '20150914112515', '20151005150503'), ('5', '0', '广告合作', '', '2', '1', '0', '0', '0', '20150914112515', '20151007105926'), ('6', '0', '联系我们', 'http://b2b2c.leimingtech.com/leimingtech-front/help/content?acId=7&articleId=38', '2', '1', '255', '0', '0', '20150914112515', '20150914112516'), ('7', '0', '关于我们', 'http://b2b2c.leimingtech.com/leimingtech-front/help/content?acId=7&articleId=33', '2', '1', '255', '0', '0', '20150914112515', '20151007110251'), ('8', '0', 'test', 'http://www.baidu.com', '1', '1', '255', '0', '1', '20150914112515', '20150914112516'), ('9', '0', '222', 'http://222', '1', '1', '255', '0', '1', '20150914112515', '20150914112516'), ('10', '0', '测试链接地址', 'http://www.baidu.com', '1', '1', '255', '0', '0', '20151010111658', '20151010111658');
COMMIT;

-- ----------------------------
--  Table structure for `shop_offpay_area`
-- ----------------------------
DROP TABLE IF EXISTS `shop_offpay_area`;
CREATE TABLE `shop_offpay_area` (
  `store_id` int(8) NOT NULL COMMENT '商家ID',
  `area_id` text COMMENT '县ID组合',
  `is_del` tinyint(1) DEFAULT NULL,
  `create_time` bigint(13) DEFAULT NULL COMMENT '创建时间',
  `update_time` bigint(13) DEFAULT NULL COMMENT '修改时间'
) ENGINE=InnoDB DEFAULT CHARSET=utf8 COMMENT='货到付款支持地区表';

-- ----------------------------
--  Records of `shop_offpay_area`
-- ----------------------------
BEGIN;
INSERT INTO `shop_offpay_area` VALUES ('1', '37,38,41,42,43,44,45,46,47,48,49,50,51,52,53,54,566,143,144,145,146,147,148,149,150,151,152,153,154,155,156,157,158,159,160,161,55,56,57,58,59,60,61,64,65,66,67,68,69,70,71,72,345,346,347,348,349,350,351,352,353,354,355,356,357,358,359,360,361,362,363,364,365,366,367,368,369,370,371,372,373,374,375,376,377,378,379,380,381,382,383,384,1126,1127,1128,1129,1130,1131,1132,1133,1134,1135,1136,1137,1138,1139,1140,1141,1142,1143,1144,1145,1146,1147,1148,1149,1150,1151,1152,1153,1154,1155,1156,1159,1160,1298,1299,1300,1301,1302,1303,1304,1305,1306,1307,1519,1520,1521,1522,1523,1524,1525,1526,1527,1528,1529,1530,1531,1619,1620,1621,1622,1623,1624,1625,1626,1627,1628,1679,2027,2134,2224,2329,2414,2513,2523,2653,2812,2914,3036,3159,3268,4209,4390,4478,4479,4480,4481,4482,4483,4484,4485,4486,4487,4488,4489,4490,4491,4593,4666,4773,4860,4906', '0', '20150914112516', '20150914112516');
COMMIT;

-- ----------------------------
--  Table structure for `shop_order`
-- ----------------------------
DROP TABLE IF EXISTS `shop_order`;
CREATE TABLE `shop_order` (
  `order_id` int(11) NOT NULL AUTO_INCREMENT COMMENT '订单索引id',
  `order_sn` varchar(100) DEFAULT NULL COMMENT '订单编号',
  `store_id` int(11) NOT NULL COMMENT '卖家店铺id',
  `store_name` varchar(50) NOT NULL COMMENT '卖家店铺名称',
  `buyer_id` int(11) NOT NULL COMMENT '买家id',
  `buyer_name` varchar(50) NOT NULL COMMENT '买家姓名',
  `buyer_email` varchar(100) DEFAULT NULL COMMENT '买家电子邮箱',
  `create_time` bigint(13) DEFAULT NULL COMMENT '订单生成时间',
  `order_type` tinyint(1) NOT NULL DEFAULT '0' COMMENT '订单类型 0.普通 1.团购',
  `payment_id` int(11) NOT NULL COMMENT '支付方式id',
  `payment_name` varchar(50) NOT NULL COMMENT '支付方式名称',
  `payment_code` varchar(50) NOT NULL COMMENT '支付方式名称代码',
  `payment_branch` varchar(20) DEFAULT NULL COMMENT '支付分支',
  `payment_direct` char(1) DEFAULT '1' COMMENT '支付类型:1是即时到帐,2是担保交易',
  `payment_state` tinyint(1) DEFAULT '0' COMMENT '付款状态:0:未付款;1:已付款',
  `out_sn` varchar(100) DEFAULT NULL COMMENT '订单编号，外部支付时使用，有些外部支付系统要求特定的订单编号',
  `trade_sn` varchar(50) DEFAULT NULL COMMENT '交易流水号',
  `payment_time` bigint(13) DEFAULT NULL COMMENT '支付(付款)时间',
  `pay_message` text COMMENT '支付留言',
  `shipping_time` bigint(13) DEFAULT NULL COMMENT '配送时间',
  `shipping_express_id` tinyint(1) NOT NULL DEFAULT '0' COMMENT '配送公司ID',
  `shipping_code` varchar(50) DEFAULT '' COMMENT '物流单号',
  `out_payment_code` varchar(255) DEFAULT NULL COMMENT '外部交易平台单独使用的标识字符串',
  `finnshed_time` bigint(13) DEFAULT NULL COMMENT '订单完成时间',
  `invoice` varchar(100) DEFAULT NULL COMMENT '发票信息',
  `goods_amount` decimal(10,2) NOT NULL COMMENT '商品总价格',
  `discount` decimal(10,2) DEFAULT NULL COMMENT '优惠总金额',
  `order_amount` decimal(10,2) DEFAULT NULL COMMENT '订单应付金额',
  `order_total_price` decimal(10,2) DEFAULT NULL COMMENT '订单总价格',
  `shipping_fee` decimal(10,2) DEFAULT NULL COMMENT '运费价格',
  `shipping_name` varchar(10) DEFAULT '' COMMENT '配送方式',
  `evaluation_status` tinyint(1) DEFAULT '0' COMMENT '评价状态 0为评价，1已评价',
  `evaluation_time` bigint(13) DEFAULT NULL COMMENT '评价时间',
  `evalseller_status` tinyint(1) NOT NULL DEFAULT '0' COMMENT '卖家是否已评价买家',
  `evalseller_time` bigint(13) DEFAULT NULL COMMENT '卖家评价买家的时间',
  `order_message` varchar(300) DEFAULT NULL COMMENT '订单留言',
  `order_state` int(11) NOT NULL DEFAULT '10' COMMENT '订单状态：0:已取消;10:待付款;20:待发货;30:待收货;40:交易完成;50:已提交;60:已确认;',
  `order_pointscount` int(11) NOT NULL DEFAULT '0' COMMENT '订单赠送积分',
  `voucher_id` int(11) DEFAULT NULL COMMENT '代金券id',
  `voucher_price` decimal(11,2) DEFAULT NULL COMMENT '代金券面额',
  `voucher_code` varchar(32) DEFAULT NULL COMMENT '代金券编码',
  `refund_state` tinyint(1) unsigned DEFAULT '0' COMMENT '退款状态:0是无退款,1是部分退款,2是全部退款',
  `return_state` tinyint(1) unsigned DEFAULT '0' COMMENT '退货状态:0是无退货,1是部分退货,2是全部退货',
  `refund_amount` decimal(10,2) DEFAULT '0.00' COMMENT '退款金额',
  `return_num` int(10) unsigned DEFAULT '0' COMMENT '退货数量',
  `group_id` int(10) unsigned DEFAULT '0' COMMENT '团购编号(非团购订单为0)',
  `group_count` int(10) unsigned DEFAULT '0' COMMENT '团购数量',
  `xianshi_id` int(10) unsigned DEFAULT '0' COMMENT ' 限时折扣编号',
  `xianshi_explain` varchar(100) DEFAULT '' COMMENT '限时折扣说明',
  `mansong_id` int(10) unsigned DEFAULT '0' COMMENT '满就送编号',
  `mansong_explain` varchar(200) DEFAULT '' COMMENT '满就送说明',
  `bundling_id` int(10) DEFAULT NULL COMMENT '搭配套餐id',
  `bundling_explain` varchar(100) DEFAULT NULL COMMENT '搭配套餐说明',
  `order_from` enum('1','2') DEFAULT '1' COMMENT '1PC2手机端',
  `deliver_explain` text COMMENT '发货备注',
  `daddress_id` mediumint(9) NOT NULL COMMENT '发货地址ID',
  `address_id` int(11) NOT NULL COMMENT '收货地址id',
  `pay_id` int(11) NOT NULL COMMENT '订单支付表id',
  `pay_sn` varchar(50) DEFAULT NULL COMMENT '订单支付表编号',
  `balance_state` tinyint(1) DEFAULT '0' COMMENT '结算状态:0,未结算,1已结算',
  `balance_time` bigint(13) DEFAULT NULL COMMENT '结算时间',
  `shipping_express_code` varchar(50) DEFAULT '' COMMENT '配送公司编号',
  `predeposit_amount` decimal(10,2) NOT NULL COMMENT '余额支付金额',
  `cancel_cause` varchar(50) DEFAULT NULL COMMENT '订单取消原因',
  `coupon_id` int(11) DEFAULT NULL COMMENT '优惠券id',
  `coupon_price` decimal(10,2) DEFAULT NULL COMMENT '优惠券金额',
  `promo_price` decimal(10,2) DEFAULT NULL COMMENT '促销金额',
  `lock_state` tinyint(1) DEFAULT '0' COMMENT '锁定状态:0是正常,大于0是锁定,默认是0',
  PRIMARY KEY (`order_id`)
) ENGINE=InnoDB AUTO_INCREMENT=453 DEFAULT CHARSET=utf8 COMMENT='订单表';

-- ----------------------------
--  Records of `shop_order`
-- ----------------------------
BEGIN;
INSERT INTO `shop_order` VALUES ('443', '20151026180743242', '9', '京川牦牛', '7', 'gyh98', 'gyh@98.com', '1445854063243', '0', '1', '在线支付', '1', null, '1', '1', null, null, '1445854227812', null, '1445854377232', '0', '', null, null, '普通发票&nbsp;&nbsp;个人&nbsp;&nbsp;不开发票', '158.00', null, '158.00', '158.00', '0.00', '', '0', null, '0', null, null, '30', '0', null, null, null, '0', '0', '0.00', '1', '0', '0', '0', '', '0', '', null, null, '1', null, '0', '30', '472', 'P20151026180742824', '0', null, '', '0.00', null, null, null, null, '0'), ('444', '20151026181453993', '9', '京川牦牛', '7', 'gyh98', 'gyh@98.com', '1445854493993', '0', '1', '在线支付', '1', null, '1', '1', null, null, '1445854227812', null, '1445854529596', '0', '', null, null, '普通发票&nbsp;&nbsp;个人&nbsp;&nbsp;不开发票', '158.00', null, '158.00', '158.00', '0.00', '', '0', null, '0', null, null, '30', '0', null, null, null, '0', '2', '0.00', '2', '0', '0', '0', '', '0', '', null, null, '1', null, '0', '31', '473', 'P20151026181453968', '0', null, '', '0.00', null, null, null, null, '1'), ('445', '20151026181700821', '9', '京川牦牛', '7', 'gyh98', 'gyh@98.com', '1445854620821', '0', '1', '在线支付', '1', null, '1', '1', null, null, '1445854227812', null, '1445855152199', '0', '', null, null, '普通发票&nbsp;&nbsp;个人&nbsp;&nbsp;不开发票', '158.00', null, '158.00', '158.00', '0.00', '', '0', null, '0', null, null, '30', '0', null, null, null, '0', '0', '0.00', '2', '0', '0', '0', '', '0', '', null, null, '1', '撒的撒', '28', '32', '474', 'P20151026181700798', '0', null, '', '0.00', null, null, null, null, '1'), ('446', '20151026182950328', '9', '京川牦牛', '7', 'gyh98', 'gyh@98.com', '1445855390328', '0', '1', '在线支付', '1', null, '1', '1', null, null, '1445854227812', null, null, '0', '', null, null, '普通发票&nbsp;&nbsp;个人&nbsp;&nbsp;不开发票', '158.00', null, '158.00', '158.00', '0.00', '', '0', null, '0', null, null, '20', '0', null, null, null, '0', '0', '0.00', '0', '0', '0', '0', '', '0', '', null, null, '1', null, '0', '33', '475', 'P20151026182950304', '0', null, '', '0.00', null, null, null, null, '0'), ('447', '20151027144021835', '9', '京川牦牛', '7', 'gyh98', 'gyh@98.com', '1445928021835', '0', '1', '在线支付', '1', null, '1', '1', null, null, '1445928165588', null, '1445928228286', '0', '', null, null, '普通发票&nbsp;&nbsp;个人&nbsp;&nbsp;不开发票', '158.00', null, '158.00', '158.00', '0.00', '', '0', null, '0', null, null, '30', '0', null, null, null, '0', '0', '0.00', '1', '0', '0', '0', '', '0', '', null, null, '1', '的撒大大', '29', '34', '476', 'P20151027144021596', '0', null, '', '0.00', null, null, null, null, '1'), ('448', '20151029114736305', '10', '西域驼铃', '5', 'gyh99', 'gyh@11.com', '1446090456305', '0', '2', '货到付款', '2', null, '1', '0', null, null, null, null, null, '0', '', null, null, '普通发票&nbsp;&nbsp;个人&nbsp;&nbsp;不开发票', '2433.00', null, '1956.40', '2443.00', '10.00', '', '0', null, '0', null, null, '50', '0', null, null, null, '0', '0', '0.00', '0', '0', '0', '0', '', '0', '', null, null, '1', null, '0', '35', '477', 'P20151029114735814', '0', null, '', '0.00', null, null, null, null, '0'), ('449', '20151030122014337', '9', '京川牦牛', '7', 'gyh98', 'gyh@98.com', '1446178814337', '0', '1', '在线支付', '1', null, '1', '0', null, null, null, null, null, '0', '', null, null, '普通发票&nbsp;&nbsp;个人&nbsp;&nbsp;不开发票', '316.00', '0.00', '316.00', '316.00', '0.00', '', '0', null, '0', null, null, '10', '0', null, null, null, '0', '0', '0.00', '0', '0', '0', '0', '', '0', '', null, null, '1', null, '0', '37', '479', 'P20151030122013903', '0', null, '', '0.00', null, null, '0.00', '0.00', '0'), ('450', '20151121131532764', '10', '西域驼铃', '5', 'gyh99', 'gyh@11.com', '1448082932764', '0', '1', '在线支付', '1', null, '1', '0', null, null, null, null, null, '0', '', null, null, '普通发票&nbsp;&nbsp;个人&nbsp;&nbsp;不开发票', '2433.00', '486.60', '1956.40', '2443.00', '10.00', '', '0', null, '0', null, null, '10', '0', null, null, null, '0', '0', '0.00', '0', '0', '0', '0', '', '0', '', null, null, '1', null, '0', '40', '482', 'P20151121131532614', '0', null, '', '0.00', null, null, '0.00', '486.60', '0'), ('451', '20151121131713829', '9', '京川牦牛', '7', 'gyh98', 'gyh@98.com', '1448083033829', '0', '1', '在线支付', '1', null, '1', '0', null, null, null, null, null, '0', '', null, null, '普通发票&nbsp;&nbsp;个人&nbsp;&nbsp;不开发票', '158.00', '0.00', '158.00', '158.00', '0.00', '', '0', null, '0', null, null, '10', '0', null, null, null, '0', '0', '0.00', '0', '0', '0', '0', '', '0', '', null, null, '1', null, '0', '41', '483', 'P20151121131713819', '0', null, '', '0.00', null, null, '0.00', '0.00', '0'), ('452', '20151121131806547', '9', '京川牦牛', '7', 'gyh98', 'gyh@98.com', '1448083086547', '0', '1', '在线支付', '1', null, '1', '0', null, null, null, null, null, '0', '', null, null, '普通发票&nbsp;&nbsp;个人&nbsp;&nbsp;不开发票', '188.00', '0.00', '188.00', '188.00', '0.00', '', '0', null, '0', null, null, '10', '0', null, null, null, '0', '0', '0.00', '0', '0', '0', '0', '', '0', '', null, null, '1', null, '0', '42', '484', 'P20151121131806537', '0', null, '', '0.00', null, null, '0.00', '0.00', '0');
COMMIT;

-- ----------------------------
--  Table structure for `shop_order_address`
-- ----------------------------
DROP TABLE IF EXISTS `shop_order_address`;
CREATE TABLE `shop_order_address` (
  `address_id` mediumint(10) unsigned NOT NULL AUTO_INCREMENT COMMENT '地址ID',
  `member_id` mediumint(10) unsigned NOT NULL DEFAULT '0' COMMENT '会员ID',
  `true_name` varchar(50) NOT NULL COMMENT '会员姓名',
  `area_id` mediumint(10) unsigned NOT NULL DEFAULT '0' COMMENT '地区ID',
  `city_id` mediumint(9) DEFAULT NULL COMMENT '市级ID',
  `area_info` varchar(255) NOT NULL DEFAULT '' COMMENT '地区内容',
  `address` varchar(255) NOT NULL COMMENT '地址',
  `tel_phone` varchar(20) DEFAULT NULL COMMENT '座机电话',
  `mob_phone` varchar(15) DEFAULT NULL COMMENT '手机电话',
  `is_default` enum('0','1') NOT NULL DEFAULT '0' COMMENT '1默认收货地址',
  `province_id` mediumint(10) DEFAULT '0' COMMENT '省级id',
  `zip_code` int(50) DEFAULT NULL COMMENT '邮编',
  PRIMARY KEY (`address_id`),
  KEY `member_id` (`member_id`) USING BTREE
) ENGINE=InnoDB AUTO_INCREMENT=43 DEFAULT CHARSET=utf8 COMMENT='订单地址信息表';

-- ----------------------------
--  Records of `shop_order_address`
-- ----------------------------
BEGIN;
INSERT INTO `shop_order_address` VALUES ('30', '7', '刘鱼凯', '38', '36', '北京,北京市,西城区', '南锣鼓巷八大胡同113号', '12342342424', '13562345564', '0', '1', '11122'), ('31', '7', '刘鱼凯', '38', '36', '北京,北京市,西城区', '南锣鼓巷八大胡同113号', '12342342424', '13562345564', '0', '1', '11122'), ('32', '7', '刘鱼凯', '38', '36', '北京,北京市,西城区', '南锣鼓巷八大胡同113号', '12342342424', '13562345564', '0', '1', '11122'), ('33', '7', '刘鱼凯', '38', '36', '北京,北京市,西城区', '南锣鼓巷八大胡同113号', '12342342424', '13562345564', '0', '1', '11122'), ('34', '7', '刘鱼凯', '38', '36', '北京,北京市,西城区', '南锣鼓巷八大胡同113号', '12342342424', '13562345564', '0', '1', '11122'), ('35', '5', '阿爸', '2528', '224', '山东省,青岛市,市南区', '海水浴场', '88888888', '13500000000', '1', '15', '500006'), ('36', '7', '刘鱼凯', '38', '36', '北京,北京市,西城区', '南锣鼓巷八大胡同113号', '12342342424', '13562345564', '0', '1', '11122'), ('37', '7', '刘鱼凯', '38', '36', '北京,北京市,西城区', '南锣鼓巷八大胡同113号', '12342342424', '13562345564', '0', '1', '11122'), ('38', '7', '刘鱼凯', '38', '36', '北京,北京市,西城区', '南锣鼓巷八大胡同113号', '12342342424', '13562345564', '0', '1', '11122'), ('39', '7', '刘鱼凯', '38', '36', '北京,北京市,西城区', '南锣鼓巷八大胡同113号', '12342342424', '13562345564', '0', '1', '11122'), ('40', '5', '阿爸', '2528', '224', '山东省,青岛市,市南区', '海水浴场', '88888888', '13500000000', '1', '15', '500006'), ('41', '7', '管庆芳', '41', '36', '北京,北京市,朝阳区', '尚都SOHO南塔803', '', '18311340545', '0', '1', '10000'), ('42', '7', '刘鱼凯', '38', '36', '北京,北京市,西城区', '南锣鼓巷八大胡同113号', '12342342424', '13562345564', '0', '1', '11122');
COMMIT;

-- ----------------------------
--  Table structure for `shop_order_bill`
-- ----------------------------
DROP TABLE IF EXISTS `shop_order_bill`;
CREATE TABLE `shop_order_bill` (
  `ob_no` int(11) NOT NULL AUTO_INCREMENT COMMENT '结算单编号(年月店铺ID)',
  `ob_start_date` int(11) NOT NULL COMMENT '开始日期',
  `ob_end_date` int(11) NOT NULL COMMENT '结束日期',
  `ob_order_totals` decimal(10,2) NOT NULL DEFAULT '0.00' COMMENT '订单金额',
  `ob_shipping_totals` decimal(10,2) NOT NULL DEFAULT '0.00' COMMENT '运费',
  `ob_order_return_totals` decimal(10,2) NOT NULL DEFAULT '0.00' COMMENT '退单金额',
  `ob_commis_totals` decimal(10,2) NOT NULL DEFAULT '0.00' COMMENT '佣金金额',
  `ob_commis_return_totals` decimal(10,2) NOT NULL DEFAULT '0.00' COMMENT '退还佣金',
  `ob_store_cost_totals` decimal(10,2) NOT NULL DEFAULT '0.00' COMMENT '店铺促销活动费用',
  `ob_result_totals` decimal(10,2) NOT NULL DEFAULT '0.00' COMMENT '应结金额',
  `create_time` int(11) DEFAULT '0' COMMENT '生成结算单日期',
  `os_month` mediumint(6) unsigned NOT NULL COMMENT '结算单年月份',
  `ob_state` enum('1','2','3','4') DEFAULT '1' COMMENT '1默认2店家已确认3平台已审核4结算完成',
  `ob_pay_date` int(11) DEFAULT '0' COMMENT '付款日期',
  `ob_pay_content` varchar(200) DEFAULT '' COMMENT '支付备注',
  `ob_store_id` int(11) NOT NULL COMMENT '店铺ID',
  `ob_store_name` varchar(50) DEFAULT NULL COMMENT '店铺名',
  PRIMARY KEY (`ob_no`)
) ENGINE=InnoDB DEFAULT CHARSET=utf8 COMMENT='结算表';

-- ----------------------------
--  Table structure for `shop_order_common`
-- ----------------------------
DROP TABLE IF EXISTS `shop_order_common`;
CREATE TABLE `shop_order_common` (
  `order_id` int(11) NOT NULL AUTO_INCREMENT COMMENT '订单索引id',
  `store_id` int(10) unsigned NOT NULL COMMENT '店铺ID',
  `shipping_express_id` tinyint(1) NOT NULL DEFAULT '0' COMMENT '配送公司ID',
  `evalseller_state` enum('0','1') NOT NULL DEFAULT '0' COMMENT '卖家是否已评价买家',
  `order_message` varchar(300) DEFAULT NULL COMMENT '订单留言',
  `order_pointscount` int(11) NOT NULL DEFAULT '0' COMMENT '订单赠送积分',
  `voucher_price` decimal(11,0) DEFAULT NULL COMMENT '代金券面额',
  `voucher_code` varchar(32) DEFAULT NULL COMMENT '代金券编码',
  `deliver_explain` varchar(255) DEFAULT NULL COMMENT '发货备注',
  `daddress_id` mediumint(9) NOT NULL DEFAULT '0' COMMENT '发货地址ID',
  `reciver_name` varchar(50) NOT NULL COMMENT '收货人姓名',
  `reciver_info` varchar(500) NOT NULL COMMENT '收货人其它信息',
  `reciver_province_id` mediumint(8) unsigned NOT NULL DEFAULT '0' COMMENT '收货人省级ID',
  `invoice_info` varchar(500) DEFAULT '' COMMENT '发票信息',
  `promotion_info` varchar(500) DEFAULT '' COMMENT '促销信息备注',
  `shipping_time` bigint(13) DEFAULT NULL COMMENT '配送时间',
  `evaluation_time` bigint(13) DEFAULT NULL COMMENT '评价时间',
  `evalseller_time` bigint(13) DEFAULT NULL COMMENT '卖家评价买家的时间',
  PRIMARY KEY (`order_id`)
) ENGINE=InnoDB DEFAULT CHARSET=utf8 COMMENT='订单信息扩展表';

-- ----------------------------
--  Table structure for `shop_order_daddress`
-- ----------------------------
DROP TABLE IF EXISTS `shop_order_daddress`;
CREATE TABLE `shop_order_daddress` (
  `address_id` mediumint(10) unsigned NOT NULL AUTO_INCREMENT COMMENT '地址ID',
  `store_id` mediumint(10) unsigned NOT NULL DEFAULT '0' COMMENT '店铺ID',
  `seller_name` varchar(50) NOT NULL DEFAULT '' COMMENT '联系人',
  `area_id` mediumint(10) unsigned NOT NULL COMMENT '地区ID',
  `city_id` mediumint(9) DEFAULT NULL COMMENT '市级ID',
  `area_info` varchar(255) NOT NULL COMMENT '地区内容',
  `address` varchar(255) NOT NULL COMMENT '地址',
  `zip_code` int(50) DEFAULT NULL COMMENT '邮编',
  `tel_phone` varchar(20) DEFAULT NULL COMMENT '座机电话',
  `mob_phone` varchar(15) DEFAULT NULL COMMENT '手机电话',
  `company` varchar(255) NOT NULL COMMENT '公司',
  `content` text COMMENT '备注',
  `is_default` enum('0','1') NOT NULL DEFAULT '0' COMMENT '是否默认1是',
  `province_id` mediumint(10) DEFAULT NULL COMMENT '省级id',
  `order_id` varchar(255) DEFAULT NULL COMMENT '订单id',
  PRIMARY KEY (`address_id`)
) ENGINE=InnoDB AUTO_INCREMENT=30 DEFAULT CHARSET=utf8 COMMENT='订单发货地址信息表';

-- ----------------------------
--  Records of `shop_order_daddress`
-- ----------------------------
BEGIN;
INSERT INTO `shop_order_daddress` VALUES ('28', '9', '李四', '38', '36', '北京,北京市,西城区', '撒的撒的撒', '213123', '1213213321', '12343212312', '萨达', '撒打爱上', '1', '1', '445'), ('29', '9', '李四', '38', '36', '北京,北京市,西城区', '撒的撒的撒', '213123', '1213213321', '12343212312', '萨达', '撒打爱上', '1', '1', '447');
COMMIT;

-- ----------------------------
--  Table structure for `shop_order_goods`
-- ----------------------------
DROP TABLE IF EXISTS `shop_order_goods`;
CREATE TABLE `shop_order_goods` (
  `rec_id` int(11) NOT NULL AUTO_INCREMENT COMMENT '订单商品表索引id',
  `order_id` int(11) NOT NULL COMMENT '订单id',
  `goods_id` int(11) NOT NULL COMMENT '商品id',
  `goods_name` varchar(100) NOT NULL COMMENT '商品名称',
  `spec_id` int(11) NOT NULL COMMENT '规格id',
  `spec_info` varchar(255) DEFAULT NULL COMMENT '规格描述',
  `goods_price` decimal(10,2) NOT NULL COMMENT '商品价格',
  `goods_num` smallint(5) unsigned NOT NULL DEFAULT '1' COMMENT '商品数量',
  `goods_image` varchar(100) DEFAULT NULL COMMENT '商品图片',
  `goods_returnnum` smallint(5) unsigned DEFAULT '0' COMMENT '退货数量',
  `stores_id` mediumint(9) NOT NULL DEFAULT '0' COMMENT '店铺ID',
  `evaluation_status` tinyint(1) DEFAULT '0' COMMENT '评价状态 0为评价，1已评价',
  `evaluation_time` bigint(13) DEFAULT NULL COMMENT '评价时间',
  `goods_pay_price` decimal(10,2) DEFAULT NULL COMMENT '商品实际成交价',
  `buyer_id` int(11) DEFAULT NULL COMMENT '买家ID',
  PRIMARY KEY (`rec_id`),
  KEY `order_id` (`order_id`) USING BTREE
) ENGINE=InnoDB AUTO_INCREMENT=482 DEFAULT CHARSET=utf8 COMMENT='订单商品表';

-- ----------------------------
--  Records of `shop_order_goods`
-- ----------------------------
BEGIN;
INSERT INTO `shop_order_goods` VALUES ('473', '443', '34', ' 百年纪念高跟鞋', '150', '颜色:白色&nbsp;尺码:37&nbsp;', '158.00', '1', '/upload/img/store/9/1439366644808.jpg', '0', '9', '0', null, null, '7'), ('474', '444', '34', ' 百年纪念高跟鞋', '150', '颜色:白色&nbsp;尺码:37&nbsp;', '158.00', '1', '/upload/img/store/9/1439366644808.jpg', '1', '9', '0', null, null, '7'), ('475', '445', '34', ' 百年纪念高跟鞋', '150', '颜色:白色&nbsp;尺码:37&nbsp;', '158.00', '1', '/upload/img/store/9/1439366644808.jpg', '1', '9', '0', null, null, '7'), ('476', '446', '34', ' 百年纪念高跟鞋', '150', '颜色:白色&nbsp;尺码:37&nbsp;', '158.00', '1', '/upload/img/store/9/1439366644808.jpg', '0', '9', '0', null, null, '7'), ('477', '447', '34', ' 百年纪念高跟鞋', '150', '颜色:白色&nbsp;尺码:37&nbsp;', '158.00', '1', '/upload/img/store/9/1439366644808.jpg', '1', '9', '0', null, null, '7'), ('478', '449', '34', ' 百年纪念高跟鞋', '150', '颜色:白色&nbsp;尺码:37&nbsp;', '158.00', '2', '/upload/img/store/9/1439366644808.jpg', '0', '9', '0', null, null, '7'), ('479', '450', '81', '魅族6', '310', '颜色:红色&nbsp;屏幕尺寸:4.7&nbsp;版本:移动4G&nbsp;容量:32G&nbsp;', '2433.00', '1', '/upload/img/store/10/1444890605481.png', null, '10', '0', null, '1946.40', '5'), ('480', '451', '34', ' 百年纪念高跟鞋', '150', '颜色:白色&nbsp;尺码:37&nbsp;', '158.00', '1', '/upload/img/store/9/1439366644808.jpg', null, '9', '0', null, '158.00', '7'), ('481', '452', '38', '古灵鸟 2015新品高跟鞋欧美女鞋夏季粗跟单鞋厚底防水台 粉色 ', '163', '尺码:37&nbsp;颜色:黑色&nbsp;', '188.00', '1', '/upload/img/store/9/1439367810878.jpg', null, '9', '0', null, '188.00', '7');
COMMIT;

-- ----------------------------
--  Table structure for `shop_order_invoice`
-- ----------------------------
DROP TABLE IF EXISTS `shop_order_invoice`;
CREATE TABLE `shop_order_invoice` (
  `inv_id` int(11) NOT NULL AUTO_INCREMENT COMMENT '索引id',
  `member_id` int(10) unsigned NOT NULL COMMENT '会员ID',
  `order_id` int(10) unsigned NOT NULL COMMENT '订单ID',
  `inv_state` enum('1','2') DEFAULT NULL COMMENT '1普通发票2增值税发票',
  `inv_title` varchar(50) DEFAULT '' COMMENT '发票抬头[普通发票]',
  `inv_content` varchar(10) DEFAULT '' COMMENT '发票内容[普通发票]',
  `inv_company` varchar(50) DEFAULT '' COMMENT '单位名称',
  `inv_code` varchar(50) DEFAULT '' COMMENT '纳税人识别号',
  `inv_reg_addr` varchar(50) DEFAULT '' COMMENT '注册地址',
  `inv_reg_phone` varchar(30) DEFAULT '' COMMENT '注册电话',
  `inv_reg_bname` varchar(30) DEFAULT '' COMMENT '开户银行',
  `inv_reg_baccount` varchar(30) DEFAULT '' COMMENT '银行帐户',
  `inv_rec_name` varchar(20) DEFAULT '' COMMENT '收票人姓名',
  `inv_rec_mobphone` varchar(15) DEFAULT '' COMMENT '收票人手机号',
  `inv_rec_province` varchar(30) DEFAULT '' COMMENT '收票人省份',
  `inv_goto_addr` varchar(50) DEFAULT '' COMMENT '送票地址',
  `is_default` int(2) DEFAULT '0' COMMENT '是否是默认的',
  PRIMARY KEY (`inv_id`)
) ENGINE=InnoDB AUTO_INCREMENT=356 DEFAULT CHARSET=utf8 COMMENT='买家发票信息表';

-- ----------------------------
--  Records of `shop_order_invoice`
-- ----------------------------
BEGIN;
INSERT INTO `shop_order_invoice` VALUES ('347', '7', '443', '1', '个人', '1', '', '', '', '', '', '', '', '', '', '', '0'), ('348', '7', '444', '1', '个人', '1', '', '', '', '', '', '', '', '', '', '', '0'), ('349', '7', '445', '1', '个人', '1', '', '', '', '', '', '', '', '', '', '', '0'), ('350', '7', '446', '1', '个人', '1', '', '', '', '', '', '', '', '', '', '', '0'), ('351', '7', '447', '1', '个人', '1', '', '', '', '', '', '', '', '', '', '', '0'), ('352', '7', '449', '1', '个人', '1', '', '', '', '', '', '', '', '', '', '', '0'), ('353', '5', '450', '1', '个人', '1', '', '', '', '', '', '', '', '', '', '', '0'), ('354', '7', '451', '1', '个人', '1', '', '', '', '', '', '', '', '', '', '', '0'), ('355', '7', '452', '1', '个人', '1', '', '', '', '', '', '', '', '', '', '', '0');
COMMIT;

-- ----------------------------
--  Table structure for `shop_order_log`
-- ----------------------------
DROP TABLE IF EXISTS `shop_order_log`;
CREATE TABLE `shop_order_log` (
  `log_id` int(11) NOT NULL AUTO_INCREMENT COMMENT '订单处理历史索引id',
  `order_id` int(11) NOT NULL COMMENT '订单id',
  `order_state` varchar(20) NOT NULL COMMENT '订单状态信息',
  `change_state` varchar(20) NOT NULL COMMENT '下一步订单状态信息',
  `state_info` varchar(20) NOT NULL COMMENT '订单状态描述',
  `create_time` bigint(13) DEFAULT NULL COMMENT '处理时间',
  `operator` varchar(30) NOT NULL COMMENT '操作人',
  PRIMARY KEY (`log_id`)
) ENGINE=InnoDB AUTO_INCREMENT=736 DEFAULT CHARSET=utf8 COMMENT='订单处理历史表';

-- ----------------------------
--  Records of `shop_order_log`
-- ----------------------------
BEGIN;
INSERT INTO `shop_order_log` VALUES ('722', '443', '10', '20', '提交订单', '1445854064251', 'gyh98'), ('723', '443', '30', '40', '订单已发货', '1445854376269', '京川牦牛'), ('724', '443', '30', '40', '订单已发货', '1445854377239', '京川牦牛'), ('725', '444', '10', '20', '提交订单', '1445854494227', 'gyh98'), ('726', '444', '30', '40', '订单已发货', '1445854529600', '京川牦牛'), ('727', '445', '10', '20', '提交订单', '1445854621027', 'gyh98'), ('728', '445', '30', '40', '订单已发货', '1445855152385', '京川牦牛'), ('729', '446', '10', '20', '提交订单', '1445855390527', 'gyh98'), ('730', '447', '10', '20', '提交订单', '1445928022787', 'gyh98'), ('731', '447', '30', '40', '订单已发货', '1445928228508', '京川牦牛'), ('732', '449', '10', '20', '提交订单', '1446178815399', 'gyh98'), ('733', '450', '10', '20', '提交订单', '1448082932795', 'gyh99'), ('734', '451', '10', '20', '提交订单', '1448083033837', 'gyh98'), ('735', '452', '10', '20', '提交订单', '1448083086555', 'gyh98');
COMMIT;

-- ----------------------------
--  Table structure for `shop_order_pay`
-- ----------------------------
DROP TABLE IF EXISTS `shop_order_pay`;
CREATE TABLE `shop_order_pay` (
  `pay_id` int(10) unsigned NOT NULL AUTO_INCREMENT,
  `pay_sn` varchar(100) DEFAULT NULL COMMENT '支付单号',
  `buyer_id` int(10) unsigned NOT NULL COMMENT '买家ID',
  `api_pay_state` enum('0','1') DEFAULT '0' COMMENT '0默认未支付1已支付(只有第三方支付接口通知到时才会更改此状态)',
  PRIMARY KEY (`pay_id`)
) ENGINE=InnoDB AUTO_INCREMENT=485 DEFAULT CHARSET=utf8 COMMENT='订单支付表';

-- ----------------------------
--  Records of `shop_order_pay`
-- ----------------------------
BEGIN;
INSERT INTO `shop_order_pay` VALUES ('472', 'P20151026180742824', '7', '0'), ('473', 'P20151026181453968', '7', '0'), ('474', 'P20151026181700798', '7', '0'), ('475', 'P20151026182950304', '7', '0'), ('476', 'P20151027144021596', '7', '0'), ('477', 'P20151029114735814', '5', '0'), ('478', 'P20151030115355312', '7', '0'), ('479', 'P20151030122013903', '7', '0'), ('480', 'P20151105143153017216458', '7', '0'), ('481', 'P20151105143236377743538', '7', '0'), ('482', 'P20151121131532614', '5', '0'), ('483', 'P20151121131713819', '7', '0'), ('484', 'P20151121131806537', '7', '0');
COMMIT;

-- ----------------------------
--  Table structure for `shop_order_statis`
-- ----------------------------
DROP TABLE IF EXISTS `shop_order_statis`;
CREATE TABLE `shop_order_statis` (
  `os_month` mediumint(9) unsigned NOT NULL DEFAULT '0' COMMENT '统计编号(年月)',
  `os_year` smallint(6) DEFAULT '0' COMMENT '年',
  `os_start_date` bigint(13) DEFAULT NULL COMMENT '开始日期',
  `os_end_date` bigint(13) DEFAULT NULL COMMENT '结束日期',
  `os_order_totals` decimal(10,2) NOT NULL DEFAULT '0.00' COMMENT '订单金额',
  `os_shipping_totals` decimal(10,2) NOT NULL DEFAULT '0.00' COMMENT '运费',
  `os_order_return_totals` decimal(10,2) NOT NULL DEFAULT '0.00' COMMENT '退单金额',
  `os_commis_totals` decimal(10,2) NOT NULL DEFAULT '0.00' COMMENT '佣金金额',
  `os_commis_return_totals` decimal(10,2) NOT NULL DEFAULT '0.00' COMMENT '退还佣金',
  `os_store_cost_totals` decimal(10,2) NOT NULL DEFAULT '0.00' COMMENT '店铺促销活动费用',
  `os_result_totals` decimal(10,2) NOT NULL DEFAULT '0.00' COMMENT '本期应结',
  `os_create_date` bigint(13) DEFAULT NULL COMMENT '创建记录日期',
  `is_del` tinyint(4) DEFAULT '0' COMMENT '是否删除0:未删除;1:已删除',
  `create_time` bigint(13) DEFAULT NULL COMMENT '创建时间',
  `update_time` bigint(13) DEFAULT NULL COMMENT '修改时间',
  PRIMARY KEY (`os_month`),
  KEY `os_month` (`os_month`) USING BTREE
) ENGINE=InnoDB DEFAULT CHARSET=utf8 COMMENT='月销量统计表';

-- ----------------------------
--  Table structure for `shop_payment`
-- ----------------------------
DROP TABLE IF EXISTS `shop_payment`;
CREATE TABLE `shop_payment` (
  `payment_id` tinyint(1) unsigned NOT NULL AUTO_INCREMENT COMMENT '支付索引id',
  `payment_code` char(10) NOT NULL COMMENT '支付代码名称',
  `payment_name` char(10) NOT NULL COMMENT '支付名称',
  `payment_config` text COMMENT '支付接口配置信息',
  `payment_state` enum('0','1') DEFAULT NULL COMMENT '接口状态0禁用1启用',
  `is_del` tinyint(4) DEFAULT '0' COMMENT '是否删除0:未删除;1:已删除',
  `create_time` bigint(13) DEFAULT NULL COMMENT '创建时间',
  `update_time` bigint(13) DEFAULT NULL COMMENT '修改时间',
  `payment_logo` varchar(55) DEFAULT NULL COMMENT '支付方式logo',
  PRIMARY KEY (`payment_id`)
) ENGINE=InnoDB AUTO_INCREMENT=9 DEFAULT CHARSET=utf8 COMMENT='支付方式表';

-- ----------------------------
--  Records of `shop_payment`
-- ----------------------------
BEGIN;
INSERT INTO `shop_payment` VALUES ('4', 'HDFK', '货到付款', null, '0', '0', null, '1444436479768', null), ('5', 'ZFB', '支付宝', null, '1', '0', null, '1444485164972', '/upload/img/paymentlogo/1444315841296png'), ('6', 'CFT', '财付通', null, '0', '0', null, '1444315515341', ''), ('7', 'YL', '银联', null, '1', '0', null, null, '/upload/img/paymentlogo/1438941545519.jpg'), ('8', 'YCK', '预存款', null, '0', '0', null, '1444315523750', '');
COMMIT;

-- ----------------------------
--  Table structure for `shop_pd_cash`
-- ----------------------------
DROP TABLE IF EXISTS `shop_pd_cash`;
CREATE TABLE `shop_pd_cash` (
  `pdc_id` int(11) NOT NULL AUTO_INCREMENT COMMENT '自增编号',
  `pdc_sn` bigint(20) NOT NULL COMMENT '记录唯一标示',
  `pdc_member_id` int(11) NOT NULL COMMENT '会员编号',
  `pdc_member_name` varchar(50) NOT NULL COMMENT '会员名称',
  `pdc_amount` decimal(10,2) NOT NULL DEFAULT '0.00' COMMENT '金额',
  `pdc_bank_name` varchar(40) NOT NULL COMMENT '收款银行',
  `pdc_bank_no` varchar(30) DEFAULT NULL COMMENT '收款账号',
  `pdc_bank_user` varchar(10) DEFAULT NULL COMMENT '开户人姓名',
  `create_time` int(11) NOT NULL COMMENT '添加时间',
  `pdc_payment_time` int(11) DEFAULT NULL COMMENT '付款时间',
  `pdc_payment_state` enum('0','1') NOT NULL DEFAULT '0' COMMENT '提现支付状态 0默认1支付完成',
  `pdc_payment_admin` varchar(30) DEFAULT NULL COMMENT '支付管理员',
  PRIMARY KEY (`pdc_id`)
) ENGINE=InnoDB DEFAULT CHARSET=utf8 COMMENT='预存款提现记录表';

-- ----------------------------
--  Table structure for `shop_pd_log`
-- ----------------------------
DROP TABLE IF EXISTS `shop_pd_log`;
CREATE TABLE `shop_pd_log` (
  `lg_id` int(11) NOT NULL AUTO_INCREMENT COMMENT '自增编号',
  `lg_member_id` int(11) NOT NULL COMMENT '会员编号',
  `lg_member_name` varchar(50) NOT NULL COMMENT '会员名称',
  `lg_admin_name` varchar(50) DEFAULT NULL COMMENT '管理员名称',
  `lg_type` varchar(15) NOT NULL DEFAULT '' COMMENT 'order_pay下单支付预存款,order_freeze下单冻结预存款,order_cancel取消订单解冻预存款,order_comb_pay下单支付被冻结的预存款,recharge充值,cash_apply申请提现冻结预存款,cash_pay提现成功,cash_del取消提现申请，解冻预存款,refund退款',
  `lg_av_amount` decimal(10,2) NOT NULL DEFAULT '0.00' COMMENT '可用金额变更0表示未变更',
  `lg_freeze_amount` decimal(10,2) NOT NULL DEFAULT '0.00' COMMENT '冻结金额变更0表示未变更',
  `create_time` bigint(13) DEFAULT NULL COMMENT '添加时间',
  `lg_desc` varchar(150) DEFAULT NULL COMMENT '描述',
  PRIMARY KEY (`lg_id`)
) ENGINE=InnoDB AUTO_INCREMENT=77 DEFAULT CHARSET=utf8 COMMENT='预存款变更日志表';

-- ----------------------------
--  Records of `shop_pd_log`
-- ----------------------------
BEGIN;
INSERT INTO `shop_pd_log` VALUES ('1', '5', 'gyh99', null, 'recharge', '0.00', '0.00', '20150914112520', '生成预付款支付信息'), ('2', '5', 'gyh99', null, 'recharge', '0.00', '0.00', '20150914112520', '生成预付款支付信息'), ('3', '5', 'gyh99', null, 'recharge', '0.00', '0.00', '20150914112520', '生成预付款支付信息'), ('4', '5', 'gyh99', null, 'recharge', '0.00', '0.00', '20150914112520', '生成预付款支付信息'), ('5', '5', 'gyh99', null, 'recharge', '0.00', '0.00', '20150914112520', '生成预付款支付信息'), ('6', '5', 'gyh99', null, 'recharge', '0.00', '0.00', '20150914112520', '生成预付款支付信息'), ('7', '5', 'gyh99', null, 'recharge', '0.00', '0.00', '20150914112520', '生成预付款支付信息'), ('8', '5', 'gyh99', null, 'recharge', '0.00', '0.00', '20150914112520', '生成预付款支付信息'), ('9', '28', '吴世勋', null, 'recharge', '0.00', '0.00', '20150914112520', '生成预付款支付信息'), ('10', '5', 'gyh99', null, 'recharge', '0.01', '0.00', '20150914112520', '充值成功'), ('11', '5', 'gyh99', null, 'recharge', '0.01', '0.00', '20150914112520', '充值成功'), ('12', '28', '吴世勋', null, 'recharge', '0.00', '0.00', '20150914112520', '生成预付款支付信息'), ('13', '28', '吴世勋', null, 'recharge', '0.00', '0.00', '20150914112520', '生成预付款支付信息'), ('14', '28', '吴世勋', null, 'recharge', '0.00', '0.00', '20150914112520', '生成预付款支付信息'), ('15', '5', 'gyh99', null, 'recharge', '0.00', '0.00', '20150914112520', '生成预付款支付信息'), ('16', '28', '吴世勋', null, 'recharge', '0.00', '0.00', '20150914112520', '生成预付款支付信息'), ('17', '5', 'gyh99', null, 'recharge', '0.01', '0.00', '20150914112520', '充值成功'), ('18', '5', 'gyh99', null, 'recharge', '0.00', '0.00', '20150914112520', '生成预付款支付信息'), ('19', '5', 'gyh99', null, 'recharge', '0.01', '0.00', '20150914112520', '充值成功'), ('20', '5', 'gyh99', null, 'recharge', '0.00', '0.00', '20150914112520', '生成预付款支付信息'), ('21', '5', 'gyh99', null, 'recharge', '0.01', '0.00', '20150914112520', '充值成功'), ('22', '5', 'gyh99', null, 'recharge', '0.00', '0.00', '20150914112520', '生成预付款支付信息'), ('23', '5', 'gyh99', null, 'recharge', '0.00', '0.00', '20150914112520', '生成预付款支付信息'), ('24', '5', 'gyh99', null, 'recharge', '0.01', '0.00', '20150914112520', '充值成功'), ('25', '5', 'gyh99', null, 'recharge', '0.00', '0.00', '20150914112520', '生成预付款支付信息'), ('26', '5', 'gyh99', null, 'recharge', '0.01', '0.00', '20150914112520', '充值成功'), ('27', '5', 'gyh99', null, 'recharge', '0.00', '0.00', '20150914112520', '生成预付款支付信息'), ('28', '5', 'gyh99', null, 'recharge', '0.01', '0.00', '20150914112520', '充值成功'), ('29', '5', 'gyh99', null, 'recharge', '0.00', '0.00', '20150914112520', '生成预付款支付信息'), ('30', '5', 'gyh99', null, 'recharge', '0.01', '0.00', '20150914112520', '充值成功'), ('31', '5', 'gyh99', null, 'recharge', '0.00', '0.00', '20150914112520', '生成预付款支付信息'), ('32', '5', 'gyh99', null, 'recharge', '0.01', '0.00', '20150914112520', '充值成功'), ('33', '5', 'gyh99', null, 'recharge', '0.00', '0.00', '20150914112520', '生成预付款充值信息'), ('34', '5', 'gyh99', null, 'recharge', '0.00', '0.00', '20150914112520', '生成预付款充值信息'), ('35', '5', 'gyh99', null, 'recharge', '0.00', '0.00', '20150914112520', '生成预付款充值信息'), ('36', '5', 'gyh99', null, 'recharge', '0.01', '0.00', '20150914112520', '充值成功'), ('37', '5', 'gyh99', null, 'order_freeze', '0.00', '123.01', '20150914112520', '生成预付款支付信息'), ('38', '22', '18601320411', null, 'recharge', '0.00', '0.00', '20150914112520', '生成预付款充值信息'), ('39', '22', '18601320411', null, 'recharge', '0.00', '0.00', '20150914112520', '生成预付款充值信息'), ('40', '22', '18601320411', null, 'recharge', '0.00', '0.00', '20150914112520', '生成预付款充值信息'), ('41', '22', '18601320411', null, 'recharge', '0.00', '0.00', '20150914112520', '生成预付款充值信息'), ('42', '22', '18601320411', null, 'recharge', '0.10', '0.00', '20150914112520', '充值成功'), ('43', '22', '18601320411', null, 'recharge', '0.00', '0.00', '20150914112520', '生成预付款充值信息'), ('44', '22', '18601320411', null, 'recharge', '0.00', '0.00', '20150914112520', '生成预付款充值信息'), ('45', '22', '18601320411', null, 'recharge', '0.00', '0.00', '20150914112520', '生成预付款充值信息'), ('46', '22', '18601320411', null, 'recharge', '0.10', '0.00', '20150914112520', '充值成功'), ('47', '22', '18601320411', null, 'recharge', '0.00', '0.00', '20150914112520', '生成预付款充值信息'), ('48', '22', '18601320411', null, 'recharge', '0.10', '0.00', '20150914112520', '充值成功'), ('49', '22', '18601320411', null, 'recharge', '0.00', '0.00', '20150914112520', '生成预付款充值信息'), ('50', '22', '18601320411', null, 'recharge', '0.10', '0.00', '20150914112520', '充值成功'), ('51', '45', '15701007212', null, 'order_pay', '994212.00', '0.00', '20150914112520', '生成预付款支付信息'), ('52', '45', '15701007212', null, 'order_pay', '982835.00', '0.00', '20150914112520', '生成预付款支付信息'), ('53', '28', '吴世勋', null, 'recharge', '0.00', '0.00', '20150914112520', '生成预付款充值信息'), ('54', '28', '吴世勋', null, 'recharge', '0.00', '0.00', '20150914112520', '生成预付款充值信息'), ('55', '5', 'gyh99', null, 'recharge', '0.00', '0.00', '20150914112520', '生成预付款充值信息'), ('56', '22', '18601320411', null, 'recharge', '0.00', '0.00', '20150914112520', '生成预付款充值信息'), ('57', '22', '18601320411', null, 'recharge', '0.00', '0.00', '20150914112520', '生成预付款充值信息'), ('58', '22', '18601320411', null, 'recharge', '0.00', '0.00', '20150914112520', '生成预付款充值信息'), ('59', '22', '18601320411', null, 'recharge', '0.00', '0.00', '20150914112520', '生成预付款充值信息'), ('60', '22', '18601320411', null, 'recharge', '0.00', '0.00', '20150914112520', '生成预付款充值信息'), ('61', '22', '18601320411', null, 'recharge', '0.00', '0.00', '20150914112520', '生成预付款充值信息'), ('62', '28', '吴世勋', null, 'recharge', '0.00', '0.00', '20150914112520', '生成预付款充值信息'), ('63', '28', '吴世勋', null, 'recharge', '0.01', '0.00', '20150914112520', '充值成功'), ('64', '28', '吴世勋', null, 'recharge', '0.00', '0.00', '20150914112520', '生成预付款充值信息'), ('65', '28', '吴世勋', null, 'recharge', '0.01', '0.00', '20150914112520', '充值成功'), ('66', '28', '吴世勋', null, 'recharge', '0.00', '0.00', '20150914112520', '生成预付款充值信息'), ('67', '28', '吴世勋', null, 'recharge', '0.00', '0.00', '20150914112520', '生成预付款充值信息'), ('68', '28', '吴世勋', null, 'recharge', '0.00', '0.00', '20150914112520', '生成预付款充值信息'), ('69', '5', 'gyh99', null, 'recharge', '0.00', '0.00', '20150914112520', '生成预付款充值信息'), ('70', '5', 'gyh99', null, 'recharge', '0.00', '0.00', '20150914112520', '生成预付款充值信息'), ('71', '5', 'gyh99', null, 'recharge', '0.00', '0.00', '20150914112520', '生成预付款充值信息'), ('72', '15', 'test', null, 'recharge', '0.00', '0.00', '1443062211464', '生成预付款充值信息'), ('73', '14', 'demo', null, 'recharge', '0.00', '0.00', '1444445921742', '生成预付款充值信息'), ('74', '7', 'gyh98', null, 'recharge', '0.00', '0.00', '1444641922107', '生成预付款充值信息'), ('75', '82', 'ZAQWE123', null, 'recharge', '0.00', '0.00', '1444889910978', '生成预付款充值信息'), ('76', '82', 'ZAQWE123', null, 'recharge', '0.00', '0.00', '1444889939903', '生成预付款充值信息');
COMMIT;

-- ----------------------------
--  Table structure for `shop_pd_recharge`
-- ----------------------------
DROP TABLE IF EXISTS `shop_pd_recharge`;
CREATE TABLE `shop_pd_recharge` (
  `pdr_id` int(11) NOT NULL AUTO_INCREMENT COMMENT '自增编号',
  `pdr_sn` varchar(50) NOT NULL COMMENT '记录唯一标示',
  `pdr_member_id` int(11) NOT NULL COMMENT '会员编号',
  `pdr_member_name` varchar(50) NOT NULL COMMENT '会员名称',
  `pdr_amount` decimal(10,2) NOT NULL DEFAULT '0.00' COMMENT '充值金额',
  `pdr_payment_code` varchar(20) DEFAULT '' COMMENT '支付方式',
  `pdr_payment_name` varchar(15) DEFAULT '' COMMENT '支付方式',
  `pdr_trade_sn` varchar(50) DEFAULT '' COMMENT '第三方支付接口交易号',
  `create_time` bigint(13) DEFAULT NULL COMMENT '添加时间',
  `pdr_payment_state` enum('0','1') NOT NULL DEFAULT '0' COMMENT '支付状态 0未支付1支付',
  `pdr_payment_time` bigint(13) DEFAULT NULL COMMENT '支付时间',
  `pdr_admin` varchar(30) DEFAULT '' COMMENT '管理员名',
  PRIMARY KEY (`pdr_id`)
) ENGINE=InnoDB AUTO_INCREMENT=57 DEFAULT CHARSET=utf8 COMMENT='预存款充值表';

-- ----------------------------
--  Records of `shop_pd_recharge`
-- ----------------------------
BEGIN;
INSERT INTO `shop_pd_recharge` VALUES ('1', 'R20150831173509769', '5', 'gyh99', '0.01', '', '', '', '20150914112520', '0', null, ''), ('2', 'R20150831173707237', '5', 'gyh99', '0.01', '', '', '', '20150914112520', '0', null, ''), ('3', 'R20150831173735647', '5', 'gyh99', '0.01', '', '', '', '20150914112520', '0', null, ''), ('4', 'R20150831173750368', '5', 'gyh99', '0.01', '', '', '', '20150914112520', '0', null, ''), ('5', 'R20150831173803908', '5', 'gyh99', '0.01', '', '', '', '20150914112520', '0', null, ''), ('6', 'R20150831174144003', '5', 'gyh99', '0.01', '', '', '', '20150914112520', '0', null, ''), ('7', 'R20150831174738054', '5', 'gyh99', '0.01', '', '', '', '20150914112520', '0', null, ''), ('8', 'R20150831175036790', '5', 'gyh99', '0.01', 'YL', '银联', '', '20150914112520', '1', null, ''), ('9', 'R20150831175246830', '28', '吴世勋', '100.00', '', '', '', '20150914112520', '0', null, ''), ('10', 'R20150831180034064', '28', '吴世勋', '0.00', '', '', '', '20150914112520', '0', null, ''), ('11', 'R20150831180039313', '28', '吴世勋', '0.01', 'ZFB', '支付宝', '', '20150914112520', '0', null, ''), ('12', 'R20150831180637640', '28', '吴世勋', '100.00', 'YL', '银联', '', '20150914112520', '0', null, ''), ('13', 'R20150831180738838', '5', 'gyh99', '0.01', 'YL', '银联', '', '20150914112520', '1', null, ''), ('14', 'R20150831180748652', '28', '吴世勋', '100.00', '', '', '', '20150914112520', '0', null, ''), ('15', 'R20150831183753380', '5', 'gyh99', '0.01', 'ZFB', '支付宝', '', '20150914112520', '1', null, ''), ('16', 'R20150901142740809', '5', 'gyh99', '0.01', 'ZFB', '支付宝', '', '20150914112520', '1', null, ''), ('17', 'R20150901144415584', '5', 'gyh99', '0.01', 'YL', '银联', '', '20150914112520', '0', null, ''), ('18', 'R20150901144454038', '5', 'gyh99', '0.01', 'ZFB', '支付宝', '', '20150914112520', '1', null, ''), ('19', 'R20150901144658597', '5', 'gyh99', '0.01', 'YL', '银联', '', '20150914112520', '1', null, ''), ('20', 'R20150901145704624', '5', 'gyh99', '0.01', 'YL', '银联', '', '20150914112520', '1', null, ''), ('21', 'R20150901151142120', '5', 'gyh99', '0.01', 'ZFB', '支付宝', '', '20150914112520', '1', null, ''), ('22', 'R20150901153019844', '5', 'gyh99', '0.01', 'ZFB', '支付宝', '', '20150914112520', '1', null, ''), ('23', 'R20150906114048921', '5', 'gyh99', '0.01', 'ZFB', '支付宝', '', '20150914112520', '0', null, ''), ('24', 'R20150906115945802', '5', 'gyh99', '0.01', 'ZFB', '支付宝', '', '20150914112520', '0', null, ''), ('25', 'R20150906120649223', '5', 'gyh99', '0.01', 'ZFB', '支付宝', '', '20150914112520', '1', null, ''), ('26', 'R20150910151806429', '22', '18601320411', '110.00', '', '', '', '20150914112520', '0', null, ''), ('27', 'R20150910151819306', '22', '18601320411', '110.00', '', '', '', '20150914112520', '0', null, ''), ('28', 'R20150910151825604', '22', '18601320411', '110.00', '', '', '', '20150914112520', '0', null, ''), ('29', 'R20150910153119159', '22', '18601320411', '0.10', '', '', '', '20150914112520', '1', null, ''), ('30', 'R20150910153248934', '22', '18601320411', '0.10', '', '', '', '20150914112520', '0', null, ''), ('31', 'R20150910153439849', '22', '18601320411', '0.10', '', '', '', '20150914112520', '0', null, ''), ('32', 'R20150910154443803', '22', '18601320411', '0.10', '', '', '', '20150914112520', '1', null, ''), ('33', 'R20150910154647133', '22', '18601320411', '0.10', '', '', '', '20150914112520', '1', null, ''), ('34', 'R20150910154945755', '22', '18601320411', '0.10', '', '', '', '20150914112520', '1', null, ''), ('35', 'R20150911120241702', '28', '吴世勋', '1000000.00', '', '', '', '20150914112520', '0', null, ''), ('36', 'R20150911120514018', '28', '吴世勋', '0.01', '', '', '', '20150914112520', '0', null, ''), ('37', 'R20150911121507970', '5', 'gyh99', '0.01', 'ZFB', '支付宝', '', '20150914112520', '0', null, ''), ('38', 'R20150911141307917', '22', '18601320411', '0.10', '', '', '', '20150914112520', '0', null, ''), ('39', 'R20150911141317553', '22', '18601320411', '0.10', '', '', '', '20150914112520', '0', null, ''), ('40', 'R20150911141339199', '22', '18601320411', '0.10', '', '', '', '20150914112520', '0', null, ''), ('41', 'R20150911141341387', '22', '18601320411', '0.10', '', '', '', '20150914112520', '0', null, ''), ('42', 'R20150911141343224', '22', '18601320411', '0.10', '', '', '', '20150914112520', '0', null, ''), ('43', 'R20150911141346215', '22', '18601320411', '0.10', '', '', '', '20150914112520', '0', null, ''), ('44', 'R20150911141431952', '28', '吴世勋', '0.01', 'ZFB', '支付宝', '', '20150914112520', '1', null, ''), ('45', 'R20150911143022165', '28', '吴世勋', '0.01', 'ZFB', '支付宝', '', '20150914112520', '1', null, ''), ('46', 'R20150911145334441', '28', '吴世勋', '0.01', 'YL', '银联', '', '20150914112520', '0', null, ''), ('47', 'R20150911145929886', '28', '吴世勋', '0.01', 'YL', '银联', '', '20150914112520', '0', null, ''), ('48', 'R20150911150036591', '28', '吴世勋', '0.01', '', '', '', '20150914112520', '0', null, ''), ('49', 'R20150911162440221', '5', 'gyh99', '100.00', '', '', '', '20150914112520', '0', null, ''), ('50', 'R20150911162530056', '5', 'gyh99', '10.00', '', '', '', '20150914112520', '0', null, ''), ('51', 'R20150911162557879', '5', 'gyh99', '0.01', '', '', '', '20150914112520', '0', null, ''), ('52', 'R20150924103651321', '15', 'test', '1.00', 'YL', '银联', '', null, '0', null, ''), ('53', 'R20151010105841709', '14', 'demo', '100.00', '', '', '', null, '0', null, ''), ('54', 'R20151012172521996', '7', 'gyh98', '12.00', '', '', '', null, '0', null, ''), ('55', 'R20151015141830941', '82', 'ZAQWE123', '30.00', 'ZFB', '支付宝', '', null, '0', null, ''), ('56', 'R20151015141859897', '82', 'ZAQWE123', '30.00', 'YL', '银联', '', null, '0', null, '');
COMMIT;

-- ----------------------------
--  Table structure for `shop_points_goods`
-- ----------------------------
DROP TABLE IF EXISTS `shop_points_goods`;
CREATE TABLE `shop_points_goods` (
  `points_goods_id` int(10) unsigned NOT NULL AUTO_INCREMENT COMMENT '商品索引id',
  `goods_spec_id` int(11) NOT NULL,
  `points_goods_name` varchar(100) NOT NULL COMMENT '商品名称',
  `points_goods_subtitle` varchar(200) DEFAULT NULL COMMENT '商品副标题',
  `gc_id` int(10) unsigned NOT NULL COMMENT '商品分类id',
  `gc_name` varchar(200) NOT NULL COMMENT '商品分类名称',
  `brand_id` int(8) unsigned DEFAULT '0' COMMENT '商品品牌id',
  `brand_name` varchar(100) DEFAULT NULL,
  `type_id` int(10) unsigned NOT NULL DEFAULT '0' COMMENT '类型id',
  `store_id` int(10) unsigned NOT NULL COMMENT '店铺id',
  `store_name` varchar(100) DEFAULT NULL,
  `points_goods_image` varchar(100) DEFAULT NULL COMMENT '商品默认封面图片',
  `points_goods_image_more` text COMMENT '商品多图',
  `points_goods_store_price` decimal(10,2) NOT NULL COMMENT '商品店铺价格',
  `points_goods_serial` varchar(50) DEFAULT '' COMMENT '商品货号',
  `points_goods_show` int(1) NOT NULL COMMENT '商品上架1上架0下架2定时上架',
  `points_goods_click` int(11) NOT NULL DEFAULT '1' COMMENT '商品浏览数',
  `points_goods_commend` int(1) NOT NULL DEFAULT '0' COMMENT '商品推荐',
  `points_goods_add_time` bigint(13) DEFAULT NULL COMMENT '商品添加时间',
  `points_goods_body` text COMMENT '商品详细内容',
  `points_goods_attr` text COMMENT '商品属性',
  `points_goods_spec` text COMMENT '商品规格',
  `points_goods_starttime` bigint(13) DEFAULT NULL COMMENT '兑换开始时间',
  `points_goods_endtime` bigint(13) DEFAULT NULL COMMENT '兑换结束时间',
  `city_id` int(8) unsigned DEFAULT '0' COMMENT '商品所在地(市)',
  `city_name` varchar(30) DEFAULT NULL,
  `province_id` int(8) unsigned DEFAULT '0' COMMENT '商品所在地(省)',
  `province_name` varchar(30) DEFAULT NULL,
  `salenum` int(10) unsigned NOT NULL DEFAULT '0' COMMENT '售出数量',
  `points_goods_collect` int(10) unsigned NOT NULL DEFAULT '0' COMMENT '商品收藏数量',
  `points_goods_transfee_charge` int(1) unsigned NOT NULL DEFAULT '0' COMMENT '商品运费承担方式 默认 0为买家承担 1为卖家承担',
  `is_del` int(2) NOT NULL DEFAULT '0' COMMENT '是否删除 0:未删除  1:已删除',
  `pointsnums` int(11) NOT NULL COMMENT '所需积分',
  `member_grade_id` int(11) DEFAULT NULL COMMENT '需要的会员等级id',
  `exchange_count` int(11) DEFAULT NULL COMMENT '每个会员可以兑换该商品的数量',
  `points_goods_storage` int(11) NOT NULL COMMENT '库存',
  PRIMARY KEY (`points_goods_id`),
  KEY `store_id` (`store_id`) USING BTREE,
  KEY `gc_id` (`gc_id`) USING BTREE,
  KEY `goods_starttime` (`points_goods_starttime`) USING BTREE,
  KEY `brand_id` (`brand_id`) USING BTREE
) ENGINE=InnoDB AUTO_INCREMENT=56 DEFAULT CHARSET=utf8 COMMENT='积分商品表';

-- ----------------------------
--  Table structure for `shop_points_log`
-- ----------------------------
DROP TABLE IF EXISTS `shop_points_log`;
CREATE TABLE `shop_points_log` (
  `pl_id` int(11) NOT NULL AUTO_INCREMENT COMMENT '积分日志编号',
  `pl_memberid` int(11) NOT NULL COMMENT '会员编号',
  `pl_membername` varchar(100) NOT NULL COMMENT '会员名称',
  `pl_adminid` int(11) DEFAULT NULL COMMENT '管理员编号',
  `pl_adminname` varchar(100) DEFAULT NULL COMMENT '管理员名称',
  `pl_points` int(11) NOT NULL DEFAULT '0' COMMENT '积分数负数表示扣除',
  `create_time` bigint(13) DEFAULT NULL COMMENT '添加时间',
  `pl_desc` varchar(100) NOT NULL COMMENT '操作描述',
  `pl_stage` varchar(50) NOT NULL COMMENT '操作阶段',
  `pl_type` int(3) DEFAULT NULL COMMENT '积分操作类型',
  PRIMARY KEY (`pl_id`)
) ENGINE=InnoDB AUTO_INCREMENT=235 DEFAULT CHARSET=utf8 COMMENT='会员积分日志表';

-- ----------------------------
--  Records of `shop_points_log`
-- ----------------------------
BEGIN;
INSERT INTO `shop_points_log` VALUES ('1', '5', 'gyh99', '1', 'admin', '27552', '20150914112521', '增加会员积分', '增加会员积分', null), ('2', '5', 'gyh99', '1', 'admin', '13776', '20150914112521', '增加会员积分', '增加会员积分', null), ('3', '5', 'gyh99', '1', 'admin', '6888', '20150914112521', '增加会员积分', '增加会员积分', null), ('4', '5', 'gyh99', '1', 'admin', '5417', '20150914112521', '增加会员积分', '增加会员积分', null), ('5', '5', 'gyh99', '1', 'admin', '5688', '20150914112521', '增加会员积分', '增加会员积分', null), ('6', '10', '13520085712', '1', 'admin', '0', '20150914112521', '增加会员积分', '增加会员积分', null), ('7', '10', '13520085712', '1', 'admin', '0', '20150914112521', '增加会员积分', '增加会员积分', null), ('8', '10', '13520085712', '1', 'admin', '0', '20150914112521', '增加会员积分', '增加会员积分', null), ('9', '10', '13520085712', '1', 'admin', '0', '20150914112521', '增加会员积分', '增加会员积分', null), ('10', '10', '13520085712', '1', 'admin', '0', '20150914112521', '增加会员积分', '增加会员积分', null), ('11', '10', '13520085712', '1', 'admin', '0', '20150914112521', '增加会员积分', '增加会员积分', null), ('12', '10', '13520085712', '1', 'admin', '0', '20150914112521', '增加会员积分', '增加会员积分', null), ('13', '10', '13520085712', '1', 'admin', '0', '20150914112521', '增加会员积分', '增加会员积分', null), ('14', '13', 'xiejinwei', '1', 'admin', '4788', '20150914112521', '增加会员积分', '增加会员积分', null), ('15', '10', '13520085712', '1', 'admin', '0', '20150914112521', '增加会员积分', '增加会员积分', null), ('16', '10', '13520085712', '1', 'admin', '0', '20150914112521', '增加会员积分', '增加会员积分', null), ('17', '10', '13520085712', '1', 'admin', '0', '20150914112521', '增加会员积分', '增加会员积分', null), ('18', '10', '13520085712', '1', 'admin', '0', '20150914112521', '增加会员积分', '增加会员积分', null), ('19', '10', '13520085712', '1', 'admin', '0', '20150914112521', '增加会员积分', '增加会员积分', null), ('20', '10', '13520085712', '1', 'admin', '0', '20150914112521', '增加会员积分', '增加会员积分', null), ('21', '10', '13520085712', '1', 'admin', '0', '20150914112521', '增加会员积分', '增加会员积分', null), ('22', '10', '13520085712', '1', 'admin', '0', '20150914112521', '增加会员积分', '增加会员积分', null), ('23', '5', 'gyh99', '1', 'admin', '249', '20150914112521', '增加会员积分', '增加会员积分', null), ('24', '10', '13520085712', '1', 'admin', '0', '20150914112521', '增加会员积分', '增加会员积分', null), ('25', '10', '13520085712', '1', 'admin', '0', '20150914112521', '增加会员积分', '增加会员积分', null), ('26', '10', '13520085712', '1', 'admin', '0', '20150914112521', '增加会员积分', '增加会员积分', null), ('27', '10', '13520085712', '1', 'admin', '0', '20150914112521', '增加会员积分', '增加会员积分', null), ('28', '10', '13520085712', '1', 'admin', '0', '20150914112521', '增加会员积分', '增加会员积分', null), ('29', '10', '13520085712', '1', 'admin', '0', '20150914112521', '增加会员积分', '增加会员积分', null), ('30', '10', '13520085712', '1', 'admin', '0', '20150914112521', '增加会员积分', '增加会员积分', null), ('31', '5', 'gyh99', '1', 'admin', '5688', '20150914112521', '增加会员积分', '增加会员积分', null), ('32', '5', 'gyh99', '1', 'admin', '5676', '20150914112521', '增加会员积分', '增加会员积分', null), ('33', '5', 'gyh99', '1', 'admin', '6286', '20150914112521', '增加会员积分', '增加会员积分', null), ('34', '10', '13520085712', '1', 'admin', '0', '20150914112521', '增加会员积分', '增加会员积分', null), ('35', '14', 'demo', '1', 'admin', '5688', '20150914112521', '增加会员积分', '增加会员积分', null), ('36', '14', 'demo', '1', 'admin', '4488', '20150914112521', '增加会员积分', '增加会员积分', null), ('37', '14', 'demo', '1', 'admin', '4488', '20150914112521', '增加会员积分', '增加会员积分', null), ('38', '10', '13520085712', '1', 'admin', '0', '20150914112521', '增加会员积分', '增加会员积分', null), ('39', '10', '13520085712', '1', 'admin', '0', '20150914112521', '增加会员积分', '增加会员积分', null), ('40', '10', '13520085712', '1', 'admin', '0', '20150914112521', '增加会员积分', '增加会员积分', null), ('41', '10', '13520085712', '1', 'admin', '0', '20150914112521', '增加会员积分', '增加会员积分', null), ('42', '10', '13520085712', '1', 'admin', '0', '20150914112521', '增加会员积分', '增加会员积分', null), ('43', '10', '13520085712', '1', 'admin', '0', '20150914112521', '增加会员积分', '增加会员积分', null), ('44', '10', '13520085712', '1', 'admin', '3570', '20150914112521', '增加会员积分', '增加会员积分', null), ('45', '10', '13520085712', '1', 'admin', '0', '20150914112521', '增加会员积分', '增加会员积分', null), ('46', '10', '13520085712', '1', 'admin', '0', '20150914112521', '增加会员积分', '增加会员积分', null), ('47', '14', 'demo', '1', 'admin', '79', '20150914112521', '增加会员积分', '增加会员积分', null), ('48', '5', 'gyh99', '1', 'admin', '5288', '20150914112521', '增加会员积分', '增加会员积分', null), ('49', '10', '13520085712', '1', 'admin', '0', '20150914112521', '增加会员积分', '增加会员积分', null), ('50', '14', 'demo', '1', 'admin', '9276', '20150914112521', '增加会员积分', '增加会员积分', null), ('51', '10', '13520085712', '1', 'admin', '0', '20150914112521', '增加会员积分', '增加会员积分', null), ('52', '5', 'gyh99', '1', 'admin', '0', '20150914112521', '增加会员积分', '增加会员积分', null), ('53', '5', 'gyh99', '1', 'admin', '0', '20150914112521', '增加会员积分', '增加会员积分', null), ('54', '10', '13520085712', '1', 'admin', '0', '20150914112521', '增加会员积分', '增加会员积分', null), ('55', '10', '13520085712', '1', 'admin', '0', '20150914112521', '增加会员积分', '增加会员积分', null), ('56', '5', 'gyh99', '1', 'admin', '0', '20150914112521', '增加会员积分', '增加会员积分', null), ('57', '10', '13520085712', '1', 'admin', '0', '20150914112521', '增加会员积分', '增加会员积分', null), ('58', '5', 'gyh99', '1', 'admin', '0', '20150914112521', '增加会员积分', '增加会员积分', null), ('59', '5', 'gyh99', '1', 'admin', '0', '20150914112521', '增加会员积分', '增加会员积分', null), ('60', '5', 'gyh99', '1', 'admin', '0', '20150914112521', '增加会员积分', '增加会员积分', null), ('61', '5', 'gyh99', '1', 'admin', '0', '20150914112521', '增加会员积分', '增加会员积分', null), ('62', '5', 'gyh99', '1', 'admin', '18120', '20150914112521', '增加会员积分', '增加会员积分', null), ('63', '5', 'gyh99', '1', 'admin', '0', '20150914112521', '增加会员积分', '增加会员积分', null), ('64', '5', 'gyh99', '1', 'admin', '0', '20150914112521', '增加会员积分', '增加会员积分', null), ('65', '10', '13520085712', '1', 'admin', '10710', '20150914112521', '增加会员积分', '增加会员积分', null), ('66', '5', 'gyh99', '1', 'admin', '0', '20150914112521', '增加会员积分', '增加会员积分', null), ('67', '5', 'gyh99', '1', 'admin', '0', '20150914112521', '增加会员积分', '增加会员积分', null), ('68', '5', 'gyh99', '1', 'admin', '2699', '20150914112521', '增加会员积分', '增加会员积分', null), ('69', '5', 'gyh99', '1', 'admin', '129', '20150914112521', '增加会员积分', '增加会员积分', null), ('70', '5', 'gyh99', '1', 'admin', '0', '20150914112521', '增加会员积分', '增加会员积分', null), ('71', '5', 'gyh99', '1', 'admin', '7176', '20150914112521', '增加会员积分', '增加会员积分', null), ('72', '5', 'gyh99', '1', 'admin', '0', '20150914112521', '增加会员积分', '增加会员积分', null), ('73', '5', 'gyh99', '1', 'admin', '0', '20150914112521', '增加会员积分', '增加会员积分', null), ('74', '5', 'gyh99', '1', 'admin', '0', '20150914112521', '增加会员积分', '增加会员积分', null), ('75', '5', 'gyh99', '1', 'admin', '0', '20150914112521', '增加会员积分', '增加会员积分', null), ('76', '5', 'gyh99', '1', 'admin', '0', '20150914112521', '增加会员积分', '增加会员积分', null), ('77', '5', 'gyh99', '1', 'admin', '168', '20150914112521', '增加会员积分', '增加会员积分', null), ('78', '5', 'gyh99', '1', 'admin', '5688', '20150914112521', '增加会员积分', '增加会员积分', null), ('79', '5', 'gyh99', '1', 'admin', '4788', '20150914112521', '增加会员积分', '增加会员积分', null), ('80', '5', 'gyh99', '1', 'admin', '0', '20150914112521', '增加会员积分', '增加会员积分', null), ('81', '5', 'gyh99', '1', 'admin', '5688', '20150914112521', '增加会员积分', '增加会员积分', null), ('82', '5', 'gyh99', '1', 'admin', '0', '20150914112521', '增加会员积分', '增加会员积分', null), ('83', '5', 'gyh99', '1', 'admin', '5288', '20150914112521', '增加会员积分', '增加会员积分', null), ('84', '5', 'gyh99', '1', 'admin', '0', '20150914112521', '增加会员积分', '增加会员积分', null), ('85', '5', 'gyh99', '1', 'admin', '5688', '20150914112521', '增加会员积分', '增加会员积分', null), ('86', '5', 'gyh99', '1', 'admin', '4788', '20150914112521', '增加会员积分', '增加会员积分', null), ('87', '5', 'gyh99', '1', 'admin', '5688', '20150914112521', '增加会员积分', '增加会员积分', null), ('88', '5', 'gyh99', '1', 'admin', '0', '20150914112521', '增加会员积分', '增加会员积分', null), ('89', '5', 'gyh99', '1', 'admin', '0', '20150914112521', '增加会员积分', '增加会员积分', null), ('90', '5', 'gyh99', '1', 'admin', '0', '20150914112521', '增加会员积分', '增加会员积分', null), ('91', '5', 'gyh99', '1', 'admin', '4788', '20150914112521', '增加会员积分', '增加会员积分', null), ('92', '5', 'gyh99', '1', 'admin', '0', '20150914112521', '增加会员积分', '增加会员积分', null), ('93', '5', 'gyh99', '1', 'admin', '0', '20150914112521', '增加会员积分', '增加会员积分', null), ('94', '5', 'gyh99', '1', 'admin', '0', '20150914112521', '增加会员积分', '增加会员积分', null), ('95', '5', 'gyh99', '1', 'admin', '0', '20150914112521', '增加会员积分', '增加会员积分', null), ('96', '5', 'gyh99', '1', 'admin', '5688', '20150914112521', '增加会员积分', '增加会员积分', null), ('97', '5', 'gyh99', '1', 'admin', '5688', '20150914112521', '增加会员积分', '增加会员积分', null), ('98', '19', 'admin', '1', 'admin', '10576', '20150914112521', '增加会员积分', '增加会员积分', null), ('99', '5', 'gyh99', '1', 'admin', '430', '20150914112521', '增加会员积分', '增加会员积分', null), ('100', '5', 'gyh99', '1', 'admin', '0', '20150914112521', '增加会员积分', '增加会员积分', null), ('101', '5', 'gyh99', '1', 'admin', '376', '20150914112521', '增加会员积分', '增加会员积分', null), ('102', '5', 'gyh99', '1', 'admin', '0', '20150914112521', '增加会员积分', '增加会员积分', null), ('103', '5', 'gyh99', '1', 'admin', '0', '20150914112521', '增加会员积分', '增加会员积分', null), ('104', '5', 'gyh99', '1', 'admin', '0', '20150914112521', '增加会员积分', '增加会员积分', null), ('105', '5', 'gyh99', '1', 'admin', '179', '20150914112521', '增加会员积分', '增加会员积分', null), ('106', '5', 'gyh99', '1', 'admin', '0', '20150914112521', '增加会员积分', '增加会员积分', null), ('107', '5', 'gyh99', '1', 'admin', '0', '20150914112521', '增加会员积分', '增加会员积分', null), ('108', '5', 'gyh99', '1', 'admin', '0', '20150914112521', '增加会员积分', '增加会员积分', null), ('109', '5', 'gyh99', '1', 'admin', '0', '20150914112521', '增加会员积分', '增加会员积分', null), ('110', '5', 'gyh99', '1', 'admin', '0', '20150914112521', '增加会员积分', '增加会员积分', null), ('111', '5', 'gyh99', '1', 'admin', '0', '20150914112521', '增加会员积分', '增加会员积分', null), ('112', '5', 'gyh99', '1', 'admin', '0', '20150914112521', '增加会员积分', '增加会员积分', null), ('113', '5', 'gyh99', '1', 'admin', '0', '20150914112521', '增加会员积分', '增加会员积分', null), ('114', '5', 'gyh99', '1', 'admin', '0', '20150914112521', '增加会员积分', '增加会员积分', null), ('115', '5', 'gyh99', '1', 'admin', '0', '20150914112521', '增加会员积分', '增加会员积分', null), ('116', '5', 'gyh99', '1', 'admin', '0', '20150914112521', '增加会员积分', '增加会员积分', null), ('117', '5', 'gyh99', '1', 'admin', '5698', '20150914112521', '增加会员积分', '增加会员积分', null), ('118', '5', 'gyh99', '1', 'admin', '499', '20150914112521', '增加会员积分', '增加会员积分', null), ('119', '5', 'gyh99', '1', 'admin', '0', '20150914112521', '增加会员积分', '增加会员积分', null), ('120', '5', 'gyh99', '1', 'admin', '0', '20150914112521', '增加会员积分', '增加会员积分', null), ('121', '5', 'gyh99', '1', 'admin', '0', '20150914112521', '增加会员积分', '增加会员积分', null), ('122', '5', 'gyh99', '1', 'admin', '0', '20150914112521', '增加会员积分', '增加会员积分', null), ('123', '5', 'gyh99', '1', 'admin', '0', '20150914112521', '增加会员积分', '增加会员积分', null), ('124', '5', 'gyh99', '1', 'admin', '0', '20150914112521', '增加会员积分', '增加会员积分', null), ('125', '22', '18601320411', '1', 'admin', '0', '20150914112521', '增加会员积分', '增加会员积分', null), ('126', '22', '18601320411', '1', 'admin', '0', '20150914112521', '增加会员积分', '增加会员积分', null), ('127', '22', '18601320411', '1', 'admin', '0', '20150914112521', '增加会员积分', '增加会员积分', null), ('128', '22', '18601320411', '1', 'admin', '0', '20150914112521', '增加会员积分', '增加会员积分', null), ('129', '22', '18601320411', '1', 'admin', '0', '20150914112521', '增加会员积分', '增加会员积分', null), ('130', '5', 'gyh99', '1', 'admin', '0', '20150914112521', '增加会员积分', '增加会员积分', null), ('131', '22', '18601320411', '1', 'admin', '0', '20150914112521', '增加会员积分', '增加会员积分', null), ('132', '5', 'gyh99', '1', 'admin', '5688', '20150914112521', '增加会员积分', '增加会员积分', null), ('133', '5', 'gyh99', '1', 'admin', '5688', '20150914112521', '增加会员积分', '增加会员积分', null), ('134', '5', 'gyh99', '1', 'admin', '168', '20150914112521', '增加会员积分', '增加会员积分', null), ('135', '5', 'gyh99', '1', 'admin', '5698', '20150914112521', '增加会员积分', '增加会员积分', null), ('136', '5', 'gyh99', '1', 'admin', '168', '20150914112521', '增加会员积分', '增加会员积分', null), ('137', '22', '18601320411', '1', 'admin', '0', '20150914112521', '增加会员积分', '增加会员积分', null), ('138', '22', '18601320411', '1', 'admin', '1785', '20150914112521', '增加会员积分', '增加会员积分', null), ('139', '5', 'gyh99', '1', 'admin', '0', '20150914112521', '增加会员积分', '增加会员积分', null), ('140', '5', 'gyh99', '1', 'admin', '0', '20150914112521', '增加会员积分', '增加会员积分', null), ('141', '5', 'gyh99', '1', 'admin', '0', '20150914112521', '增加会员积分', '增加会员积分', null), ('142', '5', 'gyh99', '1', 'admin', '0', '20150914112521', '增加会员积分', '增加会员积分', null), ('143', '5', 'gyh99', '1', 'admin', '5788', '20150914112521', '增加会员积分', '增加会员积分', null), ('144', '5', 'gyh99', '1', 'admin', '179', '20150914112521', '增加会员积分', '增加会员积分', null), ('145', '5', 'gyh99', '1', 'admin', '0', '20150914112521', '增加会员积分', '增加会员积分', null), ('146', '5', 'gyh99', '1', 'admin', '0', '20150914112521', '增加会员积分', '增加会员积分', null), ('147', '5', 'gyh99', '1', 'admin', '0', '20150914112521', '增加会员积分', '增加会员积分', null), ('148', '5', 'gyh99', '1', 'admin', '0', '20150914112521', '增加会员积分', '增加会员积分', null), ('149', '5', 'gyh99', '1', 'admin', '0', '20150914112521', '增加会员积分', '增加会员积分', null), ('150', '5', 'gyh99', '1', 'admin', '0', '20150914112521', '增加会员积分', '增加会员积分', null), ('151', '5', 'gyh99', '1', 'admin', '0', '20150914112521', '增加会员积分', '增加会员积分', null), ('152', '5', 'gyh99', '1', 'admin', '13173', '20150914112521', '增加会员积分', '增加会员积分', null), ('153', '5', 'gyh99', '1', 'admin', '0', '20150914112521', '增加会员积分', '增加会员积分', null), ('154', '5', 'gyh99', '1', 'admin', '2699', '20150914112521', '增加会员积分', '增加会员积分', null), ('155', '5', 'gyh99', '1', 'admin', '5688', '20150914112521', '增加会员积分', '增加会员积分', null), ('156', '5', 'gyh99', '1', 'admin', '0', '20150914112521', '增加会员积分', '增加会员积分', null), ('157', '5', 'gyh99', '1', 'admin', '0', '20150914112521', '增加会员积分', '增加会员积分', null), ('158', '5', 'gyh99', '1', 'admin', '0', '20150914112521', '增加会员积分', '增加会员积分', null), ('159', '5', 'gyh99', '1', 'admin', '0', '20150914112521', '增加会员积分', '增加会员积分', null), ('160', '5', 'gyh99', '1', 'admin', '5997', '20150914112521', '增加会员积分', '增加会员积分', null), ('161', '5', 'gyh99', '1', 'admin', '168', '20150914112521', '增加会员积分', '增加会员积分', null), ('162', '5', 'gyh99', '1', 'admin', '168', '20150914112521', '增加会员积分', '增加会员积分', null), ('163', '5', 'gyh99', '1', 'admin', '168', '20150914112521', '增加会员积分', '增加会员积分', null), ('164', '5', 'gyh99', '1', 'admin', '596', '20150914112521', '增加会员积分', '增加会员积分', null), ('165', '5', 'gyh99', '1', 'admin', '504', '20150914112521', '增加会员积分', '增加会员积分', null), ('166', '10', '13520085712', '1', 'admin', '22767', '20150914112521', '增加会员积分', '增加会员积分', null), ('167', '5', 'gyh99', '1', 'admin', '46116', '20150914112521', '增加会员积分', '增加会员积分', null), ('168', '28', '吴世勋', '1', 'admin', '0', '20150914112521', '增加会员积分', '增加会员积分', null), ('169', '28', '吴世勋', '1', 'admin', '0', '20150914112521', '增加会员积分', '增加会员积分', null), ('170', '28', '吴世勋', '1', 'admin', '633', '20150914112521', '增加会员积分', '增加会员积分', null), ('171', '28', '吴世勋', '1', 'admin', '229', '20150914112521', '增加会员积分', '增加会员积分', null), ('172', '7', 'gyh98', '1', 'admin', '5688', '20150914112521', '增加会员积分', '增加会员积分', null), ('173', '7', 'gyh98', '1', 'admin', '3588', '20150914112521', '增加会员积分', '增加会员积分', null), ('174', '7', 'gyh98', '1', 'admin', '188', '20150914112521', '增加会员积分', '增加会员积分', null), ('175', '7', 'gyh98', '1', 'admin', '336', '20150914112521', '增加会员积分', '增加会员积分', null), ('176', '28', '吴世勋', '1', 'admin', '139', '20150914112521', '增加会员积分', '增加会员积分', null), ('177', '28', '吴世勋', '1', 'admin', '5288', '20150914112521', '增加会员积分', '增加会员积分', null), ('178', '28', '吴世勋', '1', 'admin', '158', '20150914112521', '增加会员积分', '增加会员积分', null), ('179', '28', '吴世勋', '1', 'admin', '168', '20150914112521', '增加会员积分', '增加会员积分', null), ('180', '28', '吴世勋', '1', 'admin', '158', '20150914112521', '增加会员积分', '增加会员积分', null), ('181', '28', '吴世勋', '1', 'admin', '4698', '20150914112521', '增加会员积分', '增加会员积分', null), ('182', '28', '吴世勋', '1', 'admin', '139', '20150914112521', '增加会员积分', '增加会员积分', null), ('183', '22', '18601320411', '1', 'admin', '1497', '20150914112521', '增加会员积分', '增加会员积分', null), ('184', '22', '18601320411', '1', 'admin', '168', '20150914112521', '增加会员积分', '增加会员积分', null), ('185', '22', '18601320411', '1', 'admin', '4700', '20150914112521', '增加会员积分', '增加会员积分', null), ('186', '22', '18601320411', '1', 'admin', '5688', '20150914112521', '增加会员积分', '增加会员积分', null), ('187', '22', '18601320411', '1', 'admin', '5288', '20150914112521', '增加会员积分', '增加会员积分', null), ('188', '5', 'gyh99', '1', 'admin', '0', '20150914112521', '增加会员积分', '增加会员积分', null), ('189', '5', 'gyh99', '1', 'admin', '0', '20150914112521', '增加会员积分', '增加会员积分', null), ('190', '5', 'gyh99', '1', 'admin', '0', '20150914112521', '增加会员积分', '增加会员积分', null), ('191', '19', 'admin', '1', 'admin', '672', '20150914112521', '增加会员积分', '增加会员积分', null), ('192', '5', 'gyh99', '1', 'admin', '0', '20150914112521', '增加会员积分', '增加会员积分', null), ('193', '5', 'gyh99', '1', 'admin', '0', '20150914112521', '增加会员积分', '增加会员积分', null), ('194', '19', 'admin', '1', 'admin', '158', '20150914112521', '增加会员积分', '增加会员积分', null), ('195', '28', '吴世勋', '1', 'admin', '20', '20150914112521', '增加会员积分', '增加会员积分', null), ('196', '28', '吴世勋', '1', 'admin', '36', '20150914112521', '增加会员积分', '增加会员积分', null), ('197', '5', 'gyh99', '1', 'admin', '0', '20150914112521', '增加会员积分', '增加会员积分', null), ('198', '28', '吴世勋', '1', 'admin', '30', '20150914112521', '增加会员积分', '增加会员积分', null), ('199', '5', 'gyh99', '1', 'admin', '5133', '20150914112521', '增加会员积分', '增加会员积分', null), ('200', '5', 'gyh99', '1', 'admin', '30', '20150914112521', '增加会员积分', '增加会员积分', null), ('201', '5', 'gyh99', '1', 'admin', '36', '20150914112521', '增加会员积分', '增加会员积分', null), ('202', '5', 'gyh99', '1', 'admin', '29', '20150914112521', '增加会员积分', '增加会员积分', null), ('203', '5', 'gyh99', '1', 'admin', '20', '20150914112521', '增加会员积分', '增加会员积分', null), ('204', '28', '吴世勋', '1', 'admin', '35', '20150914112521', '增加会员积分', '增加会员积分', null), ('205', '28', '吴世勋', '1', 'admin', '35', '20150914112521', '增加会员积分', '增加会员积分', null), ('206', '28', '吴世勋', '1', 'admin', '18', '20150914112521', '增加会员积分', '增加会员积分', null), ('207', '5', 'gyh99', '1', 'admin', '0', '20150914112521', '增加会员积分', '增加会员积分', null), ('208', '22', '18601320411', '1', 'admin', '1785', '20150914112521', '增加会员积分', '增加会员积分', null), ('209', '28', '吴世勋', '1', 'admin', '38', '20150914112521', '增加会员积分', '增加会员积分', null), ('210', '28', '吴世勋', '1', 'admin', '13', '20150914112521', '增加会员积分', '增加会员积分', null), ('211', '28', '吴世勋', '1', 'admin', '13', '20150914112521', '增加会员积分', '增加会员积分', null), ('212', '28', '吴世勋', '1', 'admin', '38', '20150914112521', '增加会员积分', '增加会员积分', null), ('213', '10', '13520085712', '1', 'admin', '4508', '20150914112521', '增加会员积分', '增加会员积分', null), ('214', '22', '18601320411', '1', 'admin', '2699', '20150914112521', '增加会员积分', '增加会员积分', null), ('215', '36', '18610810207', '1', 'admin', '0', '20150914112521', '增加会员积分', '增加会员积分', null), ('216', '22', '18601320411', '1', 'admin', '0', '20150914112521', '增加会员积分', '增加会员积分', null), ('217', '22', '18601320411', '1', 'admin', '0', '20150914112521', '增加会员积分', '增加会员积分', null), ('218', '10', '13520085712', '1', 'admin', '5788', '20150914112521', '增加会员积分', '增加会员积分', null), ('219', '28', '吴世勋', '1', 'admin', '55', '20150914112521', '增加会员积分', '增加会员积分', null), ('220', '28', '吴世勋', '1', 'admin', '55', '20150914112521', '增加会员积分', '增加会员积分', null), ('221', '45', '15701007212', '1', 'admin', '0', '20150914112521', '增加会员积分', '增加会员积分', null), ('222', '45', '15701007212', '1', 'admin', '0', '20150914112521', '增加会员积分', '增加会员积分', null), ('223', '45', '15701007212', '1', 'admin', '0', '20150914112521', '增加会员积分', '增加会员积分', null), ('224', '45', '15701007212', '1', 'admin', '0', '20150914112521', '增加会员积分', '增加会员积分', null), ('225', '22', '18601320411', '1', 'admin', '0', '20150914112521', '增加会员积分', '增加会员积分', null), ('226', '22', '18601320411', '1', 'admin', '0', '20150914112521', '增加会员积分', '增加会员积分', null), ('227', '22', '18601320411', '1', 'admin', '0', '20150914112521', '增加会员积分', '增加会员积分', null), ('228', '22', '18601320411', '1', 'admin', '0', '20150914112521', '增加会员积分', '增加会员积分', null), ('229', '28', '吴世勋', '1', 'admin', '0', '20150914112521', '增加会员积分', '增加会员积分', null), ('230', '28', '吴世勋', '1', 'admin', '0', '20150914112521', '增加会员积分', '增加会员积分', null), ('231', '81', 'kwg', '1', 'admin', '50', '1444879322251', '增加会员积分', '商品付款成功,增加会员积分', null), ('232', '81', 'kwg', '1', 'admin', '50', '1444879326114', '增加会员积分', '商品付款成功,增加会员积分', null), ('233', '7', 'gyh98', '1', 'admin', '50', '1444977957527', '增加会员积分', '商品付款成功,增加会员积分', null), ('234', '7', 'gyh98', '1', 'admin', '50', '1444977958655', '增加会员积分', '商品付款成功,增加会员积分', null);
COMMIT;

-- ----------------------------
--  Table structure for `shop_promotion`
-- ----------------------------
DROP TABLE IF EXISTS `shop_promotion`;
CREATE TABLE `shop_promotion` (
  `p_id` int(11) NOT NULL AUTO_INCREMENT COMMENT '优惠id',
  `p_name` varchar(100) CHARACTER SET utf8 DEFAULT NULL COMMENT '优惠名称',
  `p_start_value` decimal(6,2) DEFAULT NULL COMMENT '优惠起始值',
  `p_promote_value` decimal(6,2) DEFAULT NULL COMMENT '优惠值',
  `pc_id` int(11) NOT NULL COMMENT '优惠分类id',
  `p_status` int(1) DEFAULT NULL COMMENT '优惠状态',
  `p_sort` int(5) DEFAULT NULL,
  PRIMARY KEY (`p_id`)
) ENGINE=InnoDB AUTO_INCREMENT=12 DEFAULT CHARSET=latin1;

-- ----------------------------
--  Records of `shop_promotion`
-- ----------------------------
BEGIN;
INSERT INTO `shop_promotion` VALUES ('7', 'test', '20.00', '2132.00', '1', '0', null), ('9', '满1000减300', '1000.00', '300.00', '2', '0', null), ('10', '满500打8折', '500.00', '0.80', '3', '0', null), ('11', '搜索', '1000.00', '100.00', '5', '0', null);
COMMIT;

-- ----------------------------
--  Table structure for `shop_promotion_class`
-- ----------------------------
DROP TABLE IF EXISTS `shop_promotion_class`;
CREATE TABLE `shop_promotion_class` (
  `pc_id` int(11) NOT NULL AUTO_INCREMENT COMMENT '优惠分类ID',
  `pc_name` varchar(100) CHARACTER SET utf8 DEFAULT NULL COMMENT '分类名称',
  `pc_sort` int(4) DEFAULT NULL COMMENT '排序',
  `pc_start_time` bigint(13) DEFAULT NULL COMMENT '开始时间',
  `pc_end_time` bigint(13) DEFAULT NULL COMMENT '结束日期',
  `pc_status` int(1) DEFAULT NULL COMMENT '状态',
  `create_time` bigint(13) DEFAULT NULL COMMENT '添加时间',
  PRIMARY KEY (`pc_id`)
) ENGINE=InnoDB AUTO_INCREMENT=6 DEFAULT CHARSET=latin1;

-- ----------------------------
--  Records of `shop_promotion_class`
-- ----------------------------
BEGIN;
INSERT INTO `shop_promotion_class` VALUES ('1', '满100免邮费', '0', '1443107999000', '1451576957000', '1', null), ('2', '满1000减300', '255', '1443108034000', '1443108037000', '1', null), ('3', '满500打8折', '1', '1443108077000', '1443108079000', '0', null), ('4', 'test', '255', '1443664833000', '1443751244000', '1', '1443580925745'), ('5', '100送30', '255', '1444183982000', '1446257585000', '1', '1444184496033');
COMMIT;

-- ----------------------------
--  Table structure for `shop_rec_position`
-- ----------------------------
DROP TABLE IF EXISTS `shop_rec_position`;
CREATE TABLE `shop_rec_position` (
  `rec_id` mediumint(8) unsigned NOT NULL AUTO_INCREMENT,
  `pic_type` enum('1','2','0') NOT NULL DEFAULT '1' COMMENT '0文字1本地图片2远程',
  `title` varchar(200) NOT NULL DEFAULT '' COMMENT '标题',
  `content` text NOT NULL COMMENT '序列化推荐位内容',
  PRIMARY KEY (`rec_id`)
) ENGINE=InnoDB DEFAULT CHARSET=utf8 COMMENT='推荐位';

-- ----------------------------
--  Table structure for `shop_refund_log`
-- ----------------------------
DROP TABLE IF EXISTS `shop_refund_log`;
CREATE TABLE `shop_refund_log` (
  `log_id` int(10) unsigned NOT NULL AUTO_INCREMENT COMMENT '退款记录ID',
  `order_id` int(10) unsigned NOT NULL COMMENT '订单ID',
  `refund_sn` varchar(100) NOT NULL COMMENT '退款编号',
  `order_sn` varchar(100) NOT NULL COMMENT '订单编号',
  `store_id` int(10) unsigned NOT NULL COMMENT '店铺ID',
  `store_name` varchar(20) NOT NULL COMMENT '店铺名称',
  `buyer_id` int(10) unsigned NOT NULL COMMENT '买家ID',
  `buyer_name` varchar(50) NOT NULL COMMENT '买家会员名',
  `order_amount` decimal(10,2) NOT NULL COMMENT '订单金额',
  `order_refund` decimal(10,2) NOT NULL COMMENT '退款金额',
  `refund_paymentname` varchar(50) NOT NULL COMMENT '支付方式名称',
  `refund_paymentcode` varchar(50) NOT NULL COMMENT '支付方式代码',
  `refund_message` varchar(300) DEFAULT NULL COMMENT '退款备注',
  `buyer_message` varchar(300) DEFAULT NULL COMMENT '退款原因',
  `admin_message` varchar(300) DEFAULT NULL COMMENT '管理员处理原因',
  `seller_time` bigint(13) DEFAULT NULL COMMENT '卖家处理时间',
  `admin_time` bigint(13) DEFAULT NULL COMMENT '管理员处理时间',
  `confirm_time` bigint(13) DEFAULT NULL COMMENT '买家确认收款时间',
  `refund_type` tinyint(1) unsigned DEFAULT '2' COMMENT '类型:1为买家,2为卖家,默认为2',
  `refund_state` tinyint(1) unsigned DEFAULT '2' COMMENT '状态:1为待处理,2为同意,3为拒绝,默认为2',
  `buyer_confirm` tinyint(1) unsigned DEFAULT '1' COMMENT '确认收款状态:1为待确认,2为已确认,默认为2',
  `create_time` bigint(13) DEFAULT NULL COMMENT '创建时间',
  PRIMARY KEY (`log_id`)
) ENGINE=InnoDB AUTO_INCREMENT=14 DEFAULT CHARSET=utf8 COMMENT='退款表';

-- ----------------------------
--  Records of `shop_refund_log`
-- ----------------------------
BEGIN;
INSERT INTO `shop_refund_log` VALUES ('5', '65', '820150804123623209', '20150804111132130', '10', '西域驼铃', '5', 'gyh99', '0.02', '0.02', '在线支付', '1', '', 'sdsad', null, null, null, null, '1', '2', '1', '20150914112456'), ('6', '63', '820150804124216127', '20150804110333104', '10', '西域驼铃', '5', 'gyh99', '0.02', '0.02', '在线支付', '1', '', 'sdsad', null, null, null, null, '1', '2', '1', '20150914112456'), ('7', '169', '820150825163347852', '20150825095556722', '9', '京川牦牛', '5', 'gyh99', '0.01', '0.01', '在线支付', '1', 'dadsa', 'yy', null, '1445324645452', null, null, '1', '2', '1', '20150825163347'), ('8', '168', '820150825200651811', '20150825095448410', '9', '京川牦牛', '5', 'gyh99', '0.01', '0.01', '在线支付', '1', 'sadsad', 'eufnw', null, '1445324560286', null, null, '1', '2', '1', '20150825200651'), ('9', '255', '820150831174203355', '20150831171025458', '9', '京川牦牛', '28', '吴世勋', '158.00', '158.00', '在线支付', '1', '', '拍错尺寸', null, null, null, null, '1', '3', '1', '20150914112456'), ('10', '253', '820150902152638637', '20150831170911586', '9', '京川牦牛', '28', '吴世勋', '158.00', '158.00', '在线支付', '1', '', '今天退款', null, null, null, null, '1', '3', '1', '20150914112456'), ('11', '254', '820150902152735467', '20150831171012076', '9', '京川牦牛', '28', '吴世勋', '168.00', '2.00', '在线支付', '1', '', '2', null, null, null, null, '1', '3', '1', '20150914112456'), ('12', '433', '820151020121202211', '20151019173723221', '9', '京川牦牛', '7', 'gyh98', '564.00', '564.00', '在线支付', '1', null, 'sdad', null, null, null, null, '1', '1', '1', '1445314322371'), ('13', '439', '820151021123111864', '20151020172734119', '9', '京川牦牛', '7', 'gyh98', '158.00', '158.00', '在线支付', '1', null, '的的丰盛的', null, null, null, null, '1', '1', '1', '1445401871988');
COMMIT;

-- ----------------------------
--  Table structure for `shop_refund_reason`
-- ----------------------------
DROP TABLE IF EXISTS `shop_refund_reason`;
CREATE TABLE `shop_refund_reason` (
  `reason_id` int(10) unsigned NOT NULL AUTO_INCREMENT COMMENT '原因ID',
  `reason_info` varchar(50) NOT NULL COMMENT '原因内容',
  `sort` tinyint(1) unsigned DEFAULT '255' COMMENT '排序',
  `update_time` bigint(10) unsigned NOT NULL COMMENT '更新时间',
  PRIMARY KEY (`reason_id`)
) ENGINE=InnoDB AUTO_INCREMENT=100 DEFAULT CHARSET=utf8 COMMENT='退款退货原因表';

-- ----------------------------
--  Records of `shop_refund_reason`
-- ----------------------------
BEGIN;
INSERT INTO `shop_refund_reason` VALUES ('95', '效果不好不喜欢', '123', '1393480261'), ('96', '商品破损、有污渍', '123', '1393480261'), ('97', '保质期不符', '123', '1393480261'), ('98', '认为是假货', '123', '1393480261'), ('99', '不能按时发货', '123', '1393480261');
COMMIT;

-- ----------------------------
--  Table structure for `shop_refund_return`
-- ----------------------------
DROP TABLE IF EXISTS `shop_refund_return`;
CREATE TABLE `shop_refund_return` (
  `refund_id` int(10) unsigned NOT NULL AUTO_INCREMENT COMMENT '记录ID',
  `order_id` int(10) unsigned NOT NULL COMMENT '订单ID',
  `order_sn` varchar(50) NOT NULL COMMENT '订单编号',
  `refund_sn` varchar(50) NOT NULL COMMENT '申请编号',
  `store_id` int(10) unsigned NOT NULL COMMENT '店铺ID',
  `store_name` varchar(20) NOT NULL COMMENT '店铺名称',
  `buyer_id` int(10) unsigned NOT NULL COMMENT '买家ID',
  `buyer_name` varchar(50) NOT NULL COMMENT '买家会员名',
  `goods_id` int(10) unsigned NOT NULL COMMENT '商品ID,全部退款是0',
  `order_goods_id` int(10) unsigned DEFAULT '0' COMMENT '订单商品ID,全部退款是0',
  `goods_name` varchar(50) NOT NULL COMMENT '商品名称',
  `goods_num` int(10) unsigned DEFAULT '1' COMMENT '商品数量',
  `refund_amount` decimal(10,2) DEFAULT '0.00' COMMENT '退款金额',
  `goods_image` varchar(100) DEFAULT NULL COMMENT '商品图片',
  `order_goods_type` tinyint(1) unsigned DEFAULT '1' COMMENT '订单商品类型:1默认2团购商品3限时折扣商品4组合套装',
  `refund_type` tinyint(1) unsigned DEFAULT '1' COMMENT '申请类型:1为退款,2为退货,默认为1',
  `seller_state` tinyint(1) unsigned DEFAULT NULL COMMENT '卖家处理状态:1为待审核,2为同意,3为不同意,默认为1',
  `refund_state` tinyint(1) unsigned DEFAULT NULL COMMENT '申请状态:1为处理中,2为待管理员处理,3为已完成,默认为1',
  `return_type` tinyint(1) unsigned DEFAULT NULL COMMENT '退货类型:1为不用退货,2为需要退货,默认为1',
  `order_lock` tinyint(1) unsigned DEFAULT '1' COMMENT '订单锁定类型:1为不用锁定,2为需要锁定,默认为1',
  `goods_state` tinyint(1) unsigned DEFAULT NULL COMMENT '物流状态:1为待发货,2为待收货,3为未收到,4为已收货,默认为1',
  `create_time` bigint(13) unsigned NOT NULL COMMENT '添加时间',
  `seller_time` bigint(13) unsigned DEFAULT NULL COMMENT '卖家处理时间',
  `admin_time` bigint(13) unsigned DEFAULT NULL COMMENT '管理员处理时间',
  `reason_id` int(10) unsigned DEFAULT '0' COMMENT '原因ID:0为其它',
  `reason_info` varchar(300) DEFAULT '' COMMENT '原因内容',
  `pic_info` varchar(300) DEFAULT '' COMMENT '图片',
  `buyer_message` varchar(300) DEFAULT NULL COMMENT '申请原因',
  `seller_message` varchar(300) DEFAULT NULL COMMENT '卖家备注',
  `admin_message` varchar(300) DEFAULT NULL COMMENT '管理员备注',
  `express_id` tinyint(1) unsigned DEFAULT '0' COMMENT '物流公司编号',
  `invoice_no` varchar(50) DEFAULT NULL COMMENT '物流单号',
  `ship_time` bigint(13) unsigned DEFAULT NULL COMMENT '发货时间',
  `delay_time` bigint(13) unsigned DEFAULT NULL COMMENT '收货延迟时间',
  `receive_time` bigint(13) unsigned DEFAULT NULL COMMENT '收货时间',
  `receive_message` varchar(300) DEFAULT NULL COMMENT '收货备注',
  `commis_rate` smallint(6) DEFAULT '0' COMMENT '佣金比例',
  `express_name` varchar(50) DEFAULT NULL COMMENT '物流公司名称',
  PRIMARY KEY (`refund_id`)
) ENGINE=InnoDB AUTO_INCREMENT=4 DEFAULT CHARSET=utf8 COMMENT='退款退货表';

-- ----------------------------
--  Records of `shop_refund_return`
-- ----------------------------
BEGIN;
INSERT INTO `shop_refund_return` VALUES ('1', '447', '20151027144021835', '920151103164436933', '0', '京川牦牛', '7', 'gyh98', '34', '477', ' 百年纪念高跟鞋', '1', '0.00', '/upload/img/store/9/1439366644808.jpg', '0', '2', '2', '2', '2', '2', '4', '1446540277078', '1446544187026', null, '0', '', '', '萨达萨达', null, null, '7', 'dsadas', '1446712985824', '13171', '1446712998995', null, '0', '德邦物流'), ('2', '445', '20151026181700821', '920151103225421922', '0', '京川牦牛', '7', 'gyh98', '34', '475', ' 百年纪念高跟鞋', '1', '0.00', '/upload/img/store/9/1439366644808.jpg', '0', '2', '2', '3', '2', '2', '4', '1446562461940', '1446562834406', '1446625413174', '0', '', '/upload/img/returnOrder//1446562453647.jpg,/upload/img/returnOrder//1446562455858.jpg,/upload/img/returnOrder//1446562458912.jpg,', 'sadsadasd', 'dsads', '的撒', '2', 'sdsaddsad', '1446565172854', '1102065', '1446566274919', null, '0', null), ('3', '444', '20151026181453993', '920151105160424525137838', '0', '京川牦牛', '7', 'gyh98', '34', '474', ' 百年纪念高跟鞋', '1', '0.00', '/upload/img/store/9/1439366644808.jpg', '0', '2', '2', '2', '2', '2', '4', '1446710664544', '1446712679811', null, '0', '', '/upload/img/returnOrder//1446710662870.jpg,', 'sdadsad', 'sdsdfsdf', null, '30', 'sdsfd', '1446712801146', '627767', '1446713428913', null, '0', '速尔快递');
COMMIT;

-- ----------------------------
--  Table structure for `shop_rel_goods_recommend`
-- ----------------------------
DROP TABLE IF EXISTS `shop_rel_goods_recommend`;
CREATE TABLE `shop_rel_goods_recommend` (
  `rel_id` int(11) NOT NULL AUTO_INCREMENT COMMENT 'id',
  `recommend_id` int(11) DEFAULT NULL COMMENT '推荐id',
  `goods_id` int(11) DEFAULT NULL COMMENT '商品id',
  `sort` int(4) DEFAULT NULL COMMENT '排序',
  PRIMARY KEY (`rel_id`)
) ENGINE=InnoDB AUTO_INCREMENT=23 DEFAULT CHARSET=latin1;

-- ----------------------------
--  Records of `shop_rel_goods_recommend`
-- ----------------------------
BEGIN;
INSERT INTO `shop_rel_goods_recommend` VALUES ('2', '1', '8', null), ('3', '1', '9', null), ('4', '1', '10', null), ('5', '1', '11', null), ('6', '1', '12', null), ('7', '1', '13', null), ('8', '2', '24', null), ('9', '2', '25', null), ('10', '2', '26', null), ('11', '2', '27', null), ('12', '2', '28', null), ('13', '2', '29', null), ('14', '2', '30', null), ('15', '3', '34', null), ('16', '3', '35', null), ('17', '3', '36', null), ('18', '3', '37', null), ('19', '3', '38', null), ('20', '3', '39', null), ('21', '3', '40', null), ('22', '3', '42', null);
COMMIT;

-- ----------------------------
--  Table structure for `shop_return_log`
-- ----------------------------
DROP TABLE IF EXISTS `shop_return_log`;
CREATE TABLE `shop_return_log` (
  `id` int(11) NOT NULL AUTO_INCREMENT COMMENT '退货处理历史索引id',
  `return_id` int(11) NOT NULL COMMENT '退货表id',
  `return_state` varchar(20) NOT NULL COMMENT '退货状态信息',
  `change_state` varchar(20) NOT NULL COMMENT '下一步退货状态信息',
  `state_info` varchar(255) NOT NULL COMMENT '退货状态描述',
  `create_time` bigint(13) DEFAULT NULL COMMENT '处理时间',
  `operator` varchar(30) NOT NULL COMMENT '操作人',
  PRIMARY KEY (`id`)
) ENGINE=InnoDB AUTO_INCREMENT=759 DEFAULT CHARSET=utf8 COMMENT='退货处理历史表';

-- ----------------------------
--  Records of `shop_return_log`
-- ----------------------------
BEGIN;
INSERT INTO `shop_return_log` VALUES ('721', '12', '1', '2', '您的退货服务已申请成功,等待卖家审核', '1445584135579', 'gyh98'), ('722', '13', '1', '2', '您的退货服务已申请成功,等待卖家审核', '1445584193950', 'gyh98'), ('723', '14', '1', '2', '您的退货服务已申请成功,等待卖家审核', '1445584617567', 'gyh98'), ('724', '15', '1', '2', '您的退货服务已申请成功,等待卖家审核', '1445584748241', 'gyh98'), ('725', '16', '1', '2', '您的退货服务已申请成功,等待卖家审核', '1445584975572', 'gyh98'), ('726', '17', '1', '2', '您的退货服务已申请成功,等待卖家审核', '1445585025828', 'gyh98'), ('727', '18', '1', '2', '您的退货服务已申请成功,等待卖家审核', '1445585153416', 'gyh98'), ('728', '19', '1', '2', '您的退货服务已申请成功,等待卖家审核', '1445586254343', 'gyh98'), ('729', '20', '1', '2', '您的退货服务已申请成功,等待卖家审核', '1445784587821', 'gyh98'), ('730', '21', '1', '2', '您的退货服务已申请成功,等待卖家审核', '1445791978338', 'gyh98'), ('731', '22', '1', '2', '您的退货服务已申请成功,等待卖家审核', '1445855181579', 'gyh98'), ('732', '22', '3', '4', '买家已发货,等待卖家确认', '1445881513431', 'gyh98'), ('733', '22', '3', '4', '买家已发货,等待卖家确认', '1445881615061', 'gyh98'), ('734', '22', '4', '5', '卖家已收货,等待卖家退款', '1445885270256', '京川牦牛'), ('735', '22', '5', '6', '卖家已退款,等待买家确认', '1445889889018', '京川牦牛'), ('736', '22', '6', '', '买家确认收款,退货成功!', '1445889905498', 'gyh98'), ('737', '23', '1', '2', '买家的退货服务已申请成功,等待卖家审核', '1445926878274', 'gyh98'), ('738', '24', '1', '2', '买家的退货服务已申请成功,等待卖家审核', '1445927595710', 'gyh98'), ('739', '24', '2', '3', '退货服务已通过卖家审核,请买家尽快将商品寄回', '1445927613359', '京川牦牛'), ('740', '1', '1', '1', '买家的退货服务已申请成功,等待卖家审核', '1446540277140', 'gyh98'), ('741', '1', '2', '2', '退货服务已通过卖家审核,请买家尽快将商品寄回', '1446544187088', '京川牦牛'), ('742', '2', '1', '1', '买家的退货服务已申请成功,等待卖家审核', '1446562462080', 'gyh98'), ('743', '2', '2', '2', '退货服务已通过卖家审核,请买家尽快将商品寄回', '1446562834436', '京川牦牛'), ('744', '2', '2', '2', '买家已发货,等待卖家收货', '1446565172893', 'gyh98'), ('745', '2', '2', '2', '卖家已收货,等待管理员审核退款', '1446566274964', '京川牦牛'), ('746', '3', '1', '1', '买家的退货服务已申请成功,等待卖家审核', '1446710664628', 'gyh98'), ('747', '3', '2', '2', '退货服务已通过卖家审核,请买家尽快将商品寄回', '1446712679838', '平台自营'), ('748', '3', '2', '2', '买家已发货,等待卖家收货', '1446712801183', 'gyh98'), ('749', '3', '2', '2', '卖家已收货,等待系统审核退款', '1446712962066', '平台自营'), ('750', '1', '2', '2', '买家已发货,等待卖家收货', '1446712985829', 'gyh98'), ('751', '1', '2', '2', '卖家已收货,等待系统审核退款', '1446712999003', '平台自营'), ('752', '3', '2', '2', '卖家已收货,等待系统审核退款', '1446713076320', '平台自营'), ('753', '3', '2', '2', '卖家已收货,等待系统审核退款', '1446713142209', '平台自营'), ('754', '3', '2', '2', '卖家已收货,等待系统审核退款', '1446713182660', '平台自营'), ('755', '3', '2', '2', '卖家已收货,等待系统审核退款', '1446713315388', '平台自营'), ('756', '3', '2', '2', '卖家已收货,等待系统审核退款', '1446713345068', '平台自营'), ('757', '3', '2', '2', '卖家已收货,等待系统审核退款', '1446713386177', '平台自营'), ('758', '3', '2', '2', '卖家已收货,等待系统审核退款', '1446713428918', '平台自营');
COMMIT;

-- ----------------------------
--  Table structure for `shop_role`
-- ----------------------------
DROP TABLE IF EXISTS `shop_role`;
CREATE TABLE `shop_role` (
  `r_id` int(10) NOT NULL AUTO_INCREMENT COMMENT '角色ID',
  `r_name` varchar(50) NOT NULL COMMENT '角色名称',
  `create_time` bigint(13) NOT NULL COMMENT '创建时间',
  `r_description` varchar(255) DEFAULT NULL COMMENT '角色描述',
  `r_alias` varchar(50) DEFAULT NULL COMMENT '角色别名',
  PRIMARY KEY (`r_id`)
) ENGINE=InnoDB AUTO_INCREMENT=20 DEFAULT CHARSET=utf8 COMMENT='平台后台角色';

-- ----------------------------
--  Records of `shop_role`
-- ----------------------------
BEGIN;
INSERT INTO `shop_role` VALUES ('11', '超级管理员', '20150316095648', '超级管理员', null), ('16', '高级管理员', '20150825070151', '高级管理员', 'manager'), ('18', '普通管理员', '20150316095658', '普通管理员', null), ('19', '测试管理员1', '20150907113355', '测试管理员描述1', '请选择');
COMMIT;

-- ----------------------------
--  Table structure for `shop_role_menu`
-- ----------------------------
DROP TABLE IF EXISTS `shop_role_menu`;
CREATE TABLE `shop_role_menu` (
  `role_id` int(10) NOT NULL,
  `menu_id` int(10) NOT NULL
) ENGINE=InnoDB DEFAULT CHARSET=utf8 COMMENT='角色菜单表';

-- ----------------------------
--  Records of `shop_role_menu`
-- ----------------------------
BEGIN;
INSERT INTO `shop_role_menu` VALUES ('18', '17'), ('18', '35'), ('18', '36'), ('18', '37'), ('18', '38'), ('16', '17'), ('16', '35'), ('16', '36'), ('16', '37'), ('16', '38'), ('16', '81'), ('16', '18'), ('16', '39'), ('16', '40'), ('16', '41'), ('16', '42'), ('16', '43'), ('16', '19'), ('16', '44'), ('16', '110'), ('16', '20'), ('16', '45'), ('16', '46'), ('16', '47'), ('16', '21'), ('16', '48'), ('16', '49'), ('16', '50'), ('16', '51'), ('16', '52'), ('16', '109'), ('16', '16'), ('16', '30'), ('16', '31'), ('16', '32'), ('16', '72'), ('16', '75'), ('16', '77'), ('16', '79'), ('16', '80'), ('16', '108'), ('16', '115'), ('16', '87'), ('16', '83'), ('16', '84'), ('16', '85'), ('16', '86'), ('16', '104'), ('16', '105'), ('16', '106'), ('16', '88'), ('16', '89'), ('16', '90'), ('16', '93'), ('16', '94'), ('16', '95'), ('16', '96'), ('16', '98'), ('16', '99'), ('16', '100'), ('16', '101'), ('16', '107'), ('16', '112'), ('16', '113'), ('16', '114'), ('19', '15'), ('19', '27'), ('19', '17'), ('19', '35'), ('19', '36'), ('19', '37'), ('19', '18'), ('19', '39'), ('19', '40'), ('19', '41'), ('19', '118'), ('19', '119'), ('11', '17'), ('11', '35'), ('11', '36'), ('11', '37'), ('11', '38'), ('11', '81'), ('11', '18'), ('11', '39'), ('11', '40'), ('11', '41'), ('11', '19'), ('11', '44'), ('11', '110'), ('11', '20'), ('11', '45'), ('11', '46'), ('11', '47'), ('11', '123'), ('11', '21'), ('11', '48'), ('11', '49'), ('11', '50'), ('11', '51'), ('11', '52'), ('11', '109'), ('11', '22'), ('11', '53'), ('11', '60'), ('11', '62'), ('11', '16'), ('11', '30'), ('11', '31'), ('11', '32'), ('11', '72'), ('11', '75'), ('11', '77'), ('11', '79'), ('11', '80'), ('11', '108'), ('11', '115'), ('11', '116'), ('11', '120'), ('11', '121'), ('11', '122'), ('11', '87'), ('11', '83'), ('11', '84'), ('11', '85'), ('11', '86'), ('11', '104'), ('11', '105'), ('11', '106'), ('11', '119'), ('11', '88'), ('11', '89'), ('11', '90'), ('11', '92'), ('11', '93'), ('11', '94'), ('11', '95'), ('11', '96'), ('11', '97'), ('11', '98'), ('11', '99'), ('11', '100'), ('11', '101'), ('11', '107'), ('11', '112'), ('11', '113'), ('11', '114');
COMMIT;

-- ----------------------------
--  Table structure for `shop_salenum`
-- ----------------------------
DROP TABLE IF EXISTS `shop_salenum`;
CREATE TABLE `shop_salenum` (
  `date` int(8) unsigned NOT NULL COMMENT '销售日期',
  `salenum` int(11) unsigned NOT NULL COMMENT '销量',
  `goods_id` int(11) unsigned NOT NULL COMMENT '商品ID',
  `store_id` int(11) unsigned NOT NULL COMMENT '店铺ID'
) ENGINE=InnoDB DEFAULT CHARSET=utf8 COMMENT='销量统计表';

-- ----------------------------
--  Table structure for `shop_seller`
-- ----------------------------
DROP TABLE IF EXISTS `shop_seller`;
CREATE TABLE `shop_seller` (
  `seller_id` int(10) unsigned NOT NULL AUTO_INCREMENT COMMENT '卖家编号',
  `seller_name` varchar(50) NOT NULL COMMENT '卖家用户名',
  `member_id` int(10) unsigned NOT NULL COMMENT '用户编号',
  `seller_group_id` int(10) unsigned NOT NULL COMMENT '卖家组编号',
  `store_id` int(10) unsigned NOT NULL COMMENT '店铺编号',
  `is_admin` tinyint(3) unsigned NOT NULL COMMENT '是否管理员(0-不是 1-是)',
  `seller_quicklink` varchar(255) DEFAULT NULL COMMENT '卖家快捷操作',
  `last_login_time` bigint(13) DEFAULT NULL COMMENT '最后登录时间',
  `is_del` tinyint(1) DEFAULT NULL,
  `create_time` bigint(13) DEFAULT NULL COMMENT '创建时间',
  `update_time` bigint(13) DEFAULT NULL COMMENT '修改时间',
  PRIMARY KEY (`seller_id`)
) ENGINE=InnoDB AUTO_INCREMENT=2 DEFAULT CHARSET=utf8 COMMENT='卖家用户表';

-- ----------------------------
--  Records of `shop_seller`
-- ----------------------------
BEGIN;
INSERT INTO `shop_seller` VALUES ('1', 'seller', '2', '0', '4', '1', null, null, '0', null, null);
COMMIT;

-- ----------------------------
--  Table structure for `shop_seller_group`
-- ----------------------------
DROP TABLE IF EXISTS `shop_seller_group`;
CREATE TABLE `shop_seller_group` (
  `group_id` int(10) unsigned NOT NULL AUTO_INCREMENT COMMENT '卖家组编号',
  `group_name` varchar(50) NOT NULL COMMENT '组名',
  `limits` text NOT NULL COMMENT '权限',
  `store_id` int(10) unsigned NOT NULL COMMENT '店铺编号',
  PRIMARY KEY (`group_id`)
) ENGINE=InnoDB DEFAULT CHARSET=utf8 COMMENT='卖家用户组表';

-- ----------------------------
--  Table structure for `shop_seller_log`
-- ----------------------------
DROP TABLE IF EXISTS `shop_seller_log`;
CREATE TABLE `shop_seller_log` (
  `log_id` int(10) unsigned NOT NULL AUTO_INCREMENT COMMENT '日志编号',
  `log_content` varchar(50) NOT NULL COMMENT '日志内容',
  `create_time` bigint(13) DEFAULT NULL COMMENT '日志生成时间',
  `log_seller_id` int(10) unsigned NOT NULL COMMENT '卖家编号',
  `log_seller_name` varchar(50) NOT NULL COMMENT '卖家帐号',
  `log_store_id` int(10) unsigned NOT NULL COMMENT '店铺编号',
  `log_seller_ip` varchar(50) NOT NULL COMMENT '卖家ip',
  `log_url` varchar(50) NOT NULL COMMENT '日志url',
  `log_state` tinyint(3) unsigned NOT NULL COMMENT '日志状态(0-失败 1-成功)',
  PRIMARY KEY (`log_id`)
) ENGINE=InnoDB DEFAULT CHARSET=utf8 COMMENT='卖家日志表';

-- ----------------------------
--  Table structure for `shop_seo`
-- ----------------------------
DROP TABLE IF EXISTS `shop_seo`;
CREATE TABLE `shop_seo` (
  `id` mediumint(8) unsigned NOT NULL AUTO_INCREMENT COMMENT '主键',
  `title` varchar(255) NOT NULL COMMENT '标题',
  `keywords` varchar(255) NOT NULL COMMENT '关键词',
  `description` text NOT NULL COMMENT '描述',
  `type` varchar(20) NOT NULL COMMENT '类型',
  UNIQUE KEY `id` (`id`) USING BTREE
) ENGINE=InnoDB DEFAULT CHARSET=utf8 COMMENT='SEO信息存放表';

-- ----------------------------
--  Table structure for `shop_setting`
-- ----------------------------
DROP TABLE IF EXISTS `shop_setting`;
CREATE TABLE `shop_setting` (
  `name` varchar(50) NOT NULL COMMENT '名称',
  `value` text COMMENT '值',
  PRIMARY KEY (`name`)
) ENGINE=InnoDB DEFAULT CHARSET=utf8 COMMENT='系统设置表';

-- ----------------------------
--  Records of `shop_setting`
-- ----------------------------
BEGIN;
INSERT INTO `shop_setting` VALUES ('consult', '{\"consult_isShow\":\"0\"}'), ('goods_isApply', '{\"goods_isApply\":\"0\"}'), ('images', '{\"big_pic_height\":\"400\",\"thumbnail_pic_height\":\"200\",\"tiny_pic_width\":\"100\",\"thumbnail_pic_width\":\"200\",\"update_val\":\"\",\"big_pic_width\":\"400\",\"small_pic_height\":\"300\",\"tiny_pic_height\":\"100\",\"small_pic_width\":\"300\"}'), ('points', '{\"email_cons\":\"20\",\"uppiccom_rank\":\"30\",\"register_rank\":\"50\",\"persdata_cons\":\"20\",\"comment_cons\":\"10\",\"buygoods_rank\":\"1\",\"goodsfirstcom_cons\":\"50\",\"sign_rank\":\"5\",\"goodsfirstcom_rank\":\"50\",\"persdata_rank\":\"20\",\"buygoods_cons\":\"1\",\"comment_rank\":\"10\",\"login_cons\":\"5\",\"recfriend_rank\":\"5\",\"recharge_rank\":\"0\",\"recfriend_cons\":\"50\",\"uppiccom_cons\":\"30\",\"email_rank\":\"20\",\"onlinepay_cons\":\"10\",\"recharge_cons\":\"50\",\"login_rank\":\"10\",\"sign_cons\":\"5\",\"register_cons\":\"50\",\"onlinepay_rank\":\"10\"}'), ('redisCache', '{\"dic_seconds\":\"664\",\"adv_seconds\":\"555\",\"category_seconds\":\"6666\",\"dic_isShow\":\"0\",\"adv_isShow\":\"1\",\"other_isShow\":\"1\",\"other_seconds\":\"43\",\"category_isShow\":\"0\"}'), ('site', '{\"logo\":\"/1446023038117.jpg\",\"siteKey\":\"leimingkey2222\",\"siteName\":\"leimingtech2222\",\"siteDiscription\":\"leimingkeyleimingkey22222\",\"siteTitle\":\"leiming22222\"}');
COMMIT;

-- ----------------------------
--  Table structure for `shop_spec`
-- ----------------------------
DROP TABLE IF EXISTS `shop_spec`;
CREATE TABLE `shop_spec` (
  `sp_id` int(10) unsigned NOT NULL AUTO_INCREMENT COMMENT '规格id',
  `sp_name` varchar(100) NOT NULL COMMENT '规格名称',
  `sp_format` int(1) NOT NULL COMMENT '0:text; 1:image',
  `sp_value` text NOT NULL COMMENT '规格值列',
  `sp_sort` tinyint(1) unsigned NOT NULL COMMENT '排序',
  PRIMARY KEY (`sp_id`)
) ENGINE=InnoDB AUTO_INCREMENT=62 DEFAULT CHARSET=utf8 COMMENT='商品规格表';

-- ----------------------------
--  Records of `shop_spec`
-- ----------------------------
BEGIN;
INSERT INTO `shop_spec` VALUES ('1', '颜色', '1', '红色,黑色,蓝色,金色,银色,深空灰,绿色,紫色,白色,灰色,粉色,黄色,牛仔蓝,宝蓝,酒红', '0'), ('3', '屏幕尺寸', '0', '4.7,5.5', '0'), ('4', '版本', '0', '移动4G,联通4G,电信4G,5000毫安,10000毫安,11.6英寸128GB,13.3英寸128GB', '0'), ('5', '容量', '0', '16G,32G,64G,128G', '0'), ('9', '尺码', '0', 'L,M,S,35,36,38,37,39,可调节大小(54-60cm),可调节大小', '0'), ('10', '选择版本', '0', '50英寸2.5年新版,50英寸2.5年老版,50英寸超高清,40英寸特价款', '0'), ('13', '测试', '0', '1,3', '0'), ('15', '颜色', '1', '红色,黑色,白色', '1'), ('16', '形状', '1', '圆型,三角形,', '1'), ('19', '大小', '1', '大,', '0'), ('22', '大小', '1', '大,', '0'), ('26', '大小', '1', '大,', '0');
COMMIT;

-- ----------------------------
--  Table structure for `shop_spec_value`
-- ----------------------------
DROP TABLE IF EXISTS `shop_spec_value`;
CREATE TABLE `shop_spec_value` (
  `sp_value_id` int(10) unsigned NOT NULL AUTO_INCREMENT COMMENT '规格值id',
  `sp_value_name` varchar(100) NOT NULL COMMENT '规格值名称',
  `sp_id` int(10) unsigned NOT NULL COMMENT '所属规格id',
  `sp_value_image` varchar(100) DEFAULT NULL COMMENT '规格图片',
  `sp_value_sort` tinyint(1) unsigned NOT NULL COMMENT '排序',
  PRIMARY KEY (`sp_value_id`)
) ENGINE=InnoDB AUTO_INCREMENT=309 DEFAULT CHARSET=utf8 COMMENT='商品规格值表';

-- ----------------------------
--  Records of `shop_spec_value`
-- ----------------------------
BEGIN;
INSERT INTO `shop_spec_value` VALUES ('10', '4.7', '3', null, '0'), ('11', '5.5', '3', null, '1'), ('36', '16G', '5', null, '0'), ('37', '32G', '5', null, '1'), ('38', '64G', '5', null, '2'), ('39', '128G', '5', null, '3'), ('45', '移动4G', '4', null, '0'), ('46', '联通4G', '4', null, '1'), ('47', '电信4G', '4', null, '2'), ('48', '5000毫安', '4', null, '3'), ('49', '10000毫安', '4', null, '4'), ('50', '11.6英寸128GB', '4', null, '5'), ('51', '13.3英寸128GB', '4', null, '6'), ('152', '50英寸2.5年新版', '10', null, '1'), ('153', '50英寸2.5年老版', '10', null, '2'), ('154', '50英寸超高清', '10', null, '3'), ('155', '40英寸特价款', '10', null, '4'), ('166', '红色', '1', '', '1'), ('167', '黑色', '1', '', '2'), ('168', '蓝色', '1', '', '3'), ('169', '金色', '1', '', '4'), ('170', '银色', '1', '', '5'), ('171', '深空灰', '1', '', '6'), ('172', '绿色', '1', '', '7'), ('173', '紫色', '1', '', '8'), ('174', '白色', '1', '', '9'), ('175', '灰色', '1', '', '10'), ('176', '粉色', '1', '', '11'), ('177', '黄色', '1', '', '12'), ('178', '牛仔蓝', '1', '', '13'), ('179', '宝蓝', '1', '', '14'), ('180', '酒红', '1', '', '15'), ('189', '1', '13', null, '1'), ('190', '3', '13', null, '2'), ('195', '红色', '15', '/upload/img/spec/1444963339947.png', '1'), ('196', '黑色', '15', '/upload/img/spec/1444963352404.png', '2'), ('197', '白色', '15', '/upload/img/spec/1444963368084.png', '3'), ('198', '圆型', '16', '', '1'), ('199', '三角形', '16', '/upload/img/spec/1444963742327.png', '2'), ('204', '大', '19', '/upload/img/spec/1444963687148.png', '1'), ('207', '大', '22', '/upload/img/spec/1444963687148.png', '1'), ('211', '大', '26', '/upload/img/spec/1444963687148.png', '1'), ('292', 'L', '9', null, '0'), ('293', 'M', '9', null, '1'), ('294', 'S', '9', null, '2'), ('295', '35', '9', null, '3'), ('296', '36', '9', null, '4'), ('297', '38', '9', null, '6'), ('298', '37', '9', null, '5'), ('299', '39', '9', null, '7'), ('300', '可调节大小(54-60cm)', '9', null, '8'), ('301', '可调节大小', '9', null, '9');
COMMIT;

-- ----------------------------
--  Table structure for `shop_stat_goods`
-- ----------------------------
DROP TABLE IF EXISTS `shop_stat_goods`;
CREATE TABLE `shop_stat_goods` (
  `s_id` int(11) NOT NULL AUTO_INCREMENT COMMENT 'id',
  `goods_name` varchar(99) DEFAULT NULL COMMENT '商品名称',
  `goods_id` int(11) DEFAULT NULL COMMENT '商品id',
  `member_name` varchar(19) DEFAULT NULL COMMENT '会员名称',
  `member_id` int(11) DEFAULT NULL COMMENT '会员名称',
  `login_ip` varchar(19) DEFAULT NULL COMMENT '登陆者ip',
  `login_time` bigint(13) DEFAULT NULL COMMENT '登陆时间',
  `store_id` int(11) DEFAULT NULL COMMENT '店铺id',
  `province` varchar(19) DEFAULT NULL COMMENT '省',
  `city` varchar(19) DEFAULT NULL,
  `area` varchar(19) DEFAULT NULL COMMENT '区',
  PRIMARY KEY (`s_id`)
) ENGINE=InnoDB AUTO_INCREMENT=1343 DEFAULT CHARSET=utf8 COMMENT='商品浏览日志表';

-- ----------------------------
--  Records of `shop_stat_goods`
-- ----------------------------
BEGIN;
INSERT INTO `shop_stat_goods` VALUES ('1', 'iphone6', '5', null, null, '221.193.255.6', null, '10', '河北省', '石家庄市', null), ('2', '三星（SAMSUNG) 移动电源 白色', '9', 'gyh99', '5', '221.193.255.6', null, '9', '河北省', '石家庄市', null), ('3', 'iphone6', '5', 'gyh99', '5', '221.193.255.6', null, '10', '河北省', '石家庄市', null), ('4', 'iphone6', '5', null, null, '221.193.255.6', null, '10', '浙江省', '杭州市', null), ('5', 'iphone6', '5', null, null, '221.193.255.6', null, '10', '黑龙江省', '哈尔滨市', null), ('6', 'iphone6', '5', null, null, '221.193.255.6', null, '10', '黑龙江省', '哈尔滨市', null), ('7', '尿不湿', '45', null, null, '221.193.255.6', null, '0', '黑龙江省', '哈尔滨市', null), ('8', 'iphone6', '5', null, null, '221.193.255.6', null, '10', '湖北省', '武汉市', null), ('9', 'iphone6', '5', null, null, '221.193.255.6', null, '10', '河北省', '石家庄市', null), ('10', 'iphone6', '5', null, null, '221.193.255.6', null, '10', '湖北省', '武汉市', null), ('11', 'iphone6', '5', null, null, '221.193.255.6', null, '10', '福建省', '厦门市', null), ('12', 'iphone6', '5', null, null, '221.193.255.6', null, '10', '湖北省', '武汉市', null), ('13', 'iphone6', '5', 'admin', '19', '221.193.255.6', null, '10', '湖北省', '武汉市', null), ('14', 'iphone6', '5', null, null, '221.193.255.6', null, '10', '四川省', '绵阳市', null), ('15', 'iphone6', '5', null, null, '221.193.255.6', null, '10', '四川省', '成都市', null), ('16', 'iphone6', '5', null, null, '221.193.255.6', null, '10', '四川省', '成都市', null), ('17', 'iphone6', '5', null, null, '221.193.255.6', null, '10', '四川省', '成都市', null), ('18', 'iphone6', '5', null, null, '221.193.255.6', null, '10', '四川省', '成都市', null), ('19', 'iphone6', '5', null, null, '221.193.255.6', null, '10', '四川省', '成都市', null), ('20', 'iphone6', '5', null, null, '221.193.255.6', null, '10', '浙江省', '杭州市', null), ('21', 'iphone6', '5', null, null, '221.193.255.6', null, '10', '广东省', '广州市', null), ('22', 'iphone6', '5', null, null, '221.193.255.6', null, '10', '江苏省', '南京市', null), ('23', '尿不湿', '45', null, null, '221.193.255.6', null, '0', '湖北省', '武汉市', null), ('24', 'iphone6', '5', null, null, '221.193.255.6', null, '10', '广东省', '深圳市', null), ('25', '珂卡芙春季新款黑色高跟浅口单鞋女水钻串珠甜美圆头高跟鞋细跟低帮鞋子防水台女鞋 杏色 35', '39', null, null, '58.132.170.171', null, '9', '北京市省', null, null), ('26', 'Apple iPhone 6 Plus (A1524) 16GB 金色 移动联通电信4G手机', '7', null, null, '59.40.3.213', null, '9', '广东省', null, null), ('27', ' bubufeifei2015夏季新款高跟鞋女 水钻细跟女鞋婚鞋单鞋 珍珠白', '35', null, null, '117.158.158.36', null, '9', '河南省', null, null), ('28', ' bubufeifei2015夏季新款高跟鞋女 水钻细跟女鞋婚鞋单鞋 珍珠白', '35', null, null, '117.158.158.36', null, '9', '河南省', null, null), ('29', 'exo吴世勋同款鸭舌帽子韩国帽子女夏天潮嘻哈帽平沿棒球帽男潮牌', '47', null, null, '58.132.170.171', null, '13', '北京市省', null, null), ('30', ' Apple iPhone 6 (A1586) 16GB 金色 移动联通电信4G手机', '6', null, null, '223.91.56.199', null, '10', '河南省', null, null), ('31', 'KRAVITZ牛仔布料吴世勋帽子潮流棒球帽平檐帽EXO同款嘻哈平沿帽子', '49', null, null, '58.132.170.171', null, '13', '北京市省', null, null), ('32', 'exo吴世勋同款鸭舌帽子韩国帽子女夏天潮嘻哈帽平沿棒球帽男潮牌', '47', null, null, '58.132.170.171', null, '13', '北京市省', null, null), ('33', 'exo吴世勋同款鸭舌帽子韩国帽子女夏天潮嘻哈帽平沿棒球帽男潮牌', '47', 'piaocanlie', '29', '58.132.170.171', null, '13', '北京市省', null, null), ('34', 'exo吴世勋同款鸭舌帽子韩国帽子女夏天潮嘻哈帽平沿棒球帽男潮牌', '47', '吴世勋', '28', '58.132.170.171', null, '13', '北京市省', null, null), ('35', 'exo吴世勋同款鸭舌帽子韩国帽子女夏天潮嘻哈帽平沿棒球帽男潮牌', '47', null, null, '58.132.170.171', null, '13', '北京市省', null, null), ('36', 'exo吴世勋同款鸭舌帽子韩国帽子女夏天潮嘻哈帽平沿棒球帽男潮牌', '47', 'gyh98', '7', '58.132.170.171', null, '13', '北京市省', null, null), ('37', 'KRAVITZ牛仔布料吴世勋帽子潮流棒球帽平檐帽EXO同款嘻哈平沿帽子', '49', '吴世勋', '28', '58.132.170.171', null, '13', '北京市省', null, null), ('38', 'exo吴世勋同款鸭舌帽子韩国帽子女夏天潮嘻哈帽平沿棒球帽男潮牌', '47', null, null, '58.132.170.171', null, '13', '北京市省', null, null), ('39', '夏天韩版男女嘻哈平沿帽 EXO鹿晗金钟国权志龙吴世勋同款棒球帽', '48', null, null, '58.132.170.171', null, '13', '北京市省', null, null), ('40', '三星 Galaxy S6 edge（G9250）32G版 铂光金 移动联通电信4G手机', '8', 'admin', '19', '59.40.3.213', null, '9', '广东省', null, null), ('41', '美版苹果iPhone6 64G版 4G手机 4.7寸（金色）A1586 支持移动电信联通 金色', '19', 'gyh99', '5', '58.132.170.171', null, '9', '北京市省', null, null), ('42', '美版苹果iPhone6 64G版 4G手机 4.7寸（金色）A1586 支持移动电信联通 金色', '19', 'gyh99', '5', '58.132.170.171', null, '9', '北京市省', null, null), ('43', '美版苹果iPhone6 64G版 4G手机 4.7寸（金色）A1586 支持移动电信联通 金色', '19', 'gyh99', '5', '58.132.170.171', null, '9', '北京市省', null, null), ('44', '美版苹果iPhone6 64G版 4G手机 4.7寸（金色）A1586 支持移动电信联通 金色', '19', 'gyh99', '5', '58.132.170.171', null, '9', '北京市省', null, null), ('45', '美版苹果iPhone6 64G版 4G手机 4.7寸（金色）A1586 支持移动电信联通 金色', '19', null, null, '58.132.170.171', null, '9', '北京市省', null, null), ('46', '美版苹果iPhone6 64G版 4G手机 4.7寸（金色）A1586 支持移动电信联通 金色', '19', 'gyh99', '5', '58.132.170.171', null, '9', '北京市省', null, null), ('47', ' bubufeifei2015夏季新款高跟鞋女 水钻细跟女鞋婚鞋单鞋 珍珠白', '35', null, null, '171.110.145.192', null, '9', '广西省', null, null), ('48', ' 琪可朵高跟鞋尖头真皮蝴蝶结2015新款婚鞋  01甜美粉色 ', '36', null, null, '171.110.145.192', null, '9', '广西省', null, null), ('49', 'Apple iPhone 6 Plus (A1524) 16GB 金色 移动联通电信4G手机', '7', null, null, '171.110.145.192', null, '9', '广西省', null, null), ('50', '三星 Galaxy S6 edge（G9250）32G版 铂光金 移动联通电信4G手机', '8', null, null, '171.110.145.192', null, '9', '广西省', null, null), ('51', '三星 Galaxy S6 edge（G9250）32G版 铂光金 移动联通电信4G手机', '8', null, null, '180.97.35.148', null, '9', '江苏省', null, null), ('52', '阁斯岚 2015夏日新款无袖长款雪纺连衣裙 夏天大码沙滩纯色长裙 G25 白色 L', '28', null, null, '171.110.145.192', null, '9', '广西省', null, null), ('53', '阁斯岚 2015夏日新款无袖长款雪纺连衣裙 夏天大码沙滩纯色长裙 G25 白色 L', '28', null, null, '180.97.35.165', null, '9', '江苏省', null, null), ('54', '古灵鸟 2015新品高跟鞋欧美女鞋夏季粗跟单鞋厚底防水台 粉色 ', '38', null, null, '222.35.5.125', null, '9', '北京市省', null, null), ('55', ' bubufeifei2015夏季新款高跟鞋女 水钻细跟女鞋婚鞋单鞋 珍珠白', '35', null, null, '106.38.128.89', null, '9', '北京市省', null, null), ('56', '夏天韩版男女嘻哈平沿帽 EXO鹿晗金钟国权志龙吴世勋同款棒球帽', '48', null, null, '58.132.170.171', null, '13', '北京市省', null, null), ('57', '朵莱依 2015夏装热卖 大码波西米亚长裙子女装显瘦短袖甜美雪纺沙滩连衣裙 白色 L', '23', null, null, '59.55.51.108', null, '9', '江西省', null, null), ('58', '微糖2015夏季新款韩版女装真丝连衣裙长裙重磅桑蚕丝淑女裙子短袖修身', '21', null, null, '27.115.28.253', null, '9', '上海市省', null, null), ('59', '乐视TV（Letv） X50 Air UN3016艺术版 50英寸4K超高清3DLED液晶', '40', null, null, '58.210.98.46', null, '11', '江苏省', null, null), ('60', '夏天韩版男女嘻哈平沿帽 EXO鹿晗金钟国权志龙吴世勋同款棒球帽', '48', '吴世勋', '28', '58.132.170.171', null, '13', '北京市省', null, null), ('61', 'exo吴世勋同款鸭舌帽子韩国帽子女夏天潮嘻哈帽平沿棒球帽男潮牌', '47', '吴世勋', '28', '58.132.170.171', null, '13', '北京市省', null, null), ('62', 'exo吴世勋同款鸭舌帽子韩国帽子女夏天潮嘻哈帽平沿棒球帽男潮牌', '47', '吴世勋', '28', '58.132.170.171', null, '13', '北京市省', null, null), ('63', 'KRAVITZ牛仔布料吴世勋帽子潮流棒球帽平檐帽EXO同款嘻哈平沿帽子', '49', '吴世勋', '28', '58.132.170.171', null, '13', '北京市省', null, null), ('64', '夏天韩版男女嘻哈平沿帽 EXO鹿晗金钟国权志龙吴世勋同款棒球帽', '48', '吴世勋', '28', '58.132.170.171', null, '13', '北京市省', null, null), ('65', '佳能（Canon） EOS 700D 单反套机', '42', '吴世勋', '28', '58.132.170.171', null, '12', '北京市省', null, null), ('66', 'exo吴世勋同款鸭舌帽子韩国帽子女夏天潮嘻哈帽平沿棒球帽男潮牌', '47', '吴世勋', '28', '58.132.170.171', null, '13', '北京市省', null, null), ('67', 'exo吴世勋同款鸭舌帽子韩国帽子女夏天潮嘻哈帽平沿棒球帽男潮牌', '47', 'gyh99', '5', '58.132.170.171', null, '13', '北京市省', null, null), ('68', 'exo吴世勋同款鸭舌帽子韩国帽子女夏天潮嘻哈帽平沿棒球帽男潮牌', '47', 'gyh99', '5', '58.132.170.171', null, '13', '北京市省', null, null), ('69', '琪可朵粗跟单鞋女中跟浅口真皮婚鞋2015新款女鞋 浅肉肤色 41', '33', null, null, '122.224.207.250', null, '9', '浙江省', null, null), ('70', '三星 Galaxy S6 edge（G9250）32G版 铂光金 移动联通电信4G手机', '8', null, null, '115.195.51.8', null, '9', '浙江省', null, null), ('71', '乐视TV（Letv） X50 Air UN3016艺术版 50英寸4K超高清3DLED液晶', '40', null, null, '115.195.51.8', null, '11', '浙江省', null, null), ('72', ' 琪可朵高跟鞋尖头真皮蝴蝶结2015新款婚鞋  01甜美粉色 ', '36', null, null, '115.195.51.8', null, '9', '浙江省', null, null), ('73', '小米 （MI）16000mHh+MFI数据线', '10', null, null, '115.195.51.8', null, '9', '浙江省', null, null), ('74', '三星 Galaxy S6 edge（G9250）32G版 铂光金 移动联通电信4G手机', '8', null, null, '115.195.51.8', null, '9', '浙江省', null, null), ('75', '清水丽香 2015夏装新款复古文艺短袖棉麻圆领长裙C03 红色 M', '24', null, null, '114.246.138.149', null, '9', '北京市省', null, null), ('76', '清水丽香 2015夏装新款复古文艺短袖棉麻圆领长裙C03 红色 M', '24', null, null, '114.246.138.149', null, '9', '北京市省', null, null), ('77', ' bubufeifei2015夏季新款高跟鞋女 水钻细跟女鞋婚鞋单鞋 珍珠白', '35', null, null, '58.210.98.46', null, '9', '江苏省', null, null), ('78', 'exo吴世勋同款鸭舌帽子韩国帽子女夏天潮嘻哈帽平沿棒球帽男潮牌', '47', 'gyh99', '5', '58.132.170.171', null, '13', '北京市省', null, null), ('79', 'KRAVITZ牛仔布料吴世勋帽子潮流棒球帽平檐帽EXO同款嘻哈平沿帽子', '49', 'gyh99', '5', '58.132.170.171', null, '13', '北京市省', null, null), ('80', 'exo吴世勋同款鸭舌帽子韩国帽子女夏天潮嘻哈帽平沿棒球帽男潮牌', '47', 'gyh99', '5', '58.132.170.171', null, '13', '北京市省', null, null), ('81', 'KRAVITZ牛仔布料吴世勋帽子潮流棒球帽平檐帽EXO同款嘻哈平沿帽子', '49', 'gyh99', '5', '58.132.170.171', null, '13', '北京市省', null, null), ('82', '夏天韩版男女嘻哈平沿帽 EXO鹿晗金钟国权志龙吴世勋同款棒球帽', '48', 'gyh99', '5', '58.132.170.171', null, '13', '北京市省', null, null), ('83', '夏天韩版男女嘻哈平沿帽 EXO鹿晗金钟国权志龙吴世勋同款棒球帽', '48', 'gyh99', '5', '58.132.170.171', null, '13', '北京市省', null, null), ('84', 'KRAVITZ牛仔布料吴世勋帽子潮流棒球帽平檐帽EXO同款嘻哈平沿帽子', '49', 'gyh99', '5', '58.132.170.171', null, '13', '北京市省', null, null), ('85', '夏天韩版男女嘻哈平沿帽 EXO鹿晗金钟国权志龙吴世勋同款棒球帽', '48', 'gyh99', '5', '58.132.170.171', null, '13', '北京市省', null, null), ('86', 'exo吴世勋同款鸭舌帽子韩国帽子女夏天潮嘻哈帽平沿棒球帽男潮牌', '47', 'gyh99', '5', '58.132.170.171', null, '13', '北京市省', null, null), ('87', '夏天韩版男女嘻哈平沿帽 EXO鹿晗金钟国权志龙吴世勋同款棒球帽', '48', '吴世勋', '28', '58.132.170.171', null, '13', '北京市省', null, null), ('88', 'KRAVITZ牛仔布料吴世勋帽子潮流棒球帽平檐帽EXO同款嘻哈平沿帽子', '49', '吴世勋', '28', '58.132.170.171', null, '13', '北京市省', null, null), ('89', 'KRAVITZ牛仔布料吴世勋帽子潮流棒球帽平檐帽EXO同款嘻哈平沿帽子', '49', '吴世勋', '28', '58.132.170.171', null, '13', '北京市省', null, null), ('90', 'exo吴世勋同款鸭舌帽子韩国帽子女夏天潮嘻哈帽平沿棒球帽男潮牌', '47', '吴世勋', '28', '58.132.170.171', null, '13', '北京市省', null, null), ('91', '美版苹果iPhone6 64G版 4G手机 4.7寸（金色）A1586 支持移动电信联通 金色', '19', 'gyh99', '5', '58.132.170.171', null, '9', '北京市省', null, null), ('92', ' 百年纪念高跟鞋', '34', null, null, '58.132.170.171', null, '9', '北京市省', null, null), ('93', 'exo吴世勋同款鸭舌帽子韩国帽子女夏天潮嘻哈帽平沿棒球帽男潮牌', '47', '吴世勋', '28', '58.132.170.171', null, '13', '北京市省', null, null), ('94', 'KRAVITZ牛仔布料吴世勋帽子潮流棒球帽平檐帽EXO同款嘻哈平沿帽子', '49', '吴世勋', '28', '58.132.170.171', null, '13', '北京市省', null, null), ('95', '夏天韩版男女嘻哈平沿帽 EXO鹿晗金钟国权志龙吴世勋同款棒球帽', '48', '吴世勋', '28', '58.132.170.171', null, '13', '北京市省', null, null), ('96', '夏天韩版男女嘻哈平沿帽 EXO鹿晗金钟国权志龙吴世勋同款棒球帽', '48', '吴世勋', '28', '58.132.170.171', null, '13', '北京市省', null, null), ('97', 'exo吴世勋同款鸭舌帽子韩国帽子女夏天潮嘻哈帽平沿棒球帽男潮牌', '47', null, null, '218.86.165.14', null, '13', '贵州省', null, null), ('98', 'exo吴世勋同款鸭舌帽子韩国帽子女夏天潮嘻哈帽平沿棒球帽男潮牌', '47', '吴世勋', '28', '58.132.170.171', null, '13', '北京市省', null, null), ('99', '三星（SAMSUNG) 移动电源 白色', '9', null, null, '113.93.68.133', null, '9', '广东省', null, null), ('100', ' bubufeifei2015夏季新款高跟鞋女 水钻细跟女鞋婚鞋单鞋 珍珠白', '35', null, null, '61.186.114.249', null, '9', '湖南省', null, null), ('101', 'iphone6', '5', null, null, '61.186.114.249', null, '10', '湖南省', null, null), ('102', 'KRAVITZ牛仔布料吴世勋帽子潮流棒球帽平檐帽EXO同款嘻哈平沿帽子', '49', '吴世勋', '28', '58.132.170.171', null, '13', '北京市省', null, null), ('103', 'Apple iPhone 6 Plus (A1524) 16GB 金色 移动联通电信4G手机', '7', 'liwenbin', '37', '61.186.114.249', null, '9', '湖南省', null, null), ('104', 'Apple MacBook Air MJVE2CH/A 13.3英寸宽屏笔记本电脑 128GB 闪存', '11', null, null, '219.142.237.172', null, '9', '北京市省', null, null), ('105', 'Apple MacBook Air MJVE2CH/A 13.3英寸宽屏笔记本电脑 128GB 闪存', '11', null, null, '101.199.108.55', null, '9', '北京市省', null, null), ('106', 'iphone6', '5', null, null, '27.115.28.253', null, '10', '上海市省', null, null), ('107', 'Apple MacBook Air MJVE2CH/A 13.3英寸宽屏笔记本电脑 128GB 闪存', '11', null, null, '101.199.108.119', null, '9', '北京市省', null, null), ('108', '三星 Galaxy S6 edge（G9250）32G版 铂光金 移动联通电信4G手机', '8', null, null, '111.202.67.134', null, '9', '北京市省', null, null), ('109', 'exo吴世勋同款鸭舌帽子韩国帽子女夏天潮嘻哈帽平沿棒球帽男潮牌', '47', '吴世勋', '28', '58.132.170.171', null, '13', '北京市省', null, null), ('110', 'exo吴世勋同款鸭舌帽子韩国帽子女夏天潮嘻哈帽平沿棒球帽男潮牌', '47', '吴世勋', '28', '58.132.170.171', null, '13', '北京市省', null, null), ('111', 'KRAVITZ牛仔布料吴世勋帽子潮流棒球帽平檐帽EXO同款嘻哈平沿帽子', '49', '吴世勋', '28', '58.132.170.171', null, '13', '北京市省', null, null), ('112', 'iphone6', '5', null, null, '14.135.230.144', null, '10', '宁夏省', null, null), ('113', '清水丽香 2015夏装新款复古文艺短袖棉麻圆领长裙C03 红色 M', '24', null, null, '58.20.57.68', null, '9', '湖南省', null, null), ('114', 'Apple iPhone 6 Plus (A1524) 16GB 金色 移动联通电信4G手机', '7', null, null, '58.20.57.68', null, '9', '湖南省', null, null), ('115', 'iphone6', '5', null, null, '58.20.57.68', null, '10', '湖南省', null, null), ('116', 'iphone6', '5', null, null, '58.20.57.68', null, '10', '湖南省', null, null), ('117', '清水丽香 2015夏装新款复古文艺短袖棉麻圆领长裙C03 红色 M', '24', null, null, '122.71.153.28', null, '9', '北京市省', null, null), ('118', '尿不湿', '45', null, null, '58.20.57.68', null, '0', '湖南省', null, null), ('119', 'iphone6', '5', null, null, '58.132.170.171', null, '10', '北京市省', null, null), ('120', 'iphone6', '5', null, null, '58.132.170.171', null, '10', '北京市省', null, null), ('121', ' Apple iPhone 6 (A1586) 16GB 金色 移动联通电信4G手机', '6', null, null, '58.132.170.171', null, '10', '北京市省', null, null), ('122', 'Apple iPhone 6 Plus (A1524) 16GB 金色 移动联通电信4G手机', '7', null, null, '58.132.170.171', null, '9', '北京市省', null, null), ('123', '1111111111111', '44', null, null, '58.132.170.171', null, '12', '北京市省', null, null), ('124', ' Apple iPhone 6 (A1586) 16GB 金色 移动联通电信4G手机', '6', null, null, '58.132.170.171', null, '10', '北京市省', null, null), ('125', ' Apple iPhone 6 (A1586) 16GB 金色 移动联通电信4G手机', '6', null, null, '58.132.170.171', null, '10', '北京市省', null, null), ('126', ' Apple iPhone 6 (A1586) 16GB 金色 移动联通电信4G手机', '6', null, null, '58.132.170.171', null, '10', '北京市省', null, null), ('127', 'iphone6', '5', null, null, '58.132.170.171', null, '10', '北京市省', null, null), ('128', '1111111111111', '44', null, null, '58.132.170.171', null, '12', '北京市省', null, null), ('129', '1111111111111', '44', null, null, '58.132.170.171', null, '12', '北京市省', null, null), ('130', '佳能（Canon） EOS 700D 单反套机', '42', null, null, '58.132.170.171', null, '12', '北京市省', null, null), ('131', '尿不湿', '45', null, null, '58.132.170.171', null, '0', '北京市省', null, null), ('132', '尿不湿', '45', null, null, '58.132.170.171', null, '0', '北京市省', null, null), ('133', '尿不湿', '45', null, null, '58.132.170.171', null, '0', '北京市省', null, null), ('134', ' Apple iPhone 6 (A1586) 16GB 金色 移动联通电信4G手机', '6', null, null, '58.132.170.171', null, '10', '北京市省', null, null), ('135', '尿不湿', '45', null, null, '58.132.170.171', null, '0', '北京市省', null, null), ('136', 'test', '54', null, null, '58.132.170.171', null, '13', '北京市省', null, null), ('137', 'test', '54', null, null, '58.132.170.171', null, '13', '北京市省', null, null), ('138', 'testtest', '55', null, null, '58.132.170.171', null, '13', '北京市省', null, null), ('139', 'testtest', '55', null, null, '58.132.170.171', null, '13', '北京市省', null, null), ('140', 'testtest', '55', null, null, '58.132.170.171', null, '13', '北京市省', null, null), ('141', 'test', '54', null, null, '58.132.170.171', null, '13', '北京市省', null, null), ('142', 'testtest', '55', '吴世勋', '28', '58.132.170.171', null, '13', '北京市省', null, null), ('143', 'testtest', '55', '吴世勋', '28', '58.132.170.171', null, '13', '北京市省', null, null), ('144', '夏天韩版男女嘻哈平沿帽 EXO鹿晗金钟国权志龙吴世勋同款棒球帽', '48', '吴世勋', '28', '58.132.170.171', null, '13', '北京市省', null, null), ('145', '欧洲站2015新夏季欧货短袖大码中长款淑女连衣裙A字雪纺女装显瘦V S', '20', '吴世勋', '28', '58.132.170.171', null, '9', '北京市省', null, null), ('146', '微糖2015夏季新款韩版女装真丝连衣裙长裙重磅桑蚕丝淑女裙子短袖修身', '21', 'zrh', '16', '58.132.170.171', null, '9', '北京市省', null, null), ('147', '夏天韩版男女嘻哈平沿帽 EXO鹿晗金钟国权志龙吴世勋同款棒球帽', '48', '吴世勋', '28', '58.132.170.171', null, '13', '北京市省', null, null), ('148', '琪可朵高跟鞋尖头真皮细跟蝴蝶结2015新款女鞋 03淡紫色 40', '32', '吴世勋', '28', '58.132.170.171', null, '9', '北京市省', null, null), ('149', ' 凡牧2015夏装新款棉麻短袖连衣裙女韩版修身', '26', 'zrh', '16', '58.132.170.171', null, '9', '北京市省', null, null), ('150', ' 凡牧2015夏装新款棉麻短袖连衣裙女韩版修身', '26', 'zrh', '16', '58.132.170.171', null, '9', '北京市省', null, null), ('151', 'eeee', '57', '吴世勋', '28', '58.132.170.171', null, '13', '北京市省', null, null), ('152', 'KRAVITZ牛仔布料吴世勋帽子潮流棒球帽平檐帽EXO同款嘻哈平沿帽子', '49', '吴世勋', '28', '58.132.170.171', null, '13', '北京市省', null, null), ('153', 'exo吴世勋同款鸭舌帽子韩国帽子女夏天潮嘻哈帽平沿棒球帽男潮牌', '47', '吴世勋', '28', '58.132.170.171', null, '13', '北京市省', null, null), ('154', 'exo吴世勋同款鸭舌帽子韩国帽子女夏天潮嘻哈帽平沿棒球帽男潮牌', '47', '吴世勋', '28', '58.132.170.171', null, '13', '北京市省', null, null), ('155', '清水丽香 2015夏装新款复古文艺短袖棉麻圆领长裙C03 红色 M', '24', '吴世勋', '28', '58.132.170.171', null, '9', '北京市省', null, null), ('156', ' bubufeifei2015夏季新款高跟鞋女 水钻细跟女鞋婚鞋单鞋 珍珠白', '35', '吴世勋', '28', '58.132.170.171', null, '9', '北京市省', null, null), ('157', '清水丽香 2015夏装新款复古文艺短袖棉麻圆领长裙C03 红色 M', '24', null, null, '58.132.170.171', null, '9', '北京市省', null, null), ('158', '惬曼昕连衣裙 夏 女 雪纺2015夏装女装新款短袖淑女款裙子AYFS251 绿 L', '22', null, null, '58.132.170.171', null, '9', '北京市省', null, null), ('159', '清水丽香 2015夏装新款复古文艺短袖棉麻圆领长裙C03 红色 M', '24', null, null, '101.199.108.120', null, '9', '北京市省', null, null), ('160', '', null, null, null, '58.132.170.171', null, null, '北京市省', null, null), ('161', '清水丽香 2015夏装新款复古文艺短袖棉麻圆领长裙C03 红色 M', '24', null, null, '101.199.108.120', null, '9', '北京市省', null, null), ('162', '清水丽香 2015夏装新款复古文艺短袖棉麻圆领长裙C03 红色 M', '24', null, null, '220.181.132.17', null, '9', '北京市省', null, null), ('163', '', null, null, null, '58.132.170.171', null, null, '北京市省', null, null), ('164', '', null, null, null, '58.132.170.171', null, null, '北京市省', null, null), ('165', '', null, null, null, '58.132.170.171', null, null, '北京市省', null, null), ('166', '平台自营手机', '58', null, null, '58.132.170.171', null, '0', '北京市省', null, null), ('167', '平台自营手机', '58', null, null, '58.132.170.171', null, '0', '北京市省', null, null), ('168', '平台自营连衣裙', '59', null, null, '58.132.170.171', null, '0', '北京市省', null, null), ('169', '平台自营连衣裙', '59', null, null, '58.132.170.171', null, '0', '北京市省', null, null), ('170', '平台自营手机', '58', null, null, '58.132.170.171', null, '0', '北京市省', null, null), ('171', '尿不湿', '45', null, null, '58.132.170.171', null, '0', '北京市省', null, null), ('172', '平台自营连衣裙', '59', null, null, '58.132.170.171', null, '0', '北京市省', null, null), ('173', '平台自营手机1', '58', null, null, '58.132.170.171', null, '0', '北京市省', null, null), ('174', 'test33', '53', null, null, '58.132.170.171', null, '13', '北京市省', null, null), ('175', '平台自营手机1', '58', null, null, '58.132.170.171', null, '0', '北京市省', null, null), ('176', '平台自营手机1', '58', null, null, '58.132.170.171', null, '0', '北京市省', null, null), ('177', '平台自营手机1', '58', null, null, '58.132.170.171', null, '0', '北京市省', null, null), ('178', '我不喜欢这个世界，我只喜欢你 乔一和F君的暖心故事', '61', null, null, '58.132.170.171', null, '13', '北京市省', null, null), ('179', '我不喜欢这个世界，我只喜欢你 乔一和F君的暖心故事', '61', '吴世勋', '28', '58.132.170.171', null, '13', '北京市省', null, null), ('180', ' bubufeifei2015夏季新款高跟鞋女 水钻细跟女鞋婚鞋单鞋 珍珠白', '35', null, null, '58.132.170.171', null, '9', '北京市省', null, null), ('181', '我不喜欢这个世界，我只喜欢你 乔一和F君的暖心故事', '61', null, null, '58.132.170.171', null, '13', '北京市省', null, null), ('182', '平台自营手机1', '58', null, null, '58.132.170.171', null, '0', '北京市省', null, null), ('183', 'test33', '53', null, null, '58.132.170.171', null, '13', '北京市省', null, null), ('184', '平台自营手机1', '58', null, null, '58.132.170.171', null, '0', '北京市省', null, null), ('185', 'iphone6', '5', null, null, '58.132.170.171', null, '10', '北京市省', null, null), ('186', '欧诗黛连衣裙2015夏季新款韩版雪纺印花显瘦高腰衬衫裙子 白色款 M 累计', '29', null, null, '58.132.170.171', null, '9', '北京市省', null, null), ('187', 'iphone6', '5', null, null, '58.132.170.171', null, '10', '北京市省', null, null), ('188', 'Apple iPhone 6 Plus (A1524) 16GB 金色 移动联通电信4G手机', '7', null, null, '58.132.170.171', null, '9', '北京市省', null, null), ('189', '欧洲站2015新夏季欧货短袖大码中长款淑女连衣裙A字雪纺女装显瘦V S', '20', null, null, '58.132.170.171', null, '9', '北京市省', null, null), ('190', 'iphone6', '5', null, null, '58.132.170.171', null, '10', '北京市省', null, null), ('191', 'dfg ', '62', null, null, '58.132.170.171', null, '15', '北京市省', null, null), ('192', 'dfg ', '62', '吴世勋', '28', '58.132.170.171', null, '15', '北京市省', null, null), ('193', 'dfg ', '62', '吴世勋', '28', '58.132.170.171', null, '15', '北京市省', null, null), ('194', '清水丽香 2015夏装新款复古文艺短袖棉麻圆领长裙C03 红色 M', '24', '吴世勋', '28', '58.132.170.171', null, '9', '北京市省', null, null), ('195', '清水丽香 2015夏装新款复古文艺短袖棉麻圆领长裙C03 红色 M', '24', '吴世勋', '28', '58.132.170.171', null, '9', '北京市省', null, null), ('196', '阁斯岚 2015夏日新款无袖长款雪纺连衣裙 夏天大码沙滩纯色长裙 G25 白色 L', '28', '吴世勋', '28', '58.132.170.171', null, '9', '北京市省', null, null), ('197', '美版苹果iPhone6 64G版 4G手机 4.7寸（金色）A1586 支持移动电信联通 金色', '19', '吴世勋', '28', '58.132.170.171', null, '9', '北京市省', null, null), ('198', 'Apple iPhone 6 Plus (A1524) 16GB 金色 移动联通电信4G手机', '7', '吴世勋', '28', '58.132.170.171', null, '9', '北京市省', null, null), ('199', '美版苹果iPhone6 64G版 4G手机 4.7寸（金色）A1586 支持移动电信联通 金色', '19', '吴世勋', '28', '58.132.170.171', null, '9', '北京市省', null, null), ('200', '我不喜欢这个世界，我只喜欢你 乔一和F君的暖心故事', '61', null, null, '58.132.170.171', null, '13', '北京市省', null, null), ('201', '三星 Galaxy S6 edge（G9250）32G版 铂光金 移动联通电信4G手机', '8', null, null, '0:0:0:0:0:0:0:1', null, '9', 'IP地址库文件错误省', null, null), ('202', '可情小美 欧美范春夏款时尚OL职业女超高跟鞋 糖果色漆皮尖头夜店性感', '30', '15701007212', '45', '58.132.170.171', null, '9', '北京市省', null, null), ('203', 'iphone6', '5', '15701007212', '45', '58.132.170.171', null, '10', '北京市省', null, null), ('204', '美版苹果iPhone6 64G版 4G手机 4.7寸（金色）A1586 支持移动电信联通 金色', '19', null, null, '58.132.170.171', null, '9', '北京市省', null, null), ('205', ' 百年纪念高跟鞋', '34', null, null, '58.132.170.171', null, '9', '北京市省', null, null), ('206', '金丝兔 高跟鞋2015夏秋季新款 时尚水钻侧空女鞋细跟单鞋子 6623-金色 37', '37', null, null, '221.224.86.210', null, '9', '江苏省', null, null), ('207', '金丝兔 高跟鞋2015夏秋季新款 时尚水钻侧空女鞋细跟单鞋子 6623-金色 37', '37', null, null, '221.224.86.210', null, '9', '江苏省', null, null), ('208', '我不喜欢这个世界，我只喜欢你 乔一和F君的暖心故事 爱情回忆录 青春小说 正版畅销书籍', '63', null, null, '58.132.170.171', null, '13', '北京市省', null, null), ('209', '我不喜欢这个世界，我只喜欢你 乔一和F君的暖心故事 爱情回忆录 青春小说 正版畅销书籍', '63', 'gyh99', '5', '58.132.170.171', null, '13', '北京市省', null, null), ('210', 'iphone6', '5', null, null, '58.132.170.171', null, '10', '北京市省', null, null), ('211', 'iphone6', '5', null, null, '58.132.170.171', null, '10', '北京市省', null, null), ('212', '美版苹果iPhone6 64G版 4G手机 4.7寸（金色）A1586 支持移动电信联通 金色', '19', '吴世勋', '28', '58.132.170.171', null, '9', '北京市省', null, null), ('213', 'iphone6', '5', '吴世勋', '28', '58.132.170.171', null, '10', '北京市省', null, null), ('214', 'iphone6', '5', 'zrh', '16', '58.132.170.171', null, '10', '北京市省', null, null), ('215', '美版苹果iPhone6 64G版 4G手机 4.7寸（金色）A1586 支持移动电信联通 金色', '19', 'zrh', '16', '58.132.170.171', null, '9', '北京市省', null, null), ('216', 'Apple iPhone 5s (A1530) 16GB 金色 移动联通4G手机', '18', null, null, '221.224.86.210', null, '9', '江苏省', null, null), ('217', '佳能（Canon） EOS 700D 单反套机', '42', null, null, '221.224.86.210', null, '12', '江苏省', null, null), ('218', 'iphone6', '5', '15701007212', '45', '58.132.170.171', null, '10', '北京市省', null, null), ('219', '我不喜欢这个世界，我只喜欢你 乔一和F君的暖心故事 爱情回忆录 青春小说 正版畅销书籍', '63', '15701007212', '45', '58.132.170.171', null, '13', '北京市省', null, null), ('220', '我不喜欢这个世界，我只喜欢你 乔一和F君的暖心故事', '61', '15701007212', '45', '58.132.170.171', null, '13', '北京市省', null, null), ('221', '美版苹果iPhone6 64G版 4G手机 4.7寸（金色）A1586 支持移动电信联通 金色', '19', '15701007212', '45', '58.132.170.171', null, '9', '北京市省', null, null), ('222', '美版苹果iPhone6 64G版 4G手机 4.7寸（金色）A1586 支持移动电信联通 金色', '19', '15701007212', '45', '58.132.170.171', null, '9', '北京市省', null, null), ('223', '清水丽香 2015夏装新款复古文艺短袖棉麻圆领长裙C03 红色 M', '24', '15701007212', '45', '58.132.170.171', null, '9', '北京市省', null, null), ('224', '可情小美 欧美范春夏款时尚OL职业女超高跟鞋 糖果色漆皮尖头夜店性感', '30', '15701007212', '45', '58.132.170.171', null, '9', '北京市省', null, null), ('225', '美版苹果iPhone6 64G版 4G手机 4.7寸（金色）A1586 支持移动电信联通 金色', '19', '15701007212', '45', '58.132.170.171', null, '9', '北京市省', null, null), ('226', ' bubufeifei2015夏季新款高跟鞋女 水钻细跟女鞋婚鞋单鞋 珍珠白', '35', null, null, '58.132.170.171', null, '9', '北京市省', null, null), ('227', 'iphone6', '5', null, null, '58.132.170.171', null, '10', '北京市省', null, null), ('228', '美版苹果iPhone6 64G版 4G手机 4.7寸（金色）A1586 支持移动电信联通 金色', '19', null, null, '58.132.170.171', null, '9', '北京市省', null, null), ('229', 'iphone6', '5', '15701007212', '45', '58.132.170.171', null, '10', '北京市省', null, null), ('230', '美版苹果iPhone6 64G版 4G手机 4.7寸（金色）A1586 支持移动电信联通 金色', '19', '15701007212', '45', '58.132.170.171', null, '9', '北京市省', null, null), ('231', '我不喜欢这个世界，我只喜欢你 乔一和F君的暖心故事 爱情回忆录 青春小说 正版畅销书籍', '63', '15701007212', '45', '58.132.170.171', null, '13', '北京市省', null, null), ('232', '我不喜欢这个世界，我只喜欢你 乔一和F君的暖心故事 爱情回忆录 青春小说 正版畅销书籍', '63', '15701007212', '45', '58.132.170.171', null, '13', '北京市省', null, null), ('233', 'iphone6', '5', '15701007212', '45', '58.132.170.171', null, '10', '北京市省', null, null), ('234', 'iphone6', '5', null, null, '58.132.170.171', null, '10', '北京市省', null, null), ('235', '我不喜欢这个世界，我只喜欢你 乔一和F君的暖心故事 爱情回忆录 青春小说 正版畅销书籍', '63', '吴世勋', '28', '58.132.170.171', null, '13', '北京市省', null, null), ('236', '我不喜欢这个世界，我只喜欢你 乔一和F君的暖心故事', '61', '吴世勋', '28', '58.132.170.171', null, '13', '北京市省', null, null), ('237', '我不喜欢这个世界，我只喜欢你 乔一和F君的暖心故事 爱情回忆录 青春小说 正版畅销书籍', '63', '吴世勋', '28', '58.132.170.171', null, '13', '北京市省', null, null), ('238', ' 百年纪念高跟鞋', '34', 'gyh99', '5', '58.132.170.171', null, '9', '北京市省', null, null), ('239', ' 百年纪念高跟鞋', '34', 'gyh99', '5', '58.132.170.171', null, '9', '北京市省', null, null), ('240', '清水丽香 2015夏装新款复古文艺短袖棉麻圆领长裙C03 红色 M', '24', 'gyh99', '5', '58.132.170.171', null, '9', '北京市省', null, null), ('241', '我不喜欢这个世界，我只喜欢你 乔一和F君的暖心故事', '61', 'gyh99', '5', '58.132.170.171', null, '13', '北京市省', null, null), ('242', '我不喜欢这个世界，我只喜欢你 乔一和F君的暖心故事', '61', 'gyh99', '5', '58.132.170.171', null, '13', '北京市省', null, null), ('243', '我不喜欢这个世界，我只喜欢你 乔一和F君的暖心故事', '61', '吴世勋', '28', '58.132.170.171', null, '13', '北京市省', null, null), ('244', '我不喜欢这个世界，我只喜欢你 乔一和F君的暖心故事', '61', '吴世勋', '28', '58.132.170.171', null, '13', '北京市省', null, null), ('245', '我不喜欢这个世界，我只喜欢你 乔一和F君的暖心故事', '61', '吴世勋', '28', '58.132.170.171', null, '13', '北京市省', null, null), ('246', 'KRAVITZ牛仔布料吴世勋帽子潮流棒球帽平檐帽EXO同款嘻哈平沿帽子', '49', null, null, '58.132.170.171', null, '13', '北京市省', null, null), ('247', 'KRAVITZ牛仔布料吴世勋帽子潮流棒球帽平檐帽EXO同款嘻哈平沿帽子', '49', '吴世勋', '28', '58.132.170.171', null, '13', '北京市省', null, null), ('248', 'KRAVITZ牛仔布料吴世勋帽子潮流棒球帽平檐帽EXO同款嘻哈平沿帽子', '49', '吴世勋', '28', '58.132.170.171', null, '13', '北京市省', null, null), ('249', '美版苹果iPhone6 64G版 4G手机 4.7寸（金色）A1586 支持移动电信联通 金色', '19', null, null, '222.89.83.61', null, '9', '河南省', null, null), ('250', 'Apple iPhone 6 Plus (A1524) 16GB 金色 移动联通电信4G手机', '7', null, null, '182.150.149.244', null, '9', '四川省', null, null), ('251', 'iphone6', '5', null, null, '223.73.124.5', null, '10', '广东省', null, null), ('252', 'iphone6', '5', null, null, '116.238.93.153', null, '10', '上海市松江区省', null, null), ('253', ' 百年纪念高跟鞋', '34', null, null, '175.13.66.27', null, '9', '湖南省', null, null), ('254', 'iphone6', '5', null, null, '220.181.132.200', null, '10', '北京市省', null, null), ('255', 'iphone6', '5', null, null, '101.199.108.52', null, '10', '北京市省', null, null), ('256', 'Apple iPhone 6 Plus (A1524) 16GB 金色 移动联通电信4G手机', '7', null, null, '113.134.102.197', null, '9', '陕西省', null, null), ('257', '清水丽香 2015夏装新款复古文艺短袖棉麻圆领长裙C03 红色 M', '24', null, null, '1.204.35.67', null, '9', '贵州省', null, null), ('258', '      戴尔（DELL）灵越 飞匣3000系列', '12', null, null, '1.204.35.67', null, '9', '贵州省', null, null), ('259', '清水丽香 2015夏装新款复古文艺短袖棉麻圆领长裙C03 红色 M', '24', null, null, '171.43.238.115', null, '9', '湖北省', null, null), ('260', ' Apple iPhone 6 (A1586) 16GB 金色 移动联通电信4G手机', '6', null, null, '171.43.238.115', null, '10', '湖北省', null, null), ('261', ' Apple iPhone 6 (A1586) 16GB 金色 移动联通电信4G手机', '6', null, null, '171.43.238.115', null, '10', '湖北省', null, null), ('262', 'iphone6', '5', null, null, '27.46.135.42', null, '10', '广东省', null, null), ('263', 'iphone6', '5', null, null, '171.43.238.115', null, '10', '湖北省', null, null), ('264', '碧月茹香 2015夏新款文艺棉麻宽松大码连衣裙 617绿色 XXL', '25', null, null, '171.43.238.115', null, '9', '湖北省', null, null), ('265', ' 琪可朵高跟鞋尖头真皮蝴蝶结2015新款婚鞋  01甜美粉色 ', '36', null, null, '113.66.148.199', null, '9', '广东省', null, null), ('266', '三星 Galaxy S6 edge（G9250）32G版 铂光金 移动联通电信4G手机', '8', null, null, '58.61.220.65', null, '9', '广东省', null, null), ('267', '美版苹果iPhone6 64G版 4G手机 4.7寸（金色）A1586 支持移动电信联通 金色', '19', null, null, '115.62.163.149', null, '9', '河南省', null, null), ('268', '美版苹果iPhone6 64G版 4G手机 4.7寸（金色）A1586 支持移动电信联通 金色', '19', null, null, '115.62.163.149', null, '9', '河南省', null, null), ('269', ' Apple iPhone 6 (A1586) 16GB 金色 移动联通电信4G手机', '6', null, null, '222.213.39.189', null, '10', '四川省', null, null), ('270', '玫恋雅2015夏季新款韩版百搭气质女装复古文艺短袖圆领棉麻连衣裙 女88 绿 色 L', '27', null, null, '222.213.39.189', null, '9', '四川省', null, null), ('271', 'exo吴世勋同款鸭舌帽子韩国帽子女夏天潮嘻哈帽平沿棒球帽男潮牌', '47', null, null, '114.248.166.89', null, '13', '北京市省', null, null), ('272', '乐视TV（Letv） X50 Air UN3016艺术版 50英寸4K超高清3DLED液晶', '40', null, null, '111.37.29.142', null, '11', '山东省', null, null), ('273', 'Masentek S30升级版 商务通话蓝牙耳机 通用型 耳挂式 黑色', '43', null, null, '49.113.67.248', null, '12', '新疆乌鲁木齐市省', null, null), ('274', 'Masentek S30升级版 商务通话蓝牙耳机 通用型 耳挂式 黑色', '43', null, null, '111.37.29.142', null, '12', '山东省', null, null), ('275', '欧洲站2015新夏季欧货短袖大码中长款淑女连衣裙A字雪纺女装显瘦V S', '20', null, null, '49.113.67.248', null, '9', '新疆乌鲁木齐市省', null, null), ('276', '乐视TV（Letv） X50 Air UN3016艺术版 50英寸4K超高清3DLED液晶', '40', null, null, '101.199.108.58', null, '11', '北京市省', null, null), ('277', '乐视TV（Letv） X50 Air UN3016艺术版 50英寸4K超高清3DLED液晶', '40', null, null, '220.181.132.200', null, '11', '北京市省', null, null), ('278', '测试手机', '46', null, null, '222.128.151.162', null, '12', '北京市省', null, null), ('279', 'iphone6', '5', null, null, '123.117.88.142', null, '10', '北京市昌平区省', null, null), ('280', '欧洲站2015新夏季欧货短袖大码中长款淑女连衣裙A字雪纺女装显瘦V S', '20', null, null, '123.117.88.142', null, '9', '北京市昌平区省', null, null), ('281', '欧洲站2015新夏季欧货短袖大码中长款淑女连衣裙A字雪纺女装显瘦V S', '20', null, null, '123.117.88.142', null, '9', '北京市昌平区省', null, null), ('282', '碧月茹香 2015夏新款文艺棉麻宽松大码连衣裙 617绿色 XXL', '25', null, null, '123.117.88.142', null, '9', '北京市昌平区省', null, null), ('283', '平台自营连衣裙', '59', null, null, '123.117.88.142', null, '0', '北京市昌平区省', null, null), ('284', 'iphone6', '5', null, null, '123.117.88.142', null, '10', '北京市昌平区省', null, null), ('285', '金丝兔 高跟鞋2015夏秋季新款 时尚水钻侧空女鞋细跟单鞋子 6623-金色 37', '37', null, null, '49.113.67.248', null, '9', '新疆乌鲁木齐市省', null, null), ('286', '测试手机', '46', null, null, '182.150.132.194', null, '12', '四川省', null, null), ('287', '琪可朵粗跟单鞋女中跟浅口真皮婚鞋2015新款女鞋 浅肉肤色 41', '33', null, null, '119.183.52.148', null, '9', '山东省', null, null), ('288', 'Apple iPhone 6 Plus (A1524) 16GB 金色 移动联通电信4G手机', '7', null, null, '111.127.228.48', null, '9', '内蒙古呼和浩特市省', null, null), ('289', ' bubufeifei2015夏季新款高跟鞋女 水钻细跟女鞋婚鞋单鞋 珍珠白', '35', null, null, '218.108.128.247', null, '9', '浙江省', null, null), ('290', ' 琪可朵高跟鞋尖头真皮蝴蝶结2015新款婚鞋  01甜美粉色 ', '36', null, null, '111.200.241.202', null, '9', '北京市省', null, null), ('291', '小米 （MI）16000mHh+MFI数据线', '10', null, null, '111.200.241.202', null, '9', '北京市省', null, null), ('292', ' 百年纪念高跟鞋', '34', null, null, '125.94.52.141', '20150923164843', '9', '广东省', null, null), ('293', '测试手机', '46', null, null, '58.132.170.171', '20150923165427', '12', '北京市省', null, null), ('294', '测试手机', '46', null, null, '58.132.170.171', '20150923165954', '12', '北京市省', null, null), ('295', '', null, null, null, '58.132.170.171', '20150923170010', null, '北京市省', null, null), ('296', 'iphone6', '5', null, null, '58.132.170.171', '20150923170019', '10', '北京市省', null, null), ('297', 'Apple iPhone 6 Plus (A1524) 16GB 金色 移动联通电信4G手机', '7', null, null, '123.139.29.8', '20150923175224', '9', '陕西省', null, null), ('298', ' bubufeifei2015夏季新款高跟鞋女 水钻细跟女鞋婚鞋单鞋 珍珠白', '35', null, null, '123.139.29.8', '20150923175432', '9', '陕西省', null, null), ('299', ' 琪可朵高跟鞋尖头真皮蝴蝶结2015新款婚鞋  01甜美粉色 ', '36', null, null, '123.139.29.8', '20150923185444', '9', '陕西省', null, null), ('300', '清水丽香 2015夏装新款复古文艺短袖棉麻圆领长裙C03 红色 M', '24', null, null, '211.103.232.50', '20150923210456', '9', '北京市省', null, null), ('301', '三星 Galaxy S6 edge（G9250）32G版 铂光金 移动联通电信4G手机', '8', null, null, '223.73.59.135', '20150924054344', '9', '广东省', null, null), ('302', '可情小美 欧美范春夏款时尚OL职业女超高跟鞋 糖果色漆皮尖头夜店性感', '30', null, null, '223.73.59.135', '20150924054409', '9', '广东省', null, null), ('303', '可情小美 欧美范春夏款时尚OL职业女超高跟鞋 糖果色漆皮尖头夜店性感', '30', null, null, '223.73.59.135', '20150924054520', '9', '广东省', null, null), ('304', '可情小美 欧美范春夏款时尚OL职业女超高跟鞋 糖果色漆皮尖头夜店性感', '30', 'baijinwen', '65', '223.73.59.135', '20150924054548', '9', '广东省', null, null), ('305', ' 凡牧2015夏装新款棉麻短袖连衣裙女韩版修身', '26', null, null, '175.13.65.130', '20150924081827', '9', '湖南省', null, null), ('306', ' 琪可朵高跟鞋尖头真皮蝴蝶结2015新款婚鞋  01甜美粉色 ', '36', 'demo', '14', '211.138.238.30', '20150924085141', '9', '湖南省', null, null), ('307', '买什么啊', '64', null, null, '211.138.238.30', '20150924085551', '12', '湖南省', null, null), ('308', '买什么啊', '64', null, null, '211.138.238.30', '20150924091804', '12', '湖南省', null, null), ('309', '买什么啊', '64', null, null, '211.138.238.30', '20150924091813', '12', '湖南省', null, null), ('310', '买什么啊', '64', null, null, '211.138.238.30', '20150924091839', '12', '湖南省', null, null), ('311', '金丝兔 高跟鞋2015夏秋季新款 时尚水钻侧空女鞋细跟单鞋子 6623-金色 37', '37', null, null, '110.91.87.32', '20150924092341', '9', '福建省', null, null), ('312', '清水丽香 2015夏装新款复古文艺短袖棉麻圆领长裙C03 红色 M', '24', null, null, '211.103.232.50', '20150924093615', '9', '北京市省', null, null), ('313', '碧月茹香 2015夏新款文艺棉麻宽松大码连衣裙 617绿色 XXL', '25', null, null, '211.138.238.30', '20150924094952', '9', '湖南省', null, null), ('314', '测试手机', '46', null, null, '211.138.238.30', '20150924095117', '12', '湖南省', null, null), ('315', '', null, 'test', '15', '211.138.238.30', '20150924095424', null, '湖南省', null, null), ('316', '清水丽香 2015夏装新款复古文艺短袖棉麻圆领长裙C03 红色 M', '24', null, null, '122.224.88.26', '20150924095449', '9', '浙江省', null, null), ('317', '欧洲站2015新夏季欧货短袖大码中长款淑女连衣裙A字雪纺女装显瘦V S', '20', null, null, '211.138.238.30', '20150924095540', '9', '湖南省', null, null), ('318', '佳能（Canon） EOS 700D 单反套机', '42', 'demo', '14', '122.224.88.26', '20150924095645', '12', '浙江省', null, null), ('319', ' bubufeifei2015夏季新款高跟鞋女 水钻细跟女鞋婚鞋单鞋 珍珠白', '35', 'demo', '14', '122.224.88.26', '20150924095702', '9', '浙江省', null, null), ('320', '平台自营连衣裙', '59', null, null, '211.138.238.30', '20150924100313', '0', '湖南省', null, null), ('321', 'iphone6', '5', null, null, '14.145.77.171', '20150924105328', '10', '广东省', null, null), ('322', '清水丽香 2015夏装新款复古文艺短袖棉麻圆领长裙C03 红色 M', '24', null, null, '211.103.232.50', '20150924111011', '9', '北京市省', null, null), ('323', '11111111', '66', null, null, '211.138.238.30', '20150924112243', '12', '湖南省', null, null), ('324', '佳能（Canon） EOS 700D 单反套机', '42', null, null, '211.138.238.30', '20150924112253', '12', '湖南省', null, null), ('325', '11111111', '66', 'test', '15', '211.138.238.30', '20150924112331', '12', '湖南省', null, null), ('326', '佳能（Canon） EOS 700D 单反套机', '42', 'test', '15', '211.138.238.30', '20150924112400', '12', '湖南省', null, null), ('327', '三星 Galaxy S6 edge（G9250）32G版 铂光金 移动联通电信4G手机', '8', null, null, '115.211.64.215', '20150924112402', '9', '浙江省', null, null), ('328', '11111111', '66', 'test', '15', '211.138.238.30', '20150924112418', '12', '湖南省', null, null), ('329', 'Apple iPhone 6 Plus (A1524) 16GB 金色 移动联通电信4G手机', '7', null, null, '211.103.232.50', '20150924125322', '9', '北京市省', null, null), ('330', 'iphone6', '5', null, null, '211.103.232.50', '20150924125326', '10', '北京市省', null, null), ('331', '小米 红米2A 白色 移动4G手机 双卡双待', '14', null, null, '211.103.232.50', '20150924125332', '9', '北京市省', null, null), ('332', '清水丽香 2015夏装新款复古文艺短袖棉麻圆领长裙C03 红色 M', '24', null, null, '211.103.232.50', '20150924125336', '9', '北京市省', null, null), ('333', ' 百年纪念高跟鞋', '34', null, null, '211.103.232.50', '20150924125343', '9', '北京市省', null, null), ('334', 'iphone6', '5', null, null, '211.157.142.4', '20150924135605', '10', '北京市省', null, null), ('335', 'iphone6', '5', null, null, '211.157.142.4', '20150924142055', '10', '北京市省', null, null), ('336', 'yui', '65', null, null, '211.157.142.4', '20150924142126', '12', '北京市省', null, null), ('337', '碧月茹香 2015夏新款文艺棉麻宽松大码连衣裙 617绿色 XXL', '25', null, null, '125.70.177.102', '20150924142433', '9', '四川省', null, null), ('338', '平台自营连衣裙', '59', null, null, '125.86.66.9', '20150924143917', '0', '重庆市省', null, null), ('339', 'iphone6', '5', null, null, '119.81.128.47', '20150924144716', '10', '新加坡省', null, null), ('340', 'iphone6', '5', null, null, '58.211.125.50', '20150924151304', '10', '江苏省', null, null), ('341', 'iphone6', '5', null, null, '211.138.238.30', '20150924155934', '10', '湖南省', null, null), ('342', 'iphone6', '5', null, null, '211.138.238.30', '20150924160050', '10', '湖南省', null, null), ('343', 'iphone6', '5', null, null, '211.138.238.30', '20150924160101', '10', '湖南省', null, null), ('344', '佳能（Canon） EOS 700D 单反套机', '42', null, null, '211.138.238.30', '20150924160151', '12', '湖南省', null, null), ('345', '清水丽香 2015夏装新款复古文艺短袖棉麻圆领长裙C03 红色 M', '24', null, null, '58.132.170.171', '20150924160616', '9', '北京市省', null, null), ('346', '', null, null, null, '211.138.238.30', '20150924161356', null, '湖南省', null, null), ('347', '夏天韩版男女嘻哈平沿帽 EXO鹿晗金钟国权志龙吴世勋同款棒球帽', '48', 'gyh99', '5', '211.103.232.50', '20150924162529', '13', '北京市省', null, null), ('348', 'Apple iPhone 6 Plus (A1524) 16GB 金色 移动联通电信4G手机', '7', null, null, '175.13.92.169', '20150924170234', '9', '湖南省', null, null), ('349', '欧诗黛连衣裙2015夏季新款韩版雪纺印花显瘦高腰衬衫裙子 白色款 M 累计', '29', null, null, '175.13.92.169', '20150924170754', '9', '湖南省', null, null), ('350', '123123', '56', null, null, '175.13.92.169', '20150924170759', '9', '湖南省', null, null), ('351', '可情小美 欧美范春夏款时尚OL职业女超高跟鞋 糖果色漆皮尖头夜店性感', '30', null, null, '175.13.92.169', '20150924170821', '9', '湖南省', null, null), ('352', 'exo吴世勋同款鸭舌帽子韩国帽子女夏天潮嘻哈帽平沿棒球帽男潮牌', '47', null, null, '175.13.92.169', '20150924170843', '13', '湖南省', null, null), ('353', '佳能（Canon） EOS 700D 单反套机', '42', null, null, '125.70.177.102', '20150924171905', '12', '四川省', null, null), ('354', 'Apple MacBook Air MJVE2CH/A 13.3英寸宽屏笔记本电脑 128GB 闪存', '11', null, null, '125.70.177.102', '20150924172234', '9', '四川省', null, null), ('355', '测试手机', '46', null, null, '175.8.182.132', '20150924200827', '12', '湖南省', null, null), ('356', '测试手机', '46', null, null, '175.8.182.132', '20150924200859', '12', '湖南省', null, null), ('357', '来了说得发的发', '67', null, null, '175.8.182.132', '20150924202256', '12', '湖南省', null, null), ('358', 'Apple iPhone 6 Plus (A1524) 16GB 金色 移动联通电信4G手机', '7', null, null, '202.98.157.198', '20150924204109', '9', '四川省', null, null), ('359', ' 凡牧2015夏装新款棉麻短袖连衣裙女韩版修身', '26', null, null, '115.60.94.241', '20150924204355', '9', '河南省', null, null), ('360', ' bubufeifei2015夏季新款高跟鞋女 水钻细跟女鞋婚鞋单鞋 珍珠白', '35', null, null, '202.98.157.198', '20150924204404', '9', '四川省', null, null), ('361', '阁斯岚 2015夏日新款无袖长款雪纺连衣裙 夏天大码沙滩纯色长裙 G25 白色 L', '28', null, null, '115.60.94.241', '20150924204412', '9', '河南省', null, null), ('362', '', null, null, null, '115.60.94.241', '20150924205106', null, '河南省', null, null), ('363', 'Apple iPhone 6 Plus (A1524) 16GB 金色 移动联通电信4G手机', '7', null, null, '223.210.101.149', '20150924214519', '9', '广东省', null, null), ('364', 'iphone6', '5', null, null, '223.104.3.146', '20150924220608', '10', '北京市省', null, null), ('365', ' Apple iPhone 6 (A1586) 16GB 金色 移动联通电信4G手机', '6', null, null, '223.104.3.146', '20150924220625', '10', '北京市省', null, null), ('366', 'iphone6', '5', null, null, '223.73.196.31', '20150924222202', '10', '广东省', null, null), ('367', '123123', '56', null, null, '171.223.153.233', '20150924231259', '9', '四川省', null, null), ('368', ' bubufeifei2015夏季新款高跟鞋女 水钻细跟女鞋婚鞋单鞋 珍珠白', '35', null, null, '171.221.148.53', '20150925000212', '9', '四川省', null, null), ('369', 'Apple iPhone 6 Plus (A1524) 16GB 金色 移动联通电信4G手机', '7', null, null, '110.80.61.41', '20150925010359', '9', '福建省', null, null), ('370', 'iphone6', '5', null, null, '124.207.142.10', '20150930103111', '10', '北京市省', null, null), ('371', '玫恋雅2015夏季新款韩版百搭气质女装复古文艺短袖圆领棉麻连衣裙 女88 绿 色 L', '27', null, null, '124.207.142.10', '20150930103308', '9', '北京市省', null, null), ('372', 'Apple iPhone 6 Plus (A1524) 16GB 金色 移动联通电信4G手机', '7', null, null, '58.132.170.171', '20150930104342', '9', '北京市省', null, null), ('373', 'iphone6', '5', null, null, '58.132.170.171', '20150930104352', '10', '北京市省', null, null), ('374', 'iphone6', '5', null, null, '101.199.108.51', '20150930104418', '10', '北京市省', null, null), ('375', 'iphone6', '5', null, null, '101.199.108.53', '20150930104433', '10', '北京市省', null, null), ('376', ' Apple iPhone 6 (A1586) 16GB 金色 移动联通电信4G手机', '6', '18601320411', '22', '58.132.170.171', '20150930104440', '10', '北京市省', null, null), ('377', ' 百年纪念高跟鞋', '34', null, null, '58.132.170.171', '20150930110036', '9', '北京市省', null, null), ('378', ' 凡牧2015夏装新款棉麻短袖连衣裙女韩版修身', '26', null, null, '118.122.93.185', '20150930113256', '9', '四川省', null, null), ('379', 'Apple iPhone 6 Plus (A1524) 16GB 金色 移动联通电信4G手机', '7', null, null, '220.168.17.147', '20150930144256', '9', '湖南省', null, null), ('380', 'Apple iPhone 6 Plus (A1524) 16GB 金色 移动联通电信4G手机', '7', null, null, '220.168.17.147', '20150930144631', '9', '湖南省', null, null), ('381', 'iphone6', '5', null, null, '171.107.26.93', '20150930145041', '10', '广西柳州市省', null, null), ('382', '清水丽香 2015夏装新款复古文艺短袖棉麻圆领长裙C03 红色 M', '24', 'demo', '14', '220.168.17.147', '20150930145522', '9', '湖南省', null, null), ('383', '清水丽香 2015夏装新款复古文艺短袖棉麻圆领长裙C03 红色 M', '24', 'demo', '14', '220.168.17.147', '20150930145529', '9', '湖南省', null, null), ('384', ' 凡牧2015夏装新款棉麻短袖连衣裙女韩版修身', '26', 'demo', '14', '220.168.17.147', '20150930145618', '9', '湖南省', null, null), ('385', 'iphone6', '5', 'demo', '14', '220.168.17.147', '20150930145858', '10', '湖南省', null, null), ('386', 'Apple iPhone 6 Plus (A1524) 16GB 金色 移动联通电信4G手机', '7', null, null, '171.107.26.93', '20150930150428', '9', '广西柳州市省', null, null), ('387', 'iphone6', '5', null, null, '171.107.26.93', '20150930150522', '10', '广西柳州市省', null, null), ('388', '清水丽香 2015夏装新款复古文艺短袖棉麻圆领长裙C03 红色 M', '24', null, null, '111.202.44.5', '20150930151901', '9', '北京市省', null, null), ('389', '阁斯岚 2015夏日新款无袖长款雪纺连衣裙 夏天大码沙滩纯色长裙 G25 白色 L', '28', null, null, '211.138.238.30', '20150930153926', '9', '湖南省', null, null), ('390', '欧诗黛连衣裙2015夏季新款韩版雪纺印花显瘦高腰衬衫裙子 白色款 M 累计', '29', null, null, '211.138.238.30', '20150930154140', '9', '湖南省', null, null), ('391', '三星 Galaxy S6 edge（G9250）32G版 铂光金 移动联通电信4G手机', '8', 'gyh99', '5', '118.122.93.185', '20150930154321', '9', '四川省', null, null), ('392', '碧月茹香 2015夏新款文艺棉麻宽松大码连衣裙 617绿色 XXL', '25', 'gyh99', '5', '118.122.93.185', '20150930154340', '9', '四川省', null, null), ('393', '琪可朵粗跟单鞋女中跟浅口真皮婚鞋2015新款女鞋 浅肉肤色 41', '33', 'demo', '14', '210.21.236.135', '20150930154607', '9', '广东省', null, null), ('394', 'HTC One E9+（E9pw） 公开版 银雅黑 移动联通4G手机 双卡双待', '16', null, null, '211.138.238.30', '20150930155015', '9', '湖南省', null, null), ('395', '可情小美 欧美范春夏款时尚OL职业女超高跟鞋 糖果色漆皮尖头夜店性感', '30', null, null, '211.138.238.30', '20150930155640', '9', '湖南省', null, null), ('396', ' bubufeifei2015夏季新款高跟鞋女 水钻细跟女鞋婚鞋单鞋 珍珠白', '35', null, null, '101.204.230.29', '20150930160241', '9', '四川省', null, null), ('397', 'LG AKA [H778]（1.5G RAM）移动联通双4G手机 （16G ROM） 黄小帝 标配版', '15', null, null, '211.138.238.30', '20150930160314', '9', '湖南省', null, null), ('398', 'Apple iPhone 6 Plus (A1524) 16GB 金色 移动联通电信4G手机', '7', null, null, '211.138.238.30', '20150930160749', '9', '湖南省', null, null), ('399', 'LG AKA [H778]（1.5G RAM）移动联通双4G手机 （16G ROM） 黄小帝 标配版', '15', null, null, '211.138.238.30', '20150930160806', '9', '湖南省', null, null), ('400', '诺基亚(NOKIA) 1050 (RM-1120) 黑色 移动联通2G手机', '17', null, null, '211.138.238.30', '20150930160818', '9', '湖南省', null, null), ('401', '诺基亚(NOKIA) 1050 (RM-1120) 黑色 移动联通2G手机', '17', null, null, '211.138.238.30', '20150930160958', '9', '湖南省', null, null), ('402', '平台自营连衣裙', '59', null, null, '171.107.26.93', '20150930161230', '0', '广西柳州市省', null, null), ('403', '美版苹果iPhone6 64G版 4G手机 4.7寸（金色）A1586 支持移动电信联通 金色', '19', null, null, '171.107.26.93', '20150930161806', '9', '广西柳州市省', null, null), ('404', ' bubufeifei2015夏季新款高跟鞋女 水钻细跟女鞋婚鞋单鞋 珍珠白', '35', null, null, '103.16.127.6', '20150930163735', '9', '北京市朝阳区省', null, null), ('405', ' 凡牧2015夏装新款棉麻短袖连衣裙女韩版修身', '26', null, null, '122.192.187.219', '20150930164143', '9', '江苏省', null, null), ('406', '玫恋雅2015夏季新款韩版百搭气质女装复古文艺短袖圆领棉麻连衣裙 女88 绿 色 L', '27', null, null, '60.210.147.132', '20150930164918', '9', '山东省', null, null), ('407', 'iphone6', '5', null, null, '112.65.142.154', '20150930183452', '10', '上海市省', null, null), ('408', 'iphone6', '5', null, null, '112.65.142.154', '20150930190031', '10', '上海市省', null, null), ('409', 'iphone6', '5', null, null, '115.172.161.28', '20151001001744', '10', '福建省', null, null), ('410', 'iphone6', '5', null, null, '115.172.161.28', '20151001002218', '10', '福建省', null, null), ('411', '平台自营连衣裙', '59', null, null, '115.172.161.28', '20151001002603', '0', '福建省', null, null), ('412', '平台自营连衣裙', '59', null, null, '125.111.198.189', '20151001113852', '0', '浙江省', null, null), ('413', '碧月茹香 2015夏新款文艺棉麻宽松大码连衣裙 617绿色 XXL', '25', null, null, '123.14.168.120', '20151001114759', '9', '河南省', null, null), ('414', '清水丽香 2015夏装新款复古文艺短袖棉麻圆领长裙C03 红色 M', '24', null, null, '123.14.168.120', '20151001114923', '9', '河南省', null, null), ('415', '碧月茹香 2015夏新款文艺棉麻宽松大码连衣裙 617绿色 XXL', '25', null, null, '101.199.112.54', '20151001115259', '9', '北京市省', null, null), ('416', '碧月茹香 2015夏新款文艺棉麻宽松大码连衣裙 617绿色 XXL', '25', null, null, '101.199.112.51', '20151001115312', '9', '北京市省', null, null), ('417', '玫恋雅2015夏季新款韩版百搭气质女装复古文艺短袖圆领棉麻连衣裙 女88 绿 色 L', '27', null, null, '223.99.195.6', '20151001120507', '9', '山东省', null, null), ('418', 'iphone6', '5', null, null, '110.196.211.60', '20151001162044', '10', '山东省', null, null), ('419', '阁斯岚 2015夏日新款无袖长款雪纺连衣裙 夏天大码沙滩纯色长裙 G25 白色 L', '28', null, null, '110.196.211.60', '20151001162835', '9', '山东省', null, null), ('420', '平台自营连衣裙', '59', null, null, '27.129.142.176', '20151001164626', '0', '河北省', null, null), ('421', ' bubufeifei2015夏季新款高跟鞋女 水钻细跟女鞋婚鞋单鞋 珍珠白', '35', null, null, '101.199.108.59', '20151001213352', '9', '北京市省', null, null), ('422', ' bubufeifei2015夏季新款高跟鞋女 水钻细跟女鞋婚鞋单鞋 珍珠白', '35', null, null, '101.199.108.50', '20151001213410', '9', '北京市省', null, null), ('423', '碧月茹香 2015夏新款文艺棉麻宽松大码连衣裙 617绿色 XXL', '25', null, null, '14.145.78.131', '20151002053705', '9', '广东省', null, null), ('424', '乐视TV（Letv） X50 Air UN3016艺术版 50英寸4K超高清3DLED液晶', '40', null, null, '114.60.160.212', '20151002093207', '11', '上海市省', null, null), ('425', ' 凡牧2015夏装新款棉麻短袖连衣裙女韩版修身', '26', null, null, '114.60.160.212', '20151002093235', '9', '上海市省', null, null), ('426', '玫恋雅2015夏季新款韩版百搭气质女装复古文艺短袖圆领棉麻连衣裙 女88 绿 色 L', '27', null, null, '101.224.123.32', '20151002113111', '9', '上海市省', null, null), ('427', 'Apple iPhone 6 Plus (A1524) 16GB 金色 移动联通电信4G手机', '7', null, null, '183.13.95.28', '20151002132356', '9', '广东省', null, null), ('428', 'iphone6', '5', null, null, '183.13.95.28', '20151002132408', '10', '广东省', null, null), ('429', '小米 红米2A 白色 移动4G手机 双卡双待', '14', null, null, '183.13.95.28', '20151002132421', '9', '广东省', null, null), ('430', 'Apple iPhone 6 Plus (A1524) 16GB 金色 移动联通电信4G手机', '7', null, null, '183.13.95.28', '20151002132439', '9', '广东省', null, null), ('431', 'iphone6', '5', null, null, '182.150.149.108', '20151002163902', '10', '四川省', null, null), ('432', '美版苹果iPhone6 64G版 4G手机 4.7寸（金色）A1586 支持移动电信联通 金色', '19', null, null, '123.113.191.156', '20151002180237', '9', '北京市省', null, null), ('433', 'iphone6', '5', null, null, '1.204.40.139', '20151002185329', '10', '贵州省', null, null), ('434', ' Apple iPhone 6 (A1586) 16GB 金色 移动联通电信4G手机', '6', null, null, '1.204.40.139', '20151002185344', '10', '贵州省', null, null), ('435', 'iphone6', '5', null, null, '183.13.95.98', '20151002193726', '10', '广东省', null, null), ('436', 'Apple iPhone 5s (A1530) 16GB 金色 移动联通4G手机', '18', null, null, '183.13.95.98', '20151002193733', '9', '广东省', null, null), ('437', '三星 Galaxy S6 edge（G9250）32G版 铂光金 移动联通电信4G手机', '8', null, null, '183.13.95.98', '20151002193740', '9', '广东省', null, null), ('438', 'LG AKA [H778]（1.5G RAM）移动联通双4G手机 （16G ROM） 黄小帝 标配版', '15', null, null, '183.13.95.98', '20151002193759', '9', '广东省', null, null), ('439', '碧月茹香 2015夏新款文艺棉麻宽松大码连衣裙 617绿色 XXL', '25', null, null, '183.13.95.98', '20151002193812', '9', '广东省', null, null), ('440', '碧月茹香 2015夏新款文艺棉麻宽松大码连衣裙 617绿色 XXL', '25', null, null, '183.13.95.98', '20151002193839', '9', '广东省', null, null), ('441', ' 凡牧2015夏装新款棉麻短袖连衣裙女韩版修身', '26', null, null, '183.13.95.98', '20151002193852', '9', '广东省', null, null), ('442', 'iphone6', '5', null, null, '220.181.132.197', '20151002195535', '10', '北京市省', null, null), ('443', 'iphone6', '5', null, null, '101.199.108.118', '20151002195555', '10', '北京市省', null, null), ('444', 'Apple iPhone 6 Plus (A1524) 16GB 金色 移动联通电信4G手机', '7', null, null, '114.61.19.37', '20151002214801', '9', '上海市省', null, null), ('445', 'iphone6', '5', null, null, '1.199.245.129', '20151002220301', '10', '河南省', null, null), ('446', 'iphone6', '5', null, null, '123.6.172.81', '20151002221428', '10', '河南省', null, null), ('447', 'iphone6', '5', null, null, '218.104.245.186', '20151002221648', '10', '福建省', null, null), ('448', ' Apple iPhone 6 (A1586) 16GB 金色 移动联通电信4G手机', '6', null, null, '218.104.245.186', '20151002221730', '10', '福建省', null, null), ('449', 'iphone6', '5', null, null, '120.9.57.9', '20151002224226', '10', '河北省', null, null), ('450', 'iphone6', '5', null, null, '218.104.245.186', '20151002224941', '10', '福建省', null, null), ('451', 'HTC One E9+（E9pw） 公开版 银雅黑 移动联通4G手机 双卡双待', '16', 'admin', '19', '123.6.172.81', '20151002230149', '9', '河南省', null, null), ('452', 'Apple iPhone 6 Plus (A1524) 16GB 金色 移动联通电信4G手机', '7', 'admin', '19', '123.6.172.81', '20151002230157', '9', '河南省', null, null), ('453', '惬曼昕连衣裙 夏 女 雪纺2015夏装女装新款短袖淑女款裙子AYFS251 绿 L', '22', 'admin', '19', '123.6.172.81', '20151002230204', '9', '河南省', null, null), ('454', '金丝兔 高跟鞋2015夏秋季新款 时尚水钻侧空女鞋细跟单鞋子 6623-金色 37', '37', null, null, '27.189.225.158', '20151003014032', '9', '河北省', null, null), ('455', '三星 Galaxy S6 edge（G9250）32G版 铂光金 移动联通电信4G手机', '8', null, null, '61.165.225.177', '20151003030723', '9', '上海市省', null, null), ('456', 'Apple iPhone 6 Plus (A1524) 16GB 金色 移动联通电信4G手机', '7', null, null, '61.165.225.177', '20151003030806', '9', '上海市省', null, null), ('457', 'iphone6', '5', null, null, '111.85.199.78', '20151003071734', '10', '贵州省', null, null), ('458', ' 凡牧2015夏装新款棉麻短袖连衣裙女韩版修身', '26', null, null, '111.85.199.78', '20151003071819', '9', '贵州省', null, null), ('459', 'iphone6', '5', null, null, '111.85.199.78', '20151003072126', '10', '贵州省', null, null), ('460', '平台自营连衣裙', '59', null, null, '111.85.199.78', '20151003072541', '0', '贵州省', null, null), ('461', ' bubufeifei2015夏季新款高跟鞋女 水钻细跟女鞋婚鞋单鞋 珍珠白', '35', null, null, '113.116.62.71', '20151003112739', '9', '广东省', null, null), ('462', '乐视TV（Letv） X50 Air UN3016艺术版 50英寸4K超高清3DLED液晶', '40', null, null, '113.116.62.71', '20151003112823', '11', '广东省', null, null), ('463', 'iphone6', '5', null, null, '113.116.62.71', '20151003113034', '10', '广东省', null, null), ('464', '惬曼昕连衣裙 夏 女 雪纺2015夏装女装新款短袖淑女款裙子AYFS251 绿 L', '22', null, null, '203.208.60.123', '20151003133914', '9', '北京市省', null, null), ('465', 'Apple iPhone 6 Plus (A1524) 16GB 金色 移动联通电信4G手机', '7', null, null, '115.151.217.241', '20151003161157', '9', '江西省', null, null), ('466', ' bubufeifei2015夏季新款高跟鞋女 水钻细跟女鞋婚鞋单鞋 珍珠白', '35', null, null, '115.33.9.255', '20151003181355', '9', '北京市省', null, null), ('467', '可情小美 欧美范春夏款时尚OL职业女超高跟鞋 糖果色漆皮尖头夜店性感', '30', null, null, '115.33.9.255', '20151003181416', '9', '北京市省', null, null), ('468', '乐视TV（Letv） X50 Air UN3016艺术版 50英寸4K超高清3DLED液晶', '40', null, null, '58.100.111.96', '20151003185151', '11', '浙江省', null, null), ('469', ' 凡牧2015夏装新款棉麻短袖连衣裙女韩版修身', '26', null, null, '123.65.218.144', '20151003215217', '9', '广东省', null, null), ('470', '古灵鸟 2015新品高跟鞋欧美女鞋夏季粗跟单鞋厚底防水台 粉色 ', '38', null, null, '123.65.218.144', '20151003215341', '9', '广东省', null, null), ('471', '金丝兔 高跟鞋2015夏秋季新款 时尚水钻侧空女鞋细跟单鞋子 6623-金色 37', '37', null, null, '123.65.218.144', '20151003215822', '9', '广东省', null, null), ('472', '琪可朵高跟鞋尖头真皮细跟蝴蝶结2015新款女鞋 03淡紫色 40', '32', null, null, '123.65.218.144', '20151003215912', '9', '广东省', null, null), ('473', 'LG AKA [H778]（1.5G RAM）移动联通双4G手机 （16G ROM） 黄小帝 标配版', '15', null, null, '123.65.218.144', '20151003215920', '9', '广东省', null, null), ('474', 'Apple iPhone 6 Plus (A1524) 16GB 金色 移动联通电信4G手机', '7', null, null, '123.65.218.144', '20151003215927', '9', '广东省', null, null), ('475', ' 凡牧2015夏装新款棉麻短袖连衣裙女韩版修身', '26', null, null, '123.65.218.144', '20151003215936', '9', '广东省', null, null), ('476', '平台自营连衣裙', '59', null, null, '123.65.218.144', '20151003220038', '0', '广东省', null, null), ('477', 'Apple iPhone 6 Plus (A1524) 16GB 金色 移动联通电信4G手机', '7', null, null, '121.8.137.210', '20151003222731', '9', '广东省', null, null), ('478', 'iphone6', '5', null, null, '219.133.95.252', '20151004020317', '10', '广东省', null, null), ('479', 'HTC One E9+（E9pw） 公开版 银雅黑 移动联通4G手机 双卡双待', '16', null, null, '219.133.95.252', '20151004020943', '9', '广东省', null, null), ('480', ' bubufeifei2015夏季新款高跟鞋女 水钻细跟女鞋婚鞋单鞋 珍珠白', '35', 'demo', '14', '220.168.17.147', '20151004101508', '9', '湖南省', null, null), ('481', '美版苹果iPhone6 64G版 4G手机 4.7寸（金色）A1586 支持移动电信联通 金色', '19', 'demo', '14', '220.168.17.147', '20151004101717', '9', '湖南省', null, null), ('482', ' bubufeifei2015夏季新款高跟鞋女 水钻细跟女鞋婚鞋单鞋 珍珠白', '35', null, null, '220.168.17.147', '20151004105608', '9', '湖南省', null, null), ('483', ' bubufeifei2015夏季新款高跟鞋女 水钻细跟女鞋婚鞋单鞋 珍珠白', '35', null, null, '220.168.17.147', '20151004105958', '9', '湖南省', null, null), ('484', ' bubufeifei2015夏季新款高跟鞋女 水钻细跟女鞋婚鞋单鞋 珍珠白', '35', 'demo', '14', '220.168.17.147', '20151004110152', '9', '湖南省', null, null), ('485', '琪可朵粗跟单鞋女中跟浅口真皮婚鞋2015新款女鞋 浅肉肤色 41', '33', null, null, '124.161.73.42', '20151004113502', '9', '四川省', null, null), ('486', ' 琪可朵高跟鞋尖头真皮蝴蝶结2015新款婚鞋  01甜美粉色 ', '36', 'demo', '14', '220.168.17.147', '20151004115021', '9', '湖南省', null, null), ('487', '小米 红米2A 白色 移动4G手机 双卡双待', '14', null, null, '118.78.149.195', '20151004123231', '9', '山西省', null, null), ('488', '三星（SAMSUNG) 移动电源 白色', '9', null, null, '211.157.183.11', '20151004143628', '9', '北京市省', null, null), ('489', 'iphone6', '5', null, null, '218.104.245.186', '20151004144216', '10', '福建省', null, null), ('490', '三星（SAMSUNG) 移动电源 白色', '9', null, null, '101.199.108.53', '20151004144242', '9', '北京市省', null, null), ('491', '三星（SAMSUNG) 移动电源 白色', '9', null, null, '220.181.132.194', '20151004144339', '9', '北京市省', null, null), ('492', '三星（SAMSUNG) 移动电源 白色', '9', null, null, '101.199.108.54', '20151004144409', '9', '北京市省', null, null), ('493', '碧月茹香 2015夏新款文艺棉麻宽松大码连衣裙 617绿色 XXL', '25', 'demo', '14', '220.168.17.147', '20151004145837', '9', '湖南省', null, null), ('494', '玫恋雅2015夏季新款韩版百搭气质女装复古文艺短袖圆领棉麻连衣裙 女88 绿 色 L', '27', null, null, '220.168.17.147', '20151004152621', '9', '湖南省', null, null), ('495', 'Masentek S30升级版 商务通话蓝牙耳机 通用型 耳挂式 黑色', '43', null, null, '220.168.17.147', '20151004153207', '12', '湖南省', null, null), ('496', '测试手机', '46', null, null, '220.168.17.147', '20151004153219', '12', '湖南省', null, null), ('497', 'Apple iPhone 6 Plus (A1524) 16GB 金色 移动联通电信4G手机', '7', null, null, '110.185.142.196', '20151004155108', '9', '四川省', null, null), ('498', 'iphone6', '5', null, null, '183.38.42.143', '20151004160134', '10', '广东省', null, null), ('499', ' Apple iPhone 6 (A1586) 16GB 金色 移动联通电信4G手机', '6', null, null, '183.38.42.143', '20151004160200', '10', '广东省', null, null), ('500', ' 凡牧2015夏装新款棉麻短袖连衣裙女韩版修身', '26', null, null, '223.209.74.98', '20151004170703', '9', '广东省', null, null), ('501', 'iphone6', '5', null, null, '120.218.229.161', '20151004191029', '10', '中国省', null, null), ('502', ' 凡牧2015夏装新款棉麻短袖连衣裙女韩版修身', '26', null, null, '61.52.48.23', '20151004211639', '9', '河南省', null, null), ('503', 'iphone6', '5', null, null, '123.73.34.248', '20151004234535', '10', '山西省', null, null), ('504', '123123', '56', null, null, '183.71.129.196', '20151005011313', '9', '重庆市省', null, null), ('505', '乐视TV（Letv） X50 Air UN3016艺术版 50英寸4K超高清3DLED液晶', '40', null, null, '183.71.129.196', '20151005011400', '11', '重庆市省', null, null), ('506', '三星 Galaxy S6 edge（G9250）32G版 铂光金 移动联通电信4G手机', '8', null, null, '113.66.148.88', '20151005034909', '9', '广东省', null, null), ('507', ' 百年纪念高跟鞋', '34', null, null, '219.153.36.126', '20151005041816', '9', '重庆市省', null, null), ('508', 'Apple iPhone 6 Plus (A1524) 16GB 金色 移动联通电信4G手机', '7', null, null, '139.206.226.17', '20151005101216', '9', '四川省', null, null), ('509', 'iphone6', '5', 'demo', '14', '220.168.17.147', '20151005113325', '10', '湖南省', null, null), ('510', 'iphone6', '5', null, null, '27.10.119.49', '20151005134004', '10', '重庆市省', null, null), ('511', 'Apple iPhone 6 Plus (A1524) 16GB 金色 移动联通电信4G手机', '7', null, null, '27.10.119.49', '20151005134422', '9', '重庆市省', null, null), ('512', '三星 Galaxy S6 edge（G9250）32G版 铂光金 移动联通电信4G手机', '8', null, null, '180.116.137.175', '20151005134429', '9', '江苏省', null, null), ('513', 'Apple iPhone 6 Plus (A1524) 16GB 金色 移动联通电信4G手机', '7', null, null, '175.162.115.67', '20151005145834', '9', '辽宁省', null, null), ('514', 'iphone6', '5', 'demo', '14', '220.168.17.147', '20151005150207', '10', '湖南省', null, null), ('515', '美版苹果iPhone6 64G版 4G手机 4.7寸（金色）A1586 支持移动电信联通 金色', '19', null, null, '220.168.17.147', '20151005150415', '9', '湖南省', null, null), ('516', 'Masentek S30升级版 商务通话蓝牙耳机 通用型 耳挂式 黑色', '43', 'demo', '14', '220.168.17.147', '20151005151321', '12', '湖南省', null, null), ('517', '美版苹果iPhone6 64G版 4G手机 4.7寸（金色）A1586 支持移动电信联通 金色', '19', null, null, '101.199.108.119', '20151005151333', '9', '北京市省', null, null), ('518', '美版苹果iPhone6 64G版 4G手机 4.7寸（金色）A1586 支持移动电信联通 金色', '19', null, null, '101.199.112.54', '20151005151505', '9', '北京市省', null, null), ('519', '美版苹果iPhone6 64G版 4G手机 4.7寸（金色）A1586 支持移动电信联通 金色', '19', null, null, '220.168.17.147', '20151005151719', '9', '湖南省', null, null), ('520', 'Masentek S30升级版 商务通话蓝牙耳机 通用型 耳挂式 黑色', '43', 'demo', '14', '220.168.17.147', '20151005152615', '12', '湖南省', null, null), ('521', 'Masentek S30升级版 商务通话蓝牙耳机 通用型 耳挂式 黑色', '43', 'demo', '14', '220.168.17.147', '20151005155238', '12', '湖南省', null, null), ('522', 'Masentek S30升级版 商务通话蓝牙耳机 通用型 耳挂式 黑色', '43', 'demo', '14', '220.168.17.147', '20151005155427', '12', '湖南省', null, null), ('523', '琪可朵高跟鞋尖头真皮细跟蝴蝶结2015新款女鞋 03淡紫色 40', '32', null, null, '118.249.169.111', '20151005161548', '9', '湖南省', null, null), ('524', '琪可朵高跟鞋尖头真皮细跟蝴蝶结2015新款女鞋 03淡紫色 40', '32', null, null, '118.249.169.111', '20151005161550', '9', '湖南省', null, null), ('525', ' 百年纪念高跟鞋', '34', null, null, '27.188.242.5', '20151005164627', '9', '河北省', null, null), ('526', '三星 Galaxy S6 edge（G9250）32G版 铂光金 移动联通电信4G手机', '8', null, null, '218.75.50.62', '20151005171039', '9', '浙江省', null, null), ('527', ' Apple iPhone 6 (A1586) 16GB 金色 移动联通电信4G手机', '6', null, null, '218.75.50.62', '20151005171056', '10', '浙江省', null, null), ('528', 'Masentek S30升级版 商务通话蓝牙耳机 通用型 耳挂式 黑色', '43', 'demo', '14', '220.168.17.147', '20151005171158', '12', '湖南省', null, null), ('529', 'Masentek S30升级版 商务通话蓝牙耳机 通用型 耳挂式 黑色', '43', 'demo', '14', '220.168.17.147', '20151005171946', '12', '湖南省', null, null), ('530', 'Masentek S30升级版 商务通话蓝牙耳机 通用型 耳挂式 黑色', '43', 'demo', '14', '220.168.17.147', '20151005172255', '12', '湖南省', null, null), ('531', 'Masentek S30升级版 商务通话蓝牙耳机 通用型 耳挂式 黑色', '43', 'demo', '14', '220.168.17.147', '20151005172406', '12', '湖南省', null, null), ('532', 'Masentek S30升级版 商务通话蓝牙耳机 通用型 耳挂式 黑色', '43', 'demo', '14', '220.168.17.147', '20151005172523', '12', '湖南省', null, null), ('533', 'Masentek S30升级版 商务通话蓝牙耳机 通用型 耳挂式 黑色', '43', 'demo', '14', '220.168.17.147', '20151005172641', '12', '湖南省', null, null), ('534', ' bubufeifei2015夏季新款高跟鞋女 水钻细跟女鞋婚鞋单鞋 珍珠白', '35', 'demo', '14', '123.235.214.16', '20151005174000', '9', '山东省', null, null), ('535', '可情小美 欧美范春夏款时尚OL职业女超高跟鞋 糖果色漆皮尖头夜店性感', '30', 'demo', '14', '123.235.214.16', '20151005174019', '9', '山东省', null, null), ('536', '诺基亚(NOKIA) 1050 (RM-1120) 黑色 移动联通2G手机', '17', 'demo', '14', '123.235.214.16', '20151005174031', '9', '山东省', null, null), ('537', '三星 Galaxy S6 edge（G9250）32G版 铂光金 移动联通电信4G手机', '8', 'demo', '14', '123.235.214.16', '20151005174044', '9', '山东省', null, null), ('538', 'iphone6', '5', 'demo', '14', '123.235.214.16', '20151005174048', '10', '山东省', null, null), ('539', 'Masentek S30升级版 商务通话蓝牙耳机 通用型 耳挂式 黑色', '43', 'demo', '14', '123.235.214.16', '20151005174101', '12', '山东省', null, null), ('540', 'Apple iPhone 6 Plus (A1524) 16GB 金色 移动联通电信4G手机', '7', null, null, '49.118.120.98', '20151005175351', '9', '新疆乌鲁木齐市省', null, null), ('541', 'iphone6', '5', null, null, '175.10.139.100', '20151005210154', '10', '湖南省', null, null), ('542', '碧月茹香 2015夏新款文艺棉麻宽松大码连衣裙 617绿色 XXL', '25', null, null, '183.12.25.115', '20151005220849', '9', '广东省', null, null), ('543', '珂卡芙春季新款黑色高跟浅口单鞋女水钻串珠甜美圆头高跟鞋细跟低帮鞋子防水台女鞋 杏色 35', '39', null, null, '125.122.208.37', '20151006012509', '9', '浙江省', null, null), ('544', 'iphone6', '5', null, null, '117.136.12.134', '20151006054848', '10', '广东省', null, null), ('545', ' bubufeifei2015夏季新款高跟鞋女 水钻细跟女鞋婚鞋单鞋 珍珠白', '35', null, null, '220.168.17.147', '20151006101331', '9', '湖南省', null, null), ('546', '古灵鸟 2015新品高跟鞋欧美女鞋夏季粗跟单鞋厚底防水台 粉色 ', '38', null, null, '220.168.17.147', '20151006101458', '9', '湖南省', null, null), ('547', ' bubufeifei2015夏季新款高跟鞋女 水钻细跟女鞋婚鞋单鞋 珍珠白', '35', 'demo', '14', '220.168.17.147', '20151006101538', '9', '湖南省', null, null), ('548', 'iphone6', '5', 'demo', '14', '220.168.17.147', '20151006101550', '10', '湖南省', null, null), ('549', 'Apple iPhone 6 Plus (A1524) 16GB 金色 移动联通电信4G手机', '7', 'demo', '14', '220.168.17.147', '20151006101556', '9', '湖南省', null, null), ('550', '琪可朵粗跟单鞋女中跟浅口真皮婚鞋2015新款女鞋 浅肉肤色 41', '33', 'demo', '14', '220.168.17.147', '20151006101608', '9', '湖南省', null, null), ('551', '琪可朵粗跟单鞋女中跟浅口真皮婚鞋2015新款女鞋 浅肉肤色 41', '33', 'demo', '14', '220.168.17.147', '20151006101759', '9', '湖南省', null, null), ('552', 'iphone6', '5', null, null, '220.168.17.147', '20151006102417', '10', '湖南省', null, null), ('553', 'iphone6', '5', null, null, '27.212.223.189', '20151006112317', '10', '山东省', null, null), ('554', '平台自营连衣裙', '59', null, null, '124.15.249.184', '20151006115725', '0', '上海市省', null, null), ('555', 'iphone6', '5', null, null, '121.33.51.156', '20151006121430', '10', '广东省', null, null), ('556', 'iphone6', '5', null, null, '121.33.51.156', '20151006135911', '10', '广东省', null, null), ('557', 'Masentek S30升级版 商务通话蓝牙耳机 通用型 耳挂式 黑色', '43', 'demo', '14', '220.168.17.147', '20151006141236', '12', '湖南省', null, null), ('558', 'Masentek S30升级版 商务通话蓝牙耳机 通用型 耳挂式 黑色', '43', null, null, '118.194.198.25', '20151006143437', '12', '北京市省', null, null), ('559', ' 琪可朵高跟鞋尖头真皮蝴蝶结2015新款婚鞋  01甜美粉色 ', '36', 'demo', '14', '58.62.102.211', '20151006143600', '9', '广东省', null, null), ('560', 'iphone6', '5', null, null, '182.125.29.90', '20151006150723', '10', '河南省', null, null), ('561', 'iphone6', '5', 'demo', '14', '58.62.102.211', '20151006151550', '10', '广东省', null, null), ('562', 'iphone6', '5', null, null, '180.153.229.15', '20151006151913', '10', '上海市省', null, null), ('563', 'iphone6', '5', null, null, '222.44.247.27', '20151006154107', '10', '上海市省', null, null), ('564', 'Masentek S30升级版 商务通话蓝牙耳机 通用型 耳挂式 黑色', '43', null, null, '220.168.17.147', '20151006154801', '12', '湖南省', null, null), ('565', '平台自营连衣裙', '59', null, null, '124.226.151.177', '20151006160018', '0', '广西梧州市省', null, null), ('566', 'iphone6', '5', null, null, '218.106.150.179', '20151006161127', '10', '福建省', null, null), ('567', 'Masentek S30升级版 商务通话蓝牙耳机 通用型 耳挂式 黑色', '43', null, null, '220.168.17.147', '20151006170018', '12', '湖南省', null, null), ('568', '11111', '68', null, null, '175.0.130.25', '20151006171607', '19', '湖南省', null, null), ('569', '11111', '68', null, null, '175.0.130.25', '20151006171701', '19', '湖南省', null, null), ('570', '11111', '68', 'gyh97', '44', '175.0.232.73', '20151006171850', '19', '湖南省', null, null), ('571', '11111', '68', null, null, '211.100.3.203', '20151006171925', '19', '北京市省', null, null), ('572', '11111', '68', 'gyh97', '44', '175.0.130.25', '20151006172015', '19', '湖南省', null, null), ('573', '11111', '68', 'gyh97', '44', '175.0.130.25', '20151006172834', '19', '湖南省', null, null), ('574', ' 琪可朵高跟鞋尖头真皮蝴蝶结2015新款婚鞋  01甜美粉色 ', '36', null, null, '211.100.3.203', '20151006173431', '9', '北京市省', null, null), ('575', ' 凡牧2015夏装新款棉麻短袖连衣裙女韩版修身', '26', null, null, '182.138.127.81', '20151006183456', '9', '四川省', null, null), ('576', ' 凡牧2015夏装新款棉麻短袖连衣裙女韩版修身', '26', null, null, '222.141.54.75', '20151006200314', '9', '河南省', null, null), ('577', '三星（SAMSUNG) 移动电源 白色', '9', null, null, '119.130.173.94', '20151007021523', '9', '广东省', null, null), ('578', '三星 Galaxy S6 edge（G9250）32G版 铂光金 移动联通电信4G手机', '8', null, null, '113.66.148.65', '20151007032148', '9', '广东省', null, null), ('579', '三星 Galaxy S6 edge（G9250）32G版 铂光金 移动联通电信4G手机', '8', null, null, '113.66.148.65', '20151007032200', '9', '广东省', null, null), ('580', 'Apple iPhone 6 Plus (A1524) 16GB 金色 移动联通电信4G手机', '7', null, null, '114.116.165.206', '20151007042017', '9', '广东省', null, null), ('581', '欧诗黛连衣裙2015夏季新款韩版雪纺印花显瘦高腰衬衫裙子 白色款 M 累计', '29', null, null, '211.138.238.30', '20151007090413', '9', '湖南省', null, null), ('582', 'iphone6', '5', null, null, '58.57.5.98', '20151007091122', '10', '山东省', null, null), ('583', 'iphone6', '5', null, null, '220.162.110.24', '20151007092659', '10', '福建省', null, null), ('584', 'iphone6', '5', null, null, '58.57.5.98', '20151007093433', '10', '山东省', null, null), ('585', 'test', '69', null, null, '220.162.110.24', '20151007094554', '0', '福建省', null, null), ('586', 'Apple iPhone 6 Plus (A1524) 16GB 金色 移动联通电信4G手机', '7', null, null, '220.162.110.24', '20151007095004', '9', '福建省', null, null);
INSERT INTO `shop_stat_goods` VALUES ('587', 'Apple MacBook Air MJVE2CH/A 13.3英寸宽屏笔记本电脑 128GB 闪存', '11', 'demo', '14', '220.168.17.147', '20151007095108', '9', '湖南省', null, null), ('588', ' bubufeifei2015夏季新款高跟鞋女 水钻细跟女鞋婚鞋单鞋 珍珠白', '35', 'demo', '14', '220.168.17.147', '20151007095628', '9', '湖南省', null, null), ('589', 'iphone6', '5', null, null, '58.57.5.98', '20151007095837', '10', '山东省', null, null), ('590', '碧月茹香 2015夏新款文艺棉麻宽松大码连衣裙 617绿色 XXL', '25', null, null, '222.247.54.29', '20151007102134', '9', '湖南省', null, null), ('591', '琪可朵高跟鞋尖头真皮细跟蝴蝶结2015新款女鞋 03淡紫色 40', '32', null, null, '211.138.238.30', '20151007103103', '9', '湖南省', null, null), ('592', '可情小美 欧美范春夏款时尚OL职业女超高跟鞋 糖果色漆皮尖头夜店性感', '30', 'demo', '14', '220.168.17.147', '20151007104157', '9', '湖南省', null, null), ('593', 'iphone6', '5', null, null, '113.200.49.151', '20151007104438', '10', '陕西省', null, null), ('594', 'Apple iPhone 6 Plus (A1524) 16GB 金色 移动联通电信4G手机', '7', null, null, '58.100.44.166', '20151007111153', '9', '浙江省', null, null), ('595', ' 琪可朵高跟鞋尖头真皮蝴蝶结2015新款婚鞋  01甜美粉色 ', '36', null, null, '114.82.10.251', '20151007120242', '9', '上海市嘉定区省', null, null), ('596', '玫恋雅2015夏季新款韩版百搭气质女装复古文艺短袖圆领棉麻连衣裙 女88 绿 色 L', '27', null, null, '114.82.10.251', '20151007120334', '9', '上海市嘉定区省', null, null), ('597', '琪可朵粗跟单鞋女中跟浅口真皮婚鞋2015新款女鞋 浅肉肤色 41', '33', null, null, '113.214.202.214', '20151007120713', '9', '浙江省', null, null), ('598', 'iphone6', '5', null, null, '113.214.202.214', '20151007121122', '10', '浙江省', null, null), ('599', '清水丽香 2015夏装新款复古文艺短袖棉麻圆领长裙C03 红色 M', '24', null, null, '218.109.253.148', '20151007133014', '9', '浙江省', null, null), ('600', '阁斯岚 2015夏日新款无袖长款雪纺连衣裙 夏天大码沙滩纯色长裙 G25 白色 L', '28', null, null, '218.109.253.148', '20151007133019', '9', '浙江省', null, null), ('601', '玫恋雅2015夏季新款韩版百搭气质女装复古文艺短袖圆领棉麻连衣裙 女88 绿 色 L', '27', null, null, '49.4.178.2', '20151007135101', '9', '北京市省', null, null), ('602', 'iphone6', '5', null, null, '36.62.2.118', '20151007143315', '10', '安徽省', null, null), ('603', '测试手机', '46', null, null, '175.171.188.103', '20151007151459', '12', '辽宁省', null, null), ('604', '测试手机', '46', null, null, '101.199.108.54', '20151007152137', '12', '北京市省', null, null), ('605', '测试手机', '46', null, null, '101.199.112.45', '20151007152200', '12', '北京市省', null, null), ('606', 'iphone6', '5', null, null, '211.138.238.30', '20151007152318', '10', '湖南省', null, null), ('607', 'yui', '65', null, null, '175.171.188.103', '20151007152805', '12', '辽宁省', null, null), ('608', '乐视TV（Letv） X50 Air UN3016艺术版 50英寸4K超高清3DLED液晶', '40', null, null, '175.171.188.103', '20151007152845', '11', '辽宁省', null, null), ('609', '碧月茹香 2015夏新款文艺棉麻宽松大码连衣裙 617绿色 XXL', '25', null, null, '175.171.188.103', '20151007153049', '9', '辽宁省', null, null), ('610', '玫恋雅2015夏季新款韩版百搭气质女装复古文艺短袖圆领棉麻连衣裙 女88 绿 色 L', '27', null, null, '175.171.188.103', '20151007153207', '9', '辽宁省', null, null), ('611', '阁斯岚 2015夏日新款无袖长款雪纺连衣裙 夏天大码沙滩纯色长裙 G25 白色 L', '28', null, null, '175.171.188.103', '20151007153223', '9', '辽宁省', null, null), ('612', '欧诗黛连衣裙2015夏季新款韩版雪纺印花显瘦高腰衬衫裙子 白色款 M 累计', '29', null, null, '175.171.188.103', '20151007153316', '9', '辽宁省', null, null), ('613', '可情小美 欧美范春夏款时尚OL职业女超高跟鞋 糖果色漆皮尖头夜店性感', '30', null, null, '175.171.188.103', '20151007153412', '9', '辽宁省', null, null), ('614', 'Masentek S30升级版 商务通话蓝牙耳机 通用型 耳挂式 黑色', '43', null, null, '220.168.17.147', '20151007161428', '12', '湖南省', null, null), ('615', '佳能（Canon） EOS 700D 单反套机', '42', null, null, '220.168.17.147', '20151007161456', '12', '湖南省', null, null), ('616', '测试手机', '46', null, null, '220.168.17.147', '20151007161514', '12', '湖南省', null, null), ('617', '测试手机', '46', null, null, '220.168.17.147', '20151007161534', '12', '湖南省', null, null), ('618', ' 凡牧2015夏装新款棉麻短袖连衣裙女韩版修身', '26', 'test', '15', '220.168.17.147', '20151007161751', '9', '湖南省', null, null), ('619', 'Apple iPhone 6 Plus (A1524) 16GB 金色 移动联通电信4G手机', '7', null, null, '120.39.188.63', '20151007162044', '9', '福建省', null, null), ('620', ' 凡牧2015夏装新款棉麻短袖连衣裙女韩版修身', '26', null, null, '175.171.188.103', '20151007164226', '9', '辽宁省', null, null), ('621', 'KRAVITZ牛仔布料吴世勋帽子潮流棒球帽平檐帽EXO同款嘻哈平沿帽子', '49', null, null, '175.171.188.103', '20151007164314', '13', '辽宁省', null, null), ('622', '夏天韩版男女嘻哈平沿帽 EXO鹿晗金钟国权志龙吴世勋同款棒球帽', '48', null, null, '175.171.188.103', '20151007164417', '13', '辽宁省', null, null), ('623', '可情小美 欧美范春夏款时尚OL职业女超高跟鞋 糖果色漆皮尖头夜店性感', '30', null, null, '113.91.134.178', '20151007165044', '9', '广东省', null, null), ('624', 'exo吴世勋同款鸭舌帽子韩国帽子女夏天潮嘻哈帽平沿棒球帽男潮牌', '47', null, null, '121.33.49.108', '20151007165649', '13', '广东省', null, null), ('625', '可情小美 欧美范春夏款时尚OL职业女超高跟鞋 糖果色漆皮尖头夜店性感', '30', null, null, '121.33.49.108', '20151007170232', '9', '广东省', null, null), ('626', ' bubufeifei2015夏季新款高跟鞋女 水钻细跟女鞋婚鞋单鞋 珍珠白', '35', null, null, '211.138.238.30', '20151007170927', '9', '湖南省', null, null), ('627', ' 琪可朵高跟鞋尖头真皮蝴蝶结2015新款婚鞋  01甜美粉色 ', '36', null, null, '211.138.238.30', '20151007171008', '9', '湖南省', null, null), ('628', 'Apple iPhone 6 Plus (A1524) 16GB 金色 移动联通电信4G手机', '7', null, null, '211.138.238.30', '20151007171117', '9', '湖南省', null, null), ('629', ' 凡牧2015夏装新款棉麻短袖连衣裙女韩版修身', '26', null, null, '211.138.238.30', '20151007171400', '9', '湖南省', null, null), ('630', '玫恋雅2015夏季新款韩版百搭气质女装复古文艺短袖圆领棉麻连衣裙 女88 绿 色 L', '27', null, null, '211.138.238.30', '20151007171653', '9', '湖南省', null, null), ('631', '三星（SAMSUNG) 移动电源 白色', '9', null, null, '183.25.215.53', '20151008062219', '9', '广东省', null, null), ('632', 'iphone6', '5', null, null, '116.252.191.148', '20151008093930', '10', '广西南宁市省', null, null), ('633', ' bubufeifei2015夏季新款高跟鞋女 水钻细跟女鞋婚鞋单鞋 珍珠白', '35', null, null, '183.198.52.146', '20151008101054', '9', '河北省', null, null), ('634', '美版苹果iPhone6 64G版 4G手机 4.7寸（金色）A1586 支持移动电信联通 金色', '19', null, null, '183.198.52.146', '20151008101110', '9', '河北省', null, null), ('635', '可情小美 欧美范春夏款时尚OL职业女超高跟鞋 糖果色漆皮尖头夜店性感', '30', null, null, '183.198.52.146', '20151008101120', '9', '河北省', null, null), ('636', 'iphone6', '5', null, null, '182.105.211.108', '20151008103859', '10', '江西省', null, null), ('637', 'Apple MacBook Air MJVE2CH/A 13.3英寸宽屏笔记本电脑 128GB 闪存', '11', null, null, '182.105.211.108', '20151008105049', '9', '江西省', null, null), ('638', 'iphone6', '5', null, null, '116.252.191.148', '20151008114007', '10', '广西南宁市省', null, null), ('639', 'exo吴世勋同款鸭舌帽子韩国帽子女夏天潮嘻哈帽平沿棒球帽男潮牌', '47', null, null, '116.252.191.148', '20151008114054', '13', '广西南宁市省', null, null), ('640', 'exo吴世勋同款鸭舌帽子韩国帽子女夏天潮嘻哈帽平沿棒球帽男潮牌', '47', null, null, '116.252.191.148', '20151008114213', '13', '广西南宁市省', null, null), ('641', '测试手机', '46', null, null, '58.132.170.171', '20151008114555', '12', '北京市省', null, null), ('642', '古灵鸟 2015新品高跟鞋欧美女鞋夏季粗跟单鞋厚底防水台 粉色 ', '38', null, null, '115.223.250.64', '20151008130154', '9', '浙江省', null, null), ('643', 'Apple iPhone 6 Plus (A1524) 16GB 金色 移动联通电信4G手机', '7', null, null, '222.222.43.194', '20151008133106', '9', '河北省', null, null), ('644', '三星 Galaxy S6 edge（G9250）32G版 铂光金 移动联通电信4G手机', '8', null, null, '222.222.43.194', '20151008133121', '9', '河北省', null, null), ('645', '金丝兔 高跟鞋2015夏秋季新款 时尚水钻侧空女鞋细跟单鞋子 6623-金色 37', '37', null, null, '222.222.43.194', '20151008133440', '9', '河北省', null, null), ('646', '乐视TV（Letv） X50 Air UN3016艺术版 50英寸4K超高清3DLED液晶', '40', null, null, '222.222.43.194', '20151008133516', '11', '河北省', null, null), ('647', 'Apple iPhone 6 Plus (A1524) 16GB 金色 移动联通电信4G手机', '7', null, null, '222.240.138.35', '20151008134137', '9', '湖南省', null, null), ('648', 'iphone6', '5', null, null, '183.45.71.203', '20151008140446', '10', '广东省', null, null), ('649', 'iphone6', '5', null, null, '1.202.127.224', '20151008140448', '10', '北京市省', null, null), ('650', '微糖2015夏季新款韩版女装真丝连衣裙长裙重磅桑蚕丝淑女裙子短袖修身', '21', null, null, '183.45.71.203', '20151008140508', '9', '广东省', null, null), ('651', 'iphone6', '5', null, null, '1.202.127.224', '20151008140514', '10', '北京市省', null, null), ('652', '平台自营连衣裙', '59', null, null, '183.45.71.203', '20151008140634', '0', '广东省', null, null), ('653', 'iphone6', '5', null, null, '1.202.127.224', '20151008141713', '10', '北京市省', null, null), ('654', '测试手机', '46', null, null, '1.202.127.224', '20151008141854', '12', '北京市省', null, null), ('655', '测试手机', '46', null, null, '1.202.127.224', '20151008141907', '12', '北京市省', null, null), ('656', '碧月茹香 2015夏新款文艺棉麻宽松大码连衣裙 617绿色 XXL', '25', null, null, '1.202.127.224', '20151008142037', '9', '北京市省', null, null), ('657', ' 凡牧2015夏装新款棉麻短袖连衣裙女韩版修身', '26', null, null, '1.202.127.224', '20151008142048', '9', '北京市省', null, null), ('658', '平台自营连衣裙', '59', null, null, '219.138.140.110', '20151008142218', '0', '湖北省', null, null), ('659', '平台自营连衣裙', '59', null, null, '116.252.191.148', '20151008143906', '0', '广西南宁市省', null, null), ('660', 'Masentek S30升级版 商务通话蓝牙耳机 通用型 耳挂式 黑色', '43', null, null, '121.207.216.209', '20151008144043', '12', '福建省', null, null), ('661', '测试手机', '46', null, null, '58.132.170.171', '20151008144512', '12', '北京市省', null, null), ('662', 'Apple iPhone 6 Plus (A1524) 16GB 金色 移动联通电信4G手机', '7', null, null, '220.168.17.147', '20151008145141', '9', '湖南省', null, null), ('663', 'iphone6s', '70', null, null, '220.168.17.147', '20151008145158', '11', '湖南省', null, null), ('664', 'Apple MacBook Air MJVE2CH/A 13.3英寸宽屏笔记本电脑 128GB 闪存', '11', null, null, '220.168.17.147', '20151008145307', '9', '湖南省', null, null), ('665', ' 凡牧2015夏装新款棉麻短袖连衣裙女韩版修身', '26', null, null, '220.168.17.147', '20151008150841', '9', '湖南省', null, null), ('666', '三星（SAMSUNG) 移动电源 白色', '9', null, null, '220.168.17.147', '20151008151228', '9', '湖南省', null, null), ('667', '三星（SAMSUNG) 移动电源 白色', '9', null, null, '220.168.17.147', '20151008151229', '9', '湖南省', null, null), ('668', '三星（SAMSUNG) 移动电源 白色', '9', null, null, '123.6.173.127', '20151008160907', '9', '河南省', null, null), ('669', '三星 Galaxy S6 edge（G9250）32G版 铂光金 移动联通电信4G手机', '8', null, null, '123.6.173.127', '20151008160919', '9', '河南省', null, null), ('670', '美版苹果iPhone6 64G版 4G手机 4.7寸（金色）A1586 支持移动电信联通 金色', '19', 'gyh99', '5', '123.6.173.127', '20151008161054', '9', '河南省', null, null), ('671', '碧月茹香 2015夏新款文艺棉麻宽松大码连衣裙 617绿色 XXL', '25', 'gyh99', '5', '123.6.173.127', '20151008161115', '9', '河南省', null, null), ('672', '美版苹果iPhone6 64G版 4G手机 4.7寸（金色）A1586 支持移动电信联通 金色', '19', 'gyh99', '5', '123.6.173.127', '20151008161411', '9', '河南省', null, null), ('673', '小米 （MI）16000mHh+MFI数据线', '10', 'gyh99', '5', '123.6.173.127', '20151008161418', '9', '河南省', null, null), ('674', '      戴尔（DELL）灵越 飞匣3000系列', '12', 'gyh99', '5', '123.6.173.127', '20151008161425', '9', '河南省', null, null), ('675', '11111', '68', 'gyh99', '5', '123.6.173.127', '20151008161507', '19', '河南省', null, null), ('676', ' 凡牧2015夏装新款棉麻短袖连衣裙女韩版修身', '26', '13520085712', '10', '123.6.173.127', '20151008162411', '9', '河南省', null, null), ('677', '11111', '68', '13520085712', '10', '123.6.173.127', '20151008162434', '19', '河南省', null, null), ('678', '小米 （MI）16000mHh+MFI数据线', '10', null, null, '218.249.159.170', '20151008162642', '9', '北京市省', null, null), ('679', '      华硕（ASUS）猛禽STRIX-GTX960-DC2OC-2GD5 ', '13', null, null, '218.249.159.170', '20151008163803', '9', '北京市省', null, null), ('680', '测试手机', '46', null, null, '218.249.159.170', '20151008163834', '12', '北京市省', null, null), ('681', '诺基亚(NOKIA) 1050 (RM-1120) 黑色 移动联通2G手机', '17', '13520085712', '10', '123.6.173.127', '20151008163955', '9', '河南省', null, null), ('682', ' 凡牧2015夏装新款棉麻短袖连衣裙女韩版修身', '26', '13520085712', '10', '123.6.173.127', '20151008164000', '9', '河南省', null, null), ('683', 'test', '69', 'demo', '14', '218.249.159.170', '20151008164015', '0', '北京市省', null, null), ('684', '11111', '68', '13520085712', '10', '123.6.173.127', '20151008164025', '19', '河南省', null, null), ('685', '小米 （MI）16000mHh+MFI数据线', '10', 'demo', '14', '218.249.159.170', '20151008164059', '9', '北京市省', null, null), ('686', '小米 （MI）16000mHh+MFI数据线', '10', 'demo', '14', '218.249.159.170', '20151008164604', '9', '北京市省', null, null), ('687', '苹果手机', '71', 'demo', '14', '218.249.159.170', '20151008164616', '11', '北京市省', null, null), ('688', '', null, 'demo', '14', '218.249.159.170', '20151008164754', null, '北京市省', null, null), ('689', 'iphone6s', '70', 'demo', '14', '218.249.159.170', '20151008164817', '11', '北京市省', null, null), ('690', 'iphone6s', '70', 'demo', '14', '218.249.159.170', '20151008164910', '11', '北京市省', null, null), ('691', 'Apple MacBook Air MJVE2CH/A 13.3英寸宽屏笔记本电脑 128GB 闪存', '11', 'demo', '14', '218.249.159.170', '20151008165226', '9', '北京市省', null, null), ('692', '欧洲站2015新夏季欧货短袖大码中长款淑女连衣裙A字雪纺女装显瘦V S', '20', 'demo', '14', '218.249.159.170', '20151008165708', '9', '北京市省', null, null), ('693', 'Masentek S30升级版 商务通话蓝牙耳机 通用型 耳挂式 黑色', '43', 'demo', '14', '220.168.17.147', '20151008170252', '12', '湖南省', null, null), ('694', ' 凡牧2015夏装新款棉麻短袖连衣裙女韩版修身', '26', null, null, '183.45.71.203', '20151008172542', '9', '广东省', null, null), ('695', '清水丽香 2015夏装新款复古文艺短袖棉麻圆领长裙C03 红色 M', '24', null, null, '183.45.71.203', '20151008173128', '9', '广东省', null, null), ('696', '欧洲站2015新夏季欧货短袖大码中长款淑女连衣裙A字雪纺女装显瘦V S', '20', null, null, '183.45.71.203', '20151008174543', '9', '广东省', null, null), ('697', 'Masentek S30升级版 商务通话蓝牙耳机 通用型 耳挂式 黑色', '43', null, null, '139.205.171.33', '20151008180422', '12', '四川省', null, null), ('698', '乐视TV（Letv） X50 Air UN3016艺术版 50英寸4K超高清3DLED液晶', '40', null, null, '122.7.142.129', '20151008181724', '11', '山东省', null, null), ('699', 'Masentek S30升级版 商务通话蓝牙耳机 通用型 耳挂式 黑色', '43', null, null, '220.168.17.147', '20151008200914', '12', '湖南省', null, null), ('700', '三星 Galaxy S6 edge（G9250）32G版 铂光金 移动联通电信4G手机', '8', null, null, '220.168.17.147', '20151008210721', '9', '湖南省', null, null), ('701', '碧月茹香 2015夏新款文艺棉麻宽松大码连衣裙 617绿色 XXL', '25', null, null, '113.234.172.62', '20151008233750', '9', '辽宁省', null, null), ('702', '朵莱依 2015夏装热卖 大码波西米亚长裙子女装显瘦短袖甜美雪纺沙滩连衣裙 白色 L', '23', null, null, '113.234.172.62', '20151008233826', '9', '辽宁省', null, null), ('703', '阁斯岚 2015夏日新款无袖长款雪纺连衣裙 夏天大码沙滩纯色长裙 G25 白色 L', '28', null, null, '113.234.172.62', '20151008233859', '9', '辽宁省', null, null), ('704', ' bubufeifei2015夏季新款高跟鞋女 水钻细跟女鞋婚鞋单鞋 珍珠白', '35', null, null, '113.132.193.155', '20151009020216', '9', '陕西省', null, null), ('705', '三星 Galaxy S6 edge（G9250）32G版 铂光金 移动联通电信4G手机', '8', null, null, '112.114.6.166', '20151009020230', '9', '云南省', null, null), ('706', '三星 Galaxy S6 edge（G9250）32G版 铂光金 移动联通电信4G手机', '8', null, null, '112.114.6.166', '20151009020253', '9', '云南省', null, null), ('707', '', null, null, null, '113.132.193.155', '20151009020518', null, '陕西省', null, null), ('708', '玫恋雅2015夏季新款韩版百搭气质女装复古文艺短袖圆领棉麻连衣裙 女88 绿 色 L', '27', null, null, '119.177.111.231', '20151009024037', '9', '山东省', null, null), ('709', '碧月茹香 2015夏新款文艺棉麻宽松大码连衣裙 617绿色 XXL', '25', null, null, '118.249.69.184', '20151009091209', '9', '湖南省', null, null), ('710', 'iphone6', '5', null, null, '58.20.54.150', '20151009092306', '10', '湖南省', null, null), ('711', '平台自营连衣裙', '59', null, null, '58.57.5.98', '20151009092415', '0', '山东省', null, null), ('712', 'Apple iPhone 6 Plus (A1524) 16GB 金色 移动联通电信4G手机', '7', null, null, '58.57.5.98', '20151009092432', '9', '山东省', null, null), ('713', '可情小美 欧美范春夏款时尚OL职业女超高跟鞋 糖果色漆皮尖头夜店性感', '30', '123123', '70', '211.138.238.30', '20151009093007', '9', '湖南省', null, null), ('714', '阁斯岚 2015夏日新款无袖长款雪纺连衣裙 夏天大码沙滩纯色长裙 G25 白色 L', '28', 'demo', '14', '211.138.238.30', '20151009093159', '9', '湖南省', null, null), ('715', '古灵鸟 2015新品高跟鞋欧美女鞋夏季粗跟单鞋厚底防水台 粉色 ', '38', 'demo', '14', '211.138.238.30', '20151009094502', '9', '湖南省', null, null), ('716', '三星 Galaxy S6 edge（G9250）32G版 铂光金 移动联通电信4G手机', '8', null, null, '113.116.235.150', '20151009095228', '9', '广东省', null, null), ('717', 'iphone6', '5', 'demo', '14', '58.20.54.150', '20151009095312', '10', '湖南省', null, null), ('718', 'Masentek S30升级版 商务通话蓝牙耳机 通用型 耳挂式 黑色', '43', 'demo', '14', '58.20.54.150', '20151009095414', '12', '湖南省', null, null), ('719', '11111', '68', 'demo', '14', '211.138.238.30', '20151009100842', '19', '湖南省', null, null), ('720', '碧月茹香 2015夏新款文艺棉麻宽松大码连衣裙 617绿色 XXL', '25', null, null, '211.138.238.30', '20151009101307', '9', '湖南省', null, null), ('721', 'Masentek S30升级版 商务通话蓝牙耳机 通用型 耳挂式 黑色', '43', 'demo', '14', '211.138.238.30', '20151009102900', '12', '湖南省', null, null), ('722', '阁斯岚 2015夏日新款无袖长款雪纺连衣裙 夏天大码沙滩纯色长裙 G25 白色 L', '28', null, null, '115.236.28.30', '20151009103738', '9', '浙江省', null, null), ('723', '碧月茹香 2015夏新款文艺棉麻宽松大码连衣裙 617绿色 XXL', '25', null, null, '59.55.48.198', '20151009104904', '9', '江西省', null, null), ('724', ' 琪可朵高跟鞋尖头真皮蝴蝶结2015新款婚鞋  01甜美粉色 ', '36', null, null, '211.138.238.30', '20151009105338', '9', '湖南省', null, null), ('725', 'Apple iPhone 6 Plus (A1524) 16GB 金色 移动联通电信4G手机', '7', null, null, '211.138.238.30', '20151009111710', '9', '湖南省', null, null), ('726', ' bubufeifei2015夏季新款高跟鞋女 水钻细跟女鞋婚鞋单鞋 珍珠白', '35', null, null, '211.138.238.30', '20151009112111', '9', '湖南省', null, null), ('727', 'Apple iPhone 6 Plus (A1524) 16GB 金色 移动联通电信4G手机', '7', null, null, '211.138.238.30', '20151009112659', '9', '湖南省', null, null), ('728', 'Apple iPhone 6 Plus (A1524) 16GB 金色 移动联通电信4G手机', '7', null, null, '211.138.238.30', '20151009113156', '9', '湖南省', null, null), ('729', '测试手机', '46', null, null, '58.20.54.150', '20151009113916', '12', '湖南省', null, null), ('730', '玫恋雅2015夏季新款韩版百搭气质女装复古文艺短袖圆领棉麻连衣裙 女88 绿 色 L', '27', 'demo', '14', '211.138.238.30', '20151009114038', '9', '湖南省', null, null), ('731', ' bubufeifei2015夏季新款高跟鞋女 水钻细跟女鞋婚鞋单鞋 珍珠白', '35', null, null, '116.25.88.230', '20151009121010', '9', '广东省', null, null), ('732', '可情小美 欧美范春夏款时尚OL职业女超高跟鞋 糖果色漆皮尖头夜店性感', '30', '123123', '70', '117.136.24.190', '20151009134841', '9', '湖南省', null, null), ('733', 'iphone6', '5', '123123', '70', '117.136.24.190', '20151009135108', '10', '湖南省', null, null), ('734', 'Apple iPhone 6 Plus (A1524) 16GB 金色 移动联通电信4G手机', '7', '123123', '70', '117.136.24.190', '20151009135115', '9', '湖南省', null, null), ('735', ' Apple iPhone 6 (A1586) 16GB 金色 移动联通电信4G手机', '6', '123123', '70', '117.136.24.190', '20151009135123', '10', '湖南省', null, null), ('736', '可情小美 欧美范春夏款时尚OL职业女超高跟鞋 糖果色漆皮尖头夜店性感', '30', '123123', '70', '117.136.24.190', '20151009135142', '9', '湖南省', null, null), ('737', ' bubufeifei2015夏季新款高跟鞋女 水钻细跟女鞋婚鞋单鞋 珍珠白', '35', null, null, '120.194.222.237', '20151009140553', '9', '河南省', null, null), ('738', '123123', '56', null, null, '115.120.5.187', '20151009141419', '9', '重庆市省', null, null), ('739', '123123', '56', null, null, '115.120.5.187', '20151009141458', '9', '重庆市省', null, null), ('740', '111', '72', null, null, '211.138.238.30', '20151009142210', '9', '湖南省', null, null), ('741', '111', '72', null, null, '211.138.238.30', '20151009143216', '9', '湖南省', null, null), ('742', '111', '72', null, null, '211.138.238.30', '20151009143348', '9', '湖南省', null, null), ('743', '碧月茹香 2015夏新款文艺棉麻宽松大码连衣裙 617绿色 XXL', '25', null, null, '58.246.50.40', '20151009145000', '9', '上海市省', null, null), ('744', ' 凡牧2015夏装新款棉麻短袖连衣裙女韩版修身', '26', null, null, '180.173.41.239', '20151009145329', '9', '上海市省', null, null), ('745', 'iphone6', '5', null, null, '123.112.172.14', '20151009145609', '10', '北京市省', null, null), ('746', '可可西里', '73', null, null, '118.194.198.25', '20151009150018', '12', '北京市省', null, null), ('747', '佳能（Canon） EOS 700D 单反套机', '42', 'demo', '14', '123.112.172.14', '20151009150821', '12', '北京市省', null, null), ('748', ' 凡牧2015夏装新款棉麻短袖连衣裙女韩版修身', '26', null, null, '180.173.41.239', '20151009160034', '9', '上海市省', null, null), ('749', ' 凡牧2015夏装新款棉麻短袖连衣裙女韩版修身', '26', null, null, '42.198.237.118', '20151009160216', '9', '湖北省', null, null), ('750', '碧月茹香 2015夏新款文艺棉麻宽松大码连衣裙 617绿色 XXL', '25', null, null, '42.198.237.118', '20151009160303', '9', '湖北省', null, null), ('751', '可情小美 欧美范春夏款时尚OL职业女超高跟鞋 糖果色漆皮尖头夜店性感', '30', null, null, '42.198.237.118', '20151009160346', '9', '湖北省', null, null), ('752', '测试手机', '46', '123123', '70', '117.136.24.190', '20151009160646', '12', '湖南省', null, null), ('753', '三星 Galaxy S6 edge（G9250）32G版 铂光金 移动联通电信4G手机', '8', '123123', '70', '117.136.24.190', '20151009161031', '9', '湖南省', null, null), ('754', ' 百年纪念高跟鞋', '34', null, null, '42.198.237.118', '20151009161509', '9', '湖北省', null, null), ('755', '三星 Galaxy S6 edge（G9250）32G版 铂光金 移动联通电信4G手机', '8', 'demo', '14', '171.212.224.199', '20151009161958', '9', '四川省', null, null), ('756', '三星 Galaxy S6 edge（G9250）32G版 铂光金 移动联通电信4G手机', '8', null, null, '101.199.108.59', '20151009162347', '9', '北京市省', null, null), ('757', '测试手机', '46', 'demo', '14', '171.212.224.199', '20151009162353', '12', '四川省', null, null), ('758', '三星 Galaxy S6 edge（G9250）32G版 铂光金 移动联通电信4G手机', '8', null, null, '101.199.108.50', '20151009162357', '9', '北京市省', null, null), ('759', '11111', '68', null, null, '14.155.29.192', '20151009164344', '19', '广东省', null, null), ('760', 'iphone6', '5', null, null, '14.155.29.192', '20151009164445', '10', '广东省', null, null), ('761', 'iphone6', '5', null, null, '14.155.29.192', '20151009165004', '10', '广东省', null, null), ('762', 'iphone6', '5', null, null, '14.155.29.192', '20151009165010', '10', '广东省', null, null), ('763', 'iphone6', '5', null, null, '14.155.29.192', '20151009165354', '10', '广东省', null, null), ('764', 'iphone6', '5', 'demo', '14', '211.138.238.30', '20151009171001', '10', '湖南省', null, null), ('765', '古灵鸟 2015新品高跟鞋欧美女鞋夏季粗跟单鞋厚底防水台 粉色 ', '38', null, null, '106.2.206.86', '20151009174344', '9', '北京市省', null, null), ('766', 'Apple iPhone 6 Plus (A1524) 16GB 金色 移动联通电信4G手机', '7', null, null, '211.138.238.30', '20151009182143', '9', '湖南省', null, null), ('767', '测试手机', '46', null, null, '211.138.238.30', '20151009191802', '12', '湖南省', null, null), ('768', '可情小美 欧美范春夏款时尚OL职业女超高跟鞋 糖果色漆皮尖头夜店性感', '30', '123123', '70', '175.9.117.104', '20151009195711', '9', '湖南省', null, null), ('769', '清水丽香 2015夏装新款复古文艺短袖棉麻圆领长裙C03 红色 M', '24', null, null, '211.138.238.30', '20151009211143', '9', '湖南省', null, null), ('770', '三星 Galaxy S6 edge（G9250）32G版 铂光金 移动联通电信4G手机', '8', null, null, '113.118.245.49', '20151009233024', '9', '广东省', null, null), ('771', '金丝兔 高跟鞋2015夏秋季新款 时尚水钻侧空女鞋细跟单鞋子 6623-金色 37', '37', null, null, '113.118.245.49', '20151009233056', '9', '广东省', null, null), ('772', 'Apple iPhone 6 Plus (A1524) 16GB 金色 移动联通电信4G手机', '7', null, null, '221.221.210.91', '20151010003926', '9', '北京市海淀区省', null, null), ('773', '三星 Galaxy S6 edge（G9250）32G版 铂光金 移动联通电信4G手机', '8', null, null, '221.221.210.91', '20151010004000', '9', '北京市海淀区省', null, null), ('774', '碧月茹香 2015夏新款文艺棉麻宽松大码连衣裙 617绿色 XXL', '25', null, null, '119.131.77.184', '20151010022431', '9', '广东省', null, null), ('775', '可情小美 欧美范春夏款时尚OL职业女超高跟鞋 糖果色漆皮尖头夜店性感', '30', 'qweqwe', '72', '117.136.24.170', '20151010081734', '9', '湖南省', null, null), ('776', '手机手机', '74', 'qweqwe', '72', '117.136.24.170', '20151010082551', '10', '湖南省', null, null), ('777', '可情小美 欧美范春夏款时尚OL职业女超高跟鞋 糖果色漆皮尖头夜店性感', '30', 'qweqwe', '72', '117.136.24.170', '20151010082635', '9', '湖南省', null, null), ('778', '', null, null, null, '59.41.70.36', '20151010091550', null, '广东省', null, null), ('779', '测试手机', '46', 'qweqwe', '72', '117.136.24.170', '20151010092006', '12', '湖南省', null, null), ('780', ' 百年纪念高跟鞋', '34', 'gyh98', '7', '58.132.170.171', '20151010095159', '9', '北京市省', null, null), ('781', 'exo吴世勋同款鸭舌帽子韩国帽子女夏天潮嘻哈帽平沿棒球帽男潮牌', '47', 'gyh98', '7', '58.132.170.171', '20151010095221', '13', '北京市省', null, null), ('782', 'exo吴世勋同款鸭舌帽子韩国帽子女夏天潮嘻哈帽平沿棒球帽男潮牌', '47', 'gyh98', '7', '58.132.170.171', '20151010095233', '13', '北京市省', null, null), ('783', ' 百年纪念高跟鞋', '34', 'gyh98', '7', '58.132.170.171', '20151010095722', '9', '北京市省', null, null), ('784', 'iphone6', '5', null, null, '14.155.29.119', '20151010095759', '10', '广东省', null, null), ('785', 'iphone6', '5', null, null, '14.155.29.119', '20151010095810', '10', '广东省', null, null), ('786', 'KRAVITZ牛仔布料吴世勋帽子潮流棒球帽平檐帽EXO同款嘻哈平沿帽子', '49', 'gyh98', '7', '58.132.170.171', '20151010095847', '13', '北京市省', null, null), ('787', '可情小美 欧美范春夏款时尚OL职业女超高跟鞋 糖果色漆皮尖头夜店性感', '30', 'qweqwe', '72', '117.136.24.170', '20151010095852', '9', '湖南省', null, null), ('788', '碧月茹香 2015夏新款文艺棉麻宽松大码连衣裙 617绿色 XXL', '25', null, null, '14.155.29.119', '20151010095856', '9', '广东省', null, null), ('789', '碧月茹香 2015夏新款文艺棉麻宽松大码连衣裙 617绿色 XXL', '25', null, null, '14.155.29.119', '20151010095905', '9', '广东省', null, null), ('790', ' 琪可朵高跟鞋尖头真皮蝴蝶结2015新款婚鞋  01甜美粉色 ', '36', 'gyh98', '7', '58.132.170.171', '20151010095909', '9', '北京市省', null, null), ('791', 'iphone6', '5', 'gyh98', '7', '58.132.170.171', '20151010095959', '10', '北京市省', null, null), ('792', ' 百年纪念高跟鞋', '34', 'gyh98', '7', '58.132.170.171', '20151010100125', '9', '北京市省', null, null), ('793', '乐视TV（Letv） X50 Air UN3016艺术版 50英寸4K超高清3DLED液晶', '40', 'gyh98', '7', '58.132.170.171', '20151010100155', '11', '北京市省', null, null), ('794', '我的手机', '75', null, null, '14.155.29.119', '20151010100300', '11', '广东省', null, null), ('795', '我的手机', '75', null, null, '14.155.29.119', '20151010100318', '11', '广东省', null, null), ('796', '我的手机', '75', null, null, '14.155.29.119', '20151010100328', '11', '广东省', null, null), ('797', '我的手机', '75', null, null, '14.155.29.119', '20151010100408', '11', '广东省', null, null), ('798', '美版苹果iPhone6 64G版 4G手机 4.7寸（金色）A1586 支持移动电信联通 金色', '19', 'gyh98', '7', '58.132.170.171', '20151010100618', '9', '北京市省', null, null), ('799', '我的手机', '75', null, null, '14.155.29.119', '20151010100630', '11', '广东省', null, null), ('800', '美版苹果iPhone6 64G版 4G手机 4.7寸（金色）A1586 支持移动电信联通 金色', '19', 'gyh98', '7', '58.132.170.171', '20151010100641', '9', '北京市省', null, null), ('801', '我的手机', '75', 'demo', '14', '14.155.29.119', '20151010100736', '11', '广东省', null, null), ('802', 'Apple iPhone 6 Plus (A1524) 16GB 金色 移动联通电信4G手机', '7', null, null, '58.132.170.171', '20151010101154', '9', '北京市省', null, null), ('803', '美版苹果iPhone6 64G版 4G手机 4.7寸（金色）A1586 支持移动电信联通 金色', '19', null, null, '58.132.170.171', '20151010101157', '9', '北京市省', null, null), ('804', '美版苹果iPhone6 64G版 4G手机 4.7寸（金色）A1586 支持移动电信联通 金色', '19', null, null, '58.132.170.171', '20151010101214', '9', '北京市省', null, null), ('805', '美版苹果iPhone6 64G版 4G手机 4.7寸（金色）A1586 支持移动电信联通 金色', '19', null, null, '58.132.170.171', '20151010101518', '9', '北京市省', null, null), ('806', '美版苹果iPhone6 64G版 4G手机 4.7寸（金色）A1586 支持移动电信联通 金色', '19', null, null, '58.132.170.171', '20151010101748', '9', '北京市省', null, null), ('807', '11111111', '66', null, null, '58.132.170.171', '20151010101903', '12', '北京市省', null, null), ('808', '碧月茹香 2015夏新款文艺棉麻宽松大码连衣裙 617绿色 XXL', '25', 'demo', '14', '14.155.29.119', '20151010102739', '9', '广东省', null, null), ('809', 'Apple MacBook Air MJVE2CH/A 13.3英寸宽屏笔记本电脑 128GB 闪存', '11', 'demo', '14', '14.155.29.119', '20151010102854', '9', '广东省', null, null), ('810', '碧月茹香 2015夏新款文艺棉麻宽松大码连衣裙 617绿色 XXL', '25', 'demo', '14', '14.155.29.119', '20151010102912', '9', '广东省', null, null), ('811', '可情小美 欧美范春夏款时尚OL职业女超高跟鞋 糖果色漆皮尖头夜店性感', '30', '123123', '70', '117.136.24.170', '20151010102949', '9', '湖南省', null, null), ('812', '碧月茹香 2015夏新款文艺棉麻宽松大码连衣裙 617绿色 XXL', '25', 'demo', '14', '14.155.29.119', '20151010103057', '9', '广东省', null, null), ('813', 'sony', '76', 'demo', '14', '211.138.238.30', '20151010103324', '12', '湖南省', null, null), ('814', '可情小美 欧美范春夏款时尚OL职业女超高跟鞋 糖果色漆皮尖头夜店性感', '30', '123123', '70', '117.136.24.170', '20151010103546', '9', '湖南省', null, null), ('815', '可情小美 欧美范春夏款时尚OL职业女超高跟鞋 糖果色漆皮尖头夜店性感', '30', '123123', '70', '117.136.24.170', '20151010103610', '9', '湖南省', null, null), ('816', 'Masentek S30升级版 商务通话蓝牙耳机 通用型 耳挂式 黑色', '43', null, null, '36.110.46.238', '20151010105807', '12', '浙江省', null, null), ('817', '测试手机', '46', 'demo', '14', '106.2.206.86', '20151010110057', '12', '北京市省', null, null), ('818', 'iphone6', '5', null, null, '36.110.46.238', '20151010110613', '10', '浙江省', null, null), ('819', '玫恋雅2015夏季新款韩版百搭气质女装复古文艺短袖圆领棉麻连衣裙 女88 绿 色 L', '27', 'demo', '14', '106.2.206.86', '20151010111335', '9', '北京市省', null, null), ('820', '我的手机', '75', 'test123', '73', '14.155.29.119', '20151010111625', '11', '广东省', null, null), ('821', '测试手机', '46', null, null, '58.132.170.171', '20151010113833', '12', '北京市省', null, null), ('822', ' 琪可朵高跟鞋尖头真皮蝴蝶结2015新款婚鞋  01甜美粉色 ', '36', null, null, '125.94.54.60', '20151010115032', '9', '广东省', null, null), ('823', 'iphone6', '5', null, null, '125.94.54.60', '20151010115039', '10', '广东省', null, null), ('824', '琪可朵粗跟单鞋女中跟浅口真皮婚鞋2015新款女鞋 浅肉肤色 41', '33', null, null, '218.64.120.246', '20151010121055', '9', '江西省', null, null), ('825', '佳能（Canon） EOS 700D 单反套机', '42', 'demo', '14', '183.13.83.179', '20151010123010', '12', '广东省', null, null), ('826', '佳能（Canon） EOS 700D 单反套机', '42', 'demo', '14', '183.13.83.179', '20151010123025', '12', '广东省', null, null), ('827', ' bubufeifei2015夏季新款高跟鞋女 水钻细跟女鞋婚鞋单鞋 珍珠白', '35', null, null, '123.139.29.110', '20151010135222', '9', '陕西省', null, null), ('828', '可情小美 欧美范春夏款时尚OL职业女超高跟鞋 糖果色漆皮尖头夜店性感', '30', 'qweqwe', '72', '117.136.24.170', '20151010140350', '9', '湖南省', null, null), ('829', 'iphone6', '5', 'qweqwe', '72', '117.136.24.170', '20151010140406', '10', '湖南省', null, null), ('830', 'Apple iPhone 6 Plus (A1524) 16GB 金色 移动联通电信4G手机', '7', 'qweqwe', '72', '117.136.24.170', '20151010140413', '9', '湖南省', null, null), ('831', '惬曼昕连衣裙 夏 女 雪纺2015夏装女装新款短袖淑女款裙子AYFS251 绿 L', '22', null, null, '58.211.42.212', '20151010140416', '9', '江苏省', null, null), ('832', ' Apple iPhone 6 (A1586) 16GB 金色 移动联通电信4G手机', '6', 'qweqwe', '72', '117.136.24.170', '20151010140421', '10', '湖南省', null, null), ('833', '手机手机', '74', 'qweqwe', '72', '117.136.24.170', '20151010140502', '10', '湖南省', null, null), ('834', '可情小美 欧美范春夏款时尚OL职业女超高跟鞋 糖果色漆皮尖头夜店性感', '30', '123123', '70', '117.136.24.170', '20151010144557', '9', '湖南省', null, null), ('835', '可情小美 欧美范春夏款时尚OL职业女超高跟鞋 糖果色漆皮尖头夜店性感', '30', '123123', '70', '117.136.24.170', '20151010150757', '9', '湖南省', null, null), ('836', '', null, null, null, '124.127.72.169', '20151010152336', null, '北京市省', null, null), ('837', '测试手机', '46', null, null, '124.127.72.169', '20151010152401', '12', '北京市省', null, null), ('838', '测试手机', '46', null, null, '124.127.72.169', '20151010152430', '12', '北京市省', null, null), ('839', '美版苹果iPhone6 64G版 4G手机 4.7寸（金色）A1586 支持移动电信联通 金色', '19', null, null, '124.127.72.169', '20151010152519', '9', '北京市省', null, null), ('840', ' bubufeifei2015夏季新款高跟鞋女 水钻细跟女鞋婚鞋单鞋 珍珠白', '35', null, null, '211.138.238.30', '20151010152841', '9', '湖南省', null, null), ('841', '美版苹果iPhone6 64G版 4G手机 4.7寸（金色）A1586 支持移动电信联通 金色', '19', null, null, '124.127.72.169', '20151010153333', '9', '北京市省', null, null), ('842', '清水丽香 2015夏装新款复古文艺短袖棉麻圆领长裙C03 红色 M', '24', null, null, '211.138.238.30', '20151010153643', '9', '湖南省', null, null), ('843', 'test', '69', null, null, '116.231.145.51', '20151010161219', '0', '上海市浦东新区省', null, null), ('844', '碧月茹香 2015夏新款文艺棉麻宽松大码连衣裙 617绿色 XXL', '25', null, null, '116.231.145.51', '20151010161232', '9', '上海市浦东新区省', null, null), ('845', 'Apple iPhone 6 Plus (A1524) 16GB 金色 移动联通电信4G手机', '7', null, null, '116.231.145.51', '20151010161528', '9', '上海市浦东新区省', null, null), ('846', ' 琪可朵高跟鞋尖头真皮蝴蝶结2015新款婚鞋  01甜美粉色 ', '36', 'zhyx1979', '75', '14.104.187.9', '20151010162811', '9', '重庆市江北区省', null, null), ('847', '碧月茹香 2015夏新款文艺棉麻宽松大码连衣裙 617绿色 XXL', '25', 'zhyx1979', '75', '14.104.187.9', '20151010163107', '9', '重庆市江北区省', null, null), ('848', ' 琪可朵高跟鞋尖头真皮蝴蝶结2015新款婚鞋  01甜美粉色 ', '36', null, null, '101.199.112.45', '20151010163724', '9', '北京市省', null, null), ('849', ' 琪可朵高跟鞋尖头真皮蝴蝶结2015新款婚鞋  01甜美粉色 ', '36', null, null, '101.199.108.58', '20151010163724', '9', '北京市省', null, null), ('850', '我的手机', '75', null, null, '14.104.187.9', '20151010165842', '11', '重庆市江北区省', null, null), ('851', ' bubufeifei2015夏季新款高跟鞋女 水钻细跟女鞋婚鞋单鞋 珍珠白', '35', 'gyh98', '7', '58.132.170.171', '20151010172744', '9', '北京市省', null, null), ('852', '碧月茹香 2015夏新款文艺棉麻宽松大码连衣裙 617绿色 XXL', '25', 'gyh98', '7', '58.132.170.171', '20151010172818', '9', '北京市省', null, null), ('853', '可情小美 欧美范春夏款时尚OL职业女超高跟鞋 糖果色漆皮尖头夜店性感', '30', 'gyh98', '7', '58.132.170.171', '20151010172852', '9', '北京市省', null, null), ('854', '可情小美 欧美范春夏款时尚OL职业女超高跟鞋 糖果色漆皮尖头夜店性感', '30', null, null, '58.132.170.171', '20151010172910', '9', '北京市省', null, null), ('855', '美版苹果iPhone6 64G版 4G手机 4.7寸（金色）A1586 支持移动电信联通 金色', '19', null, null, '124.127.72.169', '20151010183608', '9', '北京市省', null, null), ('856', 'test', '69', null, null, '183.14.164.9', '20151010185507', '0', '广东省', null, null), ('857', 'sony', '76', null, null, '1.204.143.178', '20151010201941', '12', '贵州省', null, null), ('858', '三星（SAMSUNG) 移动电源 白色', '9', null, null, '101.95.111.218', '20151010202417', '9', '上海市省', null, null), ('859', 'Apple iPhone 6 Plus (A1524) 16GB 金色 移动联通电信4G手机', '7', null, null, '223.166.135.180', '20151010204526', '9', '上海市省', null, null), ('860', 'test', '69', null, null, '14.150.162.11', '20151010213038', '0', '广东省', null, null), ('861', 'Masentek S30升级版 商务通话蓝牙耳机 通用型 耳挂式 黑色', '43', null, null, '115.33.12.12', '20151010215215', '12', '北京市省', null, null), ('862', '琪可朵粗跟单鞋女中跟浅口真皮婚鞋2015新款女鞋 浅肉肤色 41', '33', null, null, '115.33.12.12', '20151010215219', '9', '北京市省', null, null), ('863', '三星（SAMSUNG) 移动电源 白色', '9', null, null, '110.152.234.99', '20151010221653', '9', '新疆乌鲁木齐市省', null, null), ('864', ' bubufeifei2015夏季新款高跟鞋女 水钻细跟女鞋婚鞋单鞋 珍珠白', '35', null, null, '114.249.200.102', '20151010224704', '9', '北京市省', null, null), ('865', '朵莱依 2015夏装热卖 大码波西米亚长裙子女装显瘦短袖甜美雪纺沙滩连衣裙 白色 L', '23', null, null, '114.249.200.102', '20151010225209', '9', '北京市省', null, null), ('866', '123123', '56', null, null, '211.103.232.50', '20151010230745', '9', '北京市省', null, null), ('867', 'Masentek S30升级版 商务通话蓝牙耳机 通用型 耳挂式 黑色', '43', null, null, '113.234.169.71', '20151011004300', '12', '辽宁省', null, null), ('868', 'Apple iPhone 6 Plus (A1524) 16GB 金色 移动联通电信4G手机', '7', null, null, '115.237.8.122', '20151011021202', '9', '浙江省', null, null), ('869', ' bubufeifei2015夏季新款高跟鞋女 水钻细跟女鞋婚鞋单鞋 珍珠白', '35', null, null, '118.206.255.199', '20151011083109', '9', '湖南省', null, null), ('870', 'Apple iPhone 6 Plus (A1524) 16GB 金色 移动联通电信4G手机', '7', null, null, '118.206.255.199', '20151011083134', '9', '湖南省', null, null), ('871', '小米 红米2A 白色 移动4G手机 双卡双待', '14', null, null, '118.206.255.199', '20151011083154', '9', '湖南省', null, null), ('872', 'Apple iPhone 6 Plus (A1524) 16GB 金色 移动联通电信4G手机', '7', null, null, '114.246.64.136', '20151011093616', '9', '北京市省', null, null), ('873', ' 琪可朵高跟鞋尖头真皮蝴蝶结2015新款婚鞋  01甜美粉色 ', '36', null, null, '114.246.64.136', '20151011093729', '9', '北京市省', null, null), ('874', ' bubufeifei2015夏季新款高跟鞋女 水钻细跟女鞋婚鞋单鞋 珍珠白', '35', null, null, '27.191.145.110', '20151011114943', '9', '河北省', null, null), ('875', 'iphone6', '5', null, null, '113.118.246.197', '20151011123516', '10', '广东省', null, null), ('876', '三星 Galaxy S6 edge（G9250）32G版 铂光金 移动联通电信4G手机', '8', null, null, '106.44.108.116', '20151011130045', '9', '陕西省', null, null), ('877', '惬曼昕连衣裙 夏 女 雪纺2015夏装女装新款短袖淑女款裙子AYFS251 绿 L', '22', null, null, '49.64.225.170', '20151011145403', '9', '江苏省', null, null), ('878', '可情小美 欧美范春夏款时尚OL职业女超高跟鞋 糖果色漆皮尖头夜店性感', '30', null, null, '49.64.225.170', '20151011145420', '9', '江苏省', null, null), ('879', ' 凡牧2015夏装新款棉麻短袖连衣裙女韩版修身', '26', null, null, '49.64.225.170', '20151011145432', '9', '江苏省', null, null), ('880', '三星（SAMSUNG) 移动电源 白色', '9', null, null, '115.230.82.235', '20151011150140', '9', '浙江省', null, null), ('881', '可情小美 欧美范春夏款时尚OL职业女超高跟鞋 糖果色漆皮尖头夜店性感', '30', null, null, '115.230.82.235', '20151011150147', '9', '浙江省', null, null), ('882', '三星 Galaxy S6 edge（G9250）32G版 铂光金 移动联通电信4G手机', '8', null, null, '1.85.37.10', '20151011154700', '9', '陕西省', null, null), ('883', ' bubufeifei2015夏季新款高跟鞋女 水钻细跟女鞋婚鞋单鞋 珍珠白', '35', null, null, '223.73.142.101', '20151011164807', '9', '广东省', null, null), ('884', 'Apple iPhone 6 Plus (A1524) 16GB 金色 移动联通电信4G手机', '7', null, null, '223.73.142.101', '20151011164845', '9', '广东省', null, null), ('885', '111', '72', null, null, '223.73.142.101', '20151011164911', '9', '广东省', null, null), ('886', '三星（SAMSUNG) 移动电源 白色', '9', null, null, '114.116.165.137', '20151011165215', '9', '广东省', null, null), ('887', '123123', '56', 'xgwang', '79', '116.231.145.51', '20151011174612', '9', '上海市浦东新区省', null, null), ('888', '美版苹果iPhone6 64G版 4G手机 4.7寸（金色）A1586 支持移动电信联通 金色', '19', 'xgwang', '79', '116.231.145.51', '20151011174636', '9', '上海市浦东新区省', null, null), ('889', ' bubufeifei2015夏季新款高跟鞋女 水钻细跟女鞋婚鞋单鞋 珍珠白', '35', 'xgwang', '79', '116.231.145.51', '20151011174811', '9', '上海市浦东新区省', null, null), ('890', '清水丽香 2015夏装新款复古文艺短袖棉麻圆领长裙C03 红色 M', '24', 'xgwang', '79', '116.231.145.51', '20151011175359', '9', '上海市浦东新区省', null, null), ('891', 'exo吴世勋同款鸭舌帽子韩国帽子女夏天潮嘻哈帽平沿棒球帽男潮牌', '47', 'xgwang', '79', '116.231.145.51', '20151011175530', '13', '上海市浦东新区省', null, null), ('892', 'iphone6', '5', 'xgwang', '79', '116.231.145.51', '20151011175655', '10', '上海市浦东新区省', null, null), ('893', '小米 红米2A 白色 移动4G手机 双卡双待', '14', 'xgwang', '79', '116.231.145.51', '20151011175715', '9', '上海市浦东新区省', null, null), ('894', '123123', '56', null, null, '101.199.108.55', '20151011180106', '9', '北京市省', null, null), ('895', '123123', '56', null, null, '101.199.108.50', '20151011180111', '9', '北京市省', null, null), ('896', ' 琪可朵高跟鞋尖头真皮蝴蝶结2015新款婚鞋  01甜美粉色 ', '36', null, null, '218.205.20.223', '20151011202724', '9', '江苏省', null, null), ('897', ' 琪可朵高跟鞋尖头真皮蝴蝶结2015新款婚鞋  01甜美粉色 ', '36', null, null, '218.205.20.223', '20151011202749', '9', '江苏省', null, null), ('898', '惬曼昕连衣裙 夏 女 雪纺2015夏装女装新款短袖淑女款裙子AYFS251 绿 L', '22', null, null, '101.233.20.154', '20151011214026', '9', '广东省', null, null), ('899', '惬曼昕连衣裙 夏 女 雪纺2015夏装女装新款短袖淑女款裙子AYFS251 绿 L', '22', null, null, '119.251.50.193', '20151012000404', '9', '河北省', null, null), ('900', '美版苹果iPhone6 64G版 4G手机 4.7寸（金色）A1586 支持移动电信联通 金色', '19', null, null, '119.251.50.193', '20151012000438', '9', '河北省', null, null), ('901', ' bubufeifei2015夏季新款高跟鞋女 水钻细跟女鞋婚鞋单鞋 珍珠白', '35', null, null, '218.85.38.222', '20151012044346', '9', '福建省', null, null), ('902', '欧诗黛连衣裙2015夏季新款韩版雪纺印花显瘦高腰衬衫裙子 白色款 M 累计', '29', null, null, '121.204.200.191', '20151012083445', '9', '福建省', null, null), ('903', '玫恋雅2015夏季新款韩版百搭气质女装复古文艺短袖圆领棉麻连衣裙 女88 绿 色 L', '27', null, null, '59.57.117.236', '20151012090730', '9', '福建省', null, null), ('904', '美版苹果iPhone6 64G版 4G手机 4.7寸（金色）A1586 支持移动电信联通 金色', '19', null, null, '59.57.117.236', '20151012090920', '9', '福建省', null, null), ('905', '琪可朵高跟鞋尖头真皮细跟蝴蝶结2015新款女鞋 03淡紫色 40', '32', null, null, '59.57.117.236', '20151012091550', '9', '福建省', null, null), ('906', '可情小美 欧美范春夏款时尚OL职业女超高跟鞋 糖果色漆皮尖头夜店性感', '30', null, null, '59.57.117.236', '20151012091713', '9', '福建省', null, null), ('907', '玫恋雅2015夏季新款韩版百搭气质女装复古文艺短袖圆领棉麻连衣裙 女88 绿 色 L', '27', null, null, '14.150.184.187', '20151012100248', '9', '广东省', null, null), ('908', '可情小美 欧美范春夏款时尚OL职业女超高跟鞋 糖果色漆皮尖头夜店性感', '30', '123123', '70', '58.132.170.171', '20151012100643', '9', '北京市省', null, null), ('909', '玫恋雅2015夏季新款韩版百搭气质女装复古文艺短袖圆领棉麻连衣裙 女88 绿 色 L', '27', null, null, '14.150.184.187', '20151012104503', '9', '广东省', null, null), ('910', '美版苹果iPhone6 64G版 4G手机 4.7寸（金色）A1586 支持移动电信联通 金色', '19', null, null, '123.103.9.8', '20151012104600', '9', '北京市省', null, null), ('911', ' 琪可朵高跟鞋尖头真皮蝴蝶结2015新款婚鞋  01甜美粉色 ', '36', null, null, '113.206.118.6', '20151012105348', '9', '重庆市省', null, null), ('912', 'Apple iPhone 6 Plus (A1524) 16GB 金色 移动联通电信4G手机', '7', 'demo', '14', '113.206.118.6', '20151012105604', '9', '重庆市省', null, null), ('913', '琪可朵高跟鞋尖头真皮细跟蝴蝶结2015新款女鞋 03淡紫色 40', '32', 'demo', '14', '113.206.118.6', '20151012105617', '9', '重庆市省', null, null), ('914', ' 凡牧2015夏装新款棉麻短袖连衣裙女韩版修身', '26', 'demo', '14', '113.206.118.6', '20151012105710', '9', '重庆市省', null, null), ('915', '三星（SAMSUNG) 移动电源 白色', '9', null, null, '112.251.176.129', '20151012110742', '9', '山东省', null, null), ('916', '可情小美 欧美范春夏款时尚OL职业女超高跟鞋 糖果色漆皮尖头夜店性感', '30', 'demo', '14', '113.206.118.6', '20151012110953', '9', '重庆市省', null, null), ('917', '碧月茹香 2015夏新款文艺棉麻宽松大码连衣裙 617绿色 XXL', '25', 'demo', '14', '113.206.118.6', '20151012111033', '9', '重庆市省', null, null), ('918', '惬曼昕连衣裙 夏 女 雪纺2015夏装女装新款短袖淑女款裙子AYFS251 绿 L', '22', null, null, '112.251.176.129', '20151012111042', '9', '山东省', null, null), ('919', '惬曼昕连衣裙 夏 女 雪纺2015夏装女装新款短袖淑女款裙子AYFS251 绿 L', '22', null, null, '112.251.176.129', '20151012111113', '9', '山东省', null, null), ('920', '三益木吉他', '78', null, null, '58.132.170.171', '20151012114227', '0', '北京市省', null, null), ('921', '三星（SAMSUNG) 移动电源 白色', '9', null, null, '58.132.170.171', '20151012114251', '9', '北京市省', null, null), ('922', 'iphone6', '5', null, null, '118.249.69.184', '20151012171702', '10', '湖南省', null, null), ('923', '11111', '68', null, null, '118.249.69.184', '20151012172106', '19', '湖南省', null, null), ('924', '手机手机', '74', 'gyh98', '7', '58.132.170.171', '20151012173039', '10', '北京市省', null, null), ('925', '美版苹果iPhone6 64G版 4G手机 4.7寸（金色）A1586 支持移动电信联通 金色', '19', 'gyh98', '7', '58.132.170.171', '20151012173058', '9', '北京市省', null, null), ('926', '三星 Galaxy S6 edge（G9250）32G版 铂光金 移动联通电信4G手机', '8', 'gyh98', '7', '58.132.170.171', '20151012175238', '9', '北京市省', null, null), ('927', ' bubufeifei2015夏季新款高跟鞋女 水钻细跟女鞋婚鞋单鞋 珍珠白', '35', 'gyh98', '7', '58.132.170.171', '20151012175336', '9', '北京市省', null, null), ('928', ' Apple iPhone 6 (A1586) 16GB 金色 移动联通电信4G手机', '6', 'gyh98', '7', '58.132.170.171', '20151012175412', '10', '北京市省', null, null), ('929', '阁斯岚 2015夏日新款无袖长款雪纺连衣裙 夏天大码沙滩纯色长裙 G25 白色 L', '28', 'gyh98', '7', '58.132.170.171', '20151012175507', '9', '北京市省', null, null), ('930', '诺基亚(NOKIA) 1050 (RM-1120) 黑色 移动联通2G手机', '17', 'gyh98', '7', '58.132.170.171', '20151012175528', '9', '北京市省', null, null), ('931', '玫恋雅2015夏季新款韩版百搭气质女装复古文艺短袖圆领棉麻连衣裙 女88 绿 色 L', '27', null, null, '221.219.111.144', '20151012175545', '9', '北京市朝阳区省', null, null), ('932', '金丝兔 高跟鞋2015夏秋季新款 时尚水钻侧空女鞋细跟单鞋子 6623-金色 37', '37', 'gyh98', '7', '58.132.170.171', '20151012175552', '9', '北京市省', null, null), ('933', 'LG AKA [H778]（1.5G RAM）移动联通双4G手机 （16G ROM） 黄小帝 标配版', '15', 'gyh98', '7', '58.132.170.171', '20151012175614', '9', '北京市省', null, null), ('934', '平台自营连衣裙', '59', 'gyh98', '7', '58.132.170.171', '20151012180242', '0', '北京市省', null, null), ('935', '平台自营连衣裙', '59', 'gyh98', '7', '58.132.170.171', '20151012180255', '0', '北京市省', null, null), ('936', '平台自营连衣裙', '59', 'gyh98', '7', '58.132.170.171', '20151012180301', '0', '北京市省', null, null), ('937', 'sony', '76', null, null, '219.237.242.141', '20151012181255', '12', '北京市省', null, null), ('938', '平台自营连衣裙', '59', 'gyh98', '7', '58.132.170.171', '20151012181421', '0', '北京市省', null, null), ('939', ' Apple iPhone 6 (A1586) 16GB 金色 移动联通电信4G手机', '6', 'gyh98', '7', '58.132.170.171', '20151012181445', '10', '北京市省', null, null), ('940', ' Apple iPhone 6 (A1586) 16GB 金色 移动联通电信4G手机', '6', 'gyh98', '7', '58.132.170.171', '20151012181453', '10', '北京市省', null, null), ('941', ' 凡牧2015夏装新款棉麻短袖连衣裙女韩版修身', '26', 'gyh98', '7', '58.132.170.171', '20151012181503', '9', '北京市省', null, null), ('942', '平台自营连衣裙', '59', 'gyh98', '7', '58.132.170.171', '20151012181826', '0', '北京市省', null, null), ('943', '小米 （MI）16000mHh+MFI数据线', '10', 'gyh98', '7', '58.132.170.171', '20151012181946', '9', '北京市省', null, null), ('944', 'sony', '76', null, null, '219.237.242.141', '20151012181955', '12', '北京市省', null, null), ('945', '碧月茹香 2015夏新款文艺棉麻宽松大码连衣裙 617绿色 XXL', '25', null, null, '219.237.242.141', '20151012182057', '9', '北京市省', null, null), ('946', '碧月茹香 2015夏新款文艺棉麻宽松大码连衣裙 617绿色 XXL', '25', null, null, '219.237.242.141', '20151012182106', '9', '北京市省', null, null), ('947', '碧月茹香 2015夏新款文艺棉麻宽松大码连衣裙 617绿色 XXL', '25', null, null, '219.237.242.141', '20151012182136', '9', '北京市省', null, null), ('948', '玫恋雅2015夏季新款韩版百搭气质女装复古文艺短袖圆领棉麻连衣裙 女88 绿 色 L', '27', null, null, '219.237.242.141', '20151012182232', '9', '北京市省', null, null), ('949', ' 琪可朵高跟鞋尖头真皮蝴蝶结2015新款婚鞋  01甜美粉色 ', '36', null, null, '116.226.224.148', '20151012182632', '9', '上海市浦东新区省', null, null), ('950', '辣椒衣社新款高跟鞋女鞋牛皮尖头单鞋高跟职业OL单鞋女鞋通勤工作鞋细跟鞋2522 黑色 37', '31', null, null, '221.226.46.130', '20151012184606', '9', '江苏省', null, null), ('951', ' bubufeifei2015夏季新款高跟鞋女 水钻细跟女鞋婚鞋单鞋 珍珠白', '35', null, null, '113.116.6.183', '20151012193534', '9', '广东省', null, null), ('952', '碧月茹香 2015夏新款文艺棉麻宽松大码连衣裙 617绿色 XXL', '25', null, null, '119.44.7.129', '20151012201915', '9', '湖南省', null, null), ('953', '碧月茹香 2015夏新款文艺棉麻宽松大码连衣裙 617绿色 XXL', '25', null, null, '119.44.7.129', '20151012203254', '9', '湖南省', null, null), ('954', '碧月茹香 2015夏新款文艺棉麻宽松大码连衣裙 617绿色 XXL', '25', null, null, '119.44.7.129', '20151012204147', '9', '湖南省', null, null), ('955', '碧月茹香 2015夏新款文艺棉麻宽松大码连衣裙 617绿色 XXL', '25', null, null, '119.44.7.129', '20151012204809', '9', '湖南省', null, null), ('956', ' Apple iPhone 6 (A1586) 16GB 金色 移动联通电信4G手机', '6', null, null, '120.36.160.118', '20151012211059', '10', '福建省', null, null), ('957', 'Apple iPhone 6 Plus (A1524) 16GB 金色 移动联通电信4G手机', '7', null, null, '120.36.160.118', '20151012211135', '9', '福建省', null, null), ('958', ' 凡牧2015夏装新款棉麻短袖连衣裙女韩版修身', '26', null, null, '61.180.200.33', '20151012212804', '9', '黑龙江省', null, null), ('959', 'Apple iPhone 6 Plus (A1524) 16GB 金色 移动联通电信4G手机', '7', null, null, '61.180.200.33', '20151012212827', '9', '黑龙江省', null, null), ('960', 'Apple iPhone 6 Plus (A1524) 16GB 金色 移动联通电信4G手机', '7', null, null, '1.205.172.24', '20151012231131', '9', '贵州省', null, null), ('961', '可情小美 欧美范春夏款时尚OL职业女超高跟鞋 糖果色漆皮尖头夜店性感', '30', null, null, '1.205.172.24', '20151012231156', '9', '贵州省', null, null), ('962', 'Apple iPhone 6 Plus (A1524) 16GB 金色 移动联通电信4G手机', '7', null, null, '106.117.25.246', '20151012231802', '9', '河北省', null, null), ('963', '清水丽香 2015夏装新款复古文艺短袖棉麻圆领长裙C03 红色 M', '24', null, null, '119.129.211.158', '20151013003558', '9', '广东省', null, null), ('964', '金丝兔 高跟鞋2015夏秋季新款 时尚水钻侧空女鞋细跟单鞋子 6623-金色 37', '37', null, null, '119.129.211.158', '20151013003558', '9', '广东省', null, null), ('965', ' 凡牧2015夏装新款棉麻短袖连衣裙女韩版修身', '26', null, null, '119.129.211.158', '20151013003600', '9', '广东省', null, null), ('966', '金丝兔 高跟鞋2015夏秋季新款 时尚水钻侧空女鞋细跟单鞋子 6623-金色 37', '37', null, null, '119.129.211.158', '20151013003757', '9', '广东省', null, null), ('967', 'test', '69', null, null, '183.13.169.81', '20151013003800', '0', '广东省', null, null), ('968', 'Apple iPhone 6 Plus (A1524) 16GB 金色 移动联通电信4G手机', '7', null, null, '119.129.211.158', '20151013003800', '9', '广东省', null, null), ('969', 'sony', '76', null, null, '220.168.17.147', '20151013085420', '12', '湖南省', null, null), ('970', '我的手机', '75', null, null, '61.183.136.50', '20151013090650', '11', '湖北省', null, null), ('971', '我的手机', '75', 'demo', '14', '61.183.136.50', '20151013090932', '11', '湖北省', null, null), ('972', ' bubufeifei2015夏季新款高跟鞋女 水钻细跟女鞋婚鞋单鞋 珍珠白', '35', 'demo', '14', '61.183.136.50', '20151013090946', '9', '湖北省', null, null), ('973', '清水丽香 2015夏装新款复古文艺短袖棉麻圆领长裙C03 红色 M', '24', null, null, '222.217.36.212', '20151013091744', '9', '广西柳州市省', null, null), ('974', '平台自营连衣裙', '59', null, null, '118.249.69.184', '20151013092122', '0', '湖南省', null, null), ('975', 'Apple MacBook Air MJVE2CH/A 13.3英寸宽屏笔记本电脑 128GB 闪存', '11', null, null, '115.171.28.83', '20151013094832', '9', '北京市省', null, null), ('976', 'Masentek S30升级版 商务通话蓝牙耳机 通用型 耳挂式 黑色', '43', null, null, '220.168.17.147', '20151013095924', '12', '湖南省', null, null), ('977', 'Apple iPhone 6 Plus (A1524) 16GB 金色 移动联通电信4G手机', '7', null, null, '1.204.0.108', '20151013100754', '9', '贵州省', null, null), ('978', ' 凡牧2015夏装新款棉麻短袖连衣裙女韩版修身', '26', null, null, '1.204.0.108', '20151013101500', '9', '贵州省', null, null), ('979', '123123', '56', null, null, '58.132.170.171', '20151013101819', '9', '北京市省', null, null), ('980', '可情小美 欧美范春夏款时尚OL职业女超高跟鞋 糖果色漆皮尖头夜店性感', '30', null, null, '58.132.170.171', '20151013101934', '9', '北京市省', null, null), ('981', 'Apple iPhone 6 Plus (A1524) 16GB 金色 移动联通电信4G手机', '7', 'gyh98', '7', '58.132.170.171', '20151013104656', '9', '北京市省', null, null), ('982', '美版苹果iPhone6 64G版 4G手机 4.7寸（金色）A1586 支持移动电信联通 金色', '19', 'gyh98', '7', '58.132.170.171', '20151013104725', '9', '北京市省', null, null), ('983', '美版苹果iPhone6 64G版 4G手机 4.7寸（金色）A1586 支持移动电信联通 金色', '19', 'gyh98', '7', '58.132.170.171', '20151013105113', '9', '北京市省', null, null), ('984', ' 琪可朵高跟鞋尖头真皮蝴蝶结2015新款婚鞋  01甜美粉色 ', '36', 'gyh98', '7', '58.132.170.171', '20151013105946', '9', '北京市省', null, null), ('985', '美版苹果iPhone6 64G版 4G手机 4.7寸（金色）A1586 支持移动电信联通 金色', '19', 'gyh98', '7', '58.132.170.171', '20151013105948', '9', '北京市省', null, null), ('986', '清水丽香 2015夏装新款复古文艺短袖棉麻圆领长裙C03 红色 M', '24', null, null, '220.168.17.147', '20151013111339', '9', '湖南省', null, null), ('987', 'iphone6', '5', null, null, '27.115.57.35', '20151013111821', '10', '上海市省', null, null), ('988', '美版苹果iPhone6 64G版 4G手机 4.7寸（金色）A1586 支持移动电信联通 金色', '19', null, null, '27.115.57.35', '20151013112225', '9', '上海市省', null, null), ('989', '美版苹果iPhone6 64G版 4G手机 4.7寸（金色）A1586 支持移动电信联通 金色', '19', null, null, '27.115.57.35', '20151013112252', '9', '上海市省', null, null), ('990', 'Apple iPhone 6 Plus (A1524) 16GB 金色 移动联通电信4G手机', '7', null, null, '221.219.111.144', '20151013115235', '9', '北京市朝阳区省', null, null), ('991', 'Masentek S30升级版 商务通话蓝牙耳机 通用型 耳挂式 黑色', '43', null, null, '114.215.250.37', '20151015105419', '12', '浙江省', null, null), ('992', '测试手机', '46', null, null, '114.215.250.34', '20151015105421', '12', '浙江省', null, null), ('993', 'test', '69', null, null, '114.215.250.33', '20151015105421', '0', '浙江省', null, null), ('994', 'iphone6s', '70', null, null, '114.215.250.37', '20151015105424', '11', '浙江省', null, null), ('995', '手机手机', '74', null, null, '114.215.250.34', '20151015105431', '10', '浙江省', null, null), ('996', '美版苹果iPhone6 64G版 4G手机 4.7寸（金色）A1586 支持移动电信联通 金色', '19', null, null, '114.215.250.34', '20151015105434', '9', '浙江省', null, null), ('997', '平台自营连衣裙', '59', null, null, '111.207.253.193', '20151015105926', '0', '北京市省', null, null), ('998', '美版苹果iPhone6 64G版 4G手机 4.7寸（金色）A1586 支持移动电信联通 金色', '19', null, null, '27.156.2.83', '20151015110958', '9', '福建省', null, null), ('999', '美版苹果iPhone6 64G版 4G手机 4.7寸（金色）A1586 支持移动电信联通 金色', '19', null, null, '58.132.170.171', '20151015111116', '9', '北京市省', null, null), ('1000', '手机手机', '74', null, null, '58.132.170.171', '20151015111152', '10', '北京市省', null, null), ('1001', ' 琪可朵高跟鞋尖头真皮蝴蝶结2015新款婚鞋  01甜美粉色 ', '36', null, null, '58.213.125.122', '20151015111513', '9', '江苏省', null, null), ('1002', '美版苹果iPhone6 64G版 4G手机 4.7寸（金色）A1586 支持移动电信联通 金色', '19', 'kwg', '81', '58.132.170.171', '20151015112417', '9', '北京市省', null, null), ('1003', '碧月茹香 2015夏新款文艺棉麻宽松大码连衣裙 617绿色 XXL', '25', 'kwg', '81', '58.132.170.171', '20151015112709', '9', '北京市省', null, null), ('1004', ' bubufeifei2015夏季新款高跟鞋女 水钻细跟女鞋婚鞋单鞋 珍珠白', '35', null, null, '211.103.232.50', '20151015114728', '9', '北京市省', null, null), ('1005', ' 琪可朵高跟鞋尖头真皮蝴蝶结2015新款婚鞋  01甜美粉色 ', '36', '15010033670', '68', '211.103.232.50', '20151015114831', '9', '北京市省', null, null), ('1006', '123123', '56', null, null, '124.126.88.171', '20151015120019', '9', '北京市省', null, null), ('1007', '美版苹果iPhone6 64G版 4G手机 4.7寸（金色）A1586 支持移动电信联通 金色', '19', null, null, '124.126.88.171', '20151015120029', '9', '北京市省', null, null), ('1008', '玫恋雅2015夏季新款韩版百搭气质女装复古文艺短袖圆领棉麻连衣裙 女88 绿 色 L', '27', null, null, '117.156.4.77', '20151015131956', '9', '甘肃省', null, null), ('1009', '古灵鸟 2015新品高跟鞋欧美女鞋夏季粗跟单鞋厚底防水台 粉色 ', '38', null, null, '125.94.71.123', '20151015140742', '9', '广东省', null, null), ('1010', 'iphone6s', '70', null, null, '125.94.71.123', '20151015140744', '11', '广东省', null, null), ('1011', '测试手机', '46', 'ZAQWE123', '82', '111.207.14.101', '20151015142855', '12', '北京市省', null, null), ('1012', '123123', '56', 'ZAQWE123', '82', '111.207.14.101', '20151015143156', '9', '北京市省', null, null), ('1013', '阁斯岚 2015夏日新款无袖长款雪纺连衣裙 夏天大码沙滩纯色长裙 G25 白色 L', '28', 'ZAQWE123', '82', '111.207.14.101', '20151015143237', '9', '北京市省', null, null), ('1014', ' bubufeifei2015夏季新款高跟鞋女 水钻细跟女鞋婚鞋单鞋 珍珠白', '35', null, null, '210.21.236.135', '20151015143251', '9', '广东省', null, null), ('1015', '魅族6', '81', null, null, '58.132.170.171', '20151015143410', '10', '北京市省', null, null), ('1016', 'iphone6', '5', null, null, '210.21.236.135', '20151015143554', '10', '广东省', null, null), ('1017', '魅族6', '81', 'gyh99', '5', '58.132.170.171', '20151015143840', '10', '北京市省', null, null), ('1018', '魅族6', '81', 'gyh99', '5', '58.132.170.171', '20151015145100', '10', '北京市省', null, null), ('1019', ' 凡牧2015夏装新款棉麻短袖连衣裙女韩版修身', '26', 'ZAQWE123', '82', '111.207.14.101', '20151015145133', '9', '北京市省', null, null), ('1020', ' 琪可朵高跟鞋尖头真皮蝴蝶结2015新款婚鞋  01甜美粉色 ', '36', 'ZAQWE123', '82', '111.207.14.101', '20151015145214', '9', '北京市省', null, null), ('1021', ' bubufeifei2015夏季新款高跟鞋女 水钻细跟女鞋婚鞋单鞋 珍珠白', '35', 'ZAQWE123', '82', '111.207.14.101', '20151015145414', '9', '北京市省', null, null), ('1022', 'Apple iPhone 6 Plus (A1524) 16GB 金色 移动联通电信4G手机', '7', 'ZAQWE123', '82', '111.207.14.101', '20151015145456', '9', '北京市省', null, null), ('1023', '我的手机', '75', 'ZAQWE123', '82', '111.207.14.101', '20151015145836', '11', '北京市省', null, null), ('1024', '我不喜欢这个世界，我只喜欢你 乔一和F君的暖心故事', '61', 'ZAQWE123', '82', '111.207.14.101', '20151015150217', '13', '北京市省', null, null), ('1025', ' bubufeifei2015夏季新款高跟鞋女 水钻细跟女鞋婚鞋单鞋 珍珠白', '35', 'longzhizu', '83', '119.180.98.134', '20151015150544', '9', '山东省', null, null), ('1026', ' 琪可朵高跟鞋尖头真皮蝴蝶结2015新款婚鞋  01甜美粉色 ', '36', null, null, '121.15.140.188', '20151015150624', '9', '广东省', null, null), ('1027', ' bubufeifei2015夏季新款高跟鞋女 水钻细跟女鞋婚鞋单鞋 珍珠白', '35', 'longzhizu', '83', '119.180.98.134', '20151015150912', '9', '山东省', null, null), ('1028', ' 百年纪念高跟鞋', '34', null, null, '58.132.170.171', '20151015152149', '9', '北京市省', null, null), ('1029', '荣耀6', '82', null, null, '58.132.170.171', '20151015153355', '21', '北京市省', null, null), ('1030', '荣耀6', '82', null, null, '58.132.170.171', '20151015153824', '21', '北京市省', null, null), ('1031', ' bubufeifei2015夏季新款高跟鞋女 水钻细跟女鞋婚鞋单鞋 珍珠白', '35', null, null, '221.234.19.228', '20151015154754', '9', '湖北省', null, null), ('1032', 'Apple iPhone 6 Plus (A1524) 16GB 金色 移动联通电信4G手机', '7', null, null, '221.14.171.242', '20151015160823', '9', '河南省', null, null), ('1033', '清水丽香 2015夏装新款复古文艺短袖棉麻圆领长裙C03 红色 M', '24', null, null, '221.14.171.242', '20151015161446', '9', '河南省', null, null), ('1034', '三星（SAMSUNG) 移动电源 白色', '9', null, null, '221.14.171.242', '20151015161501', '9', '河南省', null, null), ('1035', 'Apple iPhone 6 Plus (A1524) 16GB 金色 移动联通电信4G手机', '7', null, null, '221.14.171.242', '20151015161815', '9', '河南省', null, null), ('1036', ' 凡牧2015夏装新款棉麻短袖连衣裙女韩版修身', '26', null, null, '221.14.171.242', '20151015162246', '9', '河南省', null, null), ('1037', '平台自营连衣裙', '59', null, null, '124.127.147.254', '20151015163753', '0', '北京市省', null, null), ('1038', '平台自营连衣裙', '59', null, null, '124.127.147.254', '20151015163822', '0', '北京市省', null, null), ('1039', 'iphone6', '5', null, null, '221.14.171.242', '20151015164006', '10', '河南省', null, null), ('1040', 'iphone6', '5', null, null, '58.132.170.171', '20151015164028', '10', '北京市省', null, null), ('1041', 'iphone6', '5', null, null, '58.132.170.171', '20151015164106', '10', '北京市省', null, null), ('1042', 'iphone6', '5', null, null, '58.132.170.171', '20151015164252', '10', '北京市省', null, null), ('1043', ' 琪可朵高跟鞋尖头真皮蝴蝶结2015新款婚鞋  01甜美粉色 ', '36', null, null, '58.132.170.171', '20151015165228', '9', '北京市省', null, null), ('1044', 'iphone6', '5', null, null, '58.132.170.171', '20151015165247', '10', '北京市省', null, null), ('1045', '清水丽香 2015夏装新款复古文艺短袖棉麻圆领长裙C03 红色 M', '24', null, null, '58.132.170.171', '20151015165520', '9', '北京市省', null, null), ('1046', 'iphone6', '5', null, null, '58.132.170.171', '20151015165718', '10', '北京市省', null, null), ('1047', '平台自营连衣裙', '59', null, null, '124.127.147.254', '20151015165959', '0', '北京市省', null, null), ('1048', 'iphone6', '5', null, null, '123.118.2.12', '20151015170109', '10', '北京市海淀区省', null, null), ('1049', '101510151015', '83', null, null, '106.2.206.86', '20151015172857', '9', '北京市省', null, null), ('1050', '小米 （MI）16000mHh+MFI数据线', '10', null, null, '219.137.132.126', '20151015174039', '9', '广东省', null, null), ('1051', 'aaaaaaaa', '84', null, null, '121.24.252.251', '20151015174407', '0', '河北省', null, null), ('1052', ' 凡牧2015夏装新款棉麻短袖连衣裙女韩版修身', '26', 'jiuqi', '88', '221.14.171.242', '20151015174553', '9', '河南省', null, null), ('1053', '惬曼昕连衣裙 夏 女 雪纺2015夏装女装新款短袖淑女款裙子AYFS251 绿 L', '22', null, null, '121.24.252.251', '20151015174618', '9', '河北省', null, null), ('1054', '我不喜欢这个世界，我只喜欢你 乔一和F君的暖心故事', '61', null, null, '121.24.252.251', '20151015174805', '13', '河北省', null, null), ('1055', ' bubufeifei2015夏季新款高跟鞋女 水钻细跟女鞋婚鞋单鞋 珍珠白', '35', null, null, '117.73.35.109', '20151015181401', '9', '北京市省', null, null), ('1056', 'iphone6', '5', null, null, '39.153.85.134', '20151015181824', '10', '北京市省', null, null), ('1057', '阁斯岚 2015夏日新款无袖长款雪纺连衣裙 夏天大码沙滩纯色长裙 G25 白色 L', '28', null, null, '124.174.81.245', '20151015193826', '9', '广东省', null, null), ('1058', 'Apple iPhone 6 Plus (A1524) 16GB 金色 移动联通电信4G手机', '7', null, null, '124.174.81.245', '20151015194004', '9', '广东省', null, null), ('1059', ' 琪可朵高跟鞋尖头真皮蝴蝶结2015新款婚鞋  01甜美粉色 ', '36', null, null, '124.174.81.245', '20151015194800', '9', '广东省', null, null), ('1060', ' 凡牧2015夏装新款棉麻短袖连衣裙女韩版修身', '26', null, null, '124.174.81.245', '20151015195129', '9', '广东省', null, null), ('1061', 'iphone6', '5', null, null, '115.214.69.161', '20151015202410', '10', '浙江省', null, null), ('1062', 'Apple iPhone 6 Plus (A1524) 16GB 金色 移动联通电信4G手机', '7', null, null, '121.25.9.110', '20151015223039', '9', '河北省', null, null), ('1063', '古灵鸟 2015新品高跟鞋欧美女鞋夏季粗跟单鞋厚底防水台 粉色 ', '38', null, null, '112.112.230.194', '20151015230502', '9', '云南省', null, null), ('1064', '碧月茹香 2015夏新款文艺棉麻宽松大码连衣裙 617绿色 XXL', '25', null, null, '124.166.175.159', '20151015232418', '9', '山西省', null, null), ('1065', 'iphone6', '5', null, null, '182.139.211.10', '20151016011219', '10', '四川省', null, null), ('1066', ' bubufeifei2015夏季新款高跟鞋女 水钻细跟女鞋婚鞋单鞋 珍珠白', '35', null, null, '182.139.211.10', '20151016011433', '9', '四川省', null, null), ('1067', 'Apple iPhone 6 Plus (A1524) 16GB 金色 移动联通电信4G手机', '7', null, null, '182.139.211.10', '20151016011455', '9', '四川省', null, null), ('1068', '阁斯岚 2015夏日新款无袖长款雪纺连衣裙 夏天大码沙滩纯色长裙 G25 白色 L', '28', null, null, '182.139.211.10', '20151016011608', '9', '四川省', null, null), ('1069', 'iphone6', '5', null, null, '101.199.108.53', '20151016020519', '10', '北京市省', null, null), ('1070', 'iphone6', '5', null, null, '101.199.108.58', '20151016020537', '10', '北京市省', null, null), ('1071', '111', '72', null, null, '211.138.238.30', '20151016092644', '9', '湖南省', null, null), ('1072', 'iphone6', '5', null, null, '58.132.170.171', '20151016100211', '10', '北京市省', null, null), ('1073', 'Apple iPhone 6 Plus (A1524) 16GB 金色 移动联通电信4G手机', '7', null, null, '58.132.170.171', '20151016100224', '9', '北京市省', null, null), ('1074', ' 百年纪念高跟鞋', '34', null, null, '58.132.170.171', '20151016100233', '9', '北京市省', null, null), ('1075', '123123', '56', null, null, '58.132.170.171', '20151016100513', '9', '北京市省', null, null), ('1076', '123123', '56', null, null, '58.132.170.171', '20151016100531', '9', '北京市省', null, null), ('1077', '美版苹果iPhone6 64G版 4G手机 4.7寸（金色）A1586 支持移动电信联通 金色', '19', null, null, '211.138.238.30', '20151016100608', '9', '湖南省', null, null), ('1078', '123123', '56', null, null, '58.132.170.171', '20151016100609', '9', '北京市省', null, null), ('1079', '123123', '56', null, null, '58.132.170.171', '20151016100644', '9', '北京市省', null, null), ('1080', '123123', '56', null, null, '58.132.170.171', '20151016100708', '9', '北京市省', null, null), ('1081', '测试手机', '46', null, null, '58.132.170.171', '20151016101647', '12', '北京市省', null, null), ('1082', ' 百年纪念高跟鞋', '34', null, null, '58.132.170.171', '20151016101935', '9', '北京市省', null, null), ('1083', ' 百年纪念高跟鞋', '34', null, null, '58.132.170.171', '20151016102027', '9', '北京市省', null, null), ('1084', '美版苹果iPhone6 64G版 4G手机 4.7寸（金色）A1586 支持移动电信联通 金色', '19', null, null, '58.132.170.171', '20151016102126', '9', '北京市省', null, null), ('1085', 'Apple iPhone 6 Plus (A1524) 16GB 金色 移动联通电信4G手机', '7', null, null, '223.104.3.206', '20151016102143', '9', '北京市省', null, null), ('1086', ' Apple iPhone 6 (A1586) 16GB 金色 移动联通电信4G手机', '6', null, null, '122.78.187.88', '20151016102643', '10', '河南省', null, null), ('1087', '测试手机', '46', null, null, '58.132.170.171', '20151016102846', '12', '北京市省', null, null), ('1088', '测试手机', '46', null, null, '58.132.170.171', '20151016102850', '12', '北京市省', null, null), ('1089', ' 百年纪念高跟鞋', '34', null, null, '223.104.3.206', '20151016103507', '9', '北京市省', null, null), ('1090', '测试手机', '46', null, null, '58.132.170.171', '20151016104114', '12', '北京市省', null, null), ('1091', ' 百年纪念高跟鞋', '34', null, null, '223.104.3.206', '20151016104333', '9', '北京市省', null, null), ('1092', '美版苹果iPhone6 64G版 4G手机 4.7寸（金色）A1586 支持移动电信联通 金色', '19', null, null, '58.132.170.171', '20151016104529', '9', '北京市省', null, null), ('1093', 'Apple iPhone 6 Plus (A1524) 16GB 金色 移动联通电信4G手机', '7', null, null, '223.104.3.206', '20151016104656', '9', '北京市省', null, null), ('1094', 'iphone6', '5', null, null, '223.104.3.206', '20151016104713', '10', '北京市省', null, null), ('1095', '测试手机', '46', null, null, '58.132.170.171', '20151016111340', '12', '北京市省', null, null), ('1096', '测试手机', '46', null, null, '58.132.170.171', '20151016111411', '12', '北京市省', null, null), ('1097', '美版苹果iPhone6 64G版 4G手机 4.7寸（金色）A1586 支持移动电信联通 金色', '19', null, null, '58.132.170.171', '20151016112659', '9', '北京市省', null, null), ('1098', 'yui', '65', null, null, '59.51.73.225', '20151016115348', '12', '湖南省', null, null), ('1099', 'yui', '65', null, null, '59.51.73.225', '20151016115432', '12', '湖南省', null, null), ('1100', 'Masentek S30升级版 商务通话蓝牙耳机 通用型 耳挂式 黑色', '43', null, null, '58.132.170.171', '20151016120518', '12', '北京市省', null, null), ('1101', 'Masentek S30升级版 商务通话蓝牙耳机 通用型 耳挂式 黑色', '43', null, null, '58.132.170.171', '20151016120538', '12', '北京市省', null, null), ('1102', '测试手机', '46', null, null, '58.132.170.171', '20151016120714', '12', '北京市省', null, null), ('1103', ' Apple iPhone 6 (A1586) 16GB 金色 移动联通电信4G手机', '6', 'guanqf072015', '92', '58.132.170.171', '20151016122314', '10', '北京市省', null, null), ('1104', '123123', '56', null, null, '123.232.170.28', '20151016122955', '9', '山东省', null, null), ('1105', 'Apple iPhone 6 Plus (A1524) 16GB 金色 移动联通电信4G手机', '7', 'gaopeng', '93', '218.61.139.126', '20151016132646', '9', '辽宁省', null, null), ('1106', '碧月茹香 2015夏新款文艺棉麻宽松大码连衣裙 617绿色 XXL', '25', 'gaopeng', '93', '218.61.139.126', '20151016132715', '9', '辽宁省', null, null), ('1107', 'Apple iPhone 6 Plus (A1524) 16GB 金色 移动联通电信4G手机', '7', null, null, '14.16.237.114', '20151016133013', '9', '广东省', null, null), ('1108', 'Apple MacBook Air MJVE2CH/A 13.3英寸宽屏笔记本电脑 128GB 闪存', '11', null, null, '58.132.170.171', '20151016140600', '9', '北京市省', null, null), ('1109', '三星 Galaxy S6 edge（G9250）32G版 铂光金 移动联通电信4G手机', '8', null, null, '123.52.74.216', '20151016142107', '9', '河南省', null, null), ('1110', '平台自营连衣裙', '59', null, null, '58.132.170.171', '20151016143029', '0', '北京市省', null, null), ('1111', '平台自营连衣裙', '59', null, null, '58.132.170.171', '20151016143109', '0', '北京市省', null, null), ('1112', '清水丽香 2015夏装新款复古文艺短袖棉麻圆领长裙C03 红色 M', '24', 'gyh98', '7', '58.132.170.171', '20151016143209', '9', '北京市省', null, null), ('1113', '平台自营连衣裙', '59', 'gyh98', '7', '58.132.170.171', '20151016143228', '0', '北京市省', null, null), ('1114', '小米2s', '86', null, null, '58.132.170.171', '20151016143341', '22', '北京市省', null, null), ('1115', '碧月茹香 2015夏新款文艺棉麻宽松大码连衣裙 617绿色 XXL', '25', null, null, '58.132.170.171', '20151016143458', '9', '北京市省', null, null), ('1116', ' 凡牧2015夏装新款棉麻短袖连衣裙女韩版修身', '26', null, null, '58.132.170.171', '20151016143506', '9', '北京市省', null, null), ('1117', '玫恋雅2015夏季新款韩版百搭气质女装复古文艺短袖圆领棉麻连衣裙 女88 绿 色 L', '27', null, null, '58.132.170.171', '20151016143521', '9', '北京市省', null, null), ('1118', 'NB的对讲机', '88', 'gyh98', '7', '58.132.170.171', '20151016143611', '0', '北京市省', null, null), ('1119', 'iphone6', '5', 'demo', '14', '124.205.232.162', '20151016143618', '10', '北京市省', null, null), ('1120', '玫恋雅2015夏季新款韩版百搭气质女装复古文艺短袖圆领棉麻连衣裙 女88 绿 色 L', '27', null, null, '58.132.170.171', '20151016143628', '9', '北京市省', null, null), ('1121', '测试手机', '46', 'demo', '14', '124.205.232.162', '20151016143640', '12', '北京市省', null, null), ('1122', 'NB的对讲机', '88', 'gyh98', '7', '58.132.170.171', '20151016143718', '0', '北京市省', null, null), ('1123', '小米4', '89', null, null, '58.132.170.171', '20151016143751', '22', '北京市省', null, null), ('1124', '乐乐燕麦', '90', null, null, '58.132.170.171', '20151016144009', '23', '北京市省', null, null), ('1125', 'NB的对讲机', '88', 'gyh98', '7', '58.132.170.171', '20151016144059', '0', '北京市省', null, null), ('1126', '美版苹果iPhone6 64G版 4G手机 4.7寸（金色）A1586 支持移动电信联通 金色', '19', null, null, '58.132.170.171', '20151016144433', '9', '北京市省', null, null), ('1127', '美版苹果iPhone6 64G版 4G手机 4.7寸（金色）A1586 支持移动电信联通 金色', '19', null, null, '58.132.170.171', '20151016144515', '9', '北京市省', null, null), ('1128', '乐乐燕麦', '90', null, null, '58.132.170.171', '20151016144526', '23', '北京市省', null, null), ('1129', 'NB的对讲机', '88', 'gyh98', '7', '58.132.170.171', '20151016144738', '0', '北京市省', null, null), ('1130', 'NB的对讲机', '88', 'gyh98', '7', '58.132.170.171', '20151016144752', '0', '北京市省', null, null), ('1131', '小米4', '89', 'guan2015', '84', '58.132.170.171', '20151016145232', '22', '北京市省', null, null), ('1132', 'Apple iPhone 6 Plus (A1524) 16GB 金色 移动联通电信4G手机', '7', null, null, '59.188.247.121', '20151016151641', '9', '香港省', null, null), ('1133', '清水丽香 2015夏装新款复古文艺短袖棉麻圆领长裙C03 红色 M', '24', null, null, '218.241.81.146', '20151016153309', '9', '北京市省', null, null), ('1134', '清水丽香 2015夏装新款复古文艺短袖棉麻圆领长裙C03 红色 M', '24', null, null, '218.241.81.146', '20151016153556', '9', '北京市省', null, null), ('1135', 'yui', '65', null, null, '218.241.81.146', '20151016153707', '12', '北京市省', null, null), ('1136', 'NB的对讲机', '88', null, null, '124.127.147.254', '20151016171643', '0', '北京市省', null, null), ('1137', 'iphone6', '5', null, null, '211.103.232.50', '20151016172501', '10', '北京市省', null, null), ('1138', ' bubufeifei2015夏季新款高跟鞋女 水钻细跟女鞋婚鞋单鞋 珍珠白', '35', null, null, '222.244.144.128', '20151016173109', '9', '湖南省', null, null), ('1139', '古灵鸟 2015新品高跟鞋欧美女鞋夏季粗跟单鞋厚底防水台 粉色 ', '38', null, null, '122.70.124.172', '20151016173531', '9', '北京市省', null, null);
INSERT INTO `shop_stat_goods` VALUES ('1140', '清水丽香 2015夏装新款复古文艺短袖棉麻圆领长裙C03 红色 M', '24', null, null, '58.132.170.171', '20151016175117', '9', '北京市省', null, null), ('1141', 'Apple iPhone 6 Plus (A1524) 16GB 金色 移动联通电信4G手机', '7', null, null, '58.132.170.171', '20151016175124', '9', '北京市省', null, null), ('1142', 'Apple MacBook Air MJVE2CH/A 13.3英寸宽屏笔记本电脑 128GB 闪存', '11', null, null, '58.132.170.171', '20151016175136', '9', '北京市省', null, null), ('1143', 'iphone6', '5', null, null, '58.132.170.171', '20151016175141', '10', '北京市省', null, null), ('1144', '清水丽香 2015夏装新款复古文艺短袖棉麻圆领长裙C03 红色 M', '24', null, null, '58.132.170.171', '20151016175150', '9', '北京市省', null, null), ('1145', ' bubufeifei2015夏季新款高跟鞋女 水钻细跟女鞋婚鞋单鞋 珍珠白', '35', null, null, '58.132.170.171', '20151016175159', '9', '北京市省', null, null), ('1146', ' bubufeifei2015夏季新款高跟鞋女 水钻细跟女鞋婚鞋单鞋 珍珠白', '35', null, null, '58.132.170.171', '20151016175250', '9', '北京市省', null, null), ('1147', ' 百年纪念高跟鞋', '34', null, null, '106.2.206.86', '20151016180520', '9', '北京市省', null, null), ('1148', ' 百年纪念高跟鞋', '34', null, null, '106.2.206.86', '20151016180535', '9', '北京市省', null, null), ('1149', ' bubufeifei2015夏季新款高跟鞋女 水钻细跟女鞋婚鞋单鞋 珍珠白', '35', null, null, '58.132.170.171', '20151016181054', '9', '北京市省', null, null), ('1150', ' bubufeifei2015夏季新款高跟鞋女 水钻细跟女鞋婚鞋单鞋 珍珠白', '35', null, null, '58.132.170.171', '20151016181116', '9', '北京市省', null, null), ('1151', ' bubufeifei2015夏季新款高跟鞋女 水钻细跟女鞋婚鞋单鞋 珍珠白', '35', null, null, '58.132.170.171', '20151016181120', '9', '北京市省', null, null), ('1152', ' bubufeifei2015夏季新款高跟鞋女 水钻细跟女鞋婚鞋单鞋 珍珠白', '35', null, null, '58.132.170.171', '20151016181129', '9', '北京市省', null, null), ('1153', ' bubufeifei2015夏季新款高跟鞋女 水钻细跟女鞋婚鞋单鞋 珍珠白', '35', null, null, '58.132.170.171', '20151016181138', '9', '北京市省', null, null), ('1154', ' bubufeifei2015夏季新款高跟鞋女 水钻细跟女鞋婚鞋单鞋 珍珠白', '35', null, null, '58.132.170.171', '20151016181208', '9', '北京市省', null, null), ('1155', ' bubufeifei2015夏季新款高跟鞋女 水钻细跟女鞋婚鞋单鞋 珍珠白', '35', null, null, '58.132.170.171', '20151016181219', '9', '北京市省', null, null), ('1156', ' bubufeifei2015夏季新款高跟鞋女 水钻细跟女鞋婚鞋单鞋 珍珠白', '35', null, null, '58.132.170.171', '20151016181224', '9', '北京市省', null, null), ('1157', 'iphone6', '5', null, null, '171.109.179.215', '20151016181610', '10', '广西省', null, null), ('1158', 'Apple iPhone 5s (A1530) 16GB 金色 移动联通4G手机', '18', null, null, '61.140.50.130', '20151016181910', '9', '广东省', null, null), ('1159', 'LG AKA [H778]（1.5G RAM）移动联通双4G手机 （16G ROM） 黄小帝 标配版', '15', null, null, '61.140.50.130', '20151016182005', '9', '广东省', null, null), ('1160', '美版苹果iPhone6 64G版 4G手机 4.7寸（金色）A1586 支持移动电信联通 金色', '19', null, null, '61.140.50.130', '20151016182025', '9', '广东省', null, null), ('1161', ' bubufeifei2015夏季新款高跟鞋女 水钻细跟女鞋婚鞋单鞋 珍珠白', '35', null, null, '61.140.50.130', '20151016182110', '9', '广东省', null, null), ('1162', ' bubufeifei2015夏季新款高跟鞋女 水钻细跟女鞋婚鞋单鞋 珍珠白', '35', null, null, '101.199.108.118', '20151016190611', '9', '北京市省', null, null), ('1163', ' bubufeifei2015夏季新款高跟鞋女 水钻细跟女鞋婚鞋单鞋 珍珠白', '35', null, null, '220.181.132.198', '20151016190724', '9', '北京市省', null, null), ('1164', ' bubufeifei2015夏季新款高跟鞋女 水钻细跟女鞋婚鞋单鞋 珍珠白', '35', null, null, '220.181.132.197', '20151016190736', '9', '北京市省', null, null), ('1165', '可情小美 欧美范春夏款时尚OL职业女超高跟鞋 糖果色漆皮尖头夜店性感', '30', null, null, '125.47.66.242', '20151017010016', '9', '河南省', null, null), ('1166', 'iphone6', '5', null, null, '222.245.33.167', '20151017031715', '10', '湖南省', null, null), ('1167', '22222', '87', null, null, '27.211.118.102', '20151017080603', '9', '山东省', null, null), ('1168', 'yui', '65', null, null, '27.211.118.102', '20151017083330', '12', '山东省', null, null), ('1169', '11111111', '66', null, null, '27.211.118.102', '20151017083359', '12', '山东省', null, null), ('1170', 'iphone6', '5', null, null, '119.131.136.236', '20151017092440', '10', '广东省', null, null), ('1171', 'iphone6', '5', null, null, '119.131.136.236', '20151017092442', '10', '广东省', null, null), ('1172', 'Apple iPhone 6 Plus (A1524) 16GB 金色 移动联通电信4G手机', '7', null, null, '119.131.136.236', '20151017092513', '9', '广东省', null, null), ('1173', 'Masentek S30升级版 商务通话蓝牙耳机 通用型 耳挂式 黑色', '43', null, null, '119.131.136.236', '20151017092614', '12', '广东省', null, null), ('1174', '碧月茹香 2015夏新款文艺棉麻宽松大码连衣裙 617绿色 XXL', '25', null, null, '222.128.159.114', '20151017103629', '9', '北京市省', null, null), ('1175', ' 凡牧2015夏装新款棉麻短袖连衣裙女韩版修身', '26', null, null, '222.128.159.114', '20151017103754', '9', '北京市省', null, null), ('1176', 'iphone6', '5', null, null, '222.128.159.114', '20151017103918', '10', '北京市省', null, null), ('1177', 'iphone6', '5', null, null, '183.146.190.158', '20151017111440', '10', '浙江省', null, null), ('1178', 'exo吴世勋同款鸭舌帽子韩国帽子女夏天潮嘻哈帽平沿棒球帽男潮牌', '47', null, null, '183.146.190.158', '20151017111519', '13', '浙江省', null, null), ('1179', 'iphone6s', '70', null, null, '183.146.190.158', '20151017112018', '11', '浙江省', null, null), ('1180', ' 凡牧2015夏装新款棉麻短袖连衣裙女韩版修身', '26', null, null, '183.204.159.169', '20151017124656', '9', '河南省', null, null), ('1181', '三星（SAMSUNG) 移动电源 白色', '9', null, null, '183.146.190.158', '20151017124813', '9', '浙江省', null, null), ('1182', '三星 Galaxy S6 edge（G9250）32G版 铂光金 移动联通电信4G手机', '8', null, null, '183.146.190.158', '20151017124819', '9', '浙江省', null, null), ('1183', 'NB的对讲机', '88', null, null, '183.146.190.158', '20151017124845', '0', '浙江省', null, null), ('1184', '平台自营连衣裙', '59', null, null, '183.146.190.158', '20151017124851', '0', '浙江省', null, null), ('1185', 'NB的对讲机', '88', null, null, '124.127.71.19', '20151017133349', '0', '北京市省', null, null), ('1186', '碧月茹香 2015夏新款文艺棉麻宽松大码连衣裙 617绿色 XXL', '25', null, null, '124.127.71.19', '20151017133407', '9', '北京市省', null, null), ('1187', '碧月茹香 2015夏新款文艺棉麻宽松大码连衣裙 617绿色 XXL', '25', null, null, '124.127.71.19', '20151017134001', '9', '北京市省', null, null), ('1188', '碧月茹香 2015夏新款文艺棉麻宽松大码连衣裙 617绿色 XXL', '25', null, null, '124.127.71.19', '20151017134207', '9', '北京市省', null, null), ('1189', '欧诗黛连衣裙2015夏季新款韩版雪纺印花显瘦高腰衬衫裙子 白色款 M 累计', '29', null, null, '182.148.57.185', '20151017142455', '9', '四川省', null, null), ('1190', 'KRAVITZ牛仔布料吴世勋帽子潮流棒球帽平檐帽EXO同款嘻哈平沿帽子', '49', null, null, '182.148.57.185', '20151017142520', '13', '四川省', null, null), ('1191', '玫恋雅2015夏季新款韩版百搭气质女装复古文艺短袖圆领棉麻连衣裙 女88 绿 色 L', '27', null, null, '182.148.57.185', '20151017142559', '9', '四川省', null, null), ('1192', '碧月茹香 2015夏新款文艺棉麻宽松大码连衣裙 617绿色 XXL', '25', null, null, '182.148.57.185', '20151017142647', '9', '四川省', null, null), ('1193', '碧月茹香 2015夏新款文艺棉麻宽松大码连衣裙 617绿色 XXL', '25', null, null, '182.148.57.185', '20151017142746', '9', '四川省', null, null), ('1194', '碧月茹香 2015夏新款文艺棉麻宽松大码连衣裙 617绿色 XXL', '25', null, null, '124.127.71.19', '20151017143749', '9', '北京市省', null, null), ('1195', '玫恋雅2015夏季新款韩版百搭气质女装复古文艺短袖圆领棉麻连衣裙 女88 绿 色 L', '27', null, null, '1.85.220.16', '20151017154508', '9', '陕西省', null, null), ('1196', '珂卡芙春季新款黑色高跟浅口单鞋女水钻串珠甜美圆头高跟鞋细跟低帮鞋子防水台女鞋 杏色 35', '39', null, null, '1.85.220.16', '20151017154546', '9', '陕西省', null, null), ('1197', '清水丽香 2015夏装新款复古文艺短袖棉麻圆领长裙C03 红色 M', '24', null, null, '124.127.71.19', '20151017161711', '9', '北京市省', null, null), ('1198', '欧诗黛连衣裙2015夏季新款韩版雪纺印花显瘦高腰衬衫裙子 白色款 M 累计', '29', null, null, '1.85.220.16', '20151017162719', '9', '陕西省', null, null), ('1199', '夏天韩版男女嘻哈平沿帽 EXO鹿晗金钟国权志龙吴世勋同款棒球帽', '48', null, null, '66.249.69.27', '20151017165224', '13', '美国省', null, null), ('1200', ' 琪可朵高跟鞋尖头真皮蝴蝶结2015新款婚鞋  01甜美粉色 ', '36', null, null, '117.35.219.78', '20151017173152', '9', '陕西省', null, null), ('1201', ' 琪可朵高跟鞋尖头真皮蝴蝶结2015新款婚鞋  01甜美粉色 ', '36', null, null, '117.35.219.78', '20151017173310', '9', '陕西省', null, null), ('1202', ' 琪可朵高跟鞋尖头真皮蝴蝶结2015新款婚鞋  01甜美粉色 ', '36', null, null, '182.97.149.134', '20151017180438', '9', '江西省', null, null), ('1203', '金丝兔 高跟鞋2015夏秋季新款 时尚水钻侧空女鞋细跟单鞋子 6623-金色 37', '37', null, null, '211.97.146.112', '20151017182918', '9', '福建省', null, null), ('1204', 'iphone6', '5', null, null, '123.181.107.12', '20151017212827', '10', '河北省', null, null), ('1205', '金丝兔 高跟鞋2015夏秋季新款 时尚水钻侧空女鞋细跟单鞋子 6623-金色 37', '37', '13520085712', '10', '61.52.64.219', '20151017222333', '9', '河南省', null, null), ('1206', '金丝兔 高跟鞋2015夏秋季新款 时尚水钻侧空女鞋细跟单鞋子 6623-金色 37', '37', '13520085712', '10', '61.52.64.219', '20151017222420', '9', '河南省', null, null), ('1207', '111', '72', '13520085712', '10', '61.52.64.219', '20151017224647', '9', '河南省', null, null), ('1208', '111', '72', '13520085712', '10', '61.52.64.219', '20151017224759', '9', '河南省', null, null), ('1209', 'Apple iPhone 6 Plus (A1524) 16GB 金色 移动联通电信4G手机', '7', '13520085712', '10', '61.52.64.219', '20151017224805', '9', '河南省', null, null), ('1210', 'Apple iPhone 6 Plus (A1524) 16GB 金色 移动联通电信4G手机', '7', null, null, '211.162.144.249', '20151017225725', '9', '四川省', null, null), ('1211', 'iphone6', '5', null, null, '211.162.144.249', '20151017225848', '10', '四川省', null, null), ('1212', '碧月茹香 2015夏新款文艺棉麻宽松大码连衣裙 617绿色 XXL', '25', null, null, '58.101.71.179', '20151017232858', '9', '浙江省', null, null), ('1213', 'LG AKA [H778]（1.5G RAM）移动联通双4G手机 （16G ROM） 黄小帝 标配版', '15', null, null, '58.101.71.179', '20151017233030', '9', '浙江省', null, null), ('1214', '清水丽香 2015夏装新款复古文艺短袖棉麻圆领长裙C03 红色 M', '24', null, null, '58.101.71.179', '20151017233033', '9', '浙江省', null, null), ('1215', '清水丽香 2015夏装新款复古文艺短袖棉麻圆领长裙C03 红色 M', '24', null, null, '58.101.71.179', '20151017233103', '9', '浙江省', null, null), ('1216', 'iphone6', '5', null, null, '125.113.75.107', '20151018001636', '10', '浙江省', null, null), ('1217', '古灵鸟 2015新品高跟鞋欧美女鞋夏季粗跟单鞋厚底防水台 粉色 ', '38', null, null, '120.9.35.126', '20151018003611', '9', '河北省', null, null), ('1218', 'Apple iPhone 6 Plus (A1524) 16GB 金色 移动联通电信4G手机', '7', null, null, '58.50.134.188', '20151018010523', '9', '湖北省', null, null), ('1219', 'iphone6', '5', null, null, '58.50.134.188', '20151018010531', '10', '湖北省', null, null), ('1220', 'Apple MacBook Air MJVE2CH/A 13.3英寸宽屏笔记本电脑 128GB 闪存', '11', null, null, '116.17.166.214', '20151018032904', '9', '广东省', null, null), ('1221', '三星 Galaxy S6 edge（G9250）32G版 铂光金 移动联通电信4G手机', '8', null, null, '123.164.146.54', '20151018050917', '9', '黑龙江省', null, null), ('1222', 'iphone6', '5', null, null, '125.94.71.166', '20151018113412', '10', '广东省', null, null), ('1223', '美版苹果iPhone6 64G版 4G手机 4.7寸（金色）A1586 支持移动电信联通 金色', '19', null, null, '125.94.71.166', '20151018113439', '9', '广东省', null, null), ('1224', 'iphone6', '5', null, null, '125.94.71.166', '20151018113947', '10', '广东省', null, null), ('1225', '三星（SAMSUNG) 移动电源 白色', '9', null, null, '123.197.160.86', '20151018134235', '9', '广东省', null, null), ('1226', '清水丽香 2015夏装新款复古文艺短袖棉麻圆领长裙C03 红色 M', '24', null, null, '123.197.160.86', '20151018134235', '9', '广东省', null, null), ('1227', 'Apple iPhone 6 Plus (A1524) 16GB 金色 移动联通电信4G手机', '7', null, null, '111.172.155.183', '20151018134325', '9', '湖北省', null, null), ('1228', '诺基亚(NOKIA) 1050 (RM-1120) 黑色 移动联通2G手机', '17', null, null, '182.87.184.176', '20151018214033', '9', '江西省', null, null), ('1229', '小米4', '89', null, null, '182.87.184.176', '20151018214142', '22', '江西省', null, null), ('1230', 'iphone6', '5', null, null, '117.9.143.60', '20151018220710', '10', '天津市省', null, null), ('1231', '阁斯岚 2015夏日新款无袖长款雪纺连衣裙 夏天大码沙滩纯色长裙 G25 白色 L', '28', null, null, '117.9.143.60', '20151018220741', '9', '天津市省', null, null), ('1232', 'Apple iPhone 6 Plus (A1524) 16GB 金色 移动联通电信4G手机', '7', 'gyh99', '5', '182.119.75.115', '20151018221509', '9', '河南省', null, null), ('1233', ' bubufeifei2015夏季新款高跟鞋女 水钻细跟女鞋婚鞋单鞋 珍珠白', '35', 'gyh99', '5', '182.119.75.115', '20151018221511', '9', '河南省', null, null), ('1234', ' bubufeifei2015夏季新款高跟鞋女 水钻细跟女鞋婚鞋单鞋 珍珠白', '35', 'cgl', '6', '182.119.75.115', '20151018221645', '9', '河南省', null, null), ('1235', '碧月茹香 2015夏新款文艺棉麻宽松大码连衣裙 617绿色 XXL', '25', 'cgl', '6', '182.119.75.115', '20151018221702', '9', '河南省', null, null), ('1236', '碧月茹香 2015夏新款文艺棉麻宽松大码连衣裙 617绿色 XXL', '25', 'cgl', '6', '182.119.75.115', '20151018221707', '9', '河南省', null, null), ('1237', 'Apple iPhone 6 Plus (A1524) 16GB 金色 移动联通电信4G手机', '7', null, null, '101.199.108.118', '20151018222212', '9', '北京市省', null, null), ('1238', 'Apple iPhone 6 Plus (A1524) 16GB 金色 移动联通电信4G手机', '7', null, null, '101.199.112.45', '20151018222255', '9', '北京市省', null, null), ('1239', 'Apple iPhone 6 Plus (A1524) 16GB 金色 移动联通电信4G手机', '7', null, null, '101.199.108.118', '20151018222337', '9', '北京市省', null, null), ('1240', 'Masentek S30升级版 商务通话蓝牙耳机 通用型 耳挂式 黑色', '43', 'cgl', '6', '182.119.75.115', '20151018224807', '12', '河南省', null, null), ('1241', 'Apple iPhone 6 Plus (A1524) 16GB 金色 移动联通电信4G手机', '7', null, null, '1.195.141.209', '20151018232136', '9', '河南省', null, null), ('1242', '三星 Galaxy S6 edge（G9250）32G版 铂光金 移动联通电信4G手机', '8', null, null, '1.195.141.209', '20151018232242', '9', '河南省', null, null), ('1243', ' 凡牧2015夏装新款棉麻短袖连衣裙女韩版修身', '26', null, null, '103.199.117.156', '20151019003240', '9', '亚太地区省', null, null), ('1244', '三星（SAMSUNG) 移动电源 白色', '9', '123462352', '95', '103.199.117.156', '20151019004121', '9', '亚太地区省', null, null), ('1245', '碧月茹香 2015夏新款文艺棉麻宽松大码连衣裙 617绿色 XXL', '25', '123462352', '95', '103.199.117.156', '20151019004227', '9', '亚太地区省', null, null), ('1246', '欧诗黛连衣裙2015夏季新款韩版雪纺印花显瘦高腰衬衫裙子 白色款 M 累计', '29', null, null, '123.52.74.216', '20151019092315', '9', '河南省', null, null), ('1247', '佳能（Canon） EOS 700D 单反套机', '42', null, null, '123.52.74.216', '20151019092723', '12', '河南省', null, null), ('1248', 'yui', '65', null, null, '123.52.74.216', '20151019093248', '12', '河南省', null, null), ('1249', ' 凡牧2015夏装新款棉麻短袖连衣裙女韩版修身', '26', null, null, '220.168.17.147', '20151019093457', '9', '湖南省', null, null), ('1250', 'LG AKA [H778]（1.5G RAM）移动联通双4G手机 （16G ROM） 黄小帝 标配版', '15', null, null, '220.168.17.147', '20151019093913', '9', '湖南省', null, null), ('1251', ' 百年纪念高跟鞋', '34', 'gyh98', '7', '0:0:0:0:0:0:0:1', '1445237218551', '9', '局域网省', null, null), ('1252', ' 百年纪念高跟鞋', '34', 'gyh98', '7', '0:0:0:0:0:0:0:1', '1445237218551', '9', '局域网省', null, null), ('1253', ' 百年纪念高跟鞋', '34', 'gyh98', '7', '0:0:0:0:0:0:0:1', '1445237218551', '9', '局域网省', null, null), ('1254', ' 百年纪念高跟鞋', '34', 'gyh98', '7', '0:0:0:0:0:0:0:1', '1445237218551', '9', '局域网省', null, null), ('1255', ' 百年纪念高跟鞋', '34', 'gyh98', '7', '0:0:0:0:0:0:0:1', '1445237218551', '9', '局域网省', null, null), ('1256', ' 百年纪念高跟鞋', '34', 'gyh98', '7', '0:0:0:0:0:0:0:1', '1445237218551', '9', '局域网省', null, null), ('1257', ' 百年纪念高跟鞋', '34', 'gyh98', '7', '0:0:0:0:0:0:0:1', '1445237218551', '9', '局域网省', null, null), ('1258', '手机手机', '74', 'gyh98', '7', '0:0:0:0:0:0:0:1', '1445237218551', '10', '局域网省', null, null), ('1259', '手机手机', '74', 'gyh98', '7', '0:0:0:0:0:0:0:1', '1445237218551', '10', '局域网省', null, null), ('1260', '手机手机', '74', 'gyh98', '7', '0:0:0:0:0:0:0:1', '1445237218551', '10', '局域网省', null, null), ('1261', '手机手机', '74', 'gyh98', '7', '0:0:0:0:0:0:0:1', '1445237218551', '10', '局域网省', null, null), ('1262', '手机手机', '74', 'gyh98', '7', '0:0:0:0:0:0:0:1', '1445237218551', '10', '局域网省', null, null), ('1263', '手机手机', '74', 'gyh98', '7', '0:0:0:0:0:0:0:1', '1445237218551', '10', '局域网省', null, null), ('1264', '手机手机', '74', 'gyh98', '7', '0:0:0:0:0:0:0:1', '1445237218551', '10', '局域网省', null, null), ('1265', '手机手机', '74', 'gyh98', '7', '0:0:0:0:0:0:0:1', '1445237218551', '10', '局域网省', null, null), ('1266', ' 百年纪念高跟鞋', '34', 'gyh98', '7', '0:0:0:0:0:0:0:1', '1445237218551', '9', '局域网省', null, null), ('1267', '三星（SAMSUNG) 移动电源 白色', '9', 'gyh98', '7', '0:0:0:0:0:0:0:1', '1445237218551', '9', '局域网省', null, null), ('1268', ' bubufeifei2015夏季新款高跟鞋女 水钻细跟女鞋婚鞋单鞋 珍珠白', '35', 'gyh98', '7', '0:0:0:0:0:0:0:1', '1445237218551', '9', '局域网省', null, null), ('1269', '三星 Galaxy S6 edge（G9250）32G版 铂光金 移动联通电信4G手机', '8', 'gyh98', '7', '0:0:0:0:0:0:0:1', '1445237218551', '9', '局域网省', null, null), ('1270', '手机手机', '74', 'gyh98', '7', '0:0:0:0:0:0:0:1', '1445237218551', '10', '局域网省', null, null), ('1271', ' 百年纪念高跟鞋', '34', 'gyh98', '7', '0:0:0:0:0:0:0:1', '1445237218551', '9', '局域网省', null, null), ('1272', ' 百年纪念高跟鞋', '34', 'gyh98', '7', '0:0:0:0:0:0:0:1', '1445237218551', '9', '局域网省', null, null), ('1273', ' 百年纪念高跟鞋', '34', 'gyh98', '7', '0:0:0:0:0:0:0:1', '1445237218551', '9', '局域网省', null, null), ('1274', '可可西里', '73', 'gyh98', '7', '0:0:0:0:0:0:0:1', '1445237218551', '12', '局域网省', null, null), ('1275', '手机手机', '74', 'gyh98', '7', '0:0:0:0:0:0:0:1', '1445237218551', '10', '局域网省', null, null), ('1276', '手机手机', '74', 'gyh98', '7', '0:0:0:0:0:0:0:1', '1445237218551', '10', '局域网省', null, null), ('1277', '新的测试手机', '92', 'gyh98', '7', '0:0:0:0:0:0:0:1', '1445237218551', '9', '局域网省', null, null), ('1278', ' 百年纪念高跟鞋', '34', 'gyh98', '7', '0:0:0:0:0:0:0:1', '1445242570968', '9', '局域网省', null, null), ('1279', ' bubufeifei2015夏季新款高跟鞋女 水钻细跟女鞋婚鞋单鞋 珍珠白', '35', 'gyh98', '7', '0:0:0:0:0:0:0:1', '1445242570968', '9', '局域网省', null, null), ('1280', ' 百年纪念高跟鞋', '34', 'gyh98', '7', '0:0:0:0:0:0:0:1', '1445245022021', '9', '局域网省', null, null), ('1281', ' bubufeifei2015夏季新款高跟鞋女 水钻细跟女鞋婚鞋单鞋 珍珠白', '35', 'gyh98', '7', '0:0:0:0:0:0:0:1', '1445245022021', '9', '局域网省', null, null), ('1282', ' 百年纪念高跟鞋', '34', 'gyh98', '7', '0:0:0:0:0:0:0:1', '1445245022021', '9', '局域网省', null, null), ('1283', ' 百年纪念高跟鞋', '34', 'gyh98', '7', '0:0:0:0:0:0:0:1', '1445245022021', '9', '局域网省', null, null), ('1284', ' bubufeifei2015夏季新款高跟鞋女 水钻细跟女鞋婚鞋单鞋 珍珠白', '35', 'gyh98', '7', '0:0:0:0:0:0:0:1', '1445245022021', '9', '局域网省', null, null), ('1285', ' 琪可朵高跟鞋尖头真皮蝴蝶结2015新款婚鞋  01甜美粉色 ', '36', 'gyh98', '7', '0:0:0:0:0:0:0:1', '1445245022021', '9', '局域网省', null, null), ('1286', ' 百年纪念高跟鞋', '34', 'gyh98', '7', '0:0:0:0:0:0:0:1', '1445245022021', '9', '局域网省', null, null), ('1287', ' 百年纪念高跟鞋', '34', 'gyh98', '7', '0:0:0:0:0:0:0:1', '1445249300049', '9', '局域网省', null, null), ('1288', ' 百年纪念高跟鞋', '34', 'gyh98', '7', '0:0:0:0:0:0:0:1', '1445249300049', '9', '局域网省', null, null), ('1289', ' 百年纪念高跟鞋', '34', 'gyh98', '7', '0:0:0:0:0:0:0:1', '1445249300049', '9', '局域网省', null, null), ('1290', ' 百年纪念高跟鞋', '34', 'gyh98', '7', '0:0:0:0:0:0:0:1', '1445249300049', '9', '局域网省', null, null), ('1291', ' 百年纪念高跟鞋', '34', 'gyh98', '7', '0:0:0:0:0:0:0:1', '1445249300049', '9', '局域网省', null, null), ('1292', ' 百年纪念高跟鞋', '34', 'gyh98', '7', '0:0:0:0:0:0:0:1', '1445249300049', '9', '局域网省', null, null), ('1293', ' 百年纪念高跟鞋', '34', 'gyh98', '7', '0:0:0:0:0:0:0:1', '1445310064049', '9', '局域网省', null, null), ('1294', ' 百年纪念高跟鞋', '34', 'gyh98', '7', '0:0:0:0:0:0:0:1', '1445313217005', '9', '局域网省', null, null), ('1295', ' 百年纪念高跟鞋', '34', 'gyh98', '7', '0:0:0:0:0:0:0:1', '1445329465968', '9', '局域网省', null, null), ('1296', ' bubufeifei2015夏季新款高跟鞋女 水钻细跟女鞋婚鞋单鞋 珍珠白', '35', 'gyh98', '7', '0:0:0:0:0:0:0:1', '1445329465968', '9', '局域网省', null, null), ('1297', ' 百年纪念高跟鞋', '34', 'gyh98', '7', '0:0:0:0:0:0:0:1', '1445329465968', '9', '局域网省', null, null), ('1298', ' bubufeifei2015夏季新款高跟鞋女 水钻细跟女鞋婚鞋单鞋 珍珠白', '35', 'gyh98', '7', '0:0:0:0:0:0:0:1', '1445329465968', '9', '局域网省', null, null), ('1299', ' 琪可朵高跟鞋尖头真皮蝴蝶结2015新款婚鞋  01甜美粉色 ', '36', 'gyh98', '7', '0:0:0:0:0:0:0:1', '1445329465968', '9', '局域网省', null, null), ('1300', ' 百年纪念高跟鞋', '34', 'gyh98', '7', '0:0:0:0:0:0:0:1', '1445329465968', '9', '局域网省', null, null), ('1301', ' bubufeifei2015夏季新款高跟鞋女 水钻细跟女鞋婚鞋单鞋 珍珠白', '35', 'gyh98', '7', '0:0:0:0:0:0:0:1', '1445329465968', '9', '局域网省', null, null), ('1302', ' 琪可朵高跟鞋尖头真皮蝴蝶结2015新款婚鞋  01甜美粉色 ', '36', 'gyh98', '7', '0:0:0:0:0:0:0:1', '1445329465968', '9', '局域网省', null, null), ('1303', ' 百年纪念高跟鞋', '34', 'gyh98', '7', '0:0:0:0:0:0:0:1', '1445329465968', '9', '局域网省', null, null), ('1304', ' 百年纪念高跟鞋', '34', 'gyh98', '7', '0:0:0:0:0:0:0:1', '1445329465968', '9', '局域网省', null, null), ('1305', ' 百年纪念高跟鞋', '34', 'gyh98', '7', '0:0:0:0:0:0:0:1', '1445400955513', '9', '局域网省', null, null), ('1306', ' 百年纪念高跟鞋', '34', 'gyh98', '7', '0:0:0:0:0:0:0:1', '1445400955513', '9', '局域网省', null, null), ('1307', ' 百年纪念高跟鞋', '34', 'gyh98', '7', '0:0:0:0:0:0:0:1', '1445400955513', '9', '局域网省', null, null), ('1308', ' 百年纪念高跟鞋', '34', 'gyh98', '7', '0:0:0:0:0:0:0:1', '1445400955513', '9', '局域网省', null, null), ('1309', ' bubufeifei2015夏季新款高跟鞋女 水钻细跟女鞋婚鞋单鞋 珍珠白', '35', 'gyh98', '7', '0:0:0:0:0:0:0:1', '1445478333303', '9', '局域网省', null, null), ('1310', ' 百年纪念高跟鞋', '34', 'gyh98', '7', '0:0:0:0:0:0:0:1', '1445478333303', '9', '局域网省', null, null), ('1311', ' 百年纪念高跟鞋', '34', 'gyh98', '7', '0:0:0:0:0:0:0:1', '1445502553978', '9', '局域网省', null, null), ('1312', ' 百年纪念高跟鞋', '34', 'gyh98', '7', '0:0:0:0:0:0:0:1', '1445853680750', '9', '局域网省', null, null), ('1313', ' 百年纪念高跟鞋', '34', 'gyh98', '7', '0:0:0:0:0:0:0:1', '1445853680750', '9', '局域网省', null, null), ('1314', ' 百年纪念高跟鞋', '34', 'gyh98', '7', '0:0:0:0:0:0:0:1', '1445853680750', '9', '局域网省', null, null), ('1315', ' 百年纪念高跟鞋', '34', 'gyh98', '7', '0:0:0:0:0:0:0:1', '1445853680750', '9', '局域网省', null, null), ('1316', ' 百年纪念高跟鞋', '34', 'gyh98', '7', '0:0:0:0:0:0:0:1', '1445917647872', '9', '局域网省', null, null), ('1317', ' 百年纪念高跟鞋', '34', 'gyh98', '7', '0:0:0:0:0:0:0:1', '1446006824517', '9', '局域网省', null, null), ('1318', ' 百年纪念高跟鞋', '34', 'gyh99', '5', '0:0:0:0:0:0:0:1', '1446090430395', '9', '局域网省', null, null), ('1319', ' 百年纪念高跟鞋', '34', null, null, '0:0:0:0:0:0:0:1', null, '9', '局域网省', null, null), ('1320', '惬曼昕连衣裙 夏 女 雪纺2015夏装女装新款短袖淑女款裙子AYFS251 绿 L', '22', null, null, '0:0:0:0:0:0:0:1', null, '9', '局域网省', null, null), ('1321', '惬曼昕连衣裙 夏 女 雪纺2015夏装女装新款短袖淑女款裙子AYFS251 绿 L', '22', null, null, '0:0:0:0:0:0:0:1', null, '9', '局域网省', null, null), ('1322', 'Apple iPhone 6 Plus (A1524) 16GB 金色 移动联通电信4G手机', '7', null, null, '0:0:0:0:0:0:0:1', null, '9', '局域网省', null, null), ('1323', 'Apple iPhone 6 Plus (A1524) 16GB 金色 移动联通电信4G手机', '7', null, null, '0:0:0:0:0:0:0:1', null, '9', '局域网省', null, null), ('1324', '惬曼昕连衣裙 夏 女 雪纺2015夏装女装新款短袖淑女款裙子AYFS251 绿 L', '22', null, null, '0:0:0:0:0:0:0:1', null, '9', '局域网省', null, null), ('1325', '清水丽香 2015夏装新款复古文艺短袖棉麻圆领长裙C03 红色 M', '24', null, null, '0:0:0:0:0:0:0:1', null, '9', '局域网省', null, null), ('1326', ' 百年纪念高跟鞋', '34', null, null, '0:0:0:0:0:0:0:1', null, '9', '局域网省', null, null), ('1327', '小米 （MI）16000mHh+MFI数据线', '10', null, null, '0:0:0:0:0:0:0:1', null, '9', '局域网省', null, null), ('1328', '珂卡芙春季新款黑色高跟浅口单鞋女水钻串珠甜美圆头高跟鞋细跟低帮鞋子防水台女鞋 杏色 35', '39', null, null, '0:0:0:0:0:0:0:1', null, '9', '局域网省', null, null), ('1329', ' 百年纪念高跟鞋', '34', null, null, '0:0:0:0:0:0:0:1', null, '9', '局域网省', null, null), ('1330', '惬曼昕连衣裙 夏 女 雪纺2015夏装女装新款短袖淑女款裙子AYFS251 绿 L', '22', 'gyh98', '7', '0:0:0:0:0:0:0:1', '1446705054655', '9', '局域网省', null, null), ('1331', '微糖2015夏季新款韩版女装真丝连衣裙长裙重磅桑蚕丝淑女裙子短袖修身', '21', 'gyh98', '7', '0:0:0:0:0:0:0:1', '1446705054655', '9', '局域网省', null, null), ('1332', ' 百年纪念高跟鞋', '34', 'gyh98', '7', '0:0:0:0:0:0:0:1', '1446705054655', '9', '局域网省', null, null), ('1333', '古灵鸟 2015新品高跟鞋欧美女鞋夏季粗跟单鞋厚底防水台 粉色 ', '38', null, null, '0:0:0:0:0:0:0:1', null, '9', '局域网省', null, null), ('1334', '古灵鸟 2015新品高跟鞋欧美女鞋夏季粗跟单鞋厚底防水台 粉色 ', '38', null, null, '0:0:0:0:0:0:0:1', null, '9', '局域网省', null, null), ('1335', '古灵鸟 2015新品高跟鞋欧美女鞋夏季粗跟单鞋厚底防水台 粉色 ', '38', 'gyh99', '5', '0:0:0:0:0:0:0:1', '1448082062458', '9', '局域网省', null, null), ('1336', '古灵鸟 2015新品高跟鞋欧美女鞋夏季粗跟单鞋厚底防水台 粉色 ', '38', 'gyh99', '5', '0:0:0:0:0:0:0:1', '1448082634335', '9', '局域网省', null, null), ('1337', '珂卡芙春季新款黑色高跟浅口单鞋女水钻串珠甜美圆头高跟鞋细跟低帮鞋子防水台女鞋 杏色 35', '39', 'gyh99', '5', '0:0:0:0:0:0:0:1', '1448082634335', '9', '局域网省', null, null), ('1338', '古灵鸟 2015新品高跟鞋欧美女鞋夏季粗跟单鞋厚底防水台 粉色 ', '38', 'gyh98', '7', '0:0:0:0:0:0:0:1', '1448083022627', '9', '局域网省', null, null), ('1339', ' 百年纪念高跟鞋', '34', 'gyh98', '7', '0:0:0:0:0:0:0:1', '1448083022627', '9', '局域网省', null, null), ('1340', '琪可朵高跟鞋尖头真皮细跟蝴蝶结2015新款女鞋 03淡紫色 40', '32', 'gyh98', '7', '0:0:0:0:0:0:0:1', '1448083022627', '9', '局域网省', null, null), ('1341', 'yyyy', '94', 'gyh98', '7', '0:0:0:0:0:0:0:1', '1448083022627', '9', '局域网省', null, null), ('1342', 'tttttt', '93', 'gyh98', '7', '0:0:0:0:0:0:0:1', '1448083022627', '0', '局域网省', null, null);
COMMIT;

-- ----------------------------
--  Table structure for `shop_stat_member`
-- ----------------------------
DROP TABLE IF EXISTS `shop_stat_member`;
CREATE TABLE `shop_stat_member` (
  `statm_id` int(11) NOT NULL AUTO_INCREMENT COMMENT '自增ID',
  `statm_memberid` int(11) NOT NULL COMMENT '会员ID',
  `statm_membername` varchar(100) NOT NULL COMMENT '会员名称',
  `statm_time` int(11) NOT NULL COMMENT '统计时间，当前按照最小时间单位为天',
  `statm_ordernum` int(11) NOT NULL DEFAULT '0' COMMENT '下单量',
  `statm_orderamount` decimal(10,2) NOT NULL DEFAULT '0.00' COMMENT '下单金额',
  `statm_goodsnum` int(11) NOT NULL DEFAULT '0' COMMENT '下单商品件数',
  `statm_predincrease` decimal(10,2) NOT NULL DEFAULT '0.00' COMMENT '预存款增加额',
  `statm_predreduce` decimal(10,2) NOT NULL DEFAULT '0.00' COMMENT '预存款减少额',
  `statm_pointsincrease` int(11) NOT NULL DEFAULT '0' COMMENT '积分增加额',
  `statm_pointsreduce` int(11) NOT NULL DEFAULT '0' COMMENT '积分减少额',
  `update_time` bigint(13) DEFAULT NULL COMMENT '记录更新时间',
  PRIMARY KEY (`statm_id`)
) ENGINE=InnoDB DEFAULT CHARSET=utf8 COMMENT='会员相关数据统计';

-- ----------------------------
--  Table structure for `shop_store`
-- ----------------------------
DROP TABLE IF EXISTS `shop_store`;
CREATE TABLE `shop_store` (
  `store_id` int(11) NOT NULL AUTO_INCREMENT COMMENT '店铺索引id',
  `store_name` varchar(50) NOT NULL COMMENT '店铺名称',
  `store_auth` int(1) DEFAULT '0' COMMENT '店铺认证,0-未认证，1-认证',
  `name_auth` int(1) NOT NULL DEFAULT '0' COMMENT '店主认证，0-未认证，1-认证',
  `grade_id` int(11) NOT NULL COMMENT '店铺等级',
  `member_id` int(11) NOT NULL COMMENT '会员id',
  `member_name` varchar(50) NOT NULL COMMENT '会员名称',
  `store_owner_card` varchar(50) DEFAULT NULL COMMENT '身份证',
  `sc_id` int(11) DEFAULT NULL COMMENT '店铺分类',
  `area_id` int(11) DEFAULT NULL COMMENT '地区id',
  `area_info` varchar(100) DEFAULT NULL COMMENT '地区内容，冗余数据',
  `store_address` varchar(100) DEFAULT NULL COMMENT '详细地区',
  `store_zip` varchar(10) DEFAULT NULL COMMENT '邮政编码',
  `store_tel` varchar(50) DEFAULT NULL COMMENT '电话号码',
  `store_sms` varchar(200) DEFAULT '' COMMENT '短信接口字段',
  `store_image` varchar(100) DEFAULT NULL COMMENT '证件上传',
  `store_image1` varchar(100) DEFAULT NULL COMMENT '执照上传',
  `store_state` int(1) DEFAULT '2' COMMENT '店铺状态，0关闭，1开启，2审核中',
  `store_close_info` varchar(255) DEFAULT NULL COMMENT '店铺关闭原因',
  `store_sort` int(11) DEFAULT '0' COMMENT '店铺排序',
  `store_time` bigint(13) DEFAULT NULL COMMENT '店铺时间',
  `end_time` bigint(13) DEFAULT NULL,
  `store_label` varchar(255) DEFAULT NULL COMMENT '店铺logo',
  `store_banner` varchar(255) DEFAULT NULL COMMENT '店铺横幅',
  `store_logo` varchar(255) DEFAULT NULL COMMENT '店标',
  `store_keywords` varchar(255) DEFAULT '' COMMENT '店铺seo关键字',
  `store_description` varchar(255) DEFAULT '' COMMENT '店铺seo描述',
  `store_qq` varchar(50) DEFAULT NULL COMMENT 'QQ',
  `store_ww` varchar(50) DEFAULT NULL COMMENT '阿里旺旺',
  `description` text COMMENT '店铺简介',
  `store_zy` text COMMENT '主营商品',
  `store_domain` varchar(50) DEFAULT NULL COMMENT '店铺二级域名',
  `store_domain_times` int(1) unsigned DEFAULT '0' COMMENT '二级域名修改次数',
  `store_recommend` int(1) DEFAULT '0' COMMENT '推荐，0为否，1为是，默认为0',
  `store_theme` varchar(50) DEFAULT 'default' COMMENT '店铺当前主题',
  `store_credit` int(10) DEFAULT '0' COMMENT '店铺信用',
  `praise_rate` float DEFAULT '0' COMMENT '店铺好评率',
  `store_desccredit` float DEFAULT '0' COMMENT '描述相符度分数',
  `store_servicecredit` float DEFAULT '0' COMMENT '服务态度分数',
  `store_deliverycredit` float DEFAULT '0' COMMENT '发货速度分数',
  `store_code` varchar(255) DEFAULT 'default_qrcode.png' COMMENT '店铺二维码',
  `store_collect` int(10) unsigned DEFAULT '0' COMMENT '店铺收藏数量',
  `store_slide` text COMMENT '店铺幻灯片',
  `store_slide_url` text COMMENT '店铺幻灯片链接',
  `store_center_quicklink` text COMMENT '卖家中心的常用操作快捷链接',
  `store_stamp` varchar(200) DEFAULT NULL COMMENT '店铺印章',
  `store_printdesc` varchar(500) DEFAULT NULL COMMENT '打印订单页面下方说明文字',
  `store_sales` int(10) unsigned DEFAULT '0' COMMENT '店铺销量',
  `store_presales` text COMMENT '售前客服',
  `store_aftersales` text COMMENT '售后客服',
  `store_workingtime` bigint(13) DEFAULT NULL COMMENT '工作时间',
  `city_id` int(8) unsigned DEFAULT NULL COMMENT '店铺坐在市id',
  `province_id` int(8) unsigned DEFAULT NULL COMMENT '店铺所在地（省）',
  `store_click` int(11) DEFAULT '0' COMMENT '店铺点击量',
  `storecreate_time` bigint(13) DEFAULT NULL,
  `store_logintime` bigint(13) DEFAULT NULL COMMENT '当前登陆时间',
  `store_lastlogintime` bigint(13) DEFAULT NULL COMMENT '上次登陆时间',
  `store_longitude` varchar(20) DEFAULT NULL COMMENT '经度',
  `store_atitude` varchar(20) DEFAULT NULL COMMENT '纬度',
  PRIMARY KEY (`store_id`),
  KEY `store_name` (`store_name`) USING BTREE,
  KEY `sc_id` (`sc_id`) USING BTREE,
  KEY `area_id` (`area_id`) USING BTREE,
  KEY `store_state` (`store_state`) USING BTREE
) ENGINE=InnoDB AUTO_INCREMENT=25 DEFAULT CHARSET=utf8 COMMENT='店铺数据表';

-- ----------------------------
--  Records of `shop_store`
-- ----------------------------
BEGIN;
INSERT INTO `shop_store` VALUES ('0', '平台自营', '0', '0', '2', '0', 'pintaiziying', '', null, null, '北京北京市', '朝阳区', '100000', '15932110597', '', null, null, '1', null, '0', null, null, null, null, null, '', '', null, null, null, null, null, '0', '1', 'default', '0', '0', '0', '0', '0', 'default_qrcode.png', '0', null, null, null, null, null, '0', null, null, null, null, null, '0', null, null, null, null, null), ('9', '京川牦牛', '0', '0', '1', '5', 'gyh99', '234234234234234234', '0', null, '北京北京市', '南锣鼓巷恭王府对过199号', '213423', '234234234', '', '/upload/img/store/slide/1438418256771.jpg', '/upload/img/store/slide/1438418299943.jpg', '1', null, '0', null, null, '/upload/img/store/slide/1440130878918.png', '/upload/img/store/slide/1440149829058.jpg', '/upload/img/store/slide/1440130920370.png', '京川', '京川', '93949944', '234234234', '京川成立于2005年，是全球最大的皮革提供商，现有分店九万多家！', '日用百货', null, '0', '1', 'style1', '0', '0', '0', '0', '0', '/upload/img/storetwocode/1441003068767.png', '9', '/upload/img/store/slide/1444893991083.png,,,,', 'http://,http://,http://,http://,http://', null, null, null, '0', null, null, null, '36', '1', '0', null, '1448083265022', '1447052737328', '116.385893', '39.920036'), ('10', '西域驼铃', '0', '0', '2', '7', 'gyh98', '134547456875685555', '75', null, '河北省邯郸市', '阿斯顿发', '123454', '12334324345', '', '/upload/img/store/slide/1438568002214.jpg', '/upload/img/store/slide/1438568013293.png', '1', null, '0', null, null, '/upload/img/store/slide/1438590559233.png', '/upload/img/store/slide/1438590624326.png', '/upload/img/store/slide/1438590587455.png', '慢跑鞋！', '跑步鞋！', '1112', '22223', '源于1906，做最好的跑步鞋', '阿斯顿发生', null, '0', '0', 'default', '0', '0', '0', '0', '0', '/upload/img/store/slide/1438590197971.jpg', '4', null, null, null, null, null, '0', null, null, null, '76', '3', '0', null, '1447052558813', '1444976501827', null, null), ('11', '乐视超级电视旗舰店', '0', '0', '2', '14', 'demo', '565656222222221111', '74', null, '北京北京市', '朝阳区XX街', '100000', '13425525252', '', '/upload/img/store/slide/1440053454681.jpg', '/upload/img/store/slide/1440053460215.jpg', '1', null, '0', null, null, '/upload/img/store/slide/1444619843273.jpg', '/upload/img/store/slide/1444619868874.jpg', null, '', '', null, null, null, '电视', null, '0', '1', 'style2', '0', '0', '0', '0', '0', 'default_qrcode.png', '1', null, null, null, null, null, '0', null, null, null, '36', '1', '0', null, '1445217814246', '1445182948454', null, null), ('12', '新科数码专营店', '0', '0', '2', '15', 'test', '140900198204207430', '66', null, '北京北京市', '北京市海淀区中关村科技大厦', '100000', '13181470521', '', '/upload/img/store/slide/1440124224598.jpg', '', '1', null, '0', null, null, '/upload/img/store/slide/1440227625399.jpg', '/upload/img/store/slide/1440227704575.jpg', '/upload/img/store/slide/1440227634016.jpg', '', '', null, null, '3C电子产品销售……', '电脑,手机,数码产品', null, '0', '0', 'default', '0', '0', '0', '0', '0', 'default_qrcode.png', '0', ',/upload/img/store/slide/1440227840601.jpg,/upload/img/store/slide/1444704850619.jpg,,', 'http://,http://,http://www.sina.com.cn,http://,http://', null, null, null, '0', null, null, null, '36', '1', '0', null, '1445179876267', '1445085349344', null, null), ('13', 'SEHun店', '0', '0', '4', '29', 'piaocanlie', '110990199402036765', '0', null, '北京北京市', '北京北京市朝阳区soho南塔803', '666666', '18666666666', '', '/upload/img/store/slide/1441075119408.jpg', '', '1', null, '0', null, null, '/upload/img/store/slide/1441104528362.jpg', '/upload/img/store/slide/1441105178445.jpg', '/upload/img/store/slide/1441104609945.jpg', '帽子', '帽子', '222266666@qq.com', null, 'sehun的小铺哦~欢迎光临', '衣服鞋帽', null, '0', '0', 'style4', '0', '0', '0', '0', '0', '/upload/img/storetwocode/1441104640535.png', '2', '/upload/img/store/slide/1441104742023.jpg,/upload/img/store/slide/1441104747096.jpg_430x430q90.jpg,/upload/img/store/slide/1441104752096.jpg_430x430q90.jpg,/upload/img/store/slide/1441104759118.jpg,', 'http://www.baidu.com,http://www.baidu.com,http://www.baidu.com,http://www.baidu.com,http://', null, null, null, '0', null, null, null, '36', '1', '0', null, null, null, null, null), ('14', 'testdian', '0', '0', '2', '40', 'testzrh', '456656555656565656', '65', null, '河南省周口市', '山大南路', '250002', '16766666666', '', '/upload/img/store/slide/1441512918276.jpg', '/upload/img/store/slide/1441512897628.jpg', '1', null, '0', null, null, null, null, null, '', '', null, null, null, '水电费水电费', null, '0', '0', 'default', '0', '0', '0', '0', '0', 'default_qrcode.png', '0', null, null, null, null, null, '0', null, null, null, '255', '16', '0', null, null, null, null, null), ('15', 'gyh97dedian', '0', '0', '2', '44', 'gyh97', '188888199889898989', '65', null, '北京北京市', '上海市黄浦路', '250002', '13444323333', '', '', '/upload/img/store/slide/1441678268396.jpg_400x400.jpg', '1', null, '0', null, null, null, null, null, '', '', null, null, null, '', null, '0', '1', 'default', '0', '0', '0', '0', '0', 'default_qrcode.png', '0', null, null, null, null, null, '0', null, null, null, '36', '1', '0', null, '1444371201756', '1443580716630', null, null), ('16', '木制品店铺', '0', '0', '2', '38', '15932110597', '123454321234543212', '71', null, '北京北京市', '朝阳区', '100000', '15932110597', '', '', '/upload/img/store/slide/1441849504132.jpg', '1', null, '0', null, null, null, null, null, '', '', null, null, null, '木制品', null, '0', '1', 'default', '0', '0', '0', '0', '0', 'default_qrcode.png', '0', null, null, null, null, null, '0', null, null, null, '36', '1', '0', null, '1443076327197', '1443060483808', null, null), ('19', '拓维店', '0', '0', '1', '19', 'admin', '410110197812050421', '65', null, '天津天津市', '拓维店', '', '13674321234', '', '', '/upload/img/store/slide/1443058777374jpg', '1', null, '0', null, null, null, null, null, '', '', null, null, null, '拓维店', null, '0', '1', 'style4', '0', '0', '0', '0', '0', 'default_qrcode.png', '0', null, null, null, null, null, '0', null, null, null, '40', '2', '0', '1443058778547', '1445089681186', '1445066097773', null, null), ('20', '美眉服饰', '0', '0', '2', '82', 'ZAQWE123', '220181199308206654', '85', null, '北京北京市', '朝阳道街145号', '100000', '15904614478', '', '', '/upload/img/store/slide/1444892672485.png', '1', null, '0', null, null, null, '/upload/img/store/slide/1444895263647.png', '/upload/img/store/slide/1444895273417.png', '', '', null, null, null, '', null, '0', '1', 'default', '0', '0', '0', '0', '0', '/upload/img/store/slide/1444895282172.png', '0', null, null, null, null, null, '0', null, null, null, '36', '1', '0', '1444892675336', '1444894309688', '1444894139096', null, null), ('21', '每一天美一天', '0', '0', '1', '84', 'guan2015', '389808345436436668', '65', null, '北京北京市', '北京市朝阳区尚都SOHO南塔803', '100000', '18311340565', '', '/upload/img/store/slide/1444893913644.png', '/upload/img/store/slide/1444893920629.png', '1', null, '1', null, null, null, null, null, '', '', null, null, null, '男装，女装，童装', null, '0', '0', 'default', '0', '0', '0', '0', '0', 'default_qrcode.png', '0', null, null, null, null, null, '0', null, null, null, '36', '1', '0', '1444893922829', '1444898060606', '1444894217618', null, null), ('22', '新月服饰', '0', '0', '7', '92', 'guanqf072015', '389898938393898979', '65', null, '北京北京市', '尚都SOHO南塔803', '100002', '18299398989', '', '/upload/img/store/slide/1444969126536.png', '/upload/img/store/slide/1444969130702.png', '1', null, '0', null, null, null, null, null, '', '', null, null, null, '各种服装', null, '0', '0', 'default', '0', '0', '0', '0', '0', 'default_qrcode.png', '0', null, null, null, null, null, '0', null, null, null, '36', '1', '0', '1444969132218', '1444969682400', null, null, null), ('23', '爱途贸易有限公司', '0', '0', '4', '94', 'hui99', '134565776567784456', '69', null, '北京北京市', '光华路朝外soho 43号', '100000', '12334324345', '', '/upload/img/store/slide/1444977048673.jpg', '/upload/img/store/slide/1444977053418.jpg', '1', '违规', '0', null, '1476432390000', null, null, null, '', '', null, null, null, '倍立健，粮食等', null, '0', '0', 'default', '0', '0', '0', '0', '0', 'default_qrcode.png', '0', null, null, null, null, null, '0', null, null, null, '36', '1', '0', '1444977056223', '1445085976480', '1444977335701', null, null);
COMMIT;

-- ----------------------------
--  Table structure for `shop_store_bind_class`
-- ----------------------------
DROP TABLE IF EXISTS `shop_store_bind_class`;
CREATE TABLE `shop_store_bind_class` (
  `bid` int(10) unsigned NOT NULL AUTO_INCREMENT,
  `store_id` int(11) unsigned DEFAULT '0' COMMENT '店铺ID',
  `commis_rate` tinyint(4) unsigned DEFAULT '0' COMMENT '佣金比例',
  `class_1` mediumint(9) unsigned DEFAULT '0' COMMENT '一级分类',
  `class_2` mediumint(9) unsigned DEFAULT '0' COMMENT '二级分类',
  `class_3` mediumint(9) unsigned DEFAULT '0' COMMENT '三级分类',
  `is_del` tinyint(1) DEFAULT NULL,
  `create_time` bigint(13) DEFAULT NULL COMMENT '创建时间',
  `update_time` bigint(13) DEFAULT NULL COMMENT '修改时间',
  PRIMARY KEY (`bid`),
  KEY `store_id` (`store_id`) USING BTREE
) ENGINE=InnoDB DEFAULT CHARSET=utf8 COMMENT='店铺可发布商品类目表';

-- ----------------------------
--  Table structure for `shop_store_class`
-- ----------------------------
DROP TABLE IF EXISTS `shop_store_class`;
CREATE TABLE `shop_store_class` (
  `id` int(10) unsigned NOT NULL AUTO_INCREMENT COMMENT '索引ID',
  `name` varchar(100) NOT NULL COMMENT '分类名称',
  `parent_id` int(10) unsigned NOT NULL DEFAULT '0' COMMENT '父ID',
  `sort` tinyint(1) unsigned NOT NULL DEFAULT '0' COMMENT '排序',
  `is_del` tinyint(4) DEFAULT '0' COMMENT '是否删除0:未删除;1:已删除',
  `margin` int(19) DEFAULT NULL COMMENT '保证金',
  `create_time` bigint(13) DEFAULT NULL COMMENT '创建时间',
  `update_time` bigint(13) DEFAULT NULL COMMENT '修改时间',
  PRIMARY KEY (`id`),
  KEY `sc_parent_id` (`parent_id`) USING BTREE
) ENGINE=InnoDB AUTO_INCREMENT=103 DEFAULT CHARSET=utf8 COMMENT='店铺分类表';

-- ----------------------------
--  Records of `shop_store_class`
-- ----------------------------
BEGIN;
INSERT INTO `shop_store_class` VALUES ('65', '服装鞋包2202', '0', '0', '0', null, null, '20151015171419'), ('66', '3C数码', '0', '0', '0', null, null, '20151009100717'), ('67', '美容护理', '0', '0', '0', null, null, '20151007163001'), ('68', '家居用品', '0', '10', '0', null, null, null), ('69', '食品/保健', '0', '0', '0', null, null, '20151007162943'), ('70', '母婴用品', '0', '4', '1', null, null, null), ('71', '文体/汽车', '0', '0', '0', null, null, '20151007162940'), ('72', '珠宝/首饰', '0', '9', '0', null, null, null), ('73', '收藏/爱好', '0', '8', '0', null, null, null), ('74', '生活/服务', '0', '10', '1', null, null, null), ('75', '男鞋/皮鞋/休闲鞋', '65', '0', '0', null, null, '20151007162959'), ('76', '女鞋', '65', '0', '1', null, null, '20150925001420'), ('77', '演出/吃喝玩乐折扣券', '74', '0', '1', null, null, '20151007150904'), ('78', '啊啊啊', '0', '1', '1', null, null, null), ('79', '爱爱上', '0', '255', '1', null, null, null), ('80', '版本', '0', '255', '1', null, null, null), ('81', '啊啊的', '0', '255', '1', null, null, null), ('82', '爸爸', '0', '1', '1', null, null, null), ('83', '啊啊啊', '70', '255', '0', null, null, null), ('84', '啊啊啊', '65', '255', '1', null, null, null), ('85', '我就是测试', '74', '0', '1', null, null, '20151007150900'), ('86', '我就是测试', '74', '3', '1', null, null, null), ('87', '我也是测试', '65', '3', '1', null, null, null), ('89', 'test', '71', '255', '1', null, null, null), ('90', 'test', '0', '255', '1', null, null, null), ('91', '精华液', '67', '2', '0', null, null, null), ('94', '123', '69', '255', '1', null, null, null), ('95', 'test', '65', '255', '1', null, null, null), ('96', 'test测试11', '65', '0', '1', null, null, null), ('97', '大众', '71', '1', '0', null, '20151016120355', null), ('98', '大众1', '71', '1', '0', null, '20151016120529', null), ('99', '宝马', '0', '0', '0', null, '20151016120622', null), ('100', '宝马1', '99', '1', '0', null, '20151016120636', null), ('101', '宝马2', '0', '2', '1', null, '20151016120645', null), ('102', '宝马2', '99', '2', '0', null, '20151016120723', null);
COMMIT;

-- ----------------------------
--  Table structure for `shop_store_cost`
-- ----------------------------
DROP TABLE IF EXISTS `shop_store_cost`;
CREATE TABLE `shop_store_cost` (
  `cost_id` int(10) unsigned NOT NULL AUTO_INCREMENT COMMENT '费用编号',
  `cost_store_id` int(10) unsigned NOT NULL COMMENT '店铺编号',
  `cost_seller_id` int(10) unsigned NOT NULL COMMENT '卖家编号',
  `cost_price` int(10) unsigned NOT NULL COMMENT '价格',
  `cost_remark` varchar(255) NOT NULL COMMENT '费用备注',
  `cost_state` tinyint(3) unsigned NOT NULL COMMENT '费用状态(0-未结算 1-已结算)',
  `create_time` bigint(13) DEFAULT NULL COMMENT '费用发生时间',
  PRIMARY KEY (`cost_id`)
) ENGINE=InnoDB DEFAULT CHARSET=utf8 COMMENT='店铺费用表';

-- ----------------------------
--  Table structure for `shop_store_extend`
-- ----------------------------
DROP TABLE IF EXISTS `shop_store_extend`;
CREATE TABLE `shop_store_extend` (
  `store_id` mediumint(8) unsigned NOT NULL COMMENT '店铺ID',
  `express` text COMMENT '快递公司ID的组合',
  PRIMARY KEY (`store_id`)
) ENGINE=InnoDB DEFAULT CHARSET=utf8 COMMENT='店铺信息扩展表';

-- ----------------------------
--  Records of `shop_store_extend`
-- ----------------------------
BEGIN;
INSERT INTO `shop_store_extend` VALUES ('0', '28,29,40,41,44,'), ('4', null), ('9', '28,29,40,44,'), ('10', '29,40,44,'), ('12', '4,'), ('13', '28,29,40,41,44,'), ('19', '3,7,8,');
COMMIT;

-- ----------------------------
--  Table structure for `shop_store_goods_class`
-- ----------------------------
DROP TABLE IF EXISTS `shop_store_goods_class`;
CREATE TABLE `shop_store_goods_class` (
  `stc_id` int(11) NOT NULL AUTO_INCREMENT COMMENT '索引ID',
  `stc_name` varchar(50) NOT NULL COMMENT '店铺商品分类名称',
  `stc_parent_id` int(11) NOT NULL COMMENT '父级id',
  `stc_state` tinyint(1) NOT NULL DEFAULT '0' COMMENT '店铺商品分类状态',
  `store_id` int(11) NOT NULL DEFAULT '0' COMMENT '店铺id',
  `stc_sort` int(11) NOT NULL DEFAULT '0' COMMENT '商品分类排序',
  `is_del` tinyint(4) DEFAULT '0' COMMENT '是否删除0:未删除;1:已删除',
  `check_state` int(9) DEFAULT NULL COMMENT '是否审核通过，0审核中，1审核通过，2审核不通过',
  `reason` varchar(290) DEFAULT NULL COMMENT '审核结果',
  `create_time` bigint(13) DEFAULT NULL COMMENT '创建时间',
  `update_time` bigint(13) DEFAULT NULL COMMENT '修改时间',
  PRIMARY KEY (`stc_id`),
  KEY `stc_parent_id` (`stc_parent_id`,`stc_sort`) USING BTREE,
  KEY `store_id` (`store_id`) USING BTREE
) ENGINE=InnoDB AUTO_INCREMENT=39 DEFAULT CHARSET=utf8 COMMENT='店铺商品分类表';

-- ----------------------------
--  Records of `shop_store_goods_class`
-- ----------------------------
BEGIN;
INSERT INTO `shop_store_goods_class` VALUES ('1', 'test1', '0', '1', '1', '0', '0', '1', null, null, null), ('2', 'test2', '0', '1', '1', '0', '0', '1', null, null, null), ('3', 'test3', '0', '1', '1', '0', '0', '1', null, null, null), ('4', 'test4', '0', '1', '1', '0', '0', '1', null, null, null), ('5', 'test11', '1', '1', '1', '0', '0', '1', null, null, null), ('6', 'test22', '2', '1', '1', '0', '0', '1', null, null, null), ('7', 'aaa', '1', '0', '1', '0', '0', '1', null, null, null), ('8', 'aaa', '4', '0', '1', '123', '0', '1', null, null, null), ('9', '啊啊啊', '2', '0', '1', '123', '0', '1', null, null, null), ('10', '123', '2', '0', '1', '0', '0', '1', null, null, null), ('11', '订单', '3', '1', '1', '222', '0', '1', null, null, null), ('12', '测试321', '0', '1', '1', '123', '0', '1', null, null, null), ('13', '办不办', '1', '1', '1', '0', '0', '1', null, null, null), ('14', '测试3', '12', '0', '1', '3', '0', '1', null, null, null), ('15', '测试2', '12', '0', '1', '2', '0', '1', null, null, null), ('16', '测试6', '12', '0', '1', '6', '1', '1', null, null, null), ('17', '我就日了', '12', '1', '1', '1', '1', '1', null, null, null), ('18', '咳咳咳', '4', '1', '0', '1', '0', '1', null, null, null), ('19', '鞋', '0', '1', '10', '7', '0', '1', null, null, null), ('20', '帽子', '0', '1', '10', '3', '0', '1', null, null, null), ('21', '跑步鞋', '19', '0', '10', '5', '0', '1', null, null, null), ('22', '超级配件', '0', '1', '11', '1', '0', '1', null, null, null), ('23', '遥控', '22', '1', '11', '1', '0', '1', null, null, null), ('25', '66', '0', '1', '9', '666', '0', '1', null, null, null), ('26', '666', '25', '0', '9', '666', '0', '1', null, null, '1444373357229'), ('27', '植物油', '0', '1', '12', '1', '0', '1', null, '1443064106435', '1444100706318'), ('28', '大米', '27', '1', '12', '1', '0', '1', null, '1443064114875', '1444100737940'), ('30', '大豆油', '27', '1', '12', '0', '0', '1', null, '1444100800729', null), ('34', '名称', '0', '1', '19', '0', '0', '1', null, '1444268595557', null), ('35', '333', '0', '1', '19', '333', '0', '1', null, '1444289813276', null), ('36', '礼貌', '20', '1', '10', '23', '0', '1', null, '1444642225571', null), ('37', '男鞋', '19', '1', '10', '2', '0', '1', null, '1444642250321', null), ('38', '女鞋', '19', '1', '10', '5', '0', '1', null, '1444642271551', null);
COMMIT;

-- ----------------------------
--  Table structure for `shop_store_grade`
-- ----------------------------
DROP TABLE IF EXISTS `shop_store_grade`;
CREATE TABLE `shop_store_grade` (
  `sg_id` int(10) unsigned NOT NULL AUTO_INCREMENT COMMENT '索引ID',
  `sg_name` char(50) DEFAULT NULL COMMENT '等级名称',
  `sg_goods_limit` mediumint(10) unsigned DEFAULT '0' COMMENT '允许发布的商品数量',
  `sg_album_limit` mediumint(8) unsigned DEFAULT '0' COMMENT '允许上传图片数量',
  `sg_space_limit` int(10) unsigned DEFAULT '0' COMMENT '上传空间大小，单位MB',
  `sg_template_number` tinyint(3) unsigned DEFAULT '0' COMMENT '选择店铺模板套数',
  `sg_template` varchar(255) DEFAULT NULL COMMENT '模板内容',
  `sg_price` varchar(100) DEFAULT NULL COMMENT '费用',
  `sg_confirm` tinyint(1) NOT NULL DEFAULT '1' COMMENT '审核，0为否，1为是，默认为1',
  `sg_description` text COMMENT '申请说明',
  `sg_function` varchar(255) DEFAULT NULL COMMENT '附加功能',
  `sg_sort` tinyint(3) unsigned NOT NULL DEFAULT '0' COMMENT '级别，数目越大级别越高',
  `is_del` tinyint(4) DEFAULT '0' COMMENT '是否删除0:未删除;1:已删除',
  `brokerage_scale` float DEFAULT NULL COMMENT '佣金比例',
  `create_time` bigint(13) DEFAULT NULL COMMENT '创建时间',
  `update_time` bigint(13) DEFAULT NULL COMMENT '修改时间',
  PRIMARY KEY (`sg_id`)
) ENGINE=InnoDB AUTO_INCREMENT=8 DEFAULT CHARSET=utf8 COMMENT='店铺等级表';

-- ----------------------------
--  Records of `shop_store_grade`
-- ----------------------------
BEGIN;
INSERT INTO `shop_store_grade` VALUES ('1', '白金店铺', '10', '10', '10', '10', null, '100', '1', null, null, '1', '0', null, null, '20151015154427'), ('2', '钻石店铺', '300', '300', '30', '30', null, '200', '1', 'test', null, '2', '1', null, null, '20150914112508'), ('3', '测试店铺', '300', '1000', '100', null, null, '500', '1', 'test', null, '3', '1', null, null, '20150914112508'), ('4', '钻石店铺', '700', '700', '100', null, null, '300', '1', '蓝冠', null, '3', '0', null, null, '20151015154459'), ('5', '666', '6666', '666', '100', null, null, '6666', '1', '666', null, '4', '1', null, null, '20150914112508'), ('6', '3发生地方', '34343', '1000', '100', null, null, '33 传热', '1', '二恶 ', null, '5', '1', null, null, '20150914112508'), ('7', '信用店铺', '100000', '1000', '100', null, null, '12121', '1', '下架商品：第三个商品、第四个商品，在前台商品详情页中的热销商品排行、热门收藏排行里面展示了---------数据没有过滤', null, '2', '0', null, null, null);
COMMIT;

-- ----------------------------
--  Table structure for `shop_store_joinin`
-- ----------------------------
DROP TABLE IF EXISTS `shop_store_joinin`;
CREATE TABLE `shop_store_joinin` (
  `member_id` int(10) unsigned NOT NULL COMMENT '用户编号',
  `member_name` varchar(50) DEFAULT NULL COMMENT '店主用户名',
  `company_name` varchar(50) DEFAULT NULL COMMENT '公司名称',
  `company_address` varchar(50) DEFAULT NULL COMMENT '公司地址',
  `company_address_detail` varchar(50) DEFAULT NULL COMMENT '公司详细地址',
  `company_phone` varchar(20) DEFAULT NULL COMMENT '公司电话',
  `company_employee_count` int(10) unsigned DEFAULT NULL COMMENT '员工总数',
  `company_registered_capital` int(10) unsigned DEFAULT NULL COMMENT '注册资金',
  `contacts_name` varchar(50) DEFAULT NULL COMMENT '联系人姓名',
  `contacts_phone` varchar(20) DEFAULT NULL COMMENT '联系人电话',
  `contacts_email` varchar(50) DEFAULT NULL COMMENT '联系人邮箱',
  `business_licence_number` varchar(50) DEFAULT NULL COMMENT '营业执照号',
  `business_licence_address` varchar(50) DEFAULT NULL COMMENT '营业执所在地',
  `business_licence_start` datetime DEFAULT NULL COMMENT '营业执照有效期开始',
  `business_licence_end` datetime DEFAULT NULL COMMENT '营业执照有效期结束',
  `business_sphere` varchar(1000) DEFAULT NULL COMMENT '法定经营范围',
  `business_licence_number_electronic` varchar(50) DEFAULT NULL COMMENT '营业执照电子版',
  `organization_code` varchar(50) DEFAULT NULL COMMENT '组织机构代码',
  `organization_code_electronic` varchar(50) DEFAULT NULL COMMENT '组织机构代码电子版',
  `general_taxpayer` varchar(50) DEFAULT NULL COMMENT '一般纳税人证明',
  `bank_account_name` varchar(50) DEFAULT NULL COMMENT '银行开户名',
  `bank_account_number` varchar(50) DEFAULT NULL COMMENT '公司银行账号',
  `bank_name` varchar(50) DEFAULT NULL COMMENT '开户银行支行名称',
  `bank_code` varchar(50) DEFAULT NULL COMMENT '支行联行号',
  `bank_address` varchar(50) DEFAULT NULL COMMENT '开户银行所在地',
  `bank_licence_electronic` varchar(50) DEFAULT NULL COMMENT '开户银行许可证电子版',
  `is_settlement_account` tinyint(1) DEFAULT NULL COMMENT '开户行账号是否为结算账号 1-开户行就是结算账号 2-独立的计算账号',
  `settlement_bank_account_name` varchar(50) DEFAULT NULL COMMENT '结算银行开户名',
  `settlement_bank_account_number` varchar(50) DEFAULT NULL COMMENT '结算公司银行账号',
  `settlement_bank_name` varchar(50) DEFAULT NULL COMMENT '结算开户银行支行名称',
  `settlement_bank_code` varchar(50) DEFAULT NULL COMMENT '结算支行联行号',
  `settlement_bank_address` varchar(50) DEFAULT NULL COMMENT '结算开户银行所在地',
  `tax_registration_certificate` varchar(50) DEFAULT NULL COMMENT '税务登记证号',
  `taxpayer_id` varchar(50) DEFAULT NULL COMMENT '纳税人识别号',
  `tax_registration_certificate_electronic` varchar(50) DEFAULT NULL COMMENT '税务登记证号电子版',
  `seller_name` varchar(50) DEFAULT NULL COMMENT '卖家帐号',
  `store_name` varchar(50) DEFAULT NULL COMMENT '店铺名称',
  `store_class_ids` varchar(1000) DEFAULT NULL COMMENT '店铺分类编号集合',
  `store_class_names` varchar(1000) DEFAULT NULL COMMENT '店铺分类名称集合',
  `joinin_state` varchar(50) DEFAULT NULL COMMENT '申请状态 10-已提交申请 11-缴费完成  20-审核成功 30-审核失败 31-缴费审核失败 40-审核通过开店',
  `joinin_message` varchar(200) DEFAULT NULL COMMENT '管理员审核信息',
  `sg_name` varchar(50) DEFAULT NULL COMMENT '店铺等级名称',
  `sg_id` int(10) unsigned DEFAULT NULL COMMENT '店铺等级编号',
  `sc_name` varchar(50) DEFAULT NULL COMMENT '店铺分类名称',
  `sc_id` int(10) unsigned DEFAULT NULL COMMENT '店铺分类编号',
  `store_class_commis_rates` varchar(200) DEFAULT NULL COMMENT '分类佣金比例',
  `paying_money_certificate` varchar(50) DEFAULT NULL COMMENT '付款凭证',
  `paying_money_certificate_explain` varchar(200) DEFAULT NULL COMMENT '付款凭证说明',
  `is_del` tinyint(4) DEFAULT '0' COMMENT '是否删除0:未删除;1:已删除',
  `create_time` bigint(13) DEFAULT NULL COMMENT '创建时间',
  `update_time` bigint(13) DEFAULT NULL COMMENT '修改时间',
  PRIMARY KEY (`member_id`)
) ENGINE=InnoDB DEFAULT CHARSET=utf8 COMMENT='店铺入住表';

-- ----------------------------
--  Table structure for `shop_store_navigation`
-- ----------------------------
DROP TABLE IF EXISTS `shop_store_navigation`;
CREATE TABLE `shop_store_navigation` (
  `sn_id` int(10) unsigned NOT NULL AUTO_INCREMENT COMMENT '导航ID',
  `sn_title` varchar(50) NOT NULL COMMENT '导航名称',
  `sn_store_id` int(10) unsigned NOT NULL DEFAULT '0' COMMENT '卖家店铺ID',
  `sn_content` text COMMENT '导航内容',
  `sn_sort` tinyint(3) unsigned NOT NULL DEFAULT '0' COMMENT '导航排序',
  `sn_if_show` tinyint(1) NOT NULL DEFAULT '0' COMMENT '导航是否显示',
  `create_time` bigint(13) DEFAULT NULL COMMENT '导航添加时间',
  `sn_url` varchar(255) DEFAULT NULL COMMENT '店铺导航的外链URL',
  `sn_new_open` tinyint(1) unsigned NOT NULL DEFAULT '0' COMMENT '店铺导航外链是否在新窗口打开：0不开新窗口1开新窗口，默认是0',
  PRIMARY KEY (`sn_id`)
) ENGINE=InnoDB AUTO_INCREMENT=2 DEFAULT CHARSET=utf8 COMMENT='卖家店铺导航信息表';

-- ----------------------------
--  Records of `shop_store_navigation`
-- ----------------------------
BEGIN;
INSERT INTO `shop_store_navigation` VALUES ('1', '我爱世界杯', '1', null, '0', '0', '2147483647', 'http://www.baidu.com', '1');
COMMIT;

-- ----------------------------
--  Table structure for `shop_store_plate`
-- ----------------------------
DROP TABLE IF EXISTS `shop_store_plate`;
CREATE TABLE `shop_store_plate` (
  `plate_id` int(10) unsigned NOT NULL AUTO_INCREMENT COMMENT '关联板式id',
  `plate_name` varchar(10) NOT NULL COMMENT '关联板式名称',
  `plate_position` tinyint(3) unsigned NOT NULL COMMENT '关联板式位置 1顶部，0底部',
  `plate_content` text NOT NULL COMMENT '关联板式内容',
  `store_id` int(10) unsigned NOT NULL COMMENT '所属店铺id',
  PRIMARY KEY (`plate_id`)
) ENGINE=InnoDB DEFAULT CHARSET=utf8 COMMENT='关联板式表';

-- ----------------------------
--  Table structure for `shop_store_sns_comment`
-- ----------------------------
DROP TABLE IF EXISTS `shop_store_sns_comment`;
CREATE TABLE `shop_store_sns_comment` (
  `scomm_id` int(11) NOT NULL AUTO_INCREMENT COMMENT '店铺动态评论id',
  `strace_id` int(11) NOT NULL COMMENT '店铺动态id',
  `scomm_content` varchar(150) DEFAULT NULL COMMENT '评论内容',
  `scomm_memberid` int(11) DEFAULT NULL COMMENT '会员id',
  `scomm_membername` varchar(45) DEFAULT NULL COMMENT '会员名称',
  `scomm_memberavatar` varchar(50) DEFAULT NULL COMMENT '会员头像',
  `scomm_time` varchar(11) DEFAULT NULL COMMENT '评论时间',
  `scomm_state` tinyint(1) NOT NULL DEFAULT '1' COMMENT '评论状态 1正常，0屏蔽',
  `is_del` tinyint(4) DEFAULT '0' COMMENT '是否删除0:未删除;1:已删除',
  `create_time` bigint(13) DEFAULT NULL COMMENT '创建时间',
  `update_time` bigint(13) DEFAULT NULL COMMENT '修改时间',
  PRIMARY KEY (`scomm_id`),
  UNIQUE KEY `scomm_id` (`scomm_id`) USING BTREE
) ENGINE=InnoDB DEFAULT CHARSET=utf8 COMMENT='店铺动态评论表';

-- ----------------------------
--  Table structure for `shop_store_sns_setting`
-- ----------------------------
DROP TABLE IF EXISTS `shop_store_sns_setting`;
CREATE TABLE `shop_store_sns_setting` (
  `sauto_storeid` int(11) NOT NULL COMMENT '店铺id',
  `sauto_new` tinyint(4) NOT NULL DEFAULT '1' COMMENT '新品,0为关闭/1为开启',
  `sauto_newtitle` varchar(150) NOT NULL COMMENT '新品内容',
  `sauto_coupon` tinyint(4) NOT NULL DEFAULT '1' COMMENT '优惠券,0为关闭/1为开启',
  `sauto_coupontitle` varchar(150) NOT NULL COMMENT '优惠券内容',
  `sauto_xianshi` tinyint(4) NOT NULL DEFAULT '1' COMMENT '限时折扣,0为关闭/1为开启',
  `sauto_xianshititle` varchar(150) NOT NULL COMMENT '限时折扣内容',
  `sauto_mansong` tinyint(4) NOT NULL DEFAULT '1' COMMENT '满即送,0为关闭/1为开启',
  `sauto_mansongtitle` varchar(150) NOT NULL COMMENT '满即送内容',
  `sauto_bundling` tinyint(4) NOT NULL DEFAULT '1' COMMENT '组合销售,0为关闭/1为开启',
  `sauto_bundlingtitle` varchar(150) NOT NULL COMMENT '组合销售内容',
  `sauto_groupbuy` tinyint(4) NOT NULL DEFAULT '1' COMMENT '团购,0为关闭/1为开启',
  `sauto_groupbuytitle` varchar(150) NOT NULL COMMENT '团购内容',
  PRIMARY KEY (`sauto_storeid`)
) ENGINE=InnoDB DEFAULT CHARSET=utf8 COMMENT='店铺自动发布动态设置表';

-- ----------------------------
--  Table structure for `shop_store_sns_tracelog`
-- ----------------------------
DROP TABLE IF EXISTS `shop_store_sns_tracelog`;
CREATE TABLE `shop_store_sns_tracelog` (
  `strace_id` int(11) NOT NULL AUTO_INCREMENT COMMENT '店铺动态id',
  `strace_storeid` int(11) DEFAULT NULL COMMENT '店铺id',
  `strace_storename` varchar(100) DEFAULT NULL COMMENT '店铺名称',
  `strace_storelogo` varchar(255) NOT NULL COMMENT '店标',
  `strace_title` varchar(150) DEFAULT NULL COMMENT '动态标题',
  `strace_content` text COMMENT '发表内容',
  `strace_time` bigint(13) DEFAULT NULL COMMENT '发表时间',
  `strace_cool` int(11) DEFAULT '0' COMMENT '赞数量',
  `strace_spread` int(11) DEFAULT '0' COMMENT '转播数量',
  `strace_comment` int(11) DEFAULT '0' COMMENT '评论数量',
  `strace_type` tinyint(4) DEFAULT '1' COMMENT '1=relay,2=normal,3=new,4=coupon,5=xianshi,6=mansong,7=bundling,8=groupbuy,9=recommend,10=hotsell',
  `strace_goodsdata` varchar(1000) DEFAULT NULL COMMENT '商品信息',
  `strace_state` tinyint(1) NOT NULL DEFAULT '1' COMMENT '动态状态 1正常，0屏蔽',
  `is_del` tinyint(4) DEFAULT '0' COMMENT '是否删除0:未删除;1:已删除',
  `create_time` bigint(13) DEFAULT NULL COMMENT '创建时间',
  `update_time` bigint(13) DEFAULT NULL,
  PRIMARY KEY (`strace_id`)
) ENGINE=InnoDB AUTO_INCREMENT=4 DEFAULT CHARSET=utf8 COMMENT='店铺动态表';

-- ----------------------------
--  Records of `shop_store_sns_tracelog`
-- ----------------------------
BEGIN;
INSERT INTO `shop_store_sns_tracelog` VALUES ('1', '1', 'teset', '123213', 'test', 'asdfsdfasdfdsa', null, '0', '0', '0', '1', null, '1', '0', null, '20141218142305'), ('2', '2', 'ttte', '123232', 'ttte', 'tttte', null, '0', '0', '0', '1', null, '1', '0', null, '20141218141641'), ('3', '3', 'bbbbbbb', 'bbbbbb', 'bbbbbb', 'bbbbbbbbbbbb', null, '0', '0', '0', '1', null, '1', '1', null, '20141115221848');
COMMIT;

-- ----------------------------
--  Table structure for `shop_store_watermark`
-- ----------------------------
DROP TABLE IF EXISTS `shop_store_watermark`;
CREATE TABLE `shop_store_watermark` (
  `wm_id` int(11) NOT NULL AUTO_INCREMENT COMMENT '水印id',
  `jpeg_quality` int(3) NOT NULL DEFAULT '90' COMMENT 'jpeg图片质量',
  `wm_image_name` varchar(255) DEFAULT NULL COMMENT '水印图片的路径以及文件名',
  `wm_image_pos` tinyint(1) NOT NULL DEFAULT '1' COMMENT '水印图片放置的位置',
  `wm_image_transition` int(3) NOT NULL DEFAULT '20' COMMENT '水印图片与原图片的融合度 ',
  `wm_text` text COMMENT '水印文字',
  `wm_text_size` int(3) NOT NULL DEFAULT '20' COMMENT '水印文字大小',
  `wm_text_angle` tinyint(1) NOT NULL DEFAULT '4' COMMENT '水印文字角度',
  `wm_text_pos` tinyint(1) NOT NULL DEFAULT '3' COMMENT '水印文字放置位置',
  `wm_text_font` varchar(50) DEFAULT NULL COMMENT '水印文字的字体',
  `wm_text_color` varchar(7) NOT NULL DEFAULT '#CCCCCC' COMMENT '水印字体的颜色值',
  `wm_is_open` tinyint(1) NOT NULL DEFAULT '0' COMMENT '水印是否开启 0关闭 1开启',
  `store_id` int(11) DEFAULT NULL COMMENT '店铺id',
  PRIMARY KEY (`wm_id`)
) ENGINE=InnoDB DEFAULT CHARSET=utf8 COMMENT='店铺水印图片表';

-- ----------------------------
--  Table structure for `shop_store_words`
-- ----------------------------
DROP TABLE IF EXISTS `shop_store_words`;
CREATE TABLE `shop_store_words` (
  `words_id` int(11) NOT NULL AUTO_INCREMENT COMMENT '主键',
  `keyword` varchar(20) DEFAULT NULL COMMENT '关键词',
  `quanping` varchar(50) CHARACTER SET latin1 DEFAULT NULL COMMENT '全拼',
  `shouzimu` varchar(20) CHARACTER SET latin1 DEFAULT NULL COMMENT '关键词首字母',
  `words_num` int(11) DEFAULT NULL COMMENT '关键词出现次数',
  `update_time` bigint(13) DEFAULT NULL COMMENT '修改时间',
  PRIMARY KEY (`words_id`)
) ENGINE=InnoDB AUTO_INCREMENT=107 DEFAULT CHARSET=utf8 COMMENT='商品关键词表';

-- ----------------------------
--  Records of `shop_store_words`
-- ----------------------------
BEGIN;
INSERT INTO `shop_store_words` VALUES ('72', '爱', 'ai', 'a', '1', '20151016144137'), ('73', '途', 'tu', 't', '1', '20151016144137'), ('74', '贸易有限公司', 'maoyiyouxiangongsi', 'myyxgs', '1', '20151016144137'), ('75', '新月', 'xinyue', 'xy', '1', '20151016144137'), ('76', '服饰', 'fushi', 'fs', '2', '20151016144137'), ('77', '美眉', 'meimei', 'mm', '1', '20151016144137'), ('78', '拓', 'tuo', 't', '1', '20151016144137'), ('79', '维', 'wei', 'w', '1', '20151016144137'), ('80', '店', 'dian', 'd', '3', '20151016144137'), ('81', '木制品', 'muzhipin', 'mzp', '1', '20151016144137'), ('82', '店铺', 'dianpu', 'dp', '1', '20151016144137'), ('83', 'gyh97dedian', 'gyh97dedian', 'gyh97dedian', '1', '20151016144137'), ('84', 'testdian', 'testdian', 'testdian', '1', '20151016144137'), ('85', 'sehun', 'sehun', 'sehun', '1', '20151016144137'), ('86', '新', 'xin', 'x', '1', '20151016144137'), ('87', '科', 'ke', 'k', '1', '20151016144137'), ('88', '数码', 'shuma', 'sm', '1', '20151016144137'), ('89', '专营店', 'zhuanyingdian', 'zyd', '1', '20151016144137'), ('90', '乐', 'le', 'l', '1', '20151016144137'), ('91', '视', 'shi', 's', '1', '20151016144137'), ('92', '超级', 'chaoji', 'cj', '1', '20151016144137'), ('93', '电视', 'dianshi', 'ds', '1', '20151016144137'), ('94', '旗舰', 'qijian', 'qj', '1', '20151016144137'), ('95', '西域', 'xiyu', 'xy', '1', '20151016144137'), ('96', '驼', 'tuo', 't', '1', '20151016144137'), ('97', '铃', 'ling', 'l', '1', '20151016144137'), ('98', '京', 'jing', 'j', '1', '20151016144137'), ('99', '川', 'chuan', 'c', '1', '20151016144137'), ('100', '牦牛', 'maoniu', 'mn', '1', '20151016144137'), ('101', '平台', 'pingtai', 'pt', '1', '20151016144137'), ('102', '自营', 'ziying', 'zy', '1', '20151016144137'), ('103', '每一', 'meiyi', 'my', '1', '20151016144137'), ('104', '天', 'tian', 't', '1', '20151016144137'), ('105', '美', 'mei', 'm', '1', '20151016144137'), ('106', '一天', 'yitian', 'yt', '1', '20151016144137');
COMMIT;

-- ----------------------------
--  Table structure for `shop_sys_log`
-- ----------------------------
DROP TABLE IF EXISTS `shop_sys_log`;
CREATE TABLE `shop_sys_log` (
  `id` int(13) NOT NULL AUTO_INCREMENT COMMENT '编号',
  `type` char(1) DEFAULT '1' COMMENT '日志类型',
  `title` varchar(255) DEFAULT '' COMMENT '日志标题',
  `create_by` varchar(100) DEFAULT NULL COMMENT '创建者',
  `create_time` bigint(13) DEFAULT NULL COMMENT '创建时间',
  `remote_addr` varchar(255) DEFAULT NULL COMMENT '操作IP地址',
  `user_agent` varchar(255) DEFAULT NULL COMMENT '用户代理',
  `request_uri` varchar(255) DEFAULT NULL COMMENT '请求URI',
  `method` varchar(5) DEFAULT NULL COMMENT '操作方式',
  `params` text COMMENT '操作提交的数据',
  `exception` text COMMENT '异常信息',
  PRIMARY KEY (`id`),
  KEY `sys_log_create_by` (`create_by`) USING BTREE,
  KEY `sys_log_request_uri` (`request_uri`) USING BTREE,
  KEY `sys_log_type` (`type`) USING BTREE,
  KEY `sys_log_create_date` (`create_time`) USING BTREE
) ENGINE=InnoDB AUTO_INCREMENT=16284 DEFAULT CHARSET=utf8 COMMENT='日志表';

-- ----------------------------
--  Table structure for `shop_transport`
-- ----------------------------
DROP TABLE IF EXISTS `shop_transport`;
CREATE TABLE `shop_transport` (
  `id` mediumint(8) unsigned NOT NULL AUTO_INCREMENT COMMENT '运费模板ID',
  `title` varchar(30) NOT NULL COMMENT '运费模板名称',
  `send_tpl_id` mediumint(8) unsigned DEFAULT NULL COMMENT '发货地区模板ID',
  `store_id` mediumint(8) unsigned NOT NULL COMMENT '店铺ID',
  `is_del` tinyint(4) DEFAULT '0' COMMENT '是否删除0:未删除;1:已删除',
  `create_time` bigint(13) DEFAULT NULL COMMENT '创建时间',
  `update_time` bigint(13) DEFAULT NULL COMMENT '修改时间',
  `is_default` int(10) DEFAULT NULL,
  PRIMARY KEY (`id`)
) ENGINE=InnoDB AUTO_INCREMENT=31 DEFAULT CHARSET=utf8 COMMENT='运费模板';

-- ----------------------------
--  Records of `shop_transport`
-- ----------------------------
BEGIN;
INSERT INTO `shop_transport` VALUES ('1', '默认运费模版', '1', '1', '0', null, null, null), ('2', '全场满3件包邮', '2', '1', '0', null, null, null), ('4', '默认运费模版的副本', '1', '1', '1', null, null, null), ('7', '默认运费模版的副本', '1', '1', '1', null, null, null), ('8', '默认运费模版的副本', '1', '1', '1', null, null, null), ('9', '默认运费模版的副本', '1', '1', '1', null, null, null), ('10', '默认运费模版的副本的副本', '1', '1', '1', null, null, null), ('11', '默认运费模版的副本的副本', '1', '1', '1', null, null, null), ('12', '默认运费模版的副本的副本', '1', '1', '1', null, null, null), ('13', '默认运费模版的副本', '1', '1', '0', null, null, null), ('14', '默认模板', '1', '10', '0', null, null, '1'), ('15', '我的模板1', '1', '12', '0', null, null, '1'), ('16', '默认模板', '1', '9', '0', null, null, '1'), ('18', '模板1', '1', '13', '0', null, null, '0'), ('19', '模板2', '1', '13', '0', null, null, '1'), ('20', '的', '1', '13', '1', null, null, '0'), ('21', '模板1', '1', '0', '0', null, '1444184781232', '1'), ('22', '模板2', '1', '0', '0', null, '1444184781232', '0'), ('23', '搜索', '1', '0', '1', null, '1444184781232', '0'), ('24', '顺丰快递', '1', '0', '1', null, '1444184781232', '0'), ('25', 'AAAAA', '1', '12', '0', '1444210524169', null, null), ('26', '12345', '1', '12', '0', '1444445550717', null, null), ('27', '4444', '1', '9', '0', '1445138530364', null, null), ('28', '6666', '1', '9', '1', '1445141668994', null, null), ('29', '445555', '1', '9', '1', '1445141758362', '1445141890126', null), ('30', '445555', '1', '9', '1', '1445141758388', null, null);
COMMIT;

-- ----------------------------
--  Table structure for `shop_transport_extend`
-- ----------------------------
DROP TABLE IF EXISTS `shop_transport_extend`;
CREATE TABLE `shop_transport_extend` (
  `id` mediumint(8) unsigned NOT NULL AUTO_INCREMENT COMMENT '运费模板扩展ID',
  `type` varchar(5) DEFAULT NULL COMMENT '平邮py 快递kd EMS es',
  `area_id` text COMMENT '市级地区ID组成的串，以，隔开，两端也有，',
  `top_area_id` text COMMENT '省级地区ID组成的串，以，隔开，两端也有，',
  `area_name` text COMMENT '地区name组成的串，以，隔开',
  `snum` mediumint(8) unsigned DEFAULT '1' COMMENT '首件数量',
  `sprice` decimal(10,2) DEFAULT '0.00' COMMENT '首件运费',
  `xnum` mediumint(8) unsigned DEFAULT '1' COMMENT '续件数量',
  `xprice` decimal(10,2) DEFAULT '0.00' COMMENT '续件运费',
  `is_default` enum('1','2') DEFAULT '2' COMMENT '是否默认运费1是2否',
  `transport_id` mediumint(8) unsigned NOT NULL COMMENT '运费模板ID',
  `transport_title` varchar(60) DEFAULT NULL COMMENT '运费模板',
  `is_del` tinyint(4) DEFAULT '0' COMMENT '是否删除0:未删除;1:已删除',
  `create_time` bigint(13) DEFAULT NULL COMMENT '创建时间',
  `update_time` bigint(13) DEFAULT NULL COMMENT '修改时间',
  PRIMARY KEY (`id`)
) ENGINE=InnoDB AUTO_INCREMENT=89 DEFAULT CHARSET=utf8 COMMENT='运费模板扩展表';

-- ----------------------------
--  Records of `shop_transport_extend`
-- ----------------------------
BEGIN;
INSERT INTO `shop_transport_extend` VALUES ('13', null, '', '', '全国', '1', '10.00', '1', '1.00', '1', '1', 'test1', '0', null, null), ('14', null, ',175,176,', ',11,', '杭州,宁波', '1', '10.00', '1', '5.00', '2', '1', 'test1', '0', null, null), ('15', null, '', '', '全国', '1', '20.00', '1', '2.00', '1', '2', 'test2', '0', null, null), ('16', null, ',1,36,', ',1,', '北京', '1', '5.00', '1', '5.00', '2', '2', 'test2', '0', null, null), ('19', null, '', '', '全国', '1', '40.00', '1', '4.00', '2', '4', '默认运费模版的副本', '0', null, null), ('20', null, '11,180,181,182,183,184,185,179,178,177,175,176,162,5,95,106,96,97,98,99,100,101,102,103,104,105,30,474,470,471,472,473', ',11,10,5,30,', '浙江,内蒙古,宁夏,南京', '2', '50.00', '2', '5.00', '2', '4', '默认运费模版的副本', '0', null, null), ('25', null, '15,231,232,233,234,235,236,237,238,239,230,229,228,223,224,225,226,227', ',15,', '山东', '1', '11.00', '1', '11.00', '2', '4', 'test2的副本', '0', null, null), ('26', null, '', '', '全国', '1', '10.00', '1', '1.00', '2', '7', '默认运费模版的副本', '0', null, null), ('27', null, ',175,176,', ',11,', '杭州,宁波', '1', '10.00', '1', '5.00', '2', '7', '默认运费模版的副本', '0', null, null), ('28', null, '', '', '全国', '1', '10.00', '1', '1.00', '2', '8', '默认运费模版的副本', '0', null, null), ('29', null, ',175,176,', ',11,', '杭州,宁波', '1', '10.00', '1', '5.00', '2', '8', '默认运费模版的副本', '0', null, null), ('30', null, '', '', '全国', '1', '10.00', '1', '1.00', '2', '9', '默认运费模版的副本', '0', null, null), ('31', null, ',175,176,', ',11,', '杭州,宁波', '1', '10.00', '1', '5.00', '2', '9', '默认运费模版的副本', '0', null, null), ('32', null, '', '', '全国', '1', '10.00', '1', '1.00', '2', '10', '默认运费模版的副本的副本', '0', null, null), ('33', null, ',175,176,', ',11,', '杭州,宁波', '1', '10.00', '1', '5.00', '2', '10', '默认运费模版的副本的副本', '0', null, null), ('34', null, '', '', '全国', '1', '10.00', '1', '1.00', '2', '11', '默认运费模版的副本的副本', '0', null, null), ('35', null, ',175,176,', ',11,', '杭州,宁波', '1', '10.00', '1', '5.00', '2', '11', '默认运费模版的副本的副本', '0', null, null), ('36', null, '', '', '全国', '1', '10.00', '1', '1.00', '2', '12', '默认运费模版的副本的副本', '0', null, null), ('37', null, ',175,176,', ',11,', '杭州,宁波', '1', '10.00', '1', '5.00', '2', '12', '默认运费模版的副本的副本', '0', null, null), ('38', null, '', '', '全国', '1', '10.00', '1', '1.00', '2', '13', '默认运费模版的副本', '0', null, null), ('39', null, ',175,176,', ',11,', '杭州,宁波', '1', '10.00', '1', '5.00', '2', '13', '默认运费模版的副本', '0', null, null), ('40', 'py', '', null, '全国', '1', '10.00', '1', '1.00', '2', '14', '默认模板', '0', null, null), ('41', 'kd', '', null, '全国', '1', '11.00', '1', '1.00', '2', '14', '默认模板', '0', null, null), ('42', 'es', '', null, '全国', '1', '12.00', '1', '1.00', '2', '14', '默认模板', '0', null, null), ('43', 'py', '', null, '全国', '10', '10.00', '1', '2.00', '2', '15', '我的模板1', '0', null, null), ('44', 'kd', '', null, '全国', '1', '10.00', '1', '2.00', '2', '15', '我的模板1', '0', null, null), ('45', 'es', '', null, '全国', '1', '20.00', '1', '2.00', '2', '15', '我的模板1', '0', null, null), ('46', 'py', '', null, '全国', '1', '10.00', '1', '1.00', '2', '16', '默认模板', '0', null, null), ('47', 'kd', '', null, '全国', '1', '11.00', '1', '1.00', '2', '16', '默认模板', '0', null, null), ('48', 'es', '', null, '全国', '1', '12.00', '1', '1.00', '2', '16', '默认模板', '0', null, null), ('52', 'py', '', null, '全国', '1', '10.00', '1', '0.50', '2', '18', '模板1', '0', null, null), ('53', 'kd', '', null, '全国', '1', '11.00', '1', '1.00', '2', '18', '模板1', '0', null, null), ('54', 'es', '', null, '全国', '1', '12.00', '1', '1.50', '2', '18', '模板1', '0', null, null), ('62', 'py', '', null, '全国', '1', '10.00', '1', '0.50', '2', '21', '模板1', '0', null, null), ('63', 'kd', '', null, '全国', '1', '11.00', '1', '1.00', '2', '21', '模板1', '0', null, null), ('64', 'es', '', null, '全国', '1', '12.00', '1', '1.50', '2', '21', '模板1', '0', null, null), ('67', 'py', '', null, '全国', '1', '12.00', '1', '1.00', '2', '22', '模板2', '0', null, null), ('68', 'py', ',1,36,9,39,', null, '北京,上海', '1', '15.00', '1', '0.50', '2', '22', '模板2', '0', null, null), ('69', 'py', '', null, '全国', '12', '12.00', '3', '1.50', '2', '19', '模板2', '0', null, null), ('70', 'py', ',11,175,176,177,178,179,180,181,182,183,184,185,', null, '浙江省', '1', '13.00', '1', '2.00', '2', '19', '模板2', '0', null, null), ('71', 'kd', '', null, '全国', '1', '11.00', '1', '1.00', '2', '19', '模板2', '0', null, null), ('72', 'es', '', null, '全国', '1', '10.00', '1', '0.50', '2', '19', '模板2', '0', null, null), ('74', 'kd', '', null, '全国', '1', '0.00', '1', '0.00', '2', '25', 'AAAAA', '0', null, null), ('75', 'py', '', null, '全国', '1', '1.00', '1', '1.00', '2', '26', '12345', '0', null, null), ('76', 'py', ',1,36,', null, '北京', '1', '2.00', '1', '1.00', '2', '26', '12345', '0', null, null), ('77', 'es', '', null, '全国', '1', '12.00', '1', '12.00', '2', '27', '4444', '0', null, null);
COMMIT;

-- ----------------------------
--  Table structure for `shop_type`
-- ----------------------------
DROP TABLE IF EXISTS `shop_type`;
CREATE TABLE `shop_type` (
  `type_id` int(10) unsigned NOT NULL AUTO_INCREMENT COMMENT '类型id',
  `type_name` varchar(100) NOT NULL COMMENT '类型名称',
  `type_sort` tinyint(1) unsigned NOT NULL COMMENT '排序',
  `st_parent_id` int(10) DEFAULT NULL COMMENT '父id',
  `st_idpath` varchar(199) DEFAULT NULL COMMENT '层级path',
  `expen_scale` float DEFAULT NULL COMMENT '费用比例',
  PRIMARY KEY (`type_id`)
) ENGINE=InnoDB AUTO_INCREMENT=23 DEFAULT CHARSET=utf8 COMMENT='商品类型表';

-- ----------------------------
--  Records of `shop_type`
-- ----------------------------
BEGIN;
INSERT INTO `shop_type` VALUES ('1', '手机', '0', '0', '1,', null), ('2', '电脑', '0', '0', '2,', null), ('3', '电视', '0', '0', '3,', null), ('4', '电池/移动电源', '0', '0', '4,', null), ('5', '显卡', '0', '0', '5,', null), ('6', '连衣裙', '0', '0', '6,', null), ('7', '高跟鞋', '0', '0', '7,', null), ('8', '数码相机', '0', '0', '8,', null), ('9', '耳机', '0', '0', '9,', null), ('10', '母婴A', '0', '0', '10,', null), ('11', '篮球类', '0', '0', '11,', null), ('12', '帽子', '0', '0', '12,', null), ('13', '哈哈test', '0', '0', '13,', null), ('15', '图书', '0', '0', '15,', null), ('16', '秘密', '0', '0', '16,', null), ('17', 'bobo ppsu', '0', '0', '17,', null), ('18', '测试1', '0', '0', '18,', null), ('19', '服装', '0', '0', '19,', null), ('20', '3 ', '9', '0', '20,', null), ('21', '8', '8', '0', '21,', null), ('22', '张三李四', '10', '0', '22,', null);
COMMIT;

-- ----------------------------
--  Table structure for `shop_type_brand`
-- ----------------------------
DROP TABLE IF EXISTS `shop_type_brand`;
CREATE TABLE `shop_type_brand` (
  `type_id` int(10) unsigned NOT NULL COMMENT '类型id',
  `brand_id` int(10) unsigned NOT NULL COMMENT '品牌id'
) ENGINE=InnoDB DEFAULT CHARSET=utf8 COMMENT='商品类型与品牌对应表';

-- ----------------------------
--  Records of `shop_type_brand`
-- ----------------------------
BEGIN;
INSERT INTO `shop_type_brand` VALUES ('2', '174'), ('4', '208'), ('8', '60'), ('1', '151'), ('1', '67'), ('1', '60'), ('8', '328'), ('8', '148'), ('1', '80'), ('1', '79'), ('1', '88'), ('3', '141'), ('4', '384'), ('2', '175'), ('2', '179'), ('2', '180'), ('2', '184'), ('2', '190'), ('2', '208'), ('2', '214'), ('5', '184'), ('1', '140'), ('1', '78'), ('1', '74'), ('1', '96'), ('6', '118'), ('6', '120'), ('6', '121'), ('6', '122'), ('6', '123'), ('6', '124'), ('7', '109'), ('7', '112'), ('7', '118'), ('7', '121'), ('7', '124'), ('8', '61'), ('8', '62'), ('10', '13'), ('10', '14'), ('12', '152'), ('12', '142'), ('13', '144'), ('14', '16'), ('1', '84'), ('18', '4'), ('18', '7'), ('19', '110'), ('20', '127'), ('21', '133');
COMMIT;

-- ----------------------------
--  Table structure for `shop_type_spec`
-- ----------------------------
DROP TABLE IF EXISTS `shop_type_spec`;
CREATE TABLE `shop_type_spec` (
  `type_id` int(10) unsigned NOT NULL COMMENT '类型id',
  `sp_id` int(10) unsigned NOT NULL COMMENT '规格id'
) ENGINE=InnoDB DEFAULT CHARSET=utf8 COMMENT='商品类型与规格对应表';

-- ----------------------------
--  Records of `shop_type_spec`
-- ----------------------------
BEGIN;
INSERT INTO `shop_type_spec` VALUES ('6', '13'), ('8', '25'), ('4', '4'), ('1', '5'), ('8', '24'), ('1', '4'), ('1', '3'), ('2', '4'), ('3', '10'), ('1', '1'), ('4', '1'), ('2', '1'), ('5', '1'), ('6', '9'), ('6', '1'), ('7', '1'), ('7', '9'), ('8', '1'), ('8', '5'), ('9', '1'), ('10', '1'), ('10', '2'), ('10', '5'), ('11', '2'), ('12', '9'), ('12', '1'), ('17', '12'), ('14', '1'), ('14', '10'), ('17', '5'), ('17', '4'), ('18', '13'), ('19', '1'), ('20', '1'), ('21', '1');
COMMIT;

-- ----------------------------
--  Table structure for `shop_upload`
-- ----------------------------
DROP TABLE IF EXISTS `shop_upload`;
CREATE TABLE `shop_upload` (
  `upload_id` int(10) unsigned NOT NULL AUTO_INCREMENT COMMENT '索引ID',
  `file_name` varchar(100) DEFAULT NULL COMMENT '文件名',
  `file_thumb` varchar(100) DEFAULT NULL COMMENT '缩微图片',
  `file_wm` varchar(100) DEFAULT NULL COMMENT '水印图片',
  `file_size` int(10) unsigned NOT NULL DEFAULT '0' COMMENT '文件大小',
  `store_id` int(10) unsigned NOT NULL DEFAULT '0' COMMENT '店铺ID，0为管理员',
  `upload_type` tinyint(1) NOT NULL DEFAULT '0' COMMENT '文件类别，0为无，1为文章图片，默认为0，2为商品切换图片，3为商品内容图片，4为系统文章图片，5为积分礼品切换图片，6为积分礼品内容图片',
  `create_time` bigint(13) DEFAULT NULL COMMENT '添加时间',
  `item_id` int(11) unsigned NOT NULL DEFAULT '0' COMMENT '信息ID',
  PRIMARY KEY (`upload_id`)
) ENGINE=InnoDB DEFAULT CHARSET=utf8 COMMENT='上传文件表';

-- ----------------------------
--  Table structure for `shop_web`
-- ----------------------------
DROP TABLE IF EXISTS `shop_web`;
CREATE TABLE `shop_web` (
  `web_id` int(10) unsigned NOT NULL AUTO_INCREMENT COMMENT '模块ID',
  `web_name` varchar(20) DEFAULT '' COMMENT '模块名称',
  `style_name` varchar(20) DEFAULT 'orange' COMMENT '风格名称',
  `web_page` varchar(10) DEFAULT 'index' COMMENT '所在页面(暂时只有index)',
  `update_time` bigint(13) DEFAULT NULL COMMENT '更新时间',
  `web_sort` tinyint(1) unsigned DEFAULT '9' COMMENT '排序',
  `web_show` tinyint(1) unsigned DEFAULT '1' COMMENT '是否显示，0为否，1为是，默认为1',
  `web_html` text COMMENT '模块html代码',
  PRIMARY KEY (`web_id`)
) ENGINE=InnoDB DEFAULT CHARSET=utf8 COMMENT='页面模块表';

-- ----------------------------
--  Table structure for `shop_web_code`
-- ----------------------------
DROP TABLE IF EXISTS `shop_web_code`;
CREATE TABLE `shop_web_code` (
  `code_id` int(10) unsigned NOT NULL AUTO_INCREMENT COMMENT '内容ID',
  `web_id` int(10) unsigned DEFAULT NULL COMMENT '模块ID',
  `code_type` varchar(10) DEFAULT 'array' COMMENT '数据类型:array,html,json',
  `var_name` varchar(20) NOT NULL COMMENT '变量名称',
  `code_info` text COMMENT '内容数据',
  `show_name` varchar(20) DEFAULT '' COMMENT '楼层名称',
  `is_del` tinyint(1) DEFAULT NULL,
  `create_time` bigint(13) DEFAULT NULL COMMENT '创建时间',
  `update_time` bigint(13) DEFAULT NULL COMMENT '修改时间',
  `is_show` tinyint(1) DEFAULT NULL COMMENT '是否显示1：显示；0：不显示',
  `sort` int(1) DEFAULT NULL,
  PRIMARY KEY (`code_id`),
  KEY `web_id` (`web_id`) USING BTREE
) ENGINE=InnoDB AUTO_INCREMENT=25 DEFAULT CHARSET=utf8 COMMENT='模块内容表';

-- ----------------------------
--  Records of `shop_web_code`
-- ----------------------------
BEGIN;
INSERT INTO `shop_web_code` VALUES ('10', null, null, 'floor_list', '{\"bannerImg\":\"/upload/img/store/slide/1439359600201.png\",\"gcId\":24,\"bannerUrl\":\"\",\"floorName\":\"手机、数码、通信\",\"subName\":\"手机、数码、通信\",\"floorImg\":\"/upload/img/store/slide/1438419251423.png\",\"floorUrl\":\"\",\"floorColor\":\"blue\",\"goodsClassList\":[{\"gcId\":22,\"gcName\":\"手机通讯\",\"gcpic\":null,\"typeId\":null,\"typename\":null,\"gcParentId\":null,\"gcSort\":null,\"gcshow\":null,\"gcTitle\":null,\"gcKeywords\":null,\"gcDescription\":null,\"gcIdpath\":null,\"deep\":0,\"hasChild\":0,\"classList\":null,\"searchType\":\"gcIdSearch\"},{\"gcId\":50,\"gcName\":\"通信\",\"gcpic\":null,\"typeId\":null,\"typename\":null,\"gcParentId\":null,\"gcSort\":null,\"gcshow\":null,\"gcTitle\":null,\"gcKeywords\":null,\"gcDescription\":null,\"gcIdpath\":null,\"deep\":0,\"hasChild\":0,\"classList\":null,\"searchType\":\"gcIdSearch\"},{\"gcId\":51,\"gcName\":\"运营商\",\"gcpic\":null,\"typeId\":null,\"typename\":null,\"gcParentId\":null,\"gcSort\":null,\"gcshow\":null,\"gcTitle\":null,\"gcKeywords\":null,\"gcDescription\":null,\"gcIdpath\":null,\"deep\":0,\"hasChild\":0,\"classList\":null,\"searchType\":\"gcIdSearch\"},{\"gcId\":23,\"gcName\":\"手机配件\",\"gcpic\":null,\"typeId\":null,\"typename\":null,\"gcParentId\":null,\"gcSort\":null,\"gcshow\":null,\"gcTitle\":null,\"gcKeywords\":null,\"gcDescription\":null,\"gcIdpath\":null,\"deep\":0,\"hasChild\":0,\"classList\":null,\"searchType\":\"gcIdSearch\"},{\"gcId\":76,\"gcName\":\"摄影摄像\",\"gcpic\":null,\"typeId\":null,\"typename\":null,\"gcParentId\":null,\"gcSort\":null,\"gcshow\":null,\"gcTitle\":null,\"gcKeywords\":null,\"gcDescription\":null,\"gcIdpath\":null,\"deep\":0,\"hasChild\":0,\"classList\":null,\"searchType\":\"gcIdSearch\"},{\"gcId\":88,\"gcName\":\"数码配件\",\"gcpic\":null,\"typeId\":null,\"typename\":null,\"gcParentId\":null,\"gcSort\":null,\"gcshow\":null,\"gcTitle\":null,\"gcKeywords\":null,\"gcDescription\":null,\"gcIdpath\":null,\"deep\":0,\"hasChild\":0,\"classList\":null,\"searchType\":\"gcIdSearch\"}],\"goodsList\":[{\"goodsId\":5,\"goodsName\":\"iphone6,iphone6\",\"goodsSubtitle\":null,\"gcId\":null,\"gcName\":null,\"brandId\":null,\"brandName\":null,\"typeId\":null,\"storeId\":null,\"storeName\":null,\"specOpen\":null,\"specId\":null,\"specName\":null,\"goodsImage\":\"/upload/img/store/10/1439173254458.jpg,/upload/img/store/10/1439173254458.jpg\",\"goodsImageMore\":null,\"goodsStorePrice\":null,\"goodsStorePriceInterval\":null,\"goodsSerial\":null,\"goodsShow\":null,\"goodsClick\":null,\"goodsState\":null,\"goodsCommend\":null,\"goodsAddTime\":null,\"goodsKeywords\":null,\"goodsDescription\":null,\"goodsBody\":null,\"goodsAttr\":null,\"goodsSpec\":null,\"goodsColImg\":null,\"prepareUpTime\":null,\"goodsStarttime\":null,\"goodsEndtime\":null,\"goodsForm\":null,\"transportId\":null,\"pyPrice\":null,\"kdPrice\":null,\"esPrice\":null,\"cityId\":null,\"cityName\":null,\"provinceId\":null,\"provinceName\":null,\"goodsCloseReason\":null,\"goodsStoreState\":null,\"commentnum\":null,\"salenum\":null,\"goodsCollect\":null,\"goodsTransfeeCharge\":null,\"storeClassId\":null,\"goodsTotalStorage\":null,\"classPath\":null,\"sortField\":null,\"orderBy\":null},{\"goodsId\":6,\"goodsName\":\" Apple iPhone 6 (A1586) 16GB 金色 移动联通电信4G手机, Apple iPhone 6 (A1586) 16GB 金色 移动联通电信4G手机\",\"goodsSubtitle\":null,\"gcId\":null,\"gcName\":null,\"brandId\":null,\"brandName\":null,\"typeId\":null,\"storeId\":null,\"storeName\":null,\"specOpen\":null,\"specId\":null,\"specName\":null,\"goodsImage\":\"/upload/img/store/10/1439259799310.jpg,/upload/img/store/10/1439259799310.jpg\",\"goodsImageMore\":null,\"goodsStorePrice\":null,\"goodsStorePriceInterval\":null,\"goodsSerial\":null,\"goodsShow\":null,\"goodsClick\":null,\"goodsState\":null,\"goodsCommend\":null,\"goodsAddTime\":null,\"goodsKeywords\":null,\"goodsDescription\":null,\"goodsBody\":null,\"goodsAttr\":null,\"goodsSpec\":null,\"goodsColImg\":null,\"prepareUpTime\":null,\"goodsStarttime\":null,\"goodsEndtime\":null,\"goodsForm\":null,\"transportId\":null,\"pyPrice\":null,\"kdPrice\":null,\"esPrice\":null,\"cityId\":null,\"cityName\":null,\"provinceId\":null,\"provinceName\":null,\"goodsCloseReason\":null,\"goodsStoreState\":null,\"commentnum\":null,\"salenum\":null,\"goodsCollect\":null,\"goodsTransfeeCharge\":null,\"storeClassId\":null,\"goodsTotalStorage\":null,\"classPath\":null,\"sortField\":null,\"orderBy\":null},{\"goodsId\":8,\"goodsName\":\"三星 Galaxy S6 edge（G9250）32G版 铂光金 移动联通电信4G手机,Apple iPhone 6 Plus (A1524) 16GB 金色 移动联通电信4G手机\",\"goodsSubtitle\":null,\"gcId\":null,\"gcName\":null,\"brandId\":null,\"brandName\":null,\"typeId\":null,\"storeId\":null,\"storeName\":null,\"specOpen\":null,\"specId\":null,\"specName\":null,\"goodsImage\":\"/upload/img/store/9/1439279910161.jpg,/upload/img/store/9/1439272758383.jpg\",\"goodsImageMore\":null,\"goodsStorePrice\":null,\"goodsStorePriceInterval\":null,\"goodsSerial\":null,\"goodsShow\":null,\"goodsClick\":null,\"goodsState\":null,\"goodsCommend\":null,\"goodsAddTime\":null,\"goodsKeywords\":null,\"goodsDescription\":null,\"goodsBody\":null,\"goodsAttr\":null,\"goodsSpec\":null,\"goodsColImg\":null,\"prepareUpTime\":null,\"goodsStarttime\":null,\"goodsEndtime\":null,\"goodsForm\":null,\"transportId\":null,\"pyPrice\":null,\"kdPrice\":null,\"esPrice\":null,\"cityId\":null,\"cityName\":null,\"provinceId\":null,\"provinceName\":null,\"goodsCloseReason\":null,\"goodsStoreState\":null,\"commentnum\":null,\"salenum\":null,\"goodsCollect\":null,\"goodsTransfeeCharge\":null,\"storeClassId\":null,\"goodsTotalStorage\":null,\"classPath\":null,\"sortField\":null,\"orderBy\":null},{\"goodsId\":14,\"goodsName\":\"小米 红米2A 白色 移动4G手机 双卡双待,三星 Galaxy S6 edge（G9250）32G版 铂光金 移动联通电信4G手机\",\"goodsSubtitle\":null,\"gcId\":null,\"gcName\":null,\"brandId\":null,\"brandName\":null,\"typeId\":null,\"storeId\":null,\"storeName\":null,\"specOpen\":null,\"specId\":null,\"specName\":null,\"goodsImage\":\"/upload/img/store/9/1439350567269.jpg,/upload/img/store/9/1439279910161.jpg\",\"goodsImageMore\":null,\"goodsStorePrice\":null,\"goodsStorePriceInterval\":null,\"goodsSerial\":null,\"goodsShow\":null,\"goodsClick\":null,\"goodsState\":null,\"goodsCommend\":null,\"goodsAddTime\":null,\"goodsKeywords\":null,\"goodsDescription\":null,\"goodsBody\":null,\"goodsAttr\":null,\"goodsSpec\":null,\"goodsColImg\":null,\"prepareUpTime\":null,\"goodsStarttime\":null,\"goodsEndtime\":null,\"goodsForm\":null,\"transportId\":null,\"pyPrice\":null,\"kdPrice\":null,\"esPrice\":null,\"cityId\":null,\"cityName\":null,\"provinceId\":null,\"provinceName\":null,\"goodsCloseReason\":null,\"goodsStoreState\":null,\"commentnum\":null,\"salenum\":null,\"goodsCollect\":null,\"goodsTransfeeCharge\":null,\"storeClassId\":null,\"goodsTotalStorage\":null,\"classPath\":null,\"sortField\":null,\"orderBy\":null},{\"goodsId\":15,\"goodsName\":\"LG AKA [H778]（1.5G RAM）移动联通双4G手机 （16G ROM） 黄小帝 标配版,小米 红米2A 白色 移动4G手机 双卡双待\",\"goodsSubtitle\":null,\"gcId\":null,\"gcName\":null,\"brandId\":null,\"brandName\":null,\"typeId\":null,\"storeId\":null,\"storeName\":null,\"specOpen\":null,\"specId\":null,\"specName\":null,\"goodsImage\":\"/upload/img/store/9/1439350943180.jpg,/upload/img/store/9/1439350567269.jpg\",\"goodsImageMore\":null,\"goodsStorePrice\":null,\"goodsStorePriceInterval\":null,\"goodsSerial\":null,\"goodsShow\":null,\"goodsClick\":null,\"goodsState\":null,\"goodsCommend\":null,\"goodsAddTime\":null,\"goodsKeywords\":null,\"goodsDescription\":null,\"goodsBody\":null,\"goodsAttr\":null,\"goodsSpec\":null,\"goodsColImg\":null,\"prepareUpTime\":null,\"goodsStarttime\":null,\"goodsEndtime\":null,\"goodsForm\":null,\"transportId\":null,\"pyPrice\":null,\"kdPrice\":null,\"esPrice\":null,\"cityId\":null,\"cityName\":null,\"provinceId\":null,\"provinceName\":null,\"goodsCloseReason\":null,\"goodsStoreState\":null,\"commentnum\":null,\"salenum\":null,\"goodsCollect\":null,\"goodsTransfeeCharge\":null,\"storeClassId\":null,\"goodsTotalStorage\":null,\"classPath\":null,\"sortField\":null,\"orderBy\":null},{\"goodsId\":16,\"goodsName\":\"HTC One E9+（E9pw） 公开版 银雅黑 移动联通4G手机 双卡双待,LG AKA [H778]（1.5G RAM）移动联通双4G手机 （16G ROM） 黄小帝 标配版\",\"goodsSubtitle\":null,\"gcId\":null,\"gcName\":null,\"brandId\":null,\"brandName\":null,\"typeId\":null,\"storeId\":null,\"storeName\":null,\"specOpen\":null,\"specId\":null,\"specName\":null,\"goodsImage\":\"/upload/img/store/9/1439351415439.jpg,/upload/img/store/9/1439350943180.jpg\",\"goodsImageMore\":null,\"goodsStorePrice\":null,\"goodsStorePriceInterval\":null,\"goodsSerial\":null,\"goodsShow\":null,\"goodsClick\":null,\"goodsState\":null,\"goodsCommend\":null,\"goodsAddTime\":null,\"goodsKeywords\":null,\"goodsDescription\":null,\"goodsBody\":null,\"goodsAttr\":null,\"goodsSpec\":null,\"goodsColImg\":null,\"prepareUpTime\":null,\"goodsStarttime\":null,\"goodsEndtime\":null,\"goodsForm\":null,\"transportId\":null,\"pyPrice\":null,\"kdPrice\":null,\"esPrice\":null,\"cityId\":null,\"cityName\":null,\"provinceId\":null,\"provinceName\":null,\"goodsCloseReason\":null,\"goodsStoreState\":null,\"commentnum\":null,\"salenum\":null,\"goodsCollect\":null,\"goodsTransfeeCharge\":null,\"storeClassId\":null,\"goodsTotalStorage\":null,\"classPath\":null,\"sortField\":null,\"orderBy\":null},{\"goodsId\":17,\"goodsName\":\"诺基亚(NOKIA) 1050 (RM-1120) 黑色 移动联通2G手机,诺基亚(NOKIA) 1050 (RM-1120) 黑色 移动联通2G手机\",\"goodsSubtitle\":null,\"gcId\":null,\"gcName\":null,\"brandId\":null,\"brandName\":null,\"typeId\":null,\"storeId\":null,\"storeName\":null,\"specOpen\":null,\"specId\":null,\"specName\":null,\"goodsImage\":\"/upload/img/store/9/1439351673563.jpg,/upload/img/store/9/1439351673563.jpg\",\"goodsImageMore\":null,\"goodsStorePrice\":null,\"goodsStorePriceInterval\":null,\"goodsSerial\":null,\"goodsShow\":null,\"goodsClick\":null,\"goodsState\":null,\"goodsCommend\":null,\"goodsAddTime\":null,\"goodsKeywords\":null,\"goodsDescription\":null,\"goodsBody\":null,\"goodsAttr\":null,\"goodsSpec\":null,\"goodsColImg\":null,\"prepareUpTime\":null,\"goodsStarttime\":null,\"goodsEndtime\":null,\"goodsForm\":null,\"transportId\":null,\"pyPrice\":null,\"kdPrice\":null,\"esPrice\":null,\"cityId\":null,\"cityName\":null,\"provinceId\":null,\"provinceName\":null,\"goodsCloseReason\":null,\"goodsStoreState\":null,\"commentnum\":null,\"salenum\":null,\"goodsCollect\":null,\"goodsTransfeeCharge\":null,\"storeClassId\":null,\"goodsTotalStorage\":null,\"classPath\":null,\"sortField\":null,\"orderBy\":null},{\"goodsId\":18,\"goodsName\":\"Apple iPhone 5s (A1530) 16GB 金色 移动联通4G手机,Apple iPhone 5s (A1530) 16GB 金色 移动联通4G手机\",\"goodsSubtitle\":null,\"gcId\":null,\"gcName\":null,\"brandId\":null,\"brandName\":null,\"typeId\":null,\"storeId\":null,\"storeName\":null,\"specOpen\":null,\"specId\":null,\"specName\":null,\"goodsImage\":\"/upload/img/store/9/1439352167961.jpg,/upload/img/store/9/1439352167961.jpg\",\"goodsImageMore\":null,\"goodsStorePrice\":null,\"goodsStorePriceInterval\":null,\"goodsSerial\":null,\"goodsShow\":null,\"goodsClick\":null,\"goodsState\":null,\"goodsCommend\":null,\"goodsAddTime\":null,\"goodsKeywords\":null,\"goodsDescription\":null,\"goodsBody\":null,\"goodsAttr\":null,\"goodsSpec\":null,\"goodsColImg\":null,\"prepareUpTime\":null,\"goodsStarttime\":null,\"goodsEndtime\":null,\"goodsForm\":null,\"transportId\":null,\"pyPrice\":null,\"kdPrice\":null,\"esPrice\":null,\"cityId\":null,\"cityName\":null,\"provinceId\":null,\"provinceName\":null,\"goodsCloseReason\":null,\"goodsStoreState\":null,\"commentnum\":null,\"salenum\":null,\"goodsCollect\":null,\"goodsTransfeeCharge\":null,\"storeClassId\":null,\"goodsTotalStorage\":null,\"classPath\":null,\"sortField\":null,\"orderBy\":null},{\"goodsId\":19,\"goodsName\":\"美版苹果iPhone6 64G版 4G手机 4.7寸（金色）A1586 支持移动电信联通 金色\",\"goodsSubtitle\":null,\"gcId\":null,\"gcName\":null,\"brandId\":null,\"brandName\":null,\"typeId\":null,\"storeId\":null,\"storeName\":null,\"specOpen\":null,\"specId\":null,\"specName\":null,\"goodsImage\":\"/upload/img/store/9/1439352673683.jpg\",\"goodsImageMore\":null,\"goodsStorePrice\":null,\"goodsStorePriceInterval\":null,\"goodsSerial\":null,\"goodsShow\":null,\"goodsClick\":null,\"goodsState\":null,\"goodsCommend\":null,\"goodsAddTime\":null,\"goodsKeywords\":null,\"goodsDescription\":null,\"goodsBody\":null,\"goodsAttr\":null,\"goodsSpec\":null,\"goodsColImg\":null,\"prepareUpTime\":null,\"goodsStarttime\":null,\"goodsEndtime\":null,\"goodsForm\":null,\"transportId\":null,\"pyPrice\":null,\"kdPrice\":null,\"esPrice\":null,\"cityId\":null,\"cityName\":null,\"provinceId\":null,\"provinceName\":null,\"goodsCloseReason\":null,\"goodsStoreState\":null,\"commentnum\":null,\"salenum\":null,\"goodsCollect\":null,\"goodsTransfeeCharge\":null,\"storeClassId\":null,\"goodsTotalStorage\":null,\"classPath\":null,\"sortField\":null,\"orderBy\":null}],\"isShow\":1,\"sort\":0}', '手机、数码、通信', '1', null, null, '1', '0'), ('14', null, null, 'floor_list', '{\"bannerImg\":\"/upload/img/adv/web-2-21_85d1db42cb6858e7dd184effb53d3ba6.png\",\"gcId\":32,\"bannerUrl\":\"\",\"floorName\":\" 男装、女装、内衣、珠宝\",\"subName\":\" 男装、女装、内衣、珠宝\",\"floorImg\":\"/upload/img/adv/1441556228956.png\",\"floorUrl\":\"\",\"floorColor\":\"pink\",\"goodsClassList\":[{\"gcId\":33,\"gcName\":\"女装\",\"gcpic\":null,\"typeId\":null,\"typename\":null,\"gcParentId\":null,\"gcSort\":null,\"gcshow\":null,\"gcTitle\":null,\"gcKeywords\":null,\"gcDescription\":null,\"gcIdpath\":null,\"deep\":0,\"hasChild\":0,\"classList\":null,\"searchType\":\"gcIdSearch\",\"gcLastChild\":null},{\"gcId\":137,\"gcName\":\"男装\",\"gcpic\":null,\"typeId\":null,\"typename\":null,\"gcParentId\":null,\"gcSort\":null,\"gcshow\":null,\"gcTitle\":null,\"gcKeywords\":null,\"gcDescription\":null,\"gcIdpath\":null,\"deep\":0,\"hasChild\":0,\"classList\":null,\"searchType\":\"gcIdSearch\",\"gcLastChild\":null},{\"gcId\":167,\"gcName\":\"配饰\",\"gcpic\":null,\"typeId\":null,\"typename\":null,\"gcParentId\":null,\"gcSort\":null,\"gcshow\":null,\"gcTitle\":null,\"gcKeywords\":null,\"gcDescription\":null,\"gcIdpath\":null,\"deep\":0,\"hasChild\":0,\"classList\":null,\"searchType\":\"gcIdSearch\",\"gcLastChild\":null}],\"goodsList\":[{\"createTime\":null,\"updateTime\":null,\"startTime\":null,\"endTime\":null,\"createTimeStr\":null,\"updateTimeStr\":null,\"startTimeStr\":null,\"endTimeStr\":null,\"isDel\":0,\"goodsId\":20,\"goodsName\":\"欧洲站2015新夏季欧货短袖大码中长款淑女连衣裙A字雪纺女装显瘦V S\",\"goodsSubtitle\":null,\"gcId\":null,\"gcName\":null,\"brandId\":null,\"brandName\":null,\"typeId\":null,\"storeId\":null,\"storeName\":null,\"specOpen\":null,\"specId\":null,\"specName\":null,\"goodsImage\":\"/upload/img/store/9/1439361451698.jpg\",\"goodsImageMore\":null,\"goodsStorePrice\":null,\"goodsStorePriceInterval\":null,\"goodsSerial\":null,\"goodsShow\":null,\"goodsClick\":null,\"goodsState\":null,\"goodsCommend\":null,\"goodsKeywords\":null,\"goodsDescription\":null,\"goodsBody\":null,\"goodsAttr\":null,\"goodsSpec\":null,\"goodsColImg\":null,\"goodsForm\":null,\"transportId\":null,\"pyPrice\":null,\"kdPrice\":null,\"esPrice\":null,\"cityId\":null,\"cityName\":null,\"provinceId\":null,\"provinceName\":null,\"goodsCloseReason\":null,\"goodsStoreState\":null,\"commentnum\":null,\"salenum\":null,\"goodsCollect\":null,\"goodsTransfeeCharge\":null,\"storeClassId\":null,\"goodsTotalStorage\":null,\"classPath\":null,\"sortField\":null,\"orderBy\":null,\"goodids\":null},{\"createTime\":null,\"updateTime\":null,\"startTime\":null,\"endTime\":null,\"createTimeStr\":null,\"updateTimeStr\":null,\"startTimeStr\":null,\"endTimeStr\":null,\"isDel\":0,\"goodsId\":21,\"goodsName\":\"微糖2015夏季新款韩版女装真丝连衣裙长裙重磅桑蚕丝淑女裙子短袖修身\",\"goodsSubtitle\":null,\"gcId\":null,\"gcName\":null,\"brandId\":null,\"brandName\":null,\"typeId\":null,\"storeId\":null,\"storeName\":null,\"specOpen\":null,\"specId\":null,\"specName\":null,\"goodsImage\":\"/upload/img/store/9/1439361892247.jpg\",\"goodsImageMore\":null,\"goodsStorePrice\":null,\"goodsStorePriceInterval\":null,\"goodsSerial\":null,\"goodsShow\":null,\"goodsClick\":null,\"goodsState\":null,\"goodsCommend\":null,\"goodsKeywords\":null,\"goodsDescription\":null,\"goodsBody\":null,\"goodsAttr\":null,\"goodsSpec\":null,\"goodsColImg\":null,\"goodsForm\":null,\"transportId\":null,\"pyPrice\":null,\"kdPrice\":null,\"esPrice\":null,\"cityId\":null,\"cityName\":null,\"provinceId\":null,\"provinceName\":null,\"goodsCloseReason\":null,\"goodsStoreState\":null,\"commentnum\":null,\"salenum\":null,\"goodsCollect\":null,\"goodsTransfeeCharge\":null,\"storeClassId\":null,\"goodsTotalStorage\":null,\"classPath\":null,\"sortField\":null,\"orderBy\":null,\"goodids\":null},{\"createTime\":null,\"updateTime\":null,\"startTime\":null,\"endTime\":null,\"createTimeStr\":null,\"updateTimeStr\":null,\"startTimeStr\":null,\"endTimeStr\":null,\"isDel\":0,\"goodsId\":22,\"goodsName\":\"惬曼昕连衣裙 夏 女 雪纺2015夏装女装新款短袖淑女款裙子AYFS251 绿 L\",\"goodsSubtitle\":null,\"gcId\":null,\"gcName\":null,\"brandId\":null,\"brandName\":null,\"typeId\":null,\"storeId\":null,\"storeName\":null,\"specOpen\":null,\"specId\":null,\"specName\":null,\"goodsImage\":\"/upload/img/store/9/1439362233120.jpg\",\"goodsImageMore\":null,\"goodsStorePrice\":null,\"goodsStorePriceInterval\":null,\"goodsSerial\":null,\"goodsShow\":null,\"goodsClick\":null,\"goodsState\":null,\"goodsCommend\":null,\"goodsKeywords\":null,\"goodsDescription\":null,\"goodsBody\":null,\"goodsAttr\":null,\"goodsSpec\":null,\"goodsColImg\":null,\"goodsForm\":null,\"transportId\":null,\"pyPrice\":null,\"kdPrice\":null,\"esPrice\":null,\"cityId\":null,\"cityName\":null,\"provinceId\":null,\"provinceName\":null,\"goodsCloseReason\":null,\"goodsStoreState\":null,\"commentnum\":null,\"salenum\":null,\"goodsCollect\":null,\"goodsTransfeeCharge\":null,\"storeClassId\":null,\"goodsTotalStorage\":null,\"classPath\":null,\"sortField\":null,\"orderBy\":null,\"goodids\":null},{\"createTime\":null,\"updateTime\":null,\"startTime\":null,\"endTime\":null,\"createTimeStr\":null,\"updateTimeStr\":null,\"startTimeStr\":null,\"endTimeStr\":null,\"isDel\":0,\"goodsId\":23,\"goodsName\":\"朵莱依 2015夏装热卖 大码波西米亚长裙子女装显瘦短袖甜美雪纺沙滩连衣裙 白色 L\",\"goodsSubtitle\":null,\"gcId\":null,\"gcName\":null,\"brandId\":null,\"brandName\":null,\"typeId\":null,\"storeId\":null,\"storeName\":null,\"specOpen\":null,\"specId\":null,\"specName\":null,\"goodsImage\":\"/upload/img/store/9/1439362595551.jpg\",\"goodsImageMore\":null,\"goodsStorePrice\":null,\"goodsStorePriceInterval\":null,\"goodsSerial\":null,\"goodsShow\":null,\"goodsClick\":null,\"goodsState\":null,\"goodsCommend\":null,\"goodsKeywords\":null,\"goodsDescription\":null,\"goodsBody\":null,\"goodsAttr\":null,\"goodsSpec\":null,\"goodsColImg\":null,\"goodsForm\":null,\"transportId\":null,\"pyPrice\":null,\"kdPrice\":null,\"esPrice\":null,\"cityId\":null,\"cityName\":null,\"provinceId\":null,\"provinceName\":null,\"goodsCloseReason\":null,\"goodsStoreState\":null,\"commentnum\":null,\"salenum\":null,\"goodsCollect\":null,\"goodsTransfeeCharge\":null,\"storeClassId\":null,\"goodsTotalStorage\":null,\"classPath\":null,\"sortField\":null,\"orderBy\":null,\"goodids\":null},{\"createTime\":null,\"updateTime\":null,\"startTime\":null,\"endTime\":null,\"createTimeStr\":null,\"updateTimeStr\":null,\"startTimeStr\":null,\"endTimeStr\":null,\"isDel\":0,\"goodsId\":24,\"goodsName\":\"清水丽香 2015夏装新款复古文艺短袖棉麻圆领长裙C03 红色 M\",\"goodsSubtitle\":null,\"gcId\":null,\"gcName\":null,\"brandId\":null,\"brandName\":null,\"typeId\":null,\"storeId\":null,\"storeName\":null,\"specOpen\":null,\"specId\":null,\"specName\":null,\"goodsImage\":\"/upload/img/store/9/1439363286945.jpg\",\"goodsImageMore\":null,\"goodsStorePrice\":null,\"goodsStorePriceInterval\":null,\"goodsSerial\":null,\"goodsShow\":null,\"goodsClick\":null,\"goodsState\":null,\"goodsCommend\":null,\"goodsKeywords\":null,\"goodsDescription\":null,\"goodsBody\":null,\"goodsAttr\":null,\"goodsSpec\":null,\"goodsColImg\":null,\"goodsForm\":null,\"transportId\":null,\"pyPrice\":null,\"kdPrice\":null,\"esPrice\":null,\"cityId\":null,\"cityName\":null,\"provinceId\":null,\"provinceName\":null,\"goodsCloseReason\":null,\"goodsStoreState\":null,\"commentnum\":null,\"salenum\":null,\"goodsCollect\":null,\"goodsTransfeeCharge\":null,\"storeClassId\":null,\"goodsTotalStorage\":null,\"classPath\":null,\"sortField\":null,\"orderBy\":null,\"goodids\":null},{\"createTime\":null,\"updateTime\":null,\"startTime\":null,\"endTime\":null,\"createTimeStr\":null,\"updateTimeStr\":null,\"startTimeStr\":null,\"endTimeStr\":null,\"isDel\":0,\"goodsId\":25,\"goodsName\":\"碧月茹香 2015夏新款文艺棉麻宽松大码连衣裙 617绿色 XXL\",\"goodsSubtitle\":null,\"gcId\":null,\"gcName\":null,\"brandId\":null,\"brandName\":null,\"typeId\":null,\"storeId\":null,\"storeName\":null,\"specOpen\":null,\"specId\":null,\"specName\":null,\"goodsImage\":\"/upload/img/store/9/1439363577002.jpg\",\"goodsImageMore\":null,\"goodsStorePrice\":null,\"goodsStorePriceInterval\":null,\"goodsSerial\":null,\"goodsShow\":null,\"goodsClick\":null,\"goodsState\":null,\"goodsCommend\":null,\"goodsKeywords\":null,\"goodsDescription\":null,\"goodsBody\":null,\"goodsAttr\":null,\"goodsSpec\":null,\"goodsColImg\":null,\"goodsForm\":null,\"transportId\":null,\"pyPrice\":null,\"kdPrice\":null,\"esPrice\":null,\"cityId\":null,\"cityName\":null,\"provinceId\":null,\"provinceName\":null,\"goodsCloseReason\":null,\"goodsStoreState\":null,\"commentnum\":null,\"salenum\":null,\"goodsCollect\":null,\"goodsTransfeeCharge\":null,\"storeClassId\":null,\"goodsTotalStorage\":null,\"classPath\":null,\"sortField\":null,\"orderBy\":null,\"goodids\":null},{\"createTime\":null,\"updateTime\":null,\"startTime\":null,\"endTime\":null,\"createTimeStr\":null,\"updateTimeStr\":null,\"startTimeStr\":null,\"endTimeStr\":null,\"isDel\":0,\"goodsId\":26,\"goodsName\":\" 凡牧2015夏装新款棉麻短袖连衣裙女韩版修身\",\"goodsSubtitle\":null,\"gcId\":null,\"gcName\":null,\"brandId\":null,\"brandName\":null,\"typeId\":null,\"storeId\":null,\"storeName\":null,\"specOpen\":null,\"specId\":null,\"specName\":null,\"goodsImage\":\"/upload/img/store/9/1439364063748.jpg\",\"goodsImageMore\":null,\"goodsStorePrice\":null,\"goodsStorePriceInterval\":null,\"goodsSerial\":null,\"goodsShow\":null,\"goodsClick\":null,\"goodsState\":null,\"goodsCommend\":null,\"goodsKeywords\":null,\"goodsDescription\":null,\"goodsBody\":null,\"goodsAttr\":null,\"goodsSpec\":null,\"goodsColImg\":null,\"goodsForm\":null,\"transportId\":null,\"pyPrice\":null,\"kdPrice\":null,\"esPrice\":null,\"cityId\":null,\"cityName\":null,\"provinceId\":null,\"provinceName\":null,\"goodsCloseReason\":null,\"goodsStoreState\":null,\"commentnum\":null,\"salenum\":null,\"goodsCollect\":null,\"goodsTransfeeCharge\":null,\"storeClassId\":null,\"goodsTotalStorage\":null,\"classPath\":null,\"sortField\":null,\"orderBy\":null,\"goodids\":null},{\"createTime\":null,\"updateTime\":null,\"startTime\":null,\"endTime\":null,\"createTimeStr\":null,\"updateTimeStr\":null,\"startTimeStr\":null,\"endTimeStr\":null,\"isDel\":0,\"goodsId\":27,\"goodsName\":\"玫恋雅2015夏季新款韩版百搭气质女装复古文艺短袖圆领棉麻连衣裙 女88 绿 色 L\",\"goodsSubtitle\":null,\"gcId\":null,\"gcName\":null,\"brandId\":null,\"brandName\":null,\"typeId\":null,\"storeId\":null,\"storeName\":null,\"specOpen\":null,\"specId\":null,\"specName\":null,\"goodsImage\":\"/upload/img/store/9/1439364389117.jpg\",\"goodsImageMore\":null,\"goodsStorePrice\":null,\"goodsStorePriceInterval\":null,\"goodsSerial\":null,\"goodsShow\":null,\"goodsClick\":null,\"goodsState\":null,\"goodsCommend\":null,\"goodsKeywords\":null,\"goodsDescription\":null,\"goodsBody\":null,\"goodsAttr\":null,\"goodsSpec\":null,\"goodsColImg\":null,\"goodsForm\":null,\"transportId\":null,\"pyPrice\":null,\"kdPrice\":null,\"esPrice\":null,\"cityId\":null,\"cityName\":null,\"provinceId\":null,\"provinceName\":null,\"goodsCloseReason\":null,\"goodsStoreState\":null,\"commentnum\":null,\"salenum\":null,\"goodsCollect\":null,\"goodsTransfeeCharge\":null,\"storeClassId\":null,\"goodsTotalStorage\":null,\"classPath\":null,\"sortField\":null,\"orderBy\":null,\"goodids\":null},{\"createTime\":null,\"updateTime\":null,\"startTime\":null,\"endTime\":null,\"createTimeStr\":null,\"updateTimeStr\":null,\"startTimeStr\":null,\"endTimeStr\":null,\"isDel\":0,\"goodsId\":28,\"goodsName\":\"阁斯岚 2015夏日新款无袖长款雪纺连衣裙 夏天大码沙滩纯色长裙 G25 白色 L\",\"goodsSubtitle\":null,\"gcId\":null,\"gcName\":null,\"brandId\":null,\"brandName\":null,\"typeId\":null,\"storeId\":null,\"storeName\":null,\"specOpen\":null,\"specId\":null,\"specName\":null,\"goodsImage\":\"/upload/img/store/9/1439364590868.jpg\",\"goodsImageMore\":null,\"goodsStorePrice\":null,\"goodsStorePriceInterval\":null,\"goodsSerial\":null,\"goodsShow\":null,\"goodsClick\":null,\"goodsState\":null,\"goodsCommend\":null,\"goodsKeywords\":null,\"goodsDescription\":null,\"goodsBody\":null,\"goodsAttr\":null,\"goodsSpec\":null,\"goodsColImg\":null,\"goodsForm\":null,\"transportId\":null,\"pyPrice\":null,\"kdPrice\":null,\"esPrice\":null,\"cityId\":null,\"cityName\":null,\"provinceId\":null,\"provinceName\":null,\"goodsCloseReason\":null,\"goodsStoreState\":null,\"commentnum\":null,\"salenum\":null,\"goodsCollect\":null,\"goodsTransfeeCharge\":null,\"storeClassId\":null,\"goodsTotalStorage\":null,\"classPath\":null,\"sortField\":null,\"orderBy\":null,\"goodids\":null}],\"isShow\":0,\"sort\":2}', ' 男装、女装、内衣、珠宝', '0', null, null, '0', '2'), ('15', null, null, 'floor_list', '{\"bannerImg\":\"/upload/img/adv/web-5-51_df932719ef2d0ad9ebcc418f36c48deb.png\",\"gcId\":21,\"bannerUrl\":\"\",\"floorName\":\"手机、数码、通信\",\"subName\":\"手机、数码、通信\",\"floorImg\":\"/upload/img/adv/1441556204331.png\",\"floorUrl\":\"\",\"floorColor\":\"blue\",\"goodsClassList\":[{\"gcId\":171,\"gcName\":\"手机\",\"gcpic\":null,\"typeId\":null,\"typename\":null,\"gcParentId\":null,\"gcSort\":null,\"gcshow\":null,\"gcTitle\":null,\"gcKeywords\":null,\"gcDescription\":null,\"gcIdpath\":null,\"deep\":0,\"hasChild\":0,\"classList\":null,\"searchType\":\"gcIdSearch\",\"gcLastChild\":null},{\"gcId\":22,\"gcName\":\"手机通讯\",\"gcpic\":null,\"typeId\":null,\"typename\":null,\"gcParentId\":null,\"gcSort\":null,\"gcshow\":null,\"gcTitle\":null,\"gcKeywords\":null,\"gcDescription\":null,\"gcIdpath\":null,\"deep\":0,\"hasChild\":0,\"classList\":null,\"searchType\":\"gcIdSearch\",\"gcLastChild\":null},{\"gcId\":50,\"gcName\":\"通信\",\"gcpic\":null,\"typeId\":null,\"typename\":null,\"gcParentId\":null,\"gcSort\":null,\"gcshow\":null,\"gcTitle\":null,\"gcKeywords\":null,\"gcDescription\":null,\"gcIdpath\":null,\"deep\":0,\"hasChild\":0,\"classList\":null,\"searchType\":\"gcIdSearch\",\"gcLastChild\":null},{\"gcId\":51,\"gcName\":\"运营商\",\"gcpic\":null,\"typeId\":null,\"typename\":null,\"gcParentId\":null,\"gcSort\":null,\"gcshow\":null,\"gcTitle\":null,\"gcKeywords\":null,\"gcDescription\":null,\"gcIdpath\":null,\"deep\":0,\"hasChild\":0,\"classList\":null,\"searchType\":\"gcIdSearch\",\"gcLastChild\":null},{\"gcId\":23,\"gcName\":\"手机配件\",\"gcpic\":null,\"typeId\":null,\"typename\":null,\"gcParentId\":null,\"gcSort\":null,\"gcshow\":null,\"gcTitle\":null,\"gcKeywords\":null,\"gcDescription\":null,\"gcIdpath\":null,\"deep\":0,\"hasChild\":0,\"classList\":null,\"searchType\":\"gcIdSearch\",\"gcLastChild\":null},{\"gcId\":76,\"gcName\":\"摄影摄像\",\"gcpic\":null,\"typeId\":null,\"typename\":null,\"gcParentId\":null,\"gcSort\":null,\"gcshow\":null,\"gcTitle\":null,\"gcKeywords\":null,\"gcDescription\":null,\"gcIdpath\":null,\"deep\":0,\"hasChild\":0,\"classList\":null,\"searchType\":\"gcIdSearch\",\"gcLastChild\":null},{\"gcId\":88,\"gcName\":\"数码配件\",\"gcpic\":null,\"typeId\":null,\"typename\":null,\"gcParentId\":null,\"gcSort\":null,\"gcshow\":null,\"gcTitle\":null,\"gcKeywords\":null,\"gcDescription\":null,\"gcIdpath\":null,\"deep\":0,\"hasChild\":0,\"classList\":null,\"searchType\":\"gcIdSearch\",\"gcLastChild\":null}],\"goodsList\":[{\"createTime\":null,\"updateTime\":null,\"startTime\":null,\"endTime\":null,\"createTimeStr\":null,\"updateTimeStr\":null,\"startTimeStr\":null,\"endTimeStr\":null,\"isDel\":0,\"goodsId\":5,\"goodsName\":\"iphone6\",\"goodsSubtitle\":null,\"gcId\":null,\"gcName\":null,\"brandId\":null,\"brandName\":null,\"typeId\":null,\"storeId\":null,\"storeName\":null,\"specOpen\":null,\"specId\":null,\"specName\":null,\"goodsImage\":\"/upload/img/store/10/1439173254458.jpg\",\"goodsImageMore\":null,\"goodsStorePrice\":null,\"goodsStorePriceInterval\":null,\"goodsSerial\":null,\"goodsShow\":null,\"goodsClick\":null,\"goodsState\":null,\"goodsCommend\":null,\"goodsKeywords\":null,\"goodsDescription\":null,\"goodsBody\":null,\"goodsAttr\":null,\"goodsSpec\":null,\"goodsColImg\":null,\"goodsForm\":null,\"transportId\":null,\"pyPrice\":null,\"kdPrice\":null,\"esPrice\":null,\"cityId\":null,\"cityName\":null,\"provinceId\":null,\"provinceName\":null,\"goodsCloseReason\":null,\"goodsStoreState\":null,\"commentnum\":null,\"salenum\":null,\"goodsCollect\":null,\"goodsTransfeeCharge\":null,\"storeClassId\":null,\"goodsTotalStorage\":null,\"classPath\":null,\"sortField\":null,\"orderBy\":null,\"goodids\":null},{\"createTime\":null,\"updateTime\":null,\"startTime\":null,\"endTime\":null,\"createTimeStr\":null,\"updateTimeStr\":null,\"startTimeStr\":null,\"endTimeStr\":null,\"isDel\":0,\"goodsId\":6,\"goodsName\":\" Apple iPhone 6 (A1586) 16GB 金色 移动联通电信4G手机\",\"goodsSubtitle\":null,\"gcId\":null,\"gcName\":null,\"brandId\":null,\"brandName\":null,\"typeId\":null,\"storeId\":null,\"storeName\":null,\"specOpen\":null,\"specId\":null,\"specName\":null,\"goodsImage\":\"/upload/img/store/10/1439259799310.jpg\",\"goodsImageMore\":null,\"goodsStorePrice\":null,\"goodsStorePriceInterval\":null,\"goodsSerial\":null,\"goodsShow\":null,\"goodsClick\":null,\"goodsState\":null,\"goodsCommend\":null,\"goodsKeywords\":null,\"goodsDescription\":null,\"goodsBody\":null,\"goodsAttr\":null,\"goodsSpec\":null,\"goodsColImg\":null,\"goodsForm\":null,\"transportId\":null,\"pyPrice\":null,\"kdPrice\":null,\"esPrice\":null,\"cityId\":null,\"cityName\":null,\"provinceId\":null,\"provinceName\":null,\"goodsCloseReason\":null,\"goodsStoreState\":null,\"commentnum\":null,\"salenum\":null,\"goodsCollect\":null,\"goodsTransfeeCharge\":null,\"storeClassId\":null,\"goodsTotalStorage\":null,\"classPath\":null,\"sortField\":null,\"orderBy\":null,\"goodids\":null},{\"createTime\":null,\"updateTime\":null,\"startTime\":null,\"endTime\":null,\"createTimeStr\":null,\"updateTimeStr\":null,\"startTimeStr\":null,\"endTimeStr\":null,\"isDel\":0,\"goodsId\":7,\"goodsName\":\"Apple iPhone 6 Plus (A1524) 16GB 金色 移动联通电信4G手机\",\"goodsSubtitle\":null,\"gcId\":null,\"gcName\":null,\"brandId\":null,\"brandName\":null,\"typeId\":null,\"storeId\":null,\"storeName\":null,\"specOpen\":null,\"specId\":null,\"specName\":null,\"goodsImage\":\"/upload/img/store/9/1439272758383.jpg\",\"goodsImageMore\":null,\"goodsStorePrice\":null,\"goodsStorePriceInterval\":null,\"goodsSerial\":null,\"goodsShow\":null,\"goodsClick\":null,\"goodsState\":null,\"goodsCommend\":null,\"goodsKeywords\":null,\"goodsDescription\":null,\"goodsBody\":null,\"goodsAttr\":null,\"goodsSpec\":null,\"goodsColImg\":null,\"goodsForm\":null,\"transportId\":null,\"pyPrice\":null,\"kdPrice\":null,\"esPrice\":null,\"cityId\":null,\"cityName\":null,\"provinceId\":null,\"provinceName\":null,\"goodsCloseReason\":null,\"goodsStoreState\":null,\"commentnum\":null,\"salenum\":null,\"goodsCollect\":null,\"goodsTransfeeCharge\":null,\"storeClassId\":null,\"goodsTotalStorage\":null,\"classPath\":null,\"sortField\":null,\"orderBy\":null,\"goodids\":null},{\"createTime\":null,\"updateTime\":null,\"startTime\":null,\"endTime\":null,\"createTimeStr\":null,\"updateTimeStr\":null,\"startTimeStr\":null,\"endTimeStr\":null,\"isDel\":0,\"goodsId\":8,\"goodsName\":\"三星 Galaxy S6 edge（G9250）32G版 铂光金 移动联通电信4G手机\",\"goodsSubtitle\":null,\"gcId\":null,\"gcName\":null,\"brandId\":null,\"brandName\":null,\"typeId\":null,\"storeId\":null,\"storeName\":null,\"specOpen\":null,\"specId\":null,\"specName\":null,\"goodsImage\":\"/upload/img/store/9/1439279910161.jpg\",\"goodsImageMore\":null,\"goodsStorePrice\":null,\"goodsStorePriceInterval\":null,\"goodsSerial\":null,\"goodsShow\":null,\"goodsClick\":null,\"goodsState\":null,\"goodsCommend\":null,\"goodsKeywords\":null,\"goodsDescription\":null,\"goodsBody\":null,\"goodsAttr\":null,\"goodsSpec\":null,\"goodsColImg\":null,\"goodsForm\":null,\"transportId\":null,\"pyPrice\":null,\"kdPrice\":null,\"esPrice\":null,\"cityId\":null,\"cityName\":null,\"provinceId\":null,\"provinceName\":null,\"goodsCloseReason\":null,\"goodsStoreState\":null,\"commentnum\":null,\"salenum\":null,\"goodsCollect\":null,\"goodsTransfeeCharge\":null,\"storeClassId\":null,\"goodsTotalStorage\":null,\"classPath\":null,\"sortField\":null,\"orderBy\":null,\"goodids\":null},{\"createTime\":null,\"updateTime\":null,\"startTime\":null,\"endTime\":null,\"createTimeStr\":null,\"updateTimeStr\":null,\"startTimeStr\":null,\"endTimeStr\":null,\"isDel\":0,\"goodsId\":14,\"goodsName\":\"小米 红米2A 白色 移动4G手机 双卡双待\",\"goodsSubtitle\":null,\"gcId\":null,\"gcName\":null,\"brandId\":null,\"brandName\":null,\"typeId\":null,\"storeId\":null,\"storeName\":null,\"specOpen\":null,\"specId\":null,\"specName\":null,\"goodsImage\":\"/upload/img/store/9/1439350567269.jpg\",\"goodsImageMore\":null,\"goodsStorePrice\":null,\"goodsStorePriceInterval\":null,\"goodsSerial\":null,\"goodsShow\":null,\"goodsClick\":null,\"goodsState\":null,\"goodsCommend\":null,\"goodsKeywords\":null,\"goodsDescription\":null,\"goodsBody\":null,\"goodsAttr\":null,\"goodsSpec\":null,\"goodsColImg\":null,\"goodsForm\":null,\"transportId\":null,\"pyPrice\":null,\"kdPrice\":null,\"esPrice\":null,\"cityId\":null,\"cityName\":null,\"provinceId\":null,\"provinceName\":null,\"goodsCloseReason\":null,\"goodsStoreState\":null,\"commentnum\":null,\"salenum\":null,\"goodsCollect\":null,\"goodsTransfeeCharge\":null,\"storeClassId\":null,\"goodsTotalStorage\":null,\"classPath\":null,\"sortField\":null,\"orderBy\":null,\"goodids\":null},{\"createTime\":null,\"updateTime\":null,\"startTime\":null,\"endTime\":null,\"createTimeStr\":null,\"updateTimeStr\":null,\"startTimeStr\":null,\"endTimeStr\":null,\"isDel\":0,\"goodsId\":15,\"goodsName\":\"LG AKA [H778]（1.5G RAM）移动联通双4G手机 （16G ROM） 黄小帝 标配版\",\"goodsSubtitle\":null,\"gcId\":null,\"gcName\":null,\"brandId\":null,\"brandName\":null,\"typeId\":null,\"storeId\":null,\"storeName\":null,\"specOpen\":null,\"specId\":null,\"specName\":null,\"goodsImage\":\"/upload/img/store/9/1439350943180.jpg\",\"goodsImageMore\":null,\"goodsStorePrice\":null,\"goodsStorePriceInterval\":null,\"goodsSerial\":null,\"goodsShow\":null,\"goodsClick\":null,\"goodsState\":null,\"goodsCommend\":null,\"goodsKeywords\":null,\"goodsDescription\":null,\"goodsBody\":null,\"goodsAttr\":null,\"goodsSpec\":null,\"goodsColImg\":null,\"goodsForm\":null,\"transportId\":null,\"pyPrice\":null,\"kdPrice\":null,\"esPrice\":null,\"cityId\":null,\"cityName\":null,\"provinceId\":null,\"provinceName\":null,\"goodsCloseReason\":null,\"goodsStoreState\":null,\"commentnum\":null,\"salenum\":null,\"goodsCollect\":null,\"goodsTransfeeCharge\":null,\"storeClassId\":null,\"goodsTotalStorage\":null,\"classPath\":null,\"sortField\":null,\"orderBy\":null,\"goodids\":null},{\"createTime\":null,\"updateTime\":null,\"startTime\":null,\"endTime\":null,\"createTimeStr\":null,\"updateTimeStr\":null,\"startTimeStr\":null,\"endTimeStr\":null,\"isDel\":0,\"goodsId\":16,\"goodsName\":\"HTC One E9+（E9pw） 公开版 银雅黑 移动联通4G手机 双卡双待\",\"goodsSubtitle\":null,\"gcId\":null,\"gcName\":null,\"brandId\":null,\"brandName\":null,\"typeId\":null,\"storeId\":null,\"storeName\":null,\"specOpen\":null,\"specId\":null,\"specName\":null,\"goodsImage\":\"/upload/img/store/9/1439351415439.jpg\",\"goodsImageMore\":null,\"goodsStorePrice\":null,\"goodsStorePriceInterval\":null,\"goodsSerial\":null,\"goodsShow\":null,\"goodsClick\":null,\"goodsState\":null,\"goodsCommend\":null,\"goodsKeywords\":null,\"goodsDescription\":null,\"goodsBody\":null,\"goodsAttr\":null,\"goodsSpec\":null,\"goodsColImg\":null,\"goodsForm\":null,\"transportId\":null,\"pyPrice\":null,\"kdPrice\":null,\"esPrice\":null,\"cityId\":null,\"cityName\":null,\"provinceId\":null,\"provinceName\":null,\"goodsCloseReason\":null,\"goodsStoreState\":null,\"commentnum\":null,\"salenum\":null,\"goodsCollect\":null,\"goodsTransfeeCharge\":null,\"storeClassId\":null,\"goodsTotalStorage\":null,\"classPath\":null,\"sortField\":null,\"orderBy\":null,\"goodids\":null},{\"createTime\":null,\"updateTime\":null,\"startTime\":null,\"endTime\":null,\"createTimeStr\":null,\"updateTimeStr\":null,\"startTimeStr\":null,\"endTimeStr\":null,\"isDel\":0,\"goodsId\":17,\"goodsName\":\"诺基亚(NOKIA) 1050 (RM-1120) 黑色 移动联通2G手机\",\"goodsSubtitle\":null,\"gcId\":null,\"gcName\":null,\"brandId\":null,\"brandName\":null,\"typeId\":null,\"storeId\":null,\"storeName\":null,\"specOpen\":null,\"specId\":null,\"specName\":null,\"goodsImage\":\"/upload/img/store/9/1439351673563.jpg\",\"goodsImageMore\":null,\"goodsStorePrice\":null,\"goodsStorePriceInterval\":null,\"goodsSerial\":null,\"goodsShow\":null,\"goodsClick\":null,\"goodsState\":null,\"goodsCommend\":null,\"goodsKeywords\":null,\"goodsDescription\":null,\"goodsBody\":null,\"goodsAttr\":null,\"goodsSpec\":null,\"goodsColImg\":null,\"goodsForm\":null,\"transportId\":null,\"pyPrice\":null,\"kdPrice\":null,\"esPrice\":null,\"cityId\":null,\"cityName\":null,\"provinceId\":null,\"provinceName\":null,\"goodsCloseReason\":null,\"goodsStoreState\":null,\"commentnum\":null,\"salenum\":null,\"goodsCollect\":null,\"goodsTransfeeCharge\":null,\"storeClassId\":null,\"goodsTotalStorage\":null,\"classPath\":null,\"sortField\":null,\"orderBy\":null,\"goodids\":null},{\"createTime\":null,\"updateTime\":null,\"startTime\":null,\"endTime\":null,\"createTimeStr\":null,\"updateTimeStr\":null,\"startTimeStr\":null,\"endTimeStr\":null,\"isDel\":0,\"goodsId\":18,\"goodsName\":\"Apple iPhone 5s (A1530) 16GB 金色 移动联通4G手机\",\"goodsSubtitle\":null,\"gcId\":null,\"gcName\":null,\"brandId\":null,\"brandName\":null,\"typeId\":null,\"storeId\":null,\"storeName\":null,\"specOpen\":null,\"specId\":null,\"specName\":null,\"goodsImage\":\"/upload/img/store/9/1439352167961.jpg\",\"goodsImageMore\":null,\"goodsStorePrice\":null,\"goodsStorePriceInterval\":null,\"goodsSerial\":null,\"goodsShow\":null,\"goodsClick\":null,\"goodsState\":null,\"goodsCommend\":null,\"goodsKeywords\":null,\"goodsDescription\":null,\"goodsBody\":null,\"goodsAttr\":null,\"goodsSpec\":null,\"goodsColImg\":null,\"goodsForm\":null,\"transportId\":null,\"pyPrice\":null,\"kdPrice\":null,\"esPrice\":null,\"cityId\":null,\"cityName\":null,\"provinceId\":null,\"provinceName\":null,\"goodsCloseReason\":null,\"goodsStoreState\":null,\"commentnum\":null,\"salenum\":null,\"goodsCollect\":null,\"goodsTransfeeCharge\":null,\"storeClassId\":null,\"goodsTotalStorage\":null,\"classPath\":null,\"sortField\":null,\"orderBy\":null,\"goodids\":null}],\"isShow\":1,\"sort\":5}', '手机、数码、通信', '0', null, null, '1', '5'), ('16', null, null, 'floor_list', '{\"bannerImg\":\"\",\"gcId\":147,\"bannerUrl\":\"\",\"floorName\":\"\",\"subName\":\"\",\"floorImg\":\"\",\"floorUrl\":\"\",\"floorColor\":\"pink\",\"goodsClassList\":null,\"goodsList\":[{\"createTime\":null,\"updateTime\":null,\"startTime\":null,\"endTime\":null,\"createTimeStr\":null,\"updateTimeStr\":null,\"startTimeStr\":null,\"endTimeStr\":null,\"isDel\":0,\"goodsId\":33,\"goodsName\":\"琪可朵粗跟单鞋女中跟浅口真皮婚鞋2015新款女鞋 浅肉肤色 41\",\"goodsSubtitle\":null,\"gcId\":null,\"gcName\":null,\"brandId\":null,\"brandName\":null,\"typeId\":null,\"storeId\":null,\"storeName\":null,\"specOpen\":null,\"specId\":null,\"specName\":null,\"goodsImage\":\"/upload/img/store/9/1439366379401.jpg\",\"goodsImageMore\":null,\"goodsStorePrice\":null,\"goodsStorePriceInterval\":null,\"goodsSerial\":null,\"goodsShow\":null,\"goodsClick\":null,\"goodsState\":null,\"goodsCommend\":null,\"goodsKeywords\":null,\"goodsDescription\":null,\"goodsBody\":null,\"goodsAttr\":null,\"goodsSpec\":null,\"goodsColImg\":null,\"goodsForm\":null,\"transportId\":null,\"pyPrice\":null,\"kdPrice\":null,\"esPrice\":null,\"cityId\":null,\"cityName\":null,\"provinceId\":null,\"provinceName\":null,\"goodsCloseReason\":null,\"goodsStoreState\":null,\"commentnum\":null,\"salenum\":null,\"goodsCollect\":null,\"goodsTransfeeCharge\":null,\"storeClassId\":null,\"goodsTotalStorage\":null,\"classPath\":null,\"sortField\":null,\"orderBy\":null,\"goodids\":null},{\"createTime\":null,\"updateTime\":null,\"startTime\":null,\"endTime\":null,\"createTimeStr\":null,\"updateTimeStr\":null,\"startTimeStr\":null,\"endTimeStr\":null,\"isDel\":0,\"goodsId\":32,\"goodsName\":\"琪可朵高跟鞋尖头真皮细跟蝴蝶结2015新款女鞋 03淡紫色 40\",\"goodsSubtitle\":null,\"gcId\":null,\"gcName\":null,\"brandId\":null,\"brandName\":null,\"typeId\":null,\"storeId\":null,\"storeName\":null,\"specOpen\":null,\"specId\":null,\"specName\":null,\"goodsImage\":\"/upload/img/store/9/1439366141800.jpg\",\"goodsImageMore\":null,\"goodsStorePrice\":null,\"goodsStorePriceInterval\":null,\"goodsSerial\":null,\"goodsShow\":null,\"goodsClick\":null,\"goodsState\":null,\"goodsCommend\":null,\"goodsKeywords\":null,\"goodsDescription\":null,\"goodsBody\":null,\"goodsAttr\":null,\"goodsSpec\":null,\"goodsColImg\":null,\"goodsForm\":null,\"transportId\":null,\"pyPrice\":null,\"kdPrice\":null,\"esPrice\":null,\"cityId\":null,\"cityName\":null,\"provinceId\":null,\"provinceName\":null,\"goodsCloseReason\":null,\"goodsStoreState\":null,\"commentnum\":null,\"salenum\":null,\"goodsCollect\":null,\"goodsTransfeeCharge\":null,\"storeClassId\":null,\"goodsTotalStorage\":null,\"classPath\":null,\"sortField\":null,\"orderBy\":null,\"goodids\":null},{\"createTime\":null,\"updateTime\":null,\"startTime\":null,\"endTime\":null,\"createTimeStr\":null,\"updateTimeStr\":null,\"startTimeStr\":null,\"endTimeStr\":null,\"isDel\":0,\"goodsId\":30,\"goodsName\":\"可情小美 欧美范春夏款时尚OL职业女超高跟鞋 糖果色漆皮尖头夜店性感\",\"goodsSubtitle\":null,\"gcId\":null,\"gcName\":null,\"brandId\":null,\"brandName\":null,\"typeId\":null,\"storeId\":null,\"storeName\":null,\"specOpen\":null,\"specId\":null,\"specName\":null,\"goodsImage\":\"/upload/img/store/9/1439365583162.jpg\",\"goodsImageMore\":null,\"goodsStorePrice\":null,\"goodsStorePriceInterval\":null,\"goodsSerial\":null,\"goodsShow\":null,\"goodsClick\":null,\"goodsState\":null,\"goodsCommend\":null,\"goodsKeywords\":null,\"goodsDescription\":null,\"goodsBody\":null,\"goodsAttr\":null,\"goodsSpec\":null,\"goodsColImg\":null,\"goodsForm\":null,\"transportId\":null,\"pyPrice\":null,\"kdPrice\":null,\"esPrice\":null,\"cityId\":null,\"cityName\":null,\"provinceId\":null,\"provinceName\":null,\"goodsCloseReason\":null,\"goodsStoreState\":null,\"commentnum\":null,\"salenum\":null,\"goodsCollect\":null,\"goodsTransfeeCharge\":null,\"storeClassId\":null,\"goodsTotalStorage\":null,\"classPath\":null,\"sortField\":null,\"orderBy\":null,\"goodids\":null},{\"createTime\":null,\"updateTime\":null,\"startTime\":null,\"endTime\":null,\"createTimeStr\":null,\"updateTimeStr\":null,\"startTimeStr\":null,\"endTimeStr\":null,\"isDel\":0,\"goodsId\":35,\"goodsName\":\" bubufeifei2015夏季新款高跟鞋女 水钻细跟女鞋婚鞋单鞋 珍珠白\",\"goodsSubtitle\":null,\"gcId\":null,\"gcName\":null,\"brandId\":null,\"brandName\":null,\"typeId\":null,\"storeId\":null,\"storeName\":null,\"specOpen\":null,\"specId\":null,\"specName\":null,\"goodsImage\":\"/upload/img/store/9/1439367117874.jpg\",\"goodsImageMore\":null,\"goodsStorePrice\":null,\"goodsStorePriceInterval\":null,\"goodsSerial\":null,\"goodsShow\":null,\"goodsClick\":null,\"goodsState\":null,\"goodsCommend\":null,\"goodsKeywords\":null,\"goodsDescription\":null,\"goodsBody\":null,\"goodsAttr\":null,\"goodsSpec\":null,\"goodsColImg\":null,\"goodsForm\":null,\"transportId\":null,\"pyPrice\":null,\"kdPrice\":null,\"esPrice\":null,\"cityId\":null,\"cityName\":null,\"provinceId\":null,\"provinceName\":null,\"goodsCloseReason\":null,\"goodsStoreState\":null,\"commentnum\":null,\"salenum\":null,\"goodsCollect\":null,\"goodsTransfeeCharge\":null,\"storeClassId\":null,\"goodsTotalStorage\":null,\"classPath\":null,\"sortField\":null,\"orderBy\":null,\"goodids\":null}],\"isShow\":null,\"sort\":null}', '', '0', null, null, null, null), ('17', null, null, 'floor_list', '{\"bannerImg\":\"/upload/img/adv/1440152562510.png\",\"gcId\":24,\"bannerUrl\":\"\",\"floorName\":\"手机、数码、通信\",\"subName\":\"手机、数码、通信\",\"floorImg\":\"/upload/img/store/slide/1438419251423.png\",\"floorUrl\":\"\",\"floorColor\":\"purple\",\"goodsClassList\":[{\"gcId\":22,\"gcName\":\"手机通讯\",\"gcpic\":null,\"typeId\":null,\"typename\":null,\"gcParentId\":null,\"gcSort\":null,\"gcshow\":null,\"gcTitle\":null,\"gcKeywords\":null,\"gcDescription\":null,\"gcIdpath\":null,\"deep\":0,\"hasChild\":0,\"classList\":null,\"searchType\":\"gcIdSearch\"},{\"gcId\":50,\"gcName\":\"通信\",\"gcpic\":null,\"typeId\":null,\"typename\":null,\"gcParentId\":null,\"gcSort\":null,\"gcshow\":null,\"gcTitle\":null,\"gcKeywords\":null,\"gcDescription\":null,\"gcIdpath\":null,\"deep\":0,\"hasChild\":0,\"classList\":null,\"searchType\":\"gcIdSearch\"},{\"gcId\":51,\"gcName\":\"运营商\",\"gcpic\":null,\"typeId\":null,\"typename\":null,\"gcParentId\":null,\"gcSort\":null,\"gcshow\":null,\"gcTitle\":null,\"gcKeywords\":null,\"gcDescription\":null,\"gcIdpath\":null,\"deep\":0,\"hasChild\":0,\"classList\":null,\"searchType\":\"gcIdSearch\"},{\"gcId\":23,\"gcName\":\"手机配件\",\"gcpic\":null,\"typeId\":null,\"typename\":null,\"gcParentId\":null,\"gcSort\":null,\"gcshow\":null,\"gcTitle\":null,\"gcKeywords\":null,\"gcDescription\":null,\"gcIdpath\":null,\"deep\":0,\"hasChild\":0,\"classList\":null,\"searchType\":\"gcIdSearch\"},{\"gcId\":76,\"gcName\":\"摄影摄像\",\"gcpic\":null,\"typeId\":null,\"typename\":null,\"gcParentId\":null,\"gcSort\":null,\"gcshow\":null,\"gcTitle\":null,\"gcKeywords\":null,\"gcDescription\":null,\"gcIdpath\":null,\"deep\":0,\"hasChild\":0,\"classList\":null,\"searchType\":\"gcIdSearch\"},{\"gcId\":88,\"gcName\":\"数码配件\",\"gcpic\":null,\"typeId\":null,\"typename\":null,\"gcParentId\":null,\"gcSort\":null,\"gcshow\":null,\"gcTitle\":null,\"gcKeywords\":null,\"gcDescription\":null,\"gcIdpath\":null,\"deep\":0,\"hasChild\":0,\"classList\":null,\"searchType\":\"gcIdSearch\"}],\"goodsList\":[{\"goodsId\":5,\"goodsName\":\"iphone6\",\"goodsSubtitle\":null,\"gcId\":null,\"gcName\":null,\"brandId\":null,\"brandName\":null,\"typeId\":null,\"storeId\":null,\"storeName\":null,\"specOpen\":null,\"specId\":null,\"specName\":null,\"goodsImage\":\"/upload/img/store/10/1439173254458.jpg\",\"goodsImageMore\":null,\"goodsStorePrice\":null,\"goodsStorePriceInterval\":null,\"goodsSerial\":null,\"goodsShow\":null,\"goodsClick\":null,\"goodsState\":null,\"goodsCommend\":null,\"goodsAddTime\":null,\"goodsKeywords\":null,\"goodsDescription\":null,\"goodsBody\":null,\"goodsAttr\":null,\"goodsSpec\":null,\"goodsColImg\":null,\"prepareUpTime\":null,\"goodsStarttime\":null,\"goodsEndtime\":null,\"goodsForm\":null,\"transportId\":null,\"pyPrice\":null,\"kdPrice\":null,\"esPrice\":null,\"cityId\":null,\"cityName\":null,\"provinceId\":null,\"provinceName\":null,\"goodsCloseReason\":null,\"goodsStoreState\":null,\"commentnum\":null,\"salenum\":null,\"goodsCollect\":null,\"goodsTransfeeCharge\":null,\"storeClassId\":null,\"goodsTotalStorage\":null,\"classPath\":null,\"sortField\":null,\"orderBy\":null},{\"goodsId\":6,\"goodsName\":\" Apple iPhone 6 (A1586) 16GB 金色 移动联通电信4G手机\",\"goodsSubtitle\":null,\"gcId\":null,\"gcName\":null,\"brandId\":null,\"brandName\":null,\"typeId\":null,\"storeId\":null,\"storeName\":null,\"specOpen\":null,\"specId\":null,\"specName\":null,\"goodsImage\":\"/upload/img/store/10/1439259799310.jpg\",\"goodsImageMore\":null,\"goodsStorePrice\":null,\"goodsStorePriceInterval\":null,\"goodsSerial\":null,\"goodsShow\":null,\"goodsClick\":null,\"goodsState\":null,\"goodsCommend\":null,\"goodsAddTime\":null,\"goodsKeywords\":null,\"goodsDescription\":null,\"goodsBody\":null,\"goodsAttr\":null,\"goodsSpec\":null,\"goodsColImg\":null,\"prepareUpTime\":null,\"goodsStarttime\":null,\"goodsEndtime\":null,\"goodsForm\":null,\"transportId\":null,\"pyPrice\":null,\"kdPrice\":null,\"esPrice\":null,\"cityId\":null,\"cityName\":null,\"provinceId\":null,\"provinceName\":null,\"goodsCloseReason\":null,\"goodsStoreState\":null,\"commentnum\":null,\"salenum\":null,\"goodsCollect\":null,\"goodsTransfeeCharge\":null,\"storeClassId\":null,\"goodsTotalStorage\":null,\"classPath\":null,\"sortField\":null,\"orderBy\":null},{\"goodsId\":7,\"goodsName\":\"Apple iPhone 6 Plus (A1524) 16GB 金色 移动联通电信4G手机\",\"goodsSubtitle\":null,\"gcId\":null,\"gcName\":null,\"brandId\":null,\"brandName\":null,\"typeId\":null,\"storeId\":null,\"storeName\":null,\"specOpen\":null,\"specId\":null,\"specName\":null,\"goodsImage\":\"/upload/img/store/9/1439272758383.jpg\",\"goodsImageMore\":null,\"goodsStorePrice\":null,\"goodsStorePriceInterval\":null,\"goodsSerial\":null,\"goodsShow\":null,\"goodsClick\":null,\"goodsState\":null,\"goodsCommend\":null,\"goodsAddTime\":null,\"goodsKeywords\":null,\"goodsDescription\":null,\"goodsBody\":null,\"goodsAttr\":null,\"goodsSpec\":null,\"goodsColImg\":null,\"prepareUpTime\":null,\"goodsStarttime\":null,\"goodsEndtime\":null,\"goodsForm\":null,\"transportId\":null,\"pyPrice\":null,\"kdPrice\":null,\"esPrice\":null,\"cityId\":null,\"cityName\":null,\"provinceId\":null,\"provinceName\":null,\"goodsCloseReason\":null,\"goodsStoreState\":null,\"commentnum\":null,\"salenum\":null,\"goodsCollect\":null,\"goodsTransfeeCharge\":null,\"storeClassId\":null,\"goodsTotalStorage\":null,\"classPath\":null,\"sortField\":null,\"orderBy\":null},{\"goodsId\":8,\"goodsName\":\"三星 Galaxy S6 edge（G9250）32G版 铂光金 移动联通电信4G手机\",\"goodsSubtitle\":null,\"gcId\":null,\"gcName\":null,\"brandId\":null,\"brandName\":null,\"typeId\":null,\"storeId\":null,\"storeName\":null,\"specOpen\":null,\"specId\":null,\"specName\":null,\"goodsImage\":\"/upload/img/store/9/1439279910161.jpg\",\"goodsImageMore\":null,\"goodsStorePrice\":null,\"goodsStorePriceInterval\":null,\"goodsSerial\":null,\"goodsShow\":null,\"goodsClick\":null,\"goodsState\":null,\"goodsCommend\":null,\"goodsAddTime\":null,\"goodsKeywords\":null,\"goodsDescription\":null,\"goodsBody\":null,\"goodsAttr\":null,\"goodsSpec\":null,\"goodsColImg\":null,\"prepareUpTime\":null,\"goodsStarttime\":null,\"goodsEndtime\":null,\"goodsForm\":null,\"transportId\":null,\"pyPrice\":null,\"kdPrice\":null,\"esPrice\":null,\"cityId\":null,\"cityName\":null,\"provinceId\":null,\"provinceName\":null,\"goodsCloseReason\":null,\"goodsStoreState\":null,\"commentnum\":null,\"salenum\":null,\"goodsCollect\":null,\"goodsTransfeeCharge\":null,\"storeClassId\":null,\"goodsTotalStorage\":null,\"classPath\":null,\"sortField\":null,\"orderBy\":null},{\"goodsId\":14,\"goodsName\":\"小米 红米2A 白色 移动4G手机 双卡双待\",\"goodsSubtitle\":null,\"gcId\":null,\"gcName\":null,\"brandId\":null,\"brandName\":null,\"typeId\":null,\"storeId\":null,\"storeName\":null,\"specOpen\":null,\"specId\":null,\"specName\":null,\"goodsImage\":\"/upload/img/store/9/1439350567269.jpg\",\"goodsImageMore\":null,\"goodsStorePrice\":null,\"goodsStorePriceInterval\":null,\"goodsSerial\":null,\"goodsShow\":null,\"goodsClick\":null,\"goodsState\":null,\"goodsCommend\":null,\"goodsAddTime\":null,\"goodsKeywords\":null,\"goodsDescription\":null,\"goodsBody\":null,\"goodsAttr\":null,\"goodsSpec\":null,\"goodsColImg\":null,\"prepareUpTime\":null,\"goodsStarttime\":null,\"goodsEndtime\":null,\"goodsForm\":null,\"transportId\":null,\"pyPrice\":null,\"kdPrice\":null,\"esPrice\":null,\"cityId\":null,\"cityName\":null,\"provinceId\":null,\"provinceName\":null,\"goodsCloseReason\":null,\"goodsStoreState\":null,\"commentnum\":null,\"salenum\":null,\"goodsCollect\":null,\"goodsTransfeeCharge\":null,\"storeClassId\":null,\"goodsTotalStorage\":null,\"classPath\":null,\"sortField\":null,\"orderBy\":null},{\"goodsId\":15,\"goodsName\":\"LG AKA [H778]（1.5G RAM）移动联通双4G手机 （16G ROM） 黄小帝 标配版\",\"goodsSubtitle\":null,\"gcId\":null,\"gcName\":null,\"brandId\":null,\"brandName\":null,\"typeId\":null,\"storeId\":null,\"storeName\":null,\"specOpen\":null,\"specId\":null,\"specName\":null,\"goodsImage\":\"/upload/img/store/9/1439350943180.jpg\",\"goodsImageMore\":null,\"goodsStorePrice\":null,\"goodsStorePriceInterval\":null,\"goodsSerial\":null,\"goodsShow\":null,\"goodsClick\":null,\"goodsState\":null,\"goodsCommend\":null,\"goodsAddTime\":null,\"goodsKeywords\":null,\"goodsDescription\":null,\"goodsBody\":null,\"goodsAttr\":null,\"goodsSpec\":null,\"goodsColImg\":null,\"prepareUpTime\":null,\"goodsStarttime\":null,\"goodsEndtime\":null,\"goodsForm\":null,\"transportId\":null,\"pyPrice\":null,\"kdPrice\":null,\"esPrice\":null,\"cityId\":null,\"cityName\":null,\"provinceId\":null,\"provinceName\":null,\"goodsCloseReason\":null,\"goodsStoreState\":null,\"commentnum\":null,\"salenum\":null,\"goodsCollect\":null,\"goodsTransfeeCharge\":null,\"storeClassId\":null,\"goodsTotalStorage\":null,\"classPath\":null,\"sortField\":null,\"orderBy\":null},{\"goodsId\":27,\"goodsName\":\"玫恋雅2015夏季新款韩版百搭气质女装复古文艺短袖圆领棉麻连衣裙 女88 绿 色 L\",\"goodsSubtitle\":null,\"gcId\":null,\"gcName\":null,\"brandId\":null,\"brandName\":null,\"typeId\":null,\"storeId\":null,\"storeName\":null,\"specOpen\":null,\"specId\":null,\"specName\":null,\"goodsImage\":\"/upload/img/store/9/1439364389117.jpg\",\"goodsImageMore\":null,\"goodsStorePrice\":null,\"goodsStorePriceInterval\":null,\"goodsSerial\":null,\"goodsShow\":null,\"goodsClick\":null,\"goodsState\":null,\"goodsCommend\":null,\"goodsAddTime\":null,\"goodsKeywords\":null,\"goodsDescription\":null,\"goodsBody\":null,\"goodsAttr\":null,\"goodsSpec\":null,\"goodsColImg\":null,\"prepareUpTime\":null,\"goodsStarttime\":null,\"goodsEndtime\":null,\"goodsForm\":null,\"transportId\":null,\"pyPrice\":null,\"kdPrice\":null,\"esPrice\":null,\"cityId\":null,\"cityName\":null,\"provinceId\":null,\"provinceName\":null,\"goodsCloseReason\":null,\"goodsStoreState\":null,\"commentnum\":null,\"salenum\":null,\"goodsCollect\":null,\"goodsTransfeeCharge\":null,\"storeClassId\":null,\"goodsTotalStorage\":null,\"classPath\":null,\"sortField\":null,\"orderBy\":null},{\"goodsId\":28,\"goodsName\":\"阁斯岚 2015夏日新款无袖长款雪纺连衣裙 夏天大码沙滩纯色长裙 G25 白色 L\",\"goodsSubtitle\":null,\"gcId\":null,\"gcName\":null,\"brandId\":null,\"brandName\":null,\"typeId\":null,\"storeId\":null,\"storeName\":null,\"specOpen\":null,\"specId\":null,\"specName\":null,\"goodsImage\":\"/upload/img/store/9/1439364590868.jpg\",\"goodsImageMore\":null,\"goodsStorePrice\":null,\"goodsStorePriceInterval\":null,\"goodsSerial\":null,\"goodsShow\":null,\"goodsClick\":null,\"goodsState\":null,\"goodsCommend\":null,\"goodsAddTime\":null,\"goodsKeywords\":null,\"goodsDescription\":null,\"goodsBody\":null,\"goodsAttr\":null,\"goodsSpec\":null,\"goodsColImg\":null,\"prepareUpTime\":null,\"goodsStarttime\":null,\"goodsEndtime\":null,\"goodsForm\":null,\"transportId\":null,\"pyPrice\":null,\"kdPrice\":null,\"esPrice\":null,\"cityId\":null,\"cityName\":null,\"provinceId\":null,\"provinceName\":null,\"goodsCloseReason\":null,\"goodsStoreState\":null,\"commentnum\":null,\"salenum\":null,\"goodsCollect\":null,\"goodsTransfeeCharge\":null,\"storeClassId\":null,\"goodsTotalStorage\":null,\"classPath\":null,\"sortField\":null,\"orderBy\":null},{\"goodsId\":26,\"goodsName\":\" 凡牧2015夏装新款棉麻短袖连衣裙女韩版修身\",\"goodsSubtitle\":null,\"gcId\":null,\"gcName\":null,\"brandId\":null,\"brandName\":null,\"typeId\":null,\"storeId\":null,\"storeName\":null,\"specOpen\":null,\"specId\":null,\"specName\":null,\"goodsImage\":\"/upload/img/store/9/1439364063748.jpg\",\"goodsImageMore\":null,\"goodsStorePrice\":null,\"goodsStorePriceInterval\":null,\"goodsSerial\":null,\"goodsShow\":null,\"goodsClick\":null,\"goodsState\":null,\"goodsCommend\":null,\"goodsAddTime\":null,\"goodsKeywords\":null,\"goodsDescription\":null,\"goodsBody\":null,\"goodsAttr\":null,\"goodsSpec\":null,\"goodsColImg\":null,\"prepareUpTime\":null,\"goodsStarttime\":null,\"goodsEndtime\":null,\"goodsForm\":null,\"transportId\":null,\"pyPrice\":null,\"kdPrice\":null,\"esPrice\":null,\"cityId\":null,\"cityName\":null,\"provinceId\":null,\"provinceName\":null,\"goodsCloseReason\":null,\"goodsStoreState\":null,\"commentnum\":null,\"salenum\":null,\"goodsCollect\":null,\"goodsTransfeeCharge\":null,\"storeClassId\":null,\"goodsTotalStorage\":null,\"classPath\":null,\"sortField\":null,\"orderBy\":null}],\"isShow\":1,\"sort\":0}', '手机、数码、通信', '1', null, null, '1', '0'), ('19', null, null, 'floor_list', '{\"bannerImg\":\"/upload/img/adv/1441590684860.png\",\"gcId\":24,\"bannerUrl\":\"\",\"floorName\":\"零食、进口食品、茶酒\",\"subName\":\"零食、进口食品、茶酒\",\"floorImg\":\"/upload/img/adv/1441590986595.png\",\"floorUrl\":\"\",\"floorColor\":\"gray\",\"goodsClassList\":[{\"gcId\":171,\"gcName\":\"手机\",\"gcpic\":null,\"typeId\":null,\"typename\":null,\"gcParentId\":null,\"gcSort\":null,\"gcshow\":null,\"gcTitle\":null,\"gcKeywords\":null,\"gcDescription\":null,\"gcIdpath\":null,\"deep\":0,\"hasChild\":0,\"classList\":null,\"searchType\":\"gcIdSearch\",\"gcLastChild\":null},{\"gcId\":22,\"gcName\":\"手机通讯\",\"gcpic\":null,\"typeId\":null,\"typename\":null,\"gcParentId\":null,\"gcSort\":null,\"gcshow\":null,\"gcTitle\":null,\"gcKeywords\":null,\"gcDescription\":null,\"gcIdpath\":null,\"deep\":0,\"hasChild\":0,\"classList\":null,\"searchType\":\"gcIdSearch\",\"gcLastChild\":null},{\"gcId\":50,\"gcName\":\"通信\",\"gcpic\":null,\"typeId\":null,\"typename\":null,\"gcParentId\":null,\"gcSort\":null,\"gcshow\":null,\"gcTitle\":null,\"gcKeywords\":null,\"gcDescription\":null,\"gcIdpath\":null,\"deep\":0,\"hasChild\":0,\"classList\":null,\"searchType\":\"gcIdSearch\",\"gcLastChild\":null},{\"gcId\":51,\"gcName\":\"运营商\",\"gcpic\":null,\"typeId\":null,\"typename\":null,\"gcParentId\":null,\"gcSort\":null,\"gcshow\":null,\"gcTitle\":null,\"gcKeywords\":null,\"gcDescription\":null,\"gcIdpath\":null,\"deep\":0,\"hasChild\":0,\"classList\":null,\"searchType\":\"gcIdSearch\",\"gcLastChild\":null},{\"gcId\":23,\"gcName\":\"手机配件\",\"gcpic\":null,\"typeId\":null,\"typename\":null,\"gcParentId\":null,\"gcSort\":null,\"gcshow\":null,\"gcTitle\":null,\"gcKeywords\":null,\"gcDescription\":null,\"gcIdpath\":null,\"deep\":0,\"hasChild\":0,\"classList\":null,\"searchType\":\"gcIdSearch\",\"gcLastChild\":null},{\"gcId\":76,\"gcName\":\"摄影摄像\",\"gcpic\":null,\"typeId\":null,\"typename\":null,\"gcParentId\":null,\"gcSort\":null,\"gcshow\":null,\"gcTitle\":null,\"gcKeywords\":null,\"gcDescription\":null,\"gcIdpath\":null,\"deep\":0,\"hasChild\":0,\"classList\":null,\"searchType\":\"gcIdSearch\",\"gcLastChild\":null},{\"gcId\":88,\"gcName\":\"数码配件\",\"gcpic\":null,\"typeId\":null,\"typename\":null,\"gcParentId\":null,\"gcSort\":null,\"gcshow\":null,\"gcTitle\":null,\"gcKeywords\":null,\"gcDescription\":null,\"gcIdpath\":null,\"deep\":0,\"hasChild\":0,\"classList\":null,\"searchType\":\"gcIdSearch\",\"gcLastChild\":null}],\"goodsList\":[{\"createTime\":null,\"updateTime\":null,\"startTime\":null,\"endTime\":null,\"createTimeStr\":null,\"updateTimeStr\":null,\"startTimeStr\":null,\"endTimeStr\":null,\"isDel\":0,\"goodsId\":5,\"goodsName\":\"iphone6\",\"goodsSubtitle\":null,\"gcId\":null,\"gcName\":null,\"brandId\":null,\"brandName\":null,\"typeId\":null,\"storeId\":null,\"storeName\":null,\"specOpen\":null,\"specId\":null,\"specName\":null,\"goodsImage\":\"/upload/img/store/10/1439173254458.jpg\",\"goodsImageMore\":null,\"goodsStorePrice\":null,\"goodsStorePriceInterval\":null,\"goodsSerial\":null,\"goodsShow\":null,\"goodsClick\":null,\"goodsState\":null,\"goodsCommend\":null,\"goodsKeywords\":null,\"goodsDescription\":null,\"goodsBody\":null,\"goodsAttr\":null,\"goodsSpec\":null,\"goodsColImg\":null,\"goodsForm\":null,\"transportId\":null,\"pyPrice\":null,\"kdPrice\":null,\"esPrice\":null,\"cityId\":null,\"cityName\":null,\"provinceId\":null,\"provinceName\":null,\"goodsCloseReason\":null,\"goodsStoreState\":null,\"commentnum\":null,\"salenum\":null,\"goodsCollect\":null,\"goodsTransfeeCharge\":null,\"storeClassId\":null,\"goodsTotalStorage\":null,\"classPath\":null,\"sortField\":null,\"orderBy\":null,\"goodids\":null},{\"createTime\":null,\"updateTime\":null,\"startTime\":null,\"endTime\":null,\"createTimeStr\":null,\"updateTimeStr\":null,\"startTimeStr\":null,\"endTimeStr\":null,\"isDel\":0,\"goodsId\":6,\"goodsName\":\" Apple iPhone 6 (A1586) 16GB 金色 移动联通电信4G手机\",\"goodsSubtitle\":null,\"gcId\":null,\"gcName\":null,\"brandId\":null,\"brandName\":null,\"typeId\":null,\"storeId\":null,\"storeName\":null,\"specOpen\":null,\"specId\":null,\"specName\":null,\"goodsImage\":\"/upload/img/store/10/1439259799310.jpg\",\"goodsImageMore\":null,\"goodsStorePrice\":null,\"goodsStorePriceInterval\":null,\"goodsSerial\":null,\"goodsShow\":null,\"goodsClick\":null,\"goodsState\":null,\"goodsCommend\":null,\"goodsKeywords\":null,\"goodsDescription\":null,\"goodsBody\":null,\"goodsAttr\":null,\"goodsSpec\":null,\"goodsColImg\":null,\"goodsForm\":null,\"transportId\":null,\"pyPrice\":null,\"kdPrice\":null,\"esPrice\":null,\"cityId\":null,\"cityName\":null,\"provinceId\":null,\"provinceName\":null,\"goodsCloseReason\":null,\"goodsStoreState\":null,\"commentnum\":null,\"salenum\":null,\"goodsCollect\":null,\"goodsTransfeeCharge\":null,\"storeClassId\":null,\"goodsTotalStorage\":null,\"classPath\":null,\"sortField\":null,\"orderBy\":null,\"goodids\":null},{\"createTime\":null,\"updateTime\":null,\"startTime\":null,\"endTime\":null,\"createTimeStr\":null,\"updateTimeStr\":null,\"startTimeStr\":null,\"endTimeStr\":null,\"isDel\":0,\"goodsId\":7,\"goodsName\":\"Apple iPhone 6 Plus (A1524) 16GB 金色 移动联通电信4G手机\",\"goodsSubtitle\":null,\"gcId\":null,\"gcName\":null,\"brandId\":null,\"brandName\":null,\"typeId\":null,\"storeId\":null,\"storeName\":null,\"specOpen\":null,\"specId\":null,\"specName\":null,\"goodsImage\":\"/upload/img/store/9/1439272758383.jpg\",\"goodsImageMore\":null,\"goodsStorePrice\":null,\"goodsStorePriceInterval\":null,\"goodsSerial\":null,\"goodsShow\":null,\"goodsClick\":null,\"goodsState\":null,\"goodsCommend\":null,\"goodsKeywords\":null,\"goodsDescription\":null,\"goodsBody\":null,\"goodsAttr\":null,\"goodsSpec\":null,\"goodsColImg\":null,\"goodsForm\":null,\"transportId\":null,\"pyPrice\":null,\"kdPrice\":null,\"esPrice\":null,\"cityId\":null,\"cityName\":null,\"provinceId\":null,\"provinceName\":null,\"goodsCloseReason\":null,\"goodsStoreState\":null,\"commentnum\":null,\"salenum\":null,\"goodsCollect\":null,\"goodsTransfeeCharge\":null,\"storeClassId\":null,\"goodsTotalStorage\":null,\"classPath\":null,\"sortField\":null,\"orderBy\":null,\"goodids\":null},{\"createTime\":null,\"updateTime\":null,\"startTime\":null,\"endTime\":null,\"createTimeStr\":null,\"updateTimeStr\":null,\"startTimeStr\":null,\"endTimeStr\":null,\"isDel\":0,\"goodsId\":8,\"goodsName\":\"三星 Galaxy S6 edge（G9250）32G版 铂光金 移动联通电信4G手机\",\"goodsSubtitle\":null,\"gcId\":null,\"gcName\":null,\"brandId\":null,\"brandName\":null,\"typeId\":null,\"storeId\":null,\"storeName\":null,\"specOpen\":null,\"specId\":null,\"specName\":null,\"goodsImage\":\"/upload/img/store/9/1439279910161.jpg\",\"goodsImageMore\":null,\"goodsStorePrice\":null,\"goodsStorePriceInterval\":null,\"goodsSerial\":null,\"goodsShow\":null,\"goodsClick\":null,\"goodsState\":null,\"goodsCommend\":null,\"goodsKeywords\":null,\"goodsDescription\":null,\"goodsBody\":null,\"goodsAttr\":null,\"goodsSpec\":null,\"goodsColImg\":null,\"goodsForm\":null,\"transportId\":null,\"pyPrice\":null,\"kdPrice\":null,\"esPrice\":null,\"cityId\":null,\"cityName\":null,\"provinceId\":null,\"provinceName\":null,\"goodsCloseReason\":null,\"goodsStoreState\":null,\"commentnum\":null,\"salenum\":null,\"goodsCollect\":null,\"goodsTransfeeCharge\":null,\"storeClassId\":null,\"goodsTotalStorage\":null,\"classPath\":null,\"sortField\":null,\"orderBy\":null,\"goodids\":null},{\"createTime\":null,\"updateTime\":null,\"startTime\":null,\"endTime\":null,\"createTimeStr\":null,\"updateTimeStr\":null,\"startTimeStr\":null,\"endTimeStr\":null,\"isDel\":0,\"goodsId\":14,\"goodsName\":\"小米 红米2A 白色 移动4G手机 双卡双待\",\"goodsSubtitle\":null,\"gcId\":null,\"gcName\":null,\"brandId\":null,\"brandName\":null,\"typeId\":null,\"storeId\":null,\"storeName\":null,\"specOpen\":null,\"specId\":null,\"specName\":null,\"goodsImage\":\"/upload/img/store/9/1439350567269.jpg\",\"goodsImageMore\":null,\"goodsStorePrice\":null,\"goodsStorePriceInterval\":null,\"goodsSerial\":null,\"goodsShow\":null,\"goodsClick\":null,\"goodsState\":null,\"goodsCommend\":null,\"goodsKeywords\":null,\"goodsDescription\":null,\"goodsBody\":null,\"goodsAttr\":null,\"goodsSpec\":null,\"goodsColImg\":null,\"goodsForm\":null,\"transportId\":null,\"pyPrice\":null,\"kdPrice\":null,\"esPrice\":null,\"cityId\":null,\"cityName\":null,\"provinceId\":null,\"provinceName\":null,\"goodsCloseReason\":null,\"goodsStoreState\":null,\"commentnum\":null,\"salenum\":null,\"goodsCollect\":null,\"goodsTransfeeCharge\":null,\"storeClassId\":null,\"goodsTotalStorage\":null,\"classPath\":null,\"sortField\":null,\"orderBy\":null,\"goodids\":null},{\"createTime\":null,\"updateTime\":null,\"startTime\":null,\"endTime\":null,\"createTimeStr\":null,\"updateTimeStr\":null,\"startTimeStr\":null,\"endTimeStr\":null,\"isDel\":0,\"goodsId\":15,\"goodsName\":\"LG AKA [H778]（1.5G RAM）移动联通双4G手机 （16G ROM） 黄小帝 标配版\",\"goodsSubtitle\":null,\"gcId\":null,\"gcName\":null,\"brandId\":null,\"brandName\":null,\"typeId\":null,\"storeId\":null,\"storeName\":null,\"specOpen\":null,\"specId\":null,\"specName\":null,\"goodsImage\":\"/upload/img/store/9/1439350943180.jpg\",\"goodsImageMore\":null,\"goodsStorePrice\":null,\"goodsStorePriceInterval\":null,\"goodsSerial\":null,\"goodsShow\":null,\"goodsClick\":null,\"goodsState\":null,\"goodsCommend\":null,\"goodsKeywords\":null,\"goodsDescription\":null,\"goodsBody\":null,\"goodsAttr\":null,\"goodsSpec\":null,\"goodsColImg\":null,\"goodsForm\":null,\"transportId\":null,\"pyPrice\":null,\"kdPrice\":null,\"esPrice\":null,\"cityId\":null,\"cityName\":null,\"provinceId\":null,\"provinceName\":null,\"goodsCloseReason\":null,\"goodsStoreState\":null,\"commentnum\":null,\"salenum\":null,\"goodsCollect\":null,\"goodsTransfeeCharge\":null,\"storeClassId\":null,\"goodsTotalStorage\":null,\"classPath\":null,\"sortField\":null,\"orderBy\":null,\"goodids\":null},{\"createTime\":null,\"updateTime\":null,\"startTime\":null,\"endTime\":null,\"createTimeStr\":null,\"updateTimeStr\":null,\"startTimeStr\":null,\"endTimeStr\":null,\"isDel\":0,\"goodsId\":16,\"goodsName\":\"HTC One E9+（E9pw） 公开版 银雅黑 移动联通4G手机 双卡双待\",\"goodsSubtitle\":null,\"gcId\":null,\"gcName\":null,\"brandId\":null,\"brandName\":null,\"typeId\":null,\"storeId\":null,\"storeName\":null,\"specOpen\":null,\"specId\":null,\"specName\":null,\"goodsImage\":\"/upload/img/store/9/1439351415439.jpg\",\"goodsImageMore\":null,\"goodsStorePrice\":null,\"goodsStorePriceInterval\":null,\"goodsSerial\":null,\"goodsShow\":null,\"goodsClick\":null,\"goodsState\":null,\"goodsCommend\":null,\"goodsKeywords\":null,\"goodsDescription\":null,\"goodsBody\":null,\"goodsAttr\":null,\"goodsSpec\":null,\"goodsColImg\":null,\"goodsForm\":null,\"transportId\":null,\"pyPrice\":null,\"kdPrice\":null,\"esPrice\":null,\"cityId\":null,\"cityName\":null,\"provinceId\":null,\"provinceName\":null,\"goodsCloseReason\":null,\"goodsStoreState\":null,\"commentnum\":null,\"salenum\":null,\"goodsCollect\":null,\"goodsTransfeeCharge\":null,\"storeClassId\":null,\"goodsTotalStorage\":null,\"classPath\":null,\"sortField\":null,\"orderBy\":null,\"goodids\":null},{\"createTime\":null,\"updateTime\":null,\"startTime\":null,\"endTime\":null,\"createTimeStr\":null,\"updateTimeStr\":null,\"startTimeStr\":null,\"endTimeStr\":null,\"isDel\":0,\"goodsId\":18,\"goodsName\":\"Apple iPhone 5s (A1530) 16GB 金色 移动联通4G手机\",\"goodsSubtitle\":null,\"gcId\":null,\"gcName\":null,\"brandId\":null,\"brandName\":null,\"typeId\":null,\"storeId\":null,\"storeName\":null,\"specOpen\":null,\"specId\":null,\"specName\":null,\"goodsImage\":\"/upload/img/store/9/1439352167961.jpg\",\"goodsImageMore\":null,\"goodsStorePrice\":null,\"goodsStorePriceInterval\":null,\"goodsSerial\":null,\"goodsShow\":null,\"goodsClick\":null,\"goodsState\":null,\"goodsCommend\":null,\"goodsKeywords\":null,\"goodsDescription\":null,\"goodsBody\":null,\"goodsAttr\":null,\"goodsSpec\":null,\"goodsColImg\":null,\"goodsForm\":null,\"transportId\":null,\"pyPrice\":null,\"kdPrice\":null,\"esPrice\":null,\"cityId\":null,\"cityName\":null,\"provinceId\":null,\"provinceName\":null,\"goodsCloseReason\":null,\"goodsStoreState\":null,\"commentnum\":null,\"salenum\":null,\"goodsCollect\":null,\"goodsTransfeeCharge\":null,\"storeClassId\":null,\"goodsTotalStorage\":null,\"classPath\":null,\"sortField\":null,\"orderBy\":null,\"goodids\":null},{\"createTime\":null,\"updateTime\":null,\"startTime\":null,\"endTime\":null,\"createTimeStr\":null,\"updateTimeStr\":null,\"startTimeStr\":null,\"endTimeStr\":null,\"isDel\":0,\"goodsId\":17,\"goodsName\":\"诺基亚(NOKIA) 1050 (RM-1120) 黑色 移动联通2G手机\",\"goodsSubtitle\":null,\"gcId\":null,\"gcName\":null,\"brandId\":null,\"brandName\":null,\"typeId\":null,\"storeId\":null,\"storeName\":null,\"specOpen\":null,\"specId\":null,\"specName\":null,\"goodsImage\":\"/upload/img/store/9/1439351673563.jpg\",\"goodsImageMore\":null,\"goodsStorePrice\":null,\"goodsStorePriceInterval\":null,\"goodsSerial\":null,\"goodsShow\":null,\"goodsClick\":null,\"goodsState\":null,\"goodsCommend\":null,\"goodsKeywords\":null,\"goodsDescription\":null,\"goodsBody\":null,\"goodsAttr\":null,\"goodsSpec\":null,\"goodsColImg\":null,\"goodsForm\":null,\"transportId\":null,\"pyPrice\":null,\"kdPrice\":null,\"esPrice\":null,\"cityId\":null,\"cityName\":null,\"provinceId\":null,\"provinceName\":null,\"goodsCloseReason\":null,\"goodsStoreState\":null,\"commentnum\":null,\"salenum\":null,\"goodsCollect\":null,\"goodsTransfeeCharge\":null,\"storeClassId\":null,\"goodsTotalStorage\":null,\"classPath\":null,\"sortField\":null,\"orderBy\":null,\"goodids\":null}],\"isShow\":1,\"sort\":3}', '零食、进口食品、茶酒', '0', null, null, '1', '3');
INSERT INTO `shop_web_code` VALUES ('20', null, null, 'floor_list', '{\"bannerImg\":\"\",\"gcId\":28,\"bannerUrl\":\"\",\"floorName\":\"家用电器\",\"subName\":\"家用电器\",\"floorImg\":\"/upload/img/store/slide/1440216107136.jpg\",\"floorUrl\":\"\",\"floorColor\":\"gray\",\"goodsClassList\":[{\"gcId\":29,\"gcName\":\"大家电\",\"gcpic\":null,\"typeId\":null,\"typename\":null,\"gcParentId\":null,\"gcSort\":null,\"gcshow\":null,\"gcTitle\":null,\"gcKeywords\":null,\"gcDescription\":null,\"gcIdpath\":null,\"deep\":0,\"hasChild\":0,\"classList\":null,\"searchType\":\"gcIdSearch\"},{\"gcId\":128,\"gcName\":\"生活电器\",\"gcpic\":null,\"typeId\":null,\"typename\":null,\"gcParentId\":null,\"gcSort\":null,\"gcshow\":null,\"gcTitle\":null,\"gcKeywords\":null,\"gcDescription\":null,\"gcIdpath\":null,\"deep\":0,\"hasChild\":0,\"classList\":null,\"searchType\":\"gcIdSearch\"}],\"goodsList\":null,\"isShow\":1,\"sort\":4}', '家用电器', '1', null, null, '1', '4'), ('21', null, null, 'floor_list', '{\"bannerImg\":\"\",\"gcId\":135,\"bannerUrl\":\"\",\"floorName\":\" 男装、女装、内衣、珠宝\",\"subName\":\" 男装、女装、内衣、珠宝\",\"floorImg\":\"/upload/img/store/slide/1440226575644.jpg\",\"floorUrl\":\"\",\"floorColor\":\"gray\",\"goodsClassList\":[{\"gcId\":33,\"gcName\":\"女装\",\"gcpic\":null,\"typeId\":null,\"typename\":null,\"gcParentId\":null,\"gcSort\":null,\"gcshow\":null,\"gcTitle\":null,\"gcKeywords\":null,\"gcDescription\":null,\"gcIdpath\":null,\"deep\":0,\"hasChild\":0,\"classList\":null,\"searchType\":\"gcIdSearch\"},{\"gcId\":137,\"gcName\":\"男装\",\"gcpic\":null,\"typeId\":null,\"typename\":null,\"gcParentId\":null,\"gcSort\":null,\"gcshow\":null,\"gcTitle\":null,\"gcKeywords\":null,\"gcDescription\":null,\"gcIdpath\":null,\"deep\":0,\"hasChild\":0,\"classList\":null,\"searchType\":\"gcIdSearch\"},{\"gcId\":167,\"gcName\":\"配饰\",\"gcpic\":null,\"typeId\":null,\"typename\":null,\"gcParentId\":null,\"gcSort\":null,\"gcshow\":null,\"gcTitle\":null,\"gcKeywords\":null,\"gcDescription\":null,\"gcIdpath\":null,\"deep\":0,\"hasChild\":0,\"classList\":null,\"searchType\":\"gcIdSearch\"}],\"goodsList\":[{\"goodsId\":20,\"goodsName\":\"欧洲站2015新夏季欧货短袖大码中长款淑女连衣裙A字雪纺女装显瘦V S\",\"goodsSubtitle\":null,\"gcId\":null,\"gcName\":null,\"brandId\":null,\"brandName\":null,\"typeId\":null,\"storeId\":null,\"storeName\":null,\"specOpen\":null,\"specId\":null,\"specName\":null,\"goodsImage\":\"/upload/img/store/9/1439361451698.jpg\",\"goodsImageMore\":null,\"goodsStorePrice\":null,\"goodsStorePriceInterval\":null,\"goodsSerial\":null,\"goodsShow\":null,\"goodsClick\":null,\"goodsState\":null,\"goodsCommend\":null,\"goodsAddTime\":null,\"goodsKeywords\":null,\"goodsDescription\":null,\"goodsBody\":null,\"goodsAttr\":null,\"goodsSpec\":null,\"goodsColImg\":null,\"prepareUpTime\":null,\"goodsStarttime\":null,\"goodsEndtime\":null,\"goodsForm\":null,\"transportId\":null,\"pyPrice\":null,\"kdPrice\":null,\"esPrice\":null,\"cityId\":null,\"cityName\":null,\"provinceId\":null,\"provinceName\":null,\"goodsCloseReason\":null,\"goodsStoreState\":null,\"commentnum\":null,\"salenum\":null,\"goodsCollect\":null,\"goodsTransfeeCharge\":null,\"storeClassId\":null,\"isDel\":null,\"goodsTotalStorage\":null,\"classPath\":null,\"sortField\":null,\"orderBy\":null,\"goodids\":null},{\"goodsId\":21,\"goodsName\":\"微糖2015夏季新款韩版女装真丝连衣裙长裙重磅桑蚕丝淑女裙子短袖修身\",\"goodsSubtitle\":null,\"gcId\":null,\"gcName\":null,\"brandId\":null,\"brandName\":null,\"typeId\":null,\"storeId\":null,\"storeName\":null,\"specOpen\":null,\"specId\":null,\"specName\":null,\"goodsImage\":\"/upload/img/store/9/1439361892247.jpg\",\"goodsImageMore\":null,\"goodsStorePrice\":null,\"goodsStorePriceInterval\":null,\"goodsSerial\":null,\"goodsShow\":null,\"goodsClick\":null,\"goodsState\":null,\"goodsCommend\":null,\"goodsAddTime\":null,\"goodsKeywords\":null,\"goodsDescription\":null,\"goodsBody\":null,\"goodsAttr\":null,\"goodsSpec\":null,\"goodsColImg\":null,\"prepareUpTime\":null,\"goodsStarttime\":null,\"goodsEndtime\":null,\"goodsForm\":null,\"transportId\":null,\"pyPrice\":null,\"kdPrice\":null,\"esPrice\":null,\"cityId\":null,\"cityName\":null,\"provinceId\":null,\"provinceName\":null,\"goodsCloseReason\":null,\"goodsStoreState\":null,\"commentnum\":null,\"salenum\":null,\"goodsCollect\":null,\"goodsTransfeeCharge\":null,\"storeClassId\":null,\"isDel\":null,\"goodsTotalStorage\":null,\"classPath\":null,\"sortField\":null,\"orderBy\":null,\"goodids\":null},{\"goodsId\":22,\"goodsName\":\"惬曼昕连衣裙 夏 女 雪纺2015夏装女装新款短袖淑女款裙子AYFS251 绿 L\",\"goodsSubtitle\":null,\"gcId\":null,\"gcName\":null,\"brandId\":null,\"brandName\":null,\"typeId\":null,\"storeId\":null,\"storeName\":null,\"specOpen\":null,\"specId\":null,\"specName\":null,\"goodsImage\":\"/upload/img/store/9/1439362233120.jpg\",\"goodsImageMore\":null,\"goodsStorePrice\":null,\"goodsStorePriceInterval\":null,\"goodsSerial\":null,\"goodsShow\":null,\"goodsClick\":null,\"goodsState\":null,\"goodsCommend\":null,\"goodsAddTime\":null,\"goodsKeywords\":null,\"goodsDescription\":null,\"goodsBody\":null,\"goodsAttr\":null,\"goodsSpec\":null,\"goodsColImg\":null,\"prepareUpTime\":null,\"goodsStarttime\":null,\"goodsEndtime\":null,\"goodsForm\":null,\"transportId\":null,\"pyPrice\":null,\"kdPrice\":null,\"esPrice\":null,\"cityId\":null,\"cityName\":null,\"provinceId\":null,\"provinceName\":null,\"goodsCloseReason\":null,\"goodsStoreState\":null,\"commentnum\":null,\"salenum\":null,\"goodsCollect\":null,\"goodsTransfeeCharge\":null,\"storeClassId\":null,\"isDel\":null,\"goodsTotalStorage\":null,\"classPath\":null,\"sortField\":null,\"orderBy\":null,\"goodids\":null}],\"isShow\":1,\"sort\":5}', ' 男装、女装、内衣、珠宝', '1', null, null, '1', '5'), ('22', null, null, 'floor_list', '{\"bannerImg\":\"\",\"gcId\":135,\"bannerUrl\":\"\",\"floorName\":\" 男装、女装、内衣、珠宝\",\"subName\":\" 男装、女装、内衣、珠宝\",\"floorImg\":\"/upload/img/store/slide/1440226575644.jpg\",\"floorUrl\":\"\",\"floorColor\":\"gray\",\"goodsClassList\":[{\"gcId\":33,\"gcName\":\"女装\",\"gcpic\":null,\"typeId\":null,\"typename\":null,\"gcParentId\":null,\"gcSort\":null,\"gcshow\":null,\"gcTitle\":null,\"gcKeywords\":null,\"gcDescription\":null,\"gcIdpath\":null,\"deep\":0,\"hasChild\":0,\"classList\":null,\"searchType\":\"gcIdSearch\"},{\"gcId\":137,\"gcName\":\"男装\",\"gcpic\":null,\"typeId\":null,\"typename\":null,\"gcParentId\":null,\"gcSort\":null,\"gcshow\":null,\"gcTitle\":null,\"gcKeywords\":null,\"gcDescription\":null,\"gcIdpath\":null,\"deep\":0,\"hasChild\":0,\"classList\":null,\"searchType\":\"gcIdSearch\"},{\"gcId\":167,\"gcName\":\"配饰\",\"gcpic\":null,\"typeId\":null,\"typename\":null,\"gcParentId\":null,\"gcSort\":null,\"gcshow\":null,\"gcTitle\":null,\"gcKeywords\":null,\"gcDescription\":null,\"gcIdpath\":null,\"deep\":0,\"hasChild\":0,\"classList\":null,\"searchType\":\"gcIdSearch\"}],\"goodsList\":[{\"goodsId\":20,\"goodsName\":\"欧洲站2015新夏季欧货短袖大码中长款淑女连衣裙A字雪纺女装显瘦V S\",\"goodsSubtitle\":null,\"gcId\":null,\"gcName\":null,\"brandId\":null,\"brandName\":null,\"typeId\":null,\"storeId\":null,\"storeName\":null,\"specOpen\":null,\"specId\":null,\"specName\":null,\"goodsImage\":\"/upload/img/store/9/1439361451698.jpg\",\"goodsImageMore\":null,\"goodsStorePrice\":null,\"goodsStorePriceInterval\":null,\"goodsSerial\":null,\"goodsShow\":null,\"goodsClick\":null,\"goodsState\":null,\"goodsCommend\":null,\"goodsAddTime\":null,\"goodsKeywords\":null,\"goodsDescription\":null,\"goodsBody\":null,\"goodsAttr\":null,\"goodsSpec\":null,\"goodsColImg\":null,\"prepareUpTime\":null,\"goodsStarttime\":null,\"goodsEndtime\":null,\"goodsForm\":null,\"transportId\":null,\"pyPrice\":null,\"kdPrice\":null,\"esPrice\":null,\"cityId\":null,\"cityName\":null,\"provinceId\":null,\"provinceName\":null,\"goodsCloseReason\":null,\"goodsStoreState\":null,\"commentnum\":null,\"salenum\":null,\"goodsCollect\":null,\"goodsTransfeeCharge\":null,\"storeClassId\":null,\"isDel\":null,\"goodsTotalStorage\":null,\"classPath\":null,\"sortField\":null,\"orderBy\":null,\"goodids\":null}],\"isShow\":1,\"sort\":0}', ' 男装、女装、内衣、珠宝', '1', null, null, '1', '0'), ('23', null, null, 'floor_list', '{\"bannerImg\":\"/upload/img/adv/1444361077784jpg\",\"gcId\":24,\"bannerUrl\":\"\",\"floorName\":\"22222\",\"subName\":\"2222\",\"floorImg\":\"/upload/img/adv/1444361040857jpg\",\"floorUrl\":\"\",\"floorColor\":\"pink\",\"goodsClassList\":null,\"goodsList\":[{\"createTime\":null,\"updateTime\":null,\"startTime\":null,\"endTime\":null,\"createTimeStr\":null,\"updateTimeStr\":null,\"startTimeStr\":null,\"endTimeStr\":null,\"isDel\":0,\"goodsId\":69,\"goodsName\":\"test\",\"goodsSubtitle\":null,\"gcId\":null,\"gcName\":null,\"brandId\":null,\"brandName\":null,\"typeId\":null,\"storeId\":null,\"storeName\":null,\"specOpen\":null,\"specId\":null,\"specName\":null,\"goodsImage\":\"\",\"goodsImageMore\":null,\"goodsStorePrice\":null,\"goodsStorePriceInterval\":null,\"goodsSerial\":null,\"goodsShow\":null,\"goodsClick\":null,\"goodsState\":null,\"goodsCommend\":null,\"goodsKeywords\":null,\"goodsDescription\":null,\"goodsBody\":null,\"goodsAttr\":null,\"goodsSpec\":null,\"goodsColImg\":null,\"goodsForm\":null,\"transportId\":null,\"pyPrice\":null,\"kdPrice\":null,\"esPrice\":null,\"cityId\":null,\"cityName\":null,\"provinceId\":null,\"provinceName\":null,\"goodsCloseReason\":null,\"goodsStoreState\":null,\"commentnum\":null,\"salenum\":null,\"goodsCollect\":null,\"goodsTransfeeCharge\":null,\"storeClassId\":null,\"goodsTotalStorage\":null,\"classPath\":null,\"sortField\":null,\"orderBy\":null,\"goodids\":null},{\"createTime\":null,\"updateTime\":null,\"startTime\":null,\"endTime\":null,\"createTimeStr\":null,\"updateTimeStr\":null,\"startTimeStr\":null,\"endTimeStr\":null,\"isDel\":0,\"goodsId\":6,\"goodsName\":\" Apple iPhone 6 (A1586) 16GB 金色 移动联通电信4G手机\",\"goodsSubtitle\":null,\"gcId\":null,\"gcName\":null,\"brandId\":null,\"brandName\":null,\"typeId\":null,\"storeId\":null,\"storeName\":null,\"specOpen\":null,\"specId\":null,\"specName\":null,\"goodsImage\":\"/upload/img/store/10/1439259799310.jpg\",\"goodsImageMore\":null,\"goodsStorePrice\":null,\"goodsStorePriceInterval\":null,\"goodsSerial\":null,\"goodsShow\":null,\"goodsClick\":null,\"goodsState\":null,\"goodsCommend\":null,\"goodsKeywords\":null,\"goodsDescription\":null,\"goodsBody\":null,\"goodsAttr\":null,\"goodsSpec\":null,\"goodsColImg\":null,\"goodsForm\":null,\"transportId\":null,\"pyPrice\":null,\"kdPrice\":null,\"esPrice\":null,\"cityId\":null,\"cityName\":null,\"provinceId\":null,\"provinceName\":null,\"goodsCloseReason\":null,\"goodsStoreState\":null,\"commentnum\":null,\"salenum\":null,\"goodsCollect\":null,\"goodsTransfeeCharge\":null,\"storeClassId\":null,\"goodsTotalStorage\":null,\"classPath\":null,\"sortField\":null,\"orderBy\":null,\"goodids\":null},{\"createTime\":null,\"updateTime\":null,\"startTime\":null,\"endTime\":null,\"createTimeStr\":null,\"updateTimeStr\":null,\"startTimeStr\":null,\"endTimeStr\":null,\"isDel\":0,\"goodsId\":7,\"goodsName\":\"Apple iPhone 6 Plus (A1524) 16GB 金色 移动联通电信4G手机\",\"goodsSubtitle\":null,\"gcId\":null,\"gcName\":null,\"brandId\":null,\"brandName\":null,\"typeId\":null,\"storeId\":null,\"storeName\":null,\"specOpen\":null,\"specId\":null,\"specName\":null,\"goodsImage\":\"/upload/img/store/9/1439272758383.jpg\",\"goodsImageMore\":null,\"goodsStorePrice\":null,\"goodsStorePriceInterval\":null,\"goodsSerial\":null,\"goodsShow\":null,\"goodsClick\":null,\"goodsState\":null,\"goodsCommend\":null,\"goodsKeywords\":null,\"goodsDescription\":null,\"goodsBody\":null,\"goodsAttr\":null,\"goodsSpec\":null,\"goodsColImg\":null,\"goodsForm\":null,\"transportId\":null,\"pyPrice\":null,\"kdPrice\":null,\"esPrice\":null,\"cityId\":null,\"cityName\":null,\"provinceId\":null,\"provinceName\":null,\"goodsCloseReason\":null,\"goodsStoreState\":null,\"commentnum\":null,\"salenum\":null,\"goodsCollect\":null,\"goodsTransfeeCharge\":null,\"storeClassId\":null,\"goodsTotalStorage\":null,\"classPath\":null,\"sortField\":null,\"orderBy\":null,\"goodids\":null},{\"createTime\":null,\"updateTime\":null,\"startTime\":null,\"endTime\":null,\"createTimeStr\":null,\"updateTimeStr\":null,\"startTimeStr\":null,\"endTimeStr\":null,\"isDel\":0,\"goodsId\":8,\"goodsName\":\"三星 Galaxy S6 edge（G9250）32G版 铂光金 移动联通电信4G手机\",\"goodsSubtitle\":null,\"gcId\":null,\"gcName\":null,\"brandId\":null,\"brandName\":null,\"typeId\":null,\"storeId\":null,\"storeName\":null,\"specOpen\":null,\"specId\":null,\"specName\":null,\"goodsImage\":\"/upload/img/store/9/1439279910161.jpg\",\"goodsImageMore\":null,\"goodsStorePrice\":null,\"goodsStorePriceInterval\":null,\"goodsSerial\":null,\"goodsShow\":null,\"goodsClick\":null,\"goodsState\":null,\"goodsCommend\":null,\"goodsKeywords\":null,\"goodsDescription\":null,\"goodsBody\":null,\"goodsAttr\":null,\"goodsSpec\":null,\"goodsColImg\":null,\"goodsForm\":null,\"transportId\":null,\"pyPrice\":null,\"kdPrice\":null,\"esPrice\":null,\"cityId\":null,\"cityName\":null,\"provinceId\":null,\"provinceName\":null,\"goodsCloseReason\":null,\"goodsStoreState\":null,\"commentnum\":null,\"salenum\":null,\"goodsCollect\":null,\"goodsTransfeeCharge\":null,\"storeClassId\":null,\"goodsTotalStorage\":null,\"classPath\":null,\"sortField\":null,\"orderBy\":null,\"goodids\":null},{\"createTime\":null,\"updateTime\":null,\"startTime\":null,\"endTime\":null,\"createTimeStr\":null,\"updateTimeStr\":null,\"startTimeStr\":null,\"endTimeStr\":null,\"isDel\":0,\"goodsId\":14,\"goodsName\":\"小米 红米2A 白色 移动4G手机 双卡双待\",\"goodsSubtitle\":null,\"gcId\":null,\"gcName\":null,\"brandId\":null,\"brandName\":null,\"typeId\":null,\"storeId\":null,\"storeName\":null,\"specOpen\":null,\"specId\":null,\"specName\":null,\"goodsImage\":\"/upload/img/store/9/1439350567269.jpg\",\"goodsImageMore\":null,\"goodsStorePrice\":null,\"goodsStorePriceInterval\":null,\"goodsSerial\":null,\"goodsShow\":null,\"goodsClick\":null,\"goodsState\":null,\"goodsCommend\":null,\"goodsKeywords\":null,\"goodsDescription\":null,\"goodsBody\":null,\"goodsAttr\":null,\"goodsSpec\":null,\"goodsColImg\":null,\"goodsForm\":null,\"transportId\":null,\"pyPrice\":null,\"kdPrice\":null,\"esPrice\":null,\"cityId\":null,\"cityName\":null,\"provinceId\":null,\"provinceName\":null,\"goodsCloseReason\":null,\"goodsStoreState\":null,\"commentnum\":null,\"salenum\":null,\"goodsCollect\":null,\"goodsTransfeeCharge\":null,\"storeClassId\":null,\"goodsTotalStorage\":null,\"classPath\":null,\"sortField\":null,\"orderBy\":null,\"goodids\":null},{\"createTime\":null,\"updateTime\":null,\"startTime\":null,\"endTime\":null,\"createTimeStr\":null,\"updateTimeStr\":null,\"startTimeStr\":null,\"endTimeStr\":null,\"isDel\":0,\"goodsId\":15,\"goodsName\":\"LG AKA [H778]（1.5G RAM）移动联通双4G手机 （16G ROM） 黄小帝 标配版\",\"goodsSubtitle\":null,\"gcId\":null,\"gcName\":null,\"brandId\":null,\"brandName\":null,\"typeId\":null,\"storeId\":null,\"storeName\":null,\"specOpen\":null,\"specId\":null,\"specName\":null,\"goodsImage\":\"/upload/img/store/9/1439350943180.jpg\",\"goodsImageMore\":null,\"goodsStorePrice\":null,\"goodsStorePriceInterval\":null,\"goodsSerial\":null,\"goodsShow\":null,\"goodsClick\":null,\"goodsState\":null,\"goodsCommend\":null,\"goodsKeywords\":null,\"goodsDescription\":null,\"goodsBody\":null,\"goodsAttr\":null,\"goodsSpec\":null,\"goodsColImg\":null,\"goodsForm\":null,\"transportId\":null,\"pyPrice\":null,\"kdPrice\":null,\"esPrice\":null,\"cityId\":null,\"cityName\":null,\"provinceId\":null,\"provinceName\":null,\"goodsCloseReason\":null,\"goodsStoreState\":null,\"commentnum\":null,\"salenum\":null,\"goodsCollect\":null,\"goodsTransfeeCharge\":null,\"storeClassId\":null,\"goodsTotalStorage\":null,\"classPath\":null,\"sortField\":null,\"orderBy\":null,\"goodids\":null}],\"isShow\":1,\"sort\":null}', '22222', '1', '20151009111253', null, '1', null), ('24', null, null, 'floor_list', '{\"bannerImg\":\"/upload/img/adv/1444878860037.jpg\",\"gcId\":76,\"bannerUrl\":\"\",\"floorName\":\"摄影摄像\",\"subName\":\"摄影摄像\",\"floorImg\":\"/upload/img/adv/1444879279987.jpg\",\"floorUrl\":\"\",\"floorColor\":\"pink\",\"goodsClassList\":[{\"gcId\":77,\"gcName\":\"数码相机\",\"gcpic\":null,\"typeId\":null,\"typename\":null,\"gcParentId\":null,\"gcSort\":null,\"gcshow\":null,\"gcTitle\":null,\"gcKeywords\":null,\"gcDescription\":null,\"gcIdpath\":null,\"deep\":0,\"hasChild\":0,\"classList\":null,\"searchType\":\"gcIdSearch\",\"gcLastChild\":null},{\"gcId\":78,\"gcName\":\"单电/微电相机\",\"gcpic\":null,\"typeId\":null,\"typename\":null,\"gcParentId\":null,\"gcSort\":null,\"gcshow\":null,\"gcTitle\":null,\"gcKeywords\":null,\"gcDescription\":null,\"gcIdpath\":null,\"deep\":0,\"hasChild\":0,\"classList\":null,\"searchType\":\"gcIdSearch\",\"gcLastChild\":null},{\"gcId\":79,\"gcName\":\"单反相机\",\"gcpic\":null,\"typeId\":null,\"typename\":null,\"gcParentId\":null,\"gcSort\":null,\"gcshow\":null,\"gcTitle\":null,\"gcKeywords\":null,\"gcDescription\":null,\"gcIdpath\":null,\"deep\":0,\"hasChild\":0,\"classList\":null,\"searchType\":\"gcIdSearch\",\"gcLastChild\":null},{\"gcId\":80,\"gcName\":\"拍立得\",\"gcpic\":null,\"typeId\":null,\"typename\":null,\"gcParentId\":null,\"gcSort\":null,\"gcshow\":null,\"gcTitle\":null,\"gcKeywords\":null,\"gcDescription\":null,\"gcIdpath\":null,\"deep\":0,\"hasChild\":0,\"classList\":null,\"searchType\":\"gcIdSearch\",\"gcLastChild\":null},{\"gcId\":81,\"gcName\":\"运动相机\",\"gcpic\":null,\"typeId\":null,\"typename\":null,\"gcParentId\":null,\"gcSort\":null,\"gcshow\":null,\"gcTitle\":null,\"gcKeywords\":null,\"gcDescription\":null,\"gcIdpath\":null,\"deep\":0,\"hasChild\":0,\"classList\":null,\"searchType\":\"gcIdSearch\",\"gcLastChild\":null},{\"gcId\":82,\"gcName\":\"摄像机\",\"gcpic\":null,\"typeId\":null,\"typename\":null,\"gcParentId\":null,\"gcSort\":null,\"gcshow\":null,\"gcTitle\":null,\"gcKeywords\":null,\"gcDescription\":null,\"gcIdpath\":null,\"deep\":0,\"hasChild\":0,\"classList\":null,\"searchType\":\"gcIdSearch\",\"gcLastChild\":null},{\"gcId\":83,\"gcName\":\"镜头\",\"gcpic\":null,\"typeId\":null,\"typename\":null,\"gcParentId\":null,\"gcSort\":null,\"gcshow\":null,\"gcTitle\":null,\"gcKeywords\":null,\"gcDescription\":null,\"gcIdpath\":null,\"deep\":0,\"hasChild\":0,\"classList\":null,\"searchType\":\"gcIdSearch\",\"gcLastChild\":null},{\"gcId\":84,\"gcName\":\"户外器材\",\"gcpic\":null,\"typeId\":null,\"typename\":null,\"gcParentId\":null,\"gcSort\":null,\"gcshow\":null,\"gcTitle\":null,\"gcKeywords\":null,\"gcDescription\":null,\"gcIdpath\":null,\"deep\":0,\"hasChild\":0,\"classList\":null,\"searchType\":\"gcIdSearch\",\"gcLastChild\":null}],\"goodsList\":null,\"isShow\":0,\"sort\":1}', '摄影摄像', '0', '20151015111427', null, '0', '1');
COMMIT;

-- ----------------------------
--  Table structure for `test_data`
-- ----------------------------
DROP TABLE IF EXISTS `test_data`;
CREATE TABLE `test_data` (
  `id` int(11) NOT NULL AUTO_INCREMENT COMMENT '编号',
  `name` varchar(100) DEFAULT NULL COMMENT '名称',
  `sex` char(1) DEFAULT NULL COMMENT '性别',
  `birthday` bigint(13) DEFAULT NULL COMMENT '加入日期',
  `create_by` int(11) DEFAULT NULL COMMENT '创建者',
  `create_date` bigint(13) DEFAULT NULL COMMENT '创建时间',
  `update_by` int(11) DEFAULT NULL COMMENT '更新者',
  `update_date` bigint(13) DEFAULT NULL COMMENT '更新时间',
  `remarks` varchar(255) DEFAULT NULL COMMENT '备注信息',
  `del_flag` int(1) DEFAULT NULL COMMENT '删除标记（0：正常；1：删除）',
  PRIMARY KEY (`id`)
) ENGINE=InnoDB DEFAULT CHARSET=utf8 COMMENT='代码生成器测试单表';

SET FOREIGN_KEY_CHECKS = 1;
